dataset,natural,mechanism,rate,seed,method,classifier,accuracy,f1_macro
iris,False,MCAR,0.3,0,Mean,LR,0.8333333333333334,0.8312565653587326
iris,False,MCAR,0.3,0,Mean,KNN,0.8866666666666667,0.8853772752426675
iris,False,MCAR,0.3,0,Mean,RF,0.8666666666666666,0.8649044327991696
iris,False,MCAR,0.3,0,Mean,SVC,0.8800000000000001,0.8797562682702
iris,False,MCAR,0.3,0,NDI-0,LR,0.8866666666666667,0.8844177016205552
iris,False,MCAR,0.3,0,NDI-0,KNN,0.8733333333333334,0.8718835115119944
iris,False,MCAR,0.3,0,NDI-0,RF,0.8533333333333335,0.8521920964026227
iris,False,MCAR,0.3,0,NDI-0,SVC,0.8933333333333333,0.8917134513930852
iris,False,MCAR,0.3,0,NDI-C,LR,0.8933333333333333,0.8919040995498122
iris,False,MCAR,0.3,0,NDI-C,KNN,0.8866666666666667,0.8855441064621304
iris,False,MCAR,0.3,0,NDI-C,RF,0.9,0.8982808230890071
iris,False,MCAR,0.3,0,NDI-C,SVC,0.9133333333333333,0.912037436845621
iris,False,MCAR,0.3,0,NDI-S,LR,0.9066666666666666,0.90647787025496
iris,False,MCAR,0.3,0,NDI-S,KNN,0.8800000000000001,0.8790854432057824
iris,False,MCAR,0.3,0,NDI-S,RF,0.8866666666666665,0.8846179161968635
iris,False,MCAR,0.3,0,NDI-S,SVC,0.9066666666666666,0.9063078075461976
iris,False,MCAR,0.3,0,GaussCM,LR,0.9133333333333333,0.9125924760491996
iris,False,MCAR,0.3,0,GaussCM,KNN,0.9066666666666666,0.9053419101500942
iris,False,MCAR,0.3,0,GaussCM,RF,0.9,0.8988189602633
iris,False,MCAR,0.3,0,GaussCM,SVC,0.9199999999999999,0.9193381280580095
iris,False,MCAR,0.3,0,KNN,LR,0.8866666666666667,0.8845776205218929
iris,False,MCAR,0.3,0,KNN,KNN,0.8933333333333333,0.8923270296954506
iris,False,MCAR,0.3,0,KNN,RF,0.8866666666666667,0.8841688322695187
iris,False,MCAR,0.3,0,KNN,SVC,0.9133333333333333,0.9123148781043519
iris,False,MCAR,0.3,0,MICE,LR,0.8933333333333333,0.8933574604055152
iris,False,MCAR,0.3,0,MICE,KNN,0.8866666666666667,0.886215422303725
iris,False,MCAR,0.3,0,MICE,RF,0.8866666666666667,0.8848004042242836
iris,False,MCAR,0.3,0,MICE,SVC,0.9066666666666666,0.9069421027315763
iris,False,MCAR,0.3,0,MissForest,LR,0.9066666666666666,0.9063473947469101
iris,False,MCAR,0.3,0,MissForest,KNN,0.8666666666666666,0.8664738197245937
iris,False,MCAR,0.3,0,MissForest,RF,0.8666666666666668,0.8662718765707055
iris,False,MCAR,0.3,0,MissForest,SVC,0.9199999999999999,0.9193771144127855
iris,False,MCAR,0.3,0,SoftImpute,LR,0.8933333333333333,0.8930518810394972
iris,False,MCAR,0.3,0,SoftImpute,KNN,0.8866666666666667,0.8857997184959091
iris,False,MCAR,0.3,0,SoftImpute,RF,0.8933333333333333,0.8909070805355634
iris,False,MCAR,0.3,0,SoftImpute,SVC,0.9066666666666666,0.9065279955682432
iris,False,MCAR,0.3,0,GAIN,LR,0.9,0.8998957584096902
iris,False,MCAR,0.3,0,GAIN,KNN,0.8866666666666667,0.8862449647588967
iris,False,MCAR,0.3,0,GAIN,RF,0.9066666666666666,0.9067625145428349
iris,False,MCAR,0.3,0,GAIN,SVC,0.8933333333333333,0.8929410573373421
iris,False,MCAR,0.3,0,NDI-F1,LR,0.9,0.8988915570851228
iris,False,MCAR,0.3,0,NDI-F1,KNN,0.8933333333333333,0.8932002317141634
iris,False,MCAR,0.3,0,NDI-F1,RF,0.8933333333333333,0.8924272803220171
iris,False,MCAR,0.3,0,NDI-F1,SVC,0.9133333333333333,0.9133182034110826
iris,False,MCAR,0.3,0,NDI-F-noclip,LR,0.9,0.8988915570851228
iris,False,MCAR,0.3,0,NDI-F-noclip,KNN,0.8933333333333333,0.8932002317141634
iris,False,MCAR,0.3,0,NDI-F-noclip,RF,0.8933333333333333,0.8924272803220171
iris,False,MCAR,0.3,0,NDI-F-noclip,SVC,0.9133333333333333,0.9133182034110826
iris,False,MCAR,0.3,0,NDI-F,LR,0.9,0.8988915570851228
iris,False,MCAR,0.3,0,NDI-F,KNN,0.8933333333333333,0.8932002317141634
iris,False,MCAR,0.3,0,NDI-F,RF,0.8933333333333333,0.8924272803220171
iris,False,MCAR,0.3,0,NDI-F,SVC,0.9133333333333333,0.9133182034110826
iris,False,MCAR,0.3,0,Copula-NDI-F,LR,0.8933333333333333,0.8929673262181002
iris,False,MCAR,0.3,0,Copula-NDI-F,KNN,0.9,0.8996694350254721
iris,False,MCAR,0.3,0,Copula-NDI-F,RF,0.8733333333333334,0.8718054073673942
iris,False,MCAR,0.3,0,Copula-NDI-F,SVC,0.8800000000000001,0.879288685171038
iris,False,MCAR,0.3,0,MIWAE,LR,0.9066666666666666,0.9067360915658128
iris,False,MCAR,0.3,0,MIWAE,KNN,0.9066666666666666,0.9070312143996354
iris,False,MCAR,0.3,0,MIWAE,RF,0.8800000000000001,0.8796379268717402
iris,False,MCAR,0.3,0,MIWAE,SVC,0.8866666666666667,0.8864457962183092
iris,False,MCAR,0.3,0,Sinkhorn,LR,0.8799999999999999,0.8785963746846772
iris,False,MCAR,0.3,0,Sinkhorn,KNN,0.8933333333333333,0.892309445239853
iris,False,MCAR,0.3,0,Sinkhorn,RF,0.9066666666666666,0.9065300052943073
iris,False,MCAR,0.3,0,Sinkhorn,SVC,0.9133333333333333,0.9123038757605993
iris,False,MCAR,0.3,0,HyperImpute,LR,0.8933333333333333,0.8931235422768603
iris,False,MCAR,0.3,0,HyperImpute,KNN,0.8866666666666667,0.8864038159932628
iris,False,MCAR,0.3,0,HyperImpute,RF,0.9,0.8992783827351063
iris,False,MCAR,0.3,0,HyperImpute,SVC,0.9,0.9002253107516264
iris,False,MCAR,0.3,0,ReMasker,LR,0.8933333333333333,0.8925112297652342
iris,False,MCAR,0.3,0,ReMasker,KNN,0.9,0.8991323279652799
iris,False,MCAR,0.3,0,ReMasker,RF,0.8800000000000001,0.8784948731590271
iris,False,MCAR,0.3,0,ReMasker,SVC,0.8933333333333333,0.8931458797604981
iris,False,MCAR,0.3,1,Mean,LR,0.8533333333333333,0.8522507125495414
iris,False,MCAR,0.3,1,Mean,KNN,0.8666666666666666,0.867909049665679
iris,False,MCAR,0.3,1,Mean,RF,0.8933333333333333,0.892324244955824
iris,False,MCAR,0.3,1,Mean,SVC,0.8800000000000001,0.8801688169893851
iris,False,MCAR,0.3,1,NDI-0,LR,0.8733333333333334,0.8728842903455906
iris,False,MCAR,0.3,1,NDI-0,KNN,0.8733333333333334,0.8723454532634772
iris,False,MCAR,0.3,1,NDI-0,RF,0.8933333333333333,0.8939763550289866
iris,False,MCAR,0.3,1,NDI-0,SVC,0.8866666666666667,0.8859199096969995
iris,False,MCAR,0.3,1,NDI-C,LR,0.9333333333333333,0.933131819447609
iris,False,MCAR,0.3,1,NDI-C,KNN,0.9200000000000002,0.9197984861142755
iris,False,MCAR,0.3,1,NDI-C,RF,0.9333333333333333,0.9331318194476088
iris,False,MCAR,0.3,1,NDI-C,SVC,0.9266666666666667,0.926415027467659
iris,False,MCAR,0.3,1,NDI-S,LR,0.9200000000000002,0.9194957089693931
iris,False,MCAR,0.3,1,NDI-S,KNN,0.9133333333333334,0.9131485278853699
iris,False,MCAR,0.3,1,NDI-S,RF,0.9400000000000001,0.9395458342826764
iris,False,MCAR,0.3,1,NDI-S,SVC,0.9133333333333334,0.9129135971241233
iris,False,MCAR,0.3,1,GaussCM,LR,0.9466666666666667,0.9465664160401002
iris,False,MCAR,0.3,1,GaussCM,KNN,0.9466666666666667,0.9465664160401002
iris,False,MCAR,0.3,1,GaussCM,RF,0.9466666666666667,0.9464985696564643
iris,False,MCAR,0.3,1,GaussCM,SVC,0.9533333333333334,0.953216374269006
iris,False,MCAR,0.3,1,KNN,LR,0.9333333333333333,0.9331403102812444
iris,False,MCAR,0.3,1,KNN,KNN,0.9133333333333333,0.9129971393129288
iris,False,MCAR,0.3,1,KNN,RF,0.9,0.8997270955165693
iris,False,MCAR,0.3,1,KNN,SVC,0.9400000000000001,0.9399979747348167
iris,False,MCAR,0.3,1,MICE,LR,0.9533333333333334,0.9532832080200502
iris,False,MCAR,0.3,1,MICE,KNN,0.9466666666666667,0.9469218500797447
iris,False,MCAR,0.3,1,MICE,RF,0.9333333333333333,0.9329637224374068
iris,False,MCAR,0.3,1,MICE,SVC,0.96,0.9598997493734336
iris,False,MCAR,0.3,1,MissForest,LR,0.9466666666666667,0.9468884332042226
iris,False,MCAR,0.3,1,MissForest,KNN,0.9400000000000001,0.9397817776765145
iris,False,MCAR,0.3,1,MissForest,RF,0.9400000000000001,0.9399164578111947
iris,False,MCAR,0.3,1,MissForest,SVC,0.9533333333333334,0.95328320802005
iris,False,MCAR,0.3,1,SoftImpute,LR,0.9333333333333333,0.9332999164578112
iris,False,MCAR,0.3,1,SoftImpute,KNN,0.9133333333333333,0.9141650348973004
iris,False,MCAR,0.3,1,SoftImpute,RF,0.9200000000000002,0.9197984861142755
iris,False,MCAR,0.3,1,SoftImpute,SVC,0.9266666666666667,0.9265831244778614
iris,False,MCAR,0.3,1,GAIN,LR,0.9466666666666667,0.9464985696564643
iris,False,MCAR,0.3,1,GAIN,KNN,0.9200000000000002,0.9196982354877091
iris,False,MCAR,0.3,1,GAIN,RF,0.9466666666666667,0.9464985696564643
iris,False,MCAR,0.3,1,GAIN,SVC,0.9133333333333334,0.9130816941343257
iris,False,MCAR,0.3,1,NDI-F1,LR,0.9533333333333334,0.95328320802005
iris,False,MCAR,0.3,1,NDI-F1,KNN,0.9333333333333333,0.9331318194476088
iris,False,MCAR,0.3,1,NDI-F1,RF,0.9400000000000001,0.9401326548694969
iris,False,MCAR,0.3,1,NDI-F1,SVC,0.9400000000000001,0.9398496240601503
iris,False,MCAR,0.3,1,NDI-F-noclip,LR,0.9533333333333334,0.95328320802005
iris,False,MCAR,0.3,1,NDI-F-noclip,KNN,0.9333333333333333,0.9331318194476088
iris,False,MCAR,0.3,1,NDI-F-noclip,RF,0.9400000000000001,0.9401326548694969
iris,False,MCAR,0.3,1,NDI-F-noclip,SVC,0.9400000000000001,0.9398496240601503
iris,False,MCAR,0.3,1,NDI-F,LR,0.9533333333333334,0.95328320802005
iris,False,MCAR,0.3,1,NDI-F,KNN,0.9333333333333333,0.9331318194476088
iris,False,MCAR,0.3,1,NDI-F,RF,0.9400000000000001,0.9401326548694969
iris,False,MCAR,0.3,1,NDI-F,SVC,0.9400000000000001,0.9398496240601503
iris,False,MCAR,0.3,1,Copula-NDI-F,LR,0.9466666666666667,0.9463973063973065
iris,False,MCAR,0.3,1,Copula-NDI-F,KNN,0.9266666666666667,0.9267491962228803
iris,False,MCAR,0.3,1,Copula-NDI-F,RF,0.9400000000000001,0.940250626566416
iris,False,MCAR,0.3,1,Copula-NDI-F,SVC,0.9333333333333333,0.9333480165059111
iris,False,MCAR,0.3,2,Mean,LR,0.8133333333333335,0.8143095805796035
iris,False,MCAR,0.3,2,Mean,KNN,0.8733333333333334,0.8720708336497809
iris,False,MCAR,0.3,2,Mean,RF,0.8733333333333333,0.8726372392657222
iris,False,MCAR,0.3,2,Mean,SVC,0.8399999999999999,0.8394129372619075
iris,False,MCAR,0.3,2,NDI-0,LR,0.8733333333333334,0.8726128452444242
iris,False,MCAR,0.3,2,NDI-0,KNN,0.86,0.8573954704503903
iris,False,MCAR,0.3,2,NDI-0,RF,0.8666666666666666,0.8659065097966699
iris,False,MCAR,0.3,2,NDI-0,SVC,0.86,0.8581282405942522
iris,False,MCAR,0.3,2,NDI-C,LR,0.9066666666666668,0.9072808283334599
iris,False,MCAR,0.3,2,NDI-C,KNN,0.8800000000000001,0.8805240969327656
iris,False,MCAR,0.3,2,NDI-C,RF,0.9200000000000002,0.9200081010607327
iris,False,MCAR,0.3,2,NDI-C,SVC,0.9066666666666666,0.9078036769569952
iris,False,MCAR,0.3,2,NDI-S,LR,0.9066666666666668,0.9078036769569952
iris,False,MCAR,0.3,2,NDI-S,KNN,0.8666666666666666,0.8670191807962706
iris,False,MCAR,0.3,2,NDI-S,RF,0.8933333333333333,0.8927540505141798
iris,False,MCAR,0.3,2,NDI-S,SVC,0.9066666666666666,0.9074490289377891
iris,False,MCAR,0.3,2,GaussCM,LR,0.9133333333333334,0.9143230055815869
iris,False,MCAR,0.3,2,GaussCM,KNN,0.9133333333333333,0.9136523721663039
iris,False,MCAR,0.3,2,GaussCM,RF,0.8866666666666667,0.8856298675076438
iris,False,MCAR,0.3,2,GaussCM,SVC,0.9199999999999999,0.9205641554867562
iris,False,MCAR,0.3,2,KNN,LR,0.8866666666666667,0.8873300005807746
iris,False,MCAR,0.3,2,KNN,KNN,0.8866666666666667,0.8873087352963512
iris,False,MCAR,0.3,2,KNN,RF,0.8600000000000001,0.8598852138224867
iris,False,MCAR,0.3,2,KNN,SVC,0.9,0.9003716957277328
iris,False,MCAR,0.3,2,MICE,LR,0.9266666666666665,0.9277955758962625
iris,False,MCAR,0.3,2,MICE,KNN,0.9200000000000002,0.9211122007918346
iris,False,MCAR,0.3,2,MICE,RF,0.9,0.8994068504594821
iris,False,MCAR,0.3,2,MICE,SVC,0.9,0.9013691972515503
iris,False,MCAR,0.3,2,MissForest,LR,0.9200000000000002,0.9209172690179555
iris,False,MCAR,0.3,2,MissForest,KNN,0.9133333333333333,0.9145287461076934
iris,False,MCAR,0.3,2,MissForest,RF,0.8933333333333333,0.8938685692246064
iris,False,MCAR,0.3,2,MissForest,SVC,0.9199999999999999,0.9212121212121213
iris,False,MCAR,0.3,2,SoftImpute,LR,0.9066666666666668,0.9076355799467928
iris,False,MCAR,0.3,2,SoftImpute,KNN,0.8866666666666667,0.8882054810228185
iris,False,MCAR,0.3,2,SoftImpute,RF,0.9066666666666666,0.9063629364558157
iris,False,MCAR,0.3,2,SoftImpute,SVC,0.9,0.9018721640703065
iris,False,MCAR,0.3,2,GAIN,LR,0.8866666666666667,0.8889639117556737
iris,False,MCAR,0.3,2,GAIN,KNN,0.8800000000000001,0.8815285799038659
iris,False,MCAR,0.3,2,GAIN,RF,0.8533333333333333,0.8558113048515524
iris,False,MCAR,0.3,2,GAIN,SVC,0.9,0.9020114010516487
iris,False,MCAR,0.3,2,NDI-F1,LR,0.9,0.9001818271168116
iris,False,MCAR,0.3,2,NDI-F1,KNN,0.8866666666666667,0.8870804462135731
iris,False,MCAR,0.3,2,NDI-F1,RF,0.9,0.8986782813812024
iris,False,MCAR,0.3,2,NDI-F1,SVC,0.9066666666666666,0.9066626757029234
iris,False,MCAR,0.3,2,NDI-F-noclip,LR,0.9,0.9001818271168116
iris,False,MCAR,0.3,2,NDI-F-noclip,KNN,0.8866666666666667,0.8870804462135731
iris,False,MCAR,0.3,2,NDI-F-noclip,RF,0.9,0.8986782813812024
iris,False,MCAR,0.3,2,NDI-F-noclip,SVC,0.9066666666666666,0.9066626757029234
iris,False,MCAR,0.3,2,NDI-F,LR,0.9,0.9001818271168116
iris,False,MCAR,0.3,2,NDI-F,KNN,0.8866666666666667,0.8870804462135731
iris,False,MCAR,0.3,2,NDI-F,RF,0.9,0.8986782813812024
iris,False,MCAR,0.3,2,NDI-F,SVC,0.9066666666666666,0.9066626757029234
iris,False,MCAR,0.3,2,Copula-NDI-F,LR,0.8866666666666667,0.8869487444100447
iris,False,MCAR,0.3,2,Copula-NDI-F,KNN,0.8866666666666667,0.8872282298598086
iris,False,MCAR,0.3,2,Copula-NDI-F,RF,0.8733333333333334,0.8738159123298441
iris,False,MCAR,0.3,2,Copula-NDI-F,SVC,0.9,0.90067751077039
iris,False,MAR,0.3,0,Mean,LR,0.9133333333333334,0.912798663324979
iris,False,MAR,0.3,0,Mean,KNN,0.9199999999999999,0.9195969722285511
iris,False,MAR,0.3,0,Mean,RF,0.9333333333333333,0.932155388471178
iris,False,MAR,0.3,0,Mean,SVC,0.8866666666666667,0.886019594440647
iris,False,MAR,0.3,0,NDI-0,LR,0.9333333333333333,0.9331318194476088
iris,False,MAR,0.3,0,NDI-0,KNN,0.9200000000000002,0.9192880027447263
iris,False,MAR,0.3,0,NDI-0,RF,0.9133333333333334,0.9121052631578948
iris,False,MAR,0.3,0,NDI-0,SVC,0.9266666666666667,0.9260726411083121
iris,False,MAR,0.3,0,NDI-C,LR,0.9533333333333335,0.9531940963519909
iris,False,MAR,0.3,0,NDI-C,KNN,0.9400000000000001,0.9398830409356724
iris,False,MAR,0.3,0,NDI-C,RF,0.9333333333333333,0.9330984025720866
iris,False,MAR,0.3,0,NDI-C,SVC,0.9533333333333335,0.9531652363231311
iris,False,MAR,0.3,0,NDI-S,LR,0.9533333333333334,0.953233082706767
iris,False,MAR,0.3,0,NDI-S,KNN,0.9133333333333333,0.9127206906154275
iris,False,MAR,0.3,0,NDI-S,RF,0.9266666666666667,0.9261060579838343
iris,False,MAR,0.3,0,NDI-S,SVC,0.9533333333333335,0.9532999164578111
iris,False,MAR,0.3,0,GaussCM,LR,0.9533333333333335,0.9531151110098477
iris,False,MAR,0.3,0,GaussCM,KNN,0.9266666666666667,0.9264373053846737
iris,False,MAR,0.3,0,GaussCM,RF,0.9400000000000001,0.9396470975418343
iris,False,MAR,0.3,0,GaussCM,SVC,0.9400000000000001,0.9398040555935292
iris,False,MAR,0.3,0,KNN,LR,0.9466666666666667,0.9462849041796411
iris,False,MAR,0.3,0,KNN,KNN,0.9266666666666667,0.926369459001038
iris,False,MAR,0.3,0,KNN,RF,0.9533333333333335,0.9530472646262119
iris,False,MAR,0.3,0,KNN,SVC,0.9533333333333335,0.9530305561884509
iris,False,MAR,0.3,0,MICE,LR,0.9466666666666667,0.9461227664215954
iris,False,MAR,0.3,0,MICE,KNN,0.9400000000000001,0.9396805144173564
iris,False,MAR,0.3,0,MICE,RF,0.9266666666666667,0.9250283637482454
iris,False,MAR,0.3,0,MICE,SVC,0.9466666666666667,0.9464651527809422
iris,False,MAR,0.3,0,MissForest,LR,0.9466666666666667,0.946386167438799
iris,False,MAR,0.3,0,MissForest,KNN,0.9333333333333333,0.9331540973646236
iris,False,MAR,0.3,0,MissForest,RF,0.9466666666666669,0.946330472646262
iris,False,MAR,0.3,0,MissForest,SVC,0.9466666666666667,0.946386167438799
iris,False,MAR,0.3,0,SoftImpute,LR,0.9400000000000001,0.9395822890559732
iris,False,MAR,0.3,0,SoftImpute,KNN,0.9066666666666668,0.9068615984405456
iris,False,MAR,0.3,0,SoftImpute,RF,0.9266666666666667,0.9260047947246761
iris,False,MAR,0.3,0,SoftImpute,SVC,0.9333333333333332,0.9330138477506897
iris,False,MAR,0.3,0,GAIN,LR,0.9333333333333333,0.9331996658312448
iris,False,MAR,0.3,0,GAIN,KNN,0.9333333333333332,0.9330649856965646
iris,False,MAR,0.3,0,GAIN,RF,0.9333333333333333,0.9320875420875421
iris,False,MAR,0.3,0,GAIN,SVC,0.9400000000000001,0.9397139312928786
iris,False,MAR,0.3,0,NDI-F1,LR,0.9666666666666668,0.9666332497911444
iris,False,MAR,0.3,0,NDI-F1,KNN,0.9333333333333332,0.933047264626212
iris,False,MAR,0.3,0,NDI-F1,RF,0.9533333333333335,0.9530472646262119
iris,False,MAR,0.3,0,NDI-F1,SVC,0.9466666666666667,0.946487430697957
iris,False,MAR,0.3,0,NDI-F-noclip,LR,0.9666666666666668,0.9666332497911444
iris,False,MAR,0.3,0,NDI-F-noclip,KNN,0.9333333333333332,0.933047264626212
iris,False,MAR,0.3,0,NDI-F-noclip,RF,0.9533333333333335,0.9530472646262119
iris,False,MAR,0.3,0,NDI-F-noclip,SVC,0.9466666666666667,0.946487430697957
iris,False,MAR,0.3,0,NDI-F,LR,0.9666666666666668,0.9666332497911444
iris,False,MAR,0.3,0,NDI-F,KNN,0.9333333333333332,0.933047264626212
iris,False,MAR,0.3,0,NDI-F,RF,0.9533333333333335,0.9530472646262119
iris,False,MAR,0.3,0,NDI-F,SVC,0.9466666666666667,0.946487430697957
iris,False,MAR,0.3,0,Copula-NDI-F,LR,0.9400000000000001,0.9397984861142756
iris,False,MAR,0.3,0,Copula-NDI-F,KNN,0.9466666666666667,0.9465831244778613
iris,False,MAR,0.3,0,Copula-NDI-F,RF,0.9466666666666669,0.946330472646262
iris,False,MAR,0.3,0,Copula-NDI-F,SVC,0.9333333333333332,0.9324146813337821
iris,False,MAR,0.3,0,MIWAE,LR,0.9133333333333334,0.9134492797650692
iris,False,MAR,0.3,0,MIWAE,KNN,0.9266666666666667,0.9267659046606415
iris,False,MAR,0.3,0,MIWAE,RF,0.9400000000000001,0.9388387635756057
iris,False,MAR,0.3,0,MIWAE,SVC,0.9333333333333333,0.9329971393129288
iris,False,MAR,0.3,0,Sinkhorn,LR,0.9200000000000002,0.9194698868383078
iris,False,MAR,0.3,0,Sinkhorn,KNN,0.9133333333333334,0.9134492797650692
iris,False,MAR,0.3,0,Sinkhorn,RF,0.9333333333333333,0.9321219715956559
iris,False,MAR,0.3,0,Sinkhorn,SVC,0.9466666666666667,0.9466165413533835
iris,False,MAR,0.3,0,HyperImpute,LR,0.9533333333333334,0.9531819447608921
iris,False,MAR,0.3,0,HyperImpute,KNN,0.9533333333333334,0.9531819447608921
iris,False,MAR,0.3,0,HyperImpute,RF,0.9333333333333333,0.9317451557281953
iris,False,MAR,0.3,0,HyperImpute,SVC,0.9466666666666667,0.9464651527809422
iris,False,MAR,0.3,0,ReMasker,LR,0.9333333333333333,0.9329515708463075
iris,False,MAR,0.3,0,ReMasker,KNN,0.9400000000000001,0.9396805144173564
iris,False,MAR,0.3,0,ReMasker,RF,0.9333333333333333,0.9326547529535819
iris,False,MAR,0.3,0,ReMasker,SVC,0.9133333333333333,0.9124253321049659
iris,False,MAR,0.3,1,Mean,LR,0.7666666666666667,0.7659310090307533
iris,False,MAR,0.3,1,Mean,KNN,0.7866666666666667,0.7829630472826057
iris,False,MAR,0.3,1,Mean,RF,0.8333333333333333,0.8330629604313815
iris,False,MAR,0.3,1,Mean,SVC,0.8066666666666666,0.8048292173768011
iris,False,MAR,0.3,1,NDI-0,LR,0.7533333333333334,0.7549338392870496
iris,False,MAR,0.3,1,NDI-0,KNN,0.8066666666666666,0.8056545243542148
iris,False,MAR,0.3,1,NDI-0,RF,0.8,0.8009546852742438
iris,False,MAR,0.3,1,NDI-0,SVC,0.8333333333333334,0.8318800741990942
iris,False,MAR,0.3,1,NDI-C,LR,0.7733333333333333,0.7755702387281335
iris,False,MAR,0.3,1,NDI-C,KNN,0.8333333333333334,0.8341680546661028
iris,False,MAR,0.3,1,NDI-C,RF,0.8466666666666667,0.8468140047087415
iris,False,MAR,0.3,1,NDI-C,SVC,0.8400000000000001,0.8411907393843052
iris,False,MAR,0.3,1,NDI-S,LR,0.8133333333333332,0.814829255836121
iris,False,MAR,0.3,1,NDI-S,KNN,0.8333333333333334,0.8345483163332134
iris,False,MAR,0.3,1,NDI-S,RF,0.8266666666666665,0.8270448849396217
iris,False,MAR,0.3,1,NDI-S,SVC,0.8533333333333333,0.8536448072051787
iris,False,MAR,0.3,1,GaussCM,LR,0.8266666666666668,0.8278246340488902
iris,False,MAR,0.3,1,GaussCM,KNN,0.8266666666666668,0.8284240905293536
iris,False,MAR,0.3,1,GaussCM,RF,0.8333333333333334,0.8340592743581032
iris,False,MAR,0.3,1,GaussCM,SVC,0.8200000000000001,0.8215392675804576
iris,False,MAR,0.3,1,KNN,LR,0.7999999999999999,0.7989780154486037
iris,False,MAR,0.3,1,KNN,KNN,0.8600000000000001,0.8602754956315326
iris,False,MAR,0.3,1,KNN,RF,0.8066666666666666,0.809040288468206
iris,False,MAR,0.3,1,KNN,SVC,0.82,0.8198598203121019
iris,False,MAR,0.3,1,MICE,LR,0.8533333333333335,0.855091791842364
iris,False,MAR,0.3,1,MICE,KNN,0.8400000000000001,0.8411663105942282
iris,False,MAR,0.3,1,MICE,RF,0.8466666666666667,0.8476317055264422
iris,False,MAR,0.3,1,MICE,SVC,0.8666666666666666,0.8675805785874434
iris,False,MAR,0.3,1,MissForest,LR,0.8733333333333334,0.8752216509653581
iris,False,MAR,0.3,1,MissForest,KNN,0.8666666666666668,0.8674717095769727
iris,False,MAR,0.3,1,MissForest,RF,0.8266666666666668,0.8270228601807549
iris,False,MAR,0.3,1,MissForest,SVC,0.8733333333333334,0.8738607206745582
iris,False,MAR,0.3,1,SoftImpute,LR,0.8333333333333333,0.8353379276033739
iris,False,MAR,0.3,1,SoftImpute,KNN,0.8466666666666667,0.8473662345690883
iris,False,MAR,0.3,1,SoftImpute,RF,0.8466666666666667,0.8464323781890076
iris,False,MAR,0.3,1,SoftImpute,SVC,0.8400000000000001,0.8410632292581411
iris,False,MAR,0.3,1,GAIN,LR,0.8333333333333333,0.8346895934713945
iris,False,MAR,0.3,1,GAIN,KNN,0.8466666666666667,0.8477848772127947
iris,False,MAR,0.3,1,GAIN,RF,0.8333333333333334,0.8315698634584084
iris,False,MAR,0.3,1,GAIN,SVC,0.8400000000000001,0.8401396714292124
iris,False,MAR,0.3,1,NDI-F1,LR,0.8066666666666666,0.8074367737525632
iris,False,MAR,0.3,1,NDI-F1,KNN,0.8,0.7998366942181722
iris,False,MAR,0.3,1,NDI-F1,RF,0.8133333333333332,0.8143295695644598
iris,False,MAR,0.3,1,NDI-F1,SVC,0.8333333333333334,0.8326615275562645
iris,False,MAR,0.3,1,NDI-F-noclip,LR,0.8066666666666666,0.8074367737525632
iris,False,MAR,0.3,1,NDI-F-noclip,KNN,0.8,0.7998366942181722
iris,False,MAR,0.3,1,NDI-F-noclip,RF,0.8133333333333332,0.8143295695644598
iris,False,MAR,0.3,1,NDI-F-noclip,SVC,0.8333333333333334,0.8326615275562645
iris,False,MAR,0.3,1,NDI-F,LR,0.8066666666666666,0.8074367737525632
iris,False,MAR,0.3,1,NDI-F,KNN,0.8,0.7998366942181722
iris,False,MAR,0.3,1,NDI-F,RF,0.8133333333333332,0.8143295695644598
iris,False,MAR,0.3,1,NDI-F,SVC,0.8333333333333334,0.8326615275562645
iris,False,MAR,0.3,1,Copula-NDI-F,LR,0.8266666666666668,0.8269810890863523
iris,False,MAR,0.3,1,Copula-NDI-F,KNN,0.8333333333333334,0.8337662337662337
iris,False,MAR,0.3,1,Copula-NDI-F,RF,0.8533333333333333,0.8526830289705508
iris,False,MAR,0.3,1,Copula-NDI-F,SVC,0.8333333333333333,0.8333008993070912
iris,False,MAR,0.3,2,Mean,LR,0.8266666666666668,0.8250964438661302
iris,False,MAR,0.3,2,Mean,KNN,0.8600000000000001,0.8600237968659021
iris,False,MAR,0.3,2,Mean,RF,0.8466666666666667,0.8464535075061391
iris,False,MAR,0.3,2,Mean,SVC,0.8466666666666667,0.8462143501045103
iris,False,MAR,0.3,2,NDI-0,LR,0.8466666666666667,0.8459411154147997
iris,False,MAR,0.3,2,NDI-0,KNN,0.8333333333333334,0.8321000734158629
iris,False,MAR,0.3,2,NDI-0,RF,0.8466666666666667,0.8455485260465743
iris,False,MAR,0.3,2,NDI-0,SVC,0.8600000000000001,0.8593078656236551
iris,False,MAR,0.3,2,NDI-C,LR,0.8733333333333334,0.8733378901799954
iris,False,MAR,0.3,2,NDI-C,KNN,0.8533333333333333,0.8517037355588977
iris,False,MAR,0.3,2,NDI-C,RF,0.8800000000000001,0.8791533226100462
iris,False,MAR,0.3,2,NDI-C,SVC,0.8733333333333334,0.8730006835269993
iris,False,MAR,0.3,2,NDI-S,LR,0.8533333333333333,0.8530173919647603
iris,False,MAR,0.3,2,NDI-S,KNN,0.8733333333333334,0.8733184740507396
iris,False,MAR,0.3,2,NDI-S,RF,0.8800000000000001,0.8794895166304508
iris,False,MAR,0.3,2,NDI-S,SVC,0.8666666666666668,0.8663841421736158
iris,False,MAR,0.3,2,GaussCM,LR,0.8800000000000001,0.879987848408901
iris,False,MAR,0.3,2,GaussCM,KNN,0.8733333333333334,0.8721553884711779
iris,False,MAR,0.3,2,GaussCM,RF,0.8666666666666668,0.8663659147869673
iris,False,MAR,0.3,2,GaussCM,SVC,0.8800000000000001,0.879987848408901
iris,False,MAR,0.3,2,KNN,LR,0.8733333333333334,0.8713471810840231
iris,False,MAR,0.3,2,KNN,KNN,0.8200000000000001,0.8183485140814526
iris,False,MAR,0.3,2,KNN,RF,0.86,0.8588792501028333
iris,False,MAR,0.3,2,KNN,SVC,0.8666666666666668,0.8647993226368513
iris,False,MAR,0.3,2,MICE,LR,0.8933333333333333,0.8930508088402824
iris,False,MAR,0.3,2,MICE,KNN,0.8733333333333334,0.8730148603832812
iris,False,MAR,0.3,2,MICE,RF,0.8800000000000001,0.8790916685653528
iris,False,MAR,0.3,2,MICE,SVC,0.8800000000000001,0.8798855725171514
iris,False,MAR,0.3,2,MissForest,LR,0.9,0.8994879199859682
iris,False,MAR,0.3,2,MissForest,KNN,0.8733333333333334,0.8721995746036667
iris,False,MAR,0.3,2,MissForest,RF,0.8733333333333334,0.8729662540188856
iris,False,MAR,0.3,2,MissForest,SVC,0.9,0.8997279916057679
iris,False,MAR,0.3,2,SoftImpute,LR,0.8333333333333334,0.8326634768740032
iris,False,MAR,0.3,2,SoftImpute,KNN,0.8733333333333334,0.873254854307486
iris,False,MAR,0.3,2,SoftImpute,RF,0.8333333333333334,0.8318227198884085
iris,False,MAR,0.3,2,SoftImpute,SVC,0.8466666666666667,0.8462671831092884
iris,False,MAR,0.3,2,GAIN,LR,0.8666666666666668,0.8666210982000455
iris,False,MAR,0.3,2,GAIN,KNN,0.8466666666666669,0.8449981013138907
iris,False,MAR,0.3,2,GAIN,RF,0.8866666666666667,0.8860778208146629
iris,False,MAR,0.3,2,GAIN,SVC,0.8866666666666667,0.8864676843624212
iris,False,MAR,0.3,2,NDI-F1,LR,0.8666666666666666,0.8663993316624896
iris,False,MAR,0.3,2,NDI-F1,KNN,0.8666666666666666,0.8663993316624896
iris,False,MAR,0.3,2,NDI-F1,RF,0.86,0.8589309720605993
iris,False,MAR,0.3,2,NDI-F1,SVC,0.8800000000000001,0.8801549327865118
iris,False,MAR,0.3,2,NDI-F-noclip,LR,0.8666666666666666,0.8663993316624896
iris,False,MAR,0.3,2,NDI-F-noclip,KNN,0.8666666666666666,0.8663993316624896
iris,False,MAR,0.3,2,NDI-F-noclip,RF,0.86,0.8589309720605993
iris,False,MAR,0.3,2,NDI-F-noclip,SVC,0.8800000000000001,0.8801549327865118
iris,False,MAR,0.3,2,NDI-F,LR,0.8666666666666666,0.8663993316624896
iris,False,MAR,0.3,2,NDI-F,KNN,0.8666666666666666,0.8663993316624896
iris,False,MAR,0.3,2,NDI-F,RF,0.86,0.8589309720605993
iris,False,MAR,0.3,2,NDI-F,SVC,0.8800000000000001,0.8801549327865118
iris,False,MAR,0.3,2,Copula-NDI-F,LR,0.8799999999999999,0.8795979848611427
iris,False,MAR,0.3,2,Copula-NDI-F,KNN,0.86,0.8593109035214297
iris,False,MAR,0.3,2,Copula-NDI-F,RF,0.8466666666666667,0.8447844170606318
iris,False,MAR,0.3,2,Copula-NDI-F,SVC,0.8866666666666667,0.8867714741398952
iris,False,MNAR,0.3,0,Mean,LR,0.9133333333333333,0.9139662727305747
iris,False,MNAR,0.3,0,Mean,KNN,0.9333333333333333,0.9333145996303891
iris,False,MNAR,0.3,0,Mean,RF,0.9199999999999999,0.9189026960436302
iris,False,MNAR,0.3,0,Mean,SVC,0.9266666666666665,0.9273096883623199
iris,False,MNAR,0.3,0,NDI-0,LR,0.9333333333333333,0.9334948482316904
iris,False,MNAR,0.3,0,NDI-0,KNN,0.8933333333333333,0.8941834979605876
iris,False,MNAR,0.3,0,NDI-0,RF,0.8866666666666667,0.887410951621478
iris,False,MNAR,0.3,0,NDI-0,SVC,0.9133333333333334,0.9136487683856105
iris,False,MNAR,0.3,0,NDI-C,LR,0.9400000000000001,0.9398901293638134
iris,False,MNAR,0.3,0,NDI-C,KNN,0.9266666666666667,0.9266580592896382
iris,False,MNAR,0.3,0,NDI-C,RF,0.9133333333333333,0.9136153515100883
iris,False,MNAR,0.3,0,NDI-C,SVC,0.9266666666666667,0.9267491962228803
iris,False,MNAR,0.3,0,NDI-S,LR,0.9466666666666667,0.946386167438799
iris,False,MNAR,0.3,0,NDI-S,KNN,0.9199999999999999,0.919689005250992
iris,False,MNAR,0.3,0,NDI-S,RF,0.8933333333333333,0.8911194854013538
iris,False,MNAR,0.3,0,NDI-S,SVC,0.9266666666666665,0.9274443684970001
iris,False,MNAR,0.3,0,GaussCM,LR,0.9333333333333333,0.9336487683856104
iris,False,MNAR,0.3,0,GaussCM,KNN,0.9133333333333334,0.9138973696868433
iris,False,MNAR,0.3,0,GaussCM,RF,0.9,0.8992880027447263
iris,False,MNAR,0.3,0,GaussCM,SVC,0.9266666666666665,0.9275593022961444
iris,False,MNAR,0.3,0,KNN,LR,0.9133333333333333,0.9140052150578466
iris,False,MNAR,0.3,0,KNN,KNN,0.9133333333333333,0.9134704285060995
iris,False,MNAR,0.3,0,KNN,RF,0.9133333333333333,0.9120224234667631
iris,False,MNAR,0.3,0,KNN,SVC,0.9400000000000001,0.9405225184172552
iris,False,MNAR,0.3,0,MICE,LR,0.9533333333333334,0.9530305561884509
iris,False,MNAR,0.3,0,MICE,KNN,0.9400000000000001,0.9402005012531328
iris,False,MNAR,0.3,0,MICE,RF,0.9466666666666667,0.9467537530695426
iris,False,MNAR,0.3,0,MICE,SVC,0.9466666666666667,0.9467927394243183
iris,False,MNAR,0.3,0,MissForest,LR,0.9533333333333334,0.9534659882028302
iris,False,MNAR,0.3,0,MissForest,KNN,0.9400000000000001,0.9401549327865115
iris,False,MNAR,0.3,0,MissForest,RF,0.9199999999999999,0.9189501732320415
iris,False,MNAR,0.3,0,MissForest,SVC,0.9400000000000001,0.940250626566416
iris,False,MNAR,0.3,0,SoftImpute,LR,0.9266666666666665,0.9273096883623199
iris,False,MNAR,0.3,0,SoftImpute,KNN,0.9266666666666667,0.9271000734158628
iris,False,MNAR,0.3,0,SoftImpute,RF,0.8866666666666667,0.8859647957373088
iris,False,MNAR,0.3,0,SoftImpute,SVC,0.9333333333333333,0.9338224348750664
iris,False,MNAR,0.3,0,GAIN,LR,0.9400000000000001,0.9401326548694969
iris,False,MNAR,0.3,0,GAIN,KNN,0.9266666666666667,0.9266580592896382
iris,False,MNAR,0.3,0,GAIN,RF,0.9133333333333333,0.9113786597781752
iris,False,MNAR,0.3,0,GAIN,SVC,0.9266666666666665,0.9265497076023392
iris,False,MNAR,0.3,0,NDI-F1,LR,0.9533333333333334,0.9530695425432267
iris,False,MNAR,0.3,0,NDI-F1,KNN,0.9000000000000001,0.899956280688546
iris,False,MNAR,0.3,0,NDI-F1,RF,0.8933333333333333,0.8932896735885025
iris,False,MNAR,0.3,0,NDI-F1,SVC,0.9400000000000001,0.9401716412242728
iris,False,MNAR,0.3,0,NDI-F-noclip,LR,0.9266666666666665,0.9275593022961444
iris,False,MNAR,0.3,0,NDI-F-noclip,KNN,0.9,0.9001203867350052
iris,False,MNAR,0.3,0,NDI-F-noclip,RF,0.9066666666666666,0.9064736436145779
iris,False,MNAR,0.3,0,NDI-F-noclip,SVC,0.9199999999999999,0.9209938988886357
iris,False,MNAR,0.3,0,NDI-F,LR,0.9266666666666665,0.9275593022961444
iris,False,MNAR,0.3,0,NDI-F,KNN,0.9,0.9001203867350052
iris,False,MNAR,0.3,0,NDI-F,RF,0.9066666666666666,0.9064736436145779
iris,False,MNAR,0.3,0,NDI-F,SVC,0.9199999999999999,0.9209938988886357
iris,False,MNAR,0.3,0,Copula-NDI-F,LR,0.9,0.9015156578314473
iris,False,MNAR,0.3,0,Copula-NDI-F,KNN,0.8866666666666667,0.8870416709318312
iris,False,MNAR,0.3,0,Copula-NDI-F,RF,0.8933333333333333,0.8947174259760071
iris,False,MNAR,0.3,0,Copula-NDI-F,SVC,0.8866666666666667,0.8860276955013797
iris,False,MNAR,0.3,0,MIWAE,LR,0.9533333333333334,0.9536713765089051
iris,False,MNAR,0.3,0,MIWAE,KNN,0.9133333333333333,0.9136506175407778
iris,False,MNAR,0.3,0,MIWAE,RF,0.9466666666666667,0.9469880014044774
iris,False,MNAR,0.3,0,MIWAE,SVC,0.9266666666666665,0.9273653831548568
iris,False,MNAR,0.3,0,Sinkhorn,LR,0.9400000000000001,0.9404501151869573
iris,False,MNAR,0.3,0,Sinkhorn,KNN,0.9466666666666667,0.947234753550543
iris,False,MNAR,0.3,0,Sinkhorn,RF,0.8800000000000001,0.8795401482600298
iris,False,MNAR,0.3,0,Sinkhorn,SVC,0.9266666666666667,0.9274899369636211
iris,False,MNAR,0.3,0,HyperImpute,LR,0.9533333333333334,0.9530305561884509
iris,False,MNAR,0.3,0,HyperImpute,KNN,0.9333333333333333,0.9331373889268626
iris,False,MNAR,0.3,0,HyperImpute,RF,0.9266666666666665,0.926386167438799
iris,False,MNAR,0.3,0,HyperImpute,SVC,0.9466666666666667,0.9465375560112402
iris,False,MNAR,0.3,0,ReMasker,LR,0.9400000000000001,0.9405309496842676
iris,False,MNAR,0.3,0,ReMasker,KNN,0.9066666666666666,0.9070295193407322
iris,False,MNAR,0.3,0,ReMasker,RF,0.9133333333333333,0.9133230308974015
iris,False,MNAR,0.3,0,ReMasker,SVC,0.9266666666666665,0.9272018429913166
iris,False,MNAR,0.3,1,Mean,LR,0.9066666666666666,0.9069153275345225
iris,False,MNAR,0.3,1,Mean,KNN,0.8666666666666668,0.866754842750266
iris,False,MNAR,0.3,1,Mean,RF,0.8866666666666667,0.8864874306979571
iris,False,MNAR,0.3,1,Mean,SVC,0.9,0.9001909408101358
iris,False,MNAR,0.3,1,NDI-0,LR,0.9133333333333333,0.9134659882028302
iris,False,MNAR,0.3,1,NDI-0,KNN,0.8400000000000001,0.8400424140254534
iris,False,MNAR,0.3,1,NDI-0,RF,0.8533333333333333,0.8509825365552921
iris,False,MNAR,0.3,1,NDI-0,SVC,0.9066666666666666,0.9067446393762182
iris,False,MNAR,0.3,1,NDI-C,LR,0.9066666666666666,0.9065329991645783
iris,False,MNAR,0.3,1,NDI-C,KNN,0.8933333333333333,0.8931478454590582
iris,False,MNAR,0.3,1,NDI-C,RF,0.9,0.899014202172097
iris,False,MNAR,0.3,1,NDI-C,SVC,0.8933333333333333,0.8933778891673629
iris,False,MNAR,0.3,1,NDI-S,LR,0.9066666666666666,0.9068838763575606
iris,False,MNAR,0.3,1,NDI-S,KNN,0.9066666666666666,0.9070085842625888
iris,False,MNAR,0.3,1,NDI-S,RF,0.9,0.8992572339940761
iris,False,MNAR,0.3,1,NDI-S,SVC,0.8800000000000001,0.8806496038074986
iris,False,MNAR,0.3,1,GaussCM,LR,0.9199999999999999,0.9195822890559733
iris,False,MNAR,0.3,1,GaussCM,KNN,0.8866666666666667,0.8870528098903385
iris,False,MNAR,0.3,1,GaussCM,RF,0.9133333333333333,0.9127419558998507
iris,False,MNAR,0.3,1,GaussCM,SVC,0.9,0.9003321434900382
iris,False,MNAR,0.3,1,KNN,LR,0.9,0.899652667021088
iris,False,MNAR,0.3,1,KNN,KNN,0.8666666666666666,0.8667100933247116
iris,False,MNAR,0.3,1,KNN,RF,0.8933333333333333,0.8932832080200501
iris,False,MNAR,0.3,1,KNN,SVC,0.8800000000000001,0.8800582263740159
iris,False,MNAR,0.3,1,MICE,LR,0.9066666666666668,0.9068838763575606
iris,False,MNAR,0.3,1,MICE,KNN,0.9066666666666666,0.9058237270823083
iris,False,MNAR,0.3,1,MICE,RF,0.9,0.9000880990354674
iris,False,MNAR,0.3,1,MICE,SVC,0.9,0.9004288499025341
iris,False,MNAR,0.3,1,MissForest,LR,0.9066666666666666,0.9071456418824841
iris,False,MNAR,0.3,1,MissForest,KNN,0.9000000000000001,0.9000287434854671
iris,False,MNAR,0.3,1,MissForest,RF,0.8933333333333333,0.8938680033416876
iris,False,MNAR,0.3,1,MissForest,SVC,0.9066666666666666,0.9071456418824841
iris,False,MNAR,0.3,1,SoftImpute,LR,0.9200000000000002,0.9201716412242729
iris,False,MNAR,0.3,1,SoftImpute,KNN,0.9,0.900361003518898
iris,False,MNAR,0.3,1,SoftImpute,RF,0.9066666666666666,0.907087921824764
iris,False,MNAR,0.3,1,SoftImpute,SVC,0.9066666666666668,0.907237285132022
iris,False,MNAR,0.3,1,GAIN,LR,0.9133333333333333,0.9128001822738664
iris,False,MNAR,0.3,1,GAIN,KNN,0.9133333333333333,0.9130984025720867
iris,False,MNAR,0.3,1,GAIN,RF,0.9,0.9001866546031305
iris,False,MNAR,0.3,1,GAIN,SVC,0.9199999999999999,0.9198486114275589
iris,False,MNAR,0.3,1,NDI-F1,LR,0.9200000000000002,0.9198997493734336
iris,False,MNAR,0.3,1,NDI-F1,KNN,0.9133333333333333,0.9140261281222379
iris,False,MNAR,0.3,1,NDI-F1,RF,0.9066666666666666,0.9064484443431813
iris,False,MNAR,0.3,1,NDI-F1,SVC,0.9066666666666666,0.907087921824764
iris,False,MNAR,0.3,1,NDI-F-noclip,LR,0.9066666666666666,0.9065329991645783
iris,False,MNAR,0.3,1,NDI-F-noclip,KNN,0.8866666666666667,0.8873201448945156
iris,False,MNAR,0.3,1,NDI-F-noclip,RF,0.8933333333333333,0.8924382256889997
iris,False,MNAR,0.3,1,NDI-F-noclip,SVC,0.8866666666666667,0.8868261562998405
iris,False,MNAR,0.3,1,NDI-F,LR,0.9066666666666666,0.9065329991645783
iris,False,MNAR,0.3,1,NDI-F,KNN,0.8866666666666667,0.8873201448945156
iris,False,MNAR,0.3,1,NDI-F,RF,0.8933333333333333,0.8924382256889997
iris,False,MNAR,0.3,1,NDI-F,SVC,0.8866666666666667,0.8868261562998405
iris,False,MNAR,0.3,1,Copula-NDI-F,LR,0.9066666666666666,0.9064373053846738
iris,False,MNAR,0.3,1,Copula-NDI-F,KNN,0.8733333333333334,0.8721126047441837
iris,False,MNAR,0.3,1,Copula-NDI-F,RF,0.8800000000000001,0.8786000354421407
iris,False,MNAR,0.3,1,Copula-NDI-F,SVC,0.8933333333333333,0.8936999063314852
iris,False,MNAR,0.3,2,Mean,LR,0.9200000000000002,0.918467537258761
iris,False,MNAR,0.3,2,Mean,KNN,0.9266666666666667,0.9260047947246763
iris,False,MNAR,0.3,2,Mean,RF,0.9333333333333333,0.9325738588896483
iris,False,MNAR,0.3,2,Mean,SVC,0.9400000000000001,0.9392368647988516
iris,False,MNAR,0.3,2,NDI-0,LR,0.9,0.8997371052990919
iris,False,MNAR,0.3,2,NDI-0,KNN,0.8866666666666667,0.8870525392506815
iris,False,MNAR,0.3,2,NDI-0,RF,0.8800000000000001,0.8795366040459592
iris,False,MNAR,0.3,2,NDI-0,SVC,0.9066666666666666,0.9066108553307368
iris,False,MNAR,0.3,2,NDI-C,LR,0.9066666666666666,0.9053420266934872
iris,False,MNAR,0.3,2,NDI-C,KNN,0.9266666666666665,0.9256398572188045
iris,False,MNAR,0.3,2,NDI-C,RF,0.9333333333333333,0.9327475253791043
iris,False,MNAR,0.3,2,NDI-C,SVC,0.9133333333333333,0.912058818673437
iris,False,MNAR,0.3,2,NDI-S,LR,0.9133333333333333,0.912058818673437
iris,False,MNAR,0.3,2,NDI-S,KNN,0.9199999999999999,0.9189164831270092
iris,False,MNAR,0.3,2,NDI-S,RF,0.9266666666666667,0.9260808587124376
iris,False,MNAR,0.3,2,NDI-S,SVC,0.9066666666666666,0.9053141792972186
iris,False,MNAR,0.3,2,GaussCM,LR,0.9066666666666666,0.9053420266934872
iris,False,MNAR,0.3,2,GaussCM,KNN,0.9066666666666666,0.9059294701399964
iris,False,MNAR,0.3,2,GaussCM,RF,0.9266666666666667,0.9260808587124376
iris,False,MNAR,0.3,2,GaussCM,SVC,0.9066666666666666,0.9053420266934872
iris,False,MNAR,0.3,2,KNN,LR,0.9133333333333333,0.9109441037816323
iris,False,MNAR,0.3,2,KNN,KNN,0.9400000000000001,0.9391033138401559
iris,False,MNAR,0.3,2,KNN,RF,0.9200000000000002,0.9190950366694073
iris,False,MNAR,0.3,2,KNN,SVC,0.9133333333333333,0.9106184258600465
iris,False,MNAR,0.3,2,MICE,LR,0.9533333333333334,0.9530472646262119
iris,False,MNAR,0.3,2,MICE,KNN,0.9733333333333334,0.9732999164578112
iris,False,MNAR,0.3,2,MICE,RF,0.9533333333333334,0.9531652363231311
iris,False,MNAR,0.3,2,MICE,SVC,0.9466666666666667,0.946419584314321
iris,False,MNAR,0.3,2,MissForest,LR,0.9133333333333333,0.9117032480190375
iris,False,MNAR,0.3,2,MissForest,KNN,0.9400000000000001,0.9388387635756056
iris,False,MNAR,0.3,2,MissForest,RF,0.9200000000000002,0.9191157775085624
iris,False,MNAR,0.3,2,MissForest,SVC,0.9266666666666667,0.9254041669831142
iris,False,MNAR,0.3,2,SoftImpute,LR,0.9333333333333333,0.9330305561884508
iris,False,MNAR,0.3,2,SoftImpute,KNN,0.9133333333333334,0.9130259993417887
iris,False,MNAR,0.3,2,SoftImpute,RF,0.9266666666666665,0.9261365535049745
iris,False,MNAR,0.3,2,SoftImpute,SVC,0.9400000000000001,0.9397260828839775
iris,False,MNAR,0.3,2,GAIN,LR,0.9333333333333333,0.9327713818116294
iris,False,MNAR,0.3,2,GAIN,KNN,0.9400000000000001,0.9399164578111947
iris,False,MNAR,0.3,2,GAIN,RF,0.9200000000000002,0.9187719298245615
iris,False,MNAR,0.3,2,GAIN,SVC,0.9466666666666667,0.9464317359054201
iris,False,MNAR,0.3,2,NDI-F1,LR,0.9066666666666666,0.9053420266934872
iris,False,MNAR,0.3,2,NDI-F1,KNN,0.9,0.8987985114300903
iris,False,MNAR,0.3,2,NDI-F1,RF,0.9199999999999999,0.9192962203488518
iris,False,MNAR,0.3,2,NDI-F1,SVC,0.9133333333333333,0.9119307206506022
iris,False,MNAR,0.3,2,NDI-F-noclip,LR,0.9066666666666666,0.9053420266934872
iris,False,MNAR,0.3,2,NDI-F-noclip,KNN,0.9,0.8987985114300903
iris,False,MNAR,0.3,2,NDI-F-noclip,RF,0.9199999999999999,0.9192962203488518
iris,False,MNAR,0.3,2,NDI-F-noclip,SVC,0.9133333333333333,0.9119307206506022
iris,False,MNAR,0.3,2,NDI-F,LR,0.9066666666666666,0.9053420266934872
iris,False,MNAR,0.3,2,NDI-F,KNN,0.9,0.8987985114300903
iris,False,MNAR,0.3,2,NDI-F,RF,0.9199999999999999,0.9192962203488518
iris,False,MNAR,0.3,2,NDI-F,SVC,0.9133333333333333,0.9119307206506022
iris,False,MNAR,0.3,2,Copula-NDI-F,LR,0.8466666666666667,0.8417125158086256
iris,False,MNAR,0.3,2,Copula-NDI-F,KNN,0.8733333333333334,0.872656613115625
iris,False,MNAR,0.3,2,Copula-NDI-F,RF,0.8266666666666668,0.8234451120438466
iris,False,MNAR,0.3,2,Copula-NDI-F,SVC,0.8333333333333334,0.8279894963324764
wine,False,MCAR,0.3,0,Mean,LR,0.9606349206349206,0.9618616912651999
wine,False,MCAR,0.3,0,Mean,KNN,0.9328571428571429,0.9351073777422709
wine,False,MCAR,0.3,0,Mean,RF,0.9498412698412698,0.9492417301816417
wine,False,MCAR,0.3,0,Mean,SVC,0.9663492063492063,0.9668449444887202
wine,False,MCAR,0.3,0,NDI-0,LR,0.9384126984126985,0.9410593516942447
wine,False,MCAR,0.3,0,NDI-0,KNN,0.9047619047619048,0.9061566190963596
wine,False,MCAR,0.3,0,NDI-0,RF,0.9384126984126985,0.9395558756405702
wine,False,MCAR,0.3,0,NDI-0,SVC,0.9328571428571429,0.9338351105800917
wine,False,MCAR,0.3,0,NDI-C,LR,0.9607936507936508,0.9625713857292805
wine,False,MCAR,0.3,0,NDI-C,KNN,0.943968253968254,0.9454844233089847
wine,False,MCAR,0.3,0,NDI-C,RF,0.9552380952380952,0.9559306935226344
wine,False,MCAR,0.3,0,NDI-C,SVC,0.9665079365079364,0.9676931313671553
wine,False,MCAR,0.3,0,NDI-S,LR,0.9607936507936508,0.9625713857292805
wine,False,MCAR,0.3,0,NDI-S,KNN,0.9496825396825397,0.9508734881750479
wine,False,MCAR,0.3,0,NDI-S,RF,0.9607936507936508,0.9615683508844297
wine,False,MCAR,0.3,0,NDI-S,SVC,0.9665079365079364,0.9676931313671553
wine,False,MCAR,0.3,0,GaussCM,LR,0.9552380952380952,0.9575038938342022
wine,False,MCAR,0.3,0,GaussCM,KNN,0.9442857142857143,0.9458875127695453
wine,False,MCAR,0.3,0,GaussCM,RF,0.9661904761904762,0.9668932306872318
wine,False,MCAR,0.3,0,GaussCM,SVC,0.9607936507936508,0.9622684440987527
wine,False,MCAR,0.3,0,KNN,LR,0.9774603174603176,0.9786157701947176
wine,False,MCAR,0.3,0,KNN,KNN,0.938095238095238,0.9387133610379224
wine,False,MCAR,0.3,0,KNN,RF,0.9550793650793651,0.9548809001265142
wine,False,MCAR,0.3,0,KNN,SVC,0.9661904761904763,0.9662011046133852
wine,False,MCAR,0.3,0,MICE,LR,0.9496825396825397,0.9515648461997392
wine,False,MCAR,0.3,0,MICE,KNN,0.9552380952380952,0.9557962772143049
wine,False,MCAR,0.3,0,MICE,RF,0.9831746031746033,0.9838953177447802
wine,False,MCAR,0.3,0,MICE,SVC,0.9606349206349206,0.9611878928799449
wine,False,MCAR,0.3,0,MissForest,LR,0.9441269841269841,0.9470789793073389
wine,False,MCAR,0.3,0,MissForest,KNN,0.9385714285714286,0.9406960359975958
wine,False,MCAR,0.3,0,MissForest,RF,0.9496825396825397,0.9502930558720033
wine,False,MCAR,0.3,0,MissForest,SVC,0.9495238095238095,0.9508118765574907
wine,False,MCAR,0.3,0,SoftImpute,LR,0.9719047619047618,0.9727990346235961
wine,False,MCAR,0.3,0,SoftImpute,KNN,0.9496825396825397,0.9515104652330775
wine,False,MCAR,0.3,0,SoftImpute,RF,0.9717460317460318,0.972435605141887
wine,False,MCAR,0.3,0,SoftImpute,SVC,0.972063492063492,0.9728001724741964
wine,False,MCAR,0.3,0,GAIN,LR,0.9550793650793651,0.9574574896858492
wine,False,MCAR,0.3,0,GAIN,KNN,0.9268253968253968,0.9295657734750294
wine,False,MCAR,0.3,0,GAIN,RF,0.9493650793650794,0.9499298266904759
wine,False,MCAR,0.3,0,GAIN,SVC,0.9552380952380952,0.9571614029917115
wine,False,MCAR,0.3,0,NDI-F1,LR,0.9663492063492063,0.9676919935165549
wine,False,MCAR,0.3,0,NDI-F1,KNN,0.9325396825396824,0.9344378895957843
wine,False,MCAR,0.3,0,NDI-F1,RF,0.9495238095238095,0.9502647565645048
wine,False,MCAR,0.3,0,NDI-F1,SVC,0.9776190476190475,0.977929893328055
wine,False,MCAR,0.3,0,NDI-F-noclip,LR,0.9496825396825397,0.9517387116479675
wine,False,MCAR,0.3,0,NDI-F-noclip,KNN,0.943968253968254,0.9462398160643776
wine,False,MCAR,0.3,0,NDI-F-noclip,RF,0.972063492063492,0.972085949228115
wine,False,MCAR,0.3,0,NDI-F-noclip,SVC,0.9553968253968254,0.9566545579220481
wine,False,MCAR,0.3,0,NDI-F,LR,0.9496825396825397,0.9517387116479675
wine,False,MCAR,0.3,0,NDI-F,KNN,0.943968253968254,0.9462398160643776
wine,False,MCAR,0.3,0,NDI-F,RF,0.972063492063492,0.972085949228115
wine,False,MCAR,0.3,0,NDI-F,SVC,0.9553968253968254,0.9566545579220481
wine,False,MCAR,0.3,0,Copula-NDI-F,LR,0.9552380952380952,0.9575038938342022
wine,False,MCAR,0.3,0,Copula-NDI-F,KNN,0.9273015873015874,0.9310994009239624
wine,False,MCAR,0.3,0,Copula-NDI-F,RF,0.9438095238095237,0.9460894268822146
wine,False,MCAR,0.3,0,Copula-NDI-F,SVC,0.9496825396825397,0.9519640016923612
wine,False,MCAR,0.3,0,MIWAE,LR,0.9606349206349206,0.9616944374887508
wine,False,MCAR,0.3,0,MIWAE,KNN,0.9496825396825397,0.9508510183997178
wine,False,MCAR,0.3,0,MIWAE,RF,0.9607936507936508,0.9606806208959868
wine,False,MCAR,0.3,0,MIWAE,SVC,0.9606349206349206,0.9607882285217336
wine,False,MCAR,0.3,0,Sinkhorn,LR,0.971904761904762,0.9734799677255819
wine,False,MCAR,0.3,0,Sinkhorn,KNN,0.943968253968254,0.9456237901150182
wine,False,MCAR,0.3,0,Sinkhorn,RF,0.9661904761904762,0.9674358147299325
wine,False,MCAR,0.3,0,Sinkhorn,SVC,0.9774603174603176,0.9788950617283951
wine,False,MCAR,0.3,0,HyperImpute,LR,0.9550793650793651,0.9567947521677006
wine,False,MCAR,0.3,0,HyperImpute,KNN,0.9441269841269841,0.9456064091853564
wine,False,MCAR,0.3,0,HyperImpute,RF,0.9661904761904762,0.9677320955260965
wine,False,MCAR,0.3,0,HyperImpute,SVC,0.9495238095238095,0.9509803226723748
wine,False,MCAR,0.3,0,ReMasker,LR,0.9719047619047618,0.9721272145881945
wine,False,MCAR,0.3,0,ReMasker,KNN,0.9550793650793651,0.955844597248106
wine,False,MCAR,0.3,0,ReMasker,RF,0.972063492063492,0.9726573466112584
wine,False,MCAR,0.3,0,ReMasker,SVC,0.972063492063492,0.9718856639807404
wine,False,MCAR,0.3,1,Mean,LR,0.9046031746031746,0.905689883975402
wine,False,MCAR,0.3,1,Mean,KNN,0.9157142857142857,0.918344452550851
wine,False,MCAR,0.3,1,Mean,RF,0.9217460317460319,0.9227246087246087
wine,False,MCAR,0.3,1,Mean,SVC,0.9099999999999999,0.9122171239310315
wine,False,MCAR,0.3,1,NDI-0,LR,0.8990476190476191,0.9013200481566297
wine,False,MCAR,0.3,1,NDI-0,KNN,0.8593650793650793,0.8631622839569175
wine,False,MCAR,0.3,1,NDI-0,RF,0.9049206349206349,0.9059687986052172
wine,False,MCAR,0.3,1,NDI-0,SVC,0.916031746031746,0.9171924541766989
wine,False,MCAR,0.3,1,NDI-C,LR,0.9271428571428573,0.9278392134181608
wine,False,MCAR,0.3,1,NDI-C,KNN,0.9155555555555555,0.9175708960229084
wine,False,MCAR,0.3,1,NDI-C,RF,0.9441269841269841,0.9445860805860805
wine,False,MCAR,0.3,1,NDI-C,SVC,0.9382539682539683,0.9376281860462139
wine,False,MCAR,0.3,1,NDI-S,LR,0.9217460317460316,0.9228168154176389
wine,False,MCAR,0.3,1,NDI-S,KNN,0.9157142857142858,0.9169925114445239
wine,False,MCAR,0.3,1,NDI-S,RF,0.9385714285714286,0.938977614977615
wine,False,MCAR,0.3,1,NDI-S,SVC,0.9268253968253968,0.9263940482131694
wine,False,MCAR,0.3,1,GaussCM,LR,0.9609523809523809,0.9615792296743061
wine,False,MCAR,0.3,1,GaussCM,KNN,0.9215873015873017,0.9238372352285396
wine,False,MCAR,0.3,1,GaussCM,RF,0.943968253968254,0.9444913390074682
wine,False,MCAR,0.3,1,GaussCM,SVC,0.9552380952380952,0.9560757667879122
wine,False,MCAR,0.3,1,KNN,LR,0.9103174603174603,0.9089471009413144
wine,False,MCAR,0.3,1,KNN,KNN,0.9155555555555555,0.9161429071253633
wine,False,MCAR,0.3,1,KNN,RF,0.9325396825396824,0.9334128496584636
wine,False,MCAR,0.3,1,KNN,SVC,0.9325396825396824,0.9319889954771987
wine,False,MCAR,0.3,1,MICE,LR,0.9326984126984128,0.9347035157824631
wine,False,MCAR,0.3,1,MICE,KNN,0.9269841269841269,0.9276063421280811
wine,False,MCAR,0.3,1,MICE,RF,0.9552380952380952,0.9551422158088826
wine,False,MCAR,0.3,1,MICE,SVC,0.9436507936507936,0.9447651108498052
wine,False,MCAR,0.3,1,MissForest,LR,0.9382539682539683,0.9387661216590623
wine,False,MCAR,0.3,1,MissForest,KNN,0.9155555555555555,0.9169832502723425
wine,False,MCAR,0.3,1,MissForest,RF,0.9328571428571429,0.9319589712424534
wine,False,MCAR,0.3,1,MissForest,SVC,0.9382539682539683,0.9380801142922597
wine,False,MCAR,0.3,1,SoftImpute,LR,0.9495238095238095,0.9497798358032112
wine,False,MCAR,0.3,1,SoftImpute,KNN,0.9099999999999999,0.9105962341751814
wine,False,MCAR,0.3,1,SoftImpute,RF,0.9496825396825397,0.9498885880625011
wine,False,MCAR,0.3,1,SoftImpute,SVC,0.943968253968254,0.9440163972446717
wine,False,MCAR,0.3,1,GAIN,LR,0.9438095238095239,0.9443779907975178
wine,False,MCAR,0.3,1,GAIN,KNN,0.921111111111111,0.9228445671908677
wine,False,MCAR,0.3,1,GAIN,RF,0.9330158730158731,0.9334853208316478
wine,False,MCAR,0.3,1,GAIN,SVC,0.9550793650793651,0.9559492620212261
wine,False,MCAR,0.3,1,NDI-F1,LR,0.9274603174603175,0.9298428800024725
wine,False,MCAR,0.3,1,NDI-F1,KNN,0.9041269841269841,0.9054291178776305
wine,False,MCAR,0.3,1,NDI-F1,RF,0.9330158730158731,0.9347418785913411
wine,False,MCAR,0.3,1,NDI-F1,SVC,0.9436507936507936,0.9452857181737017
wine,False,MCAR,0.3,1,NDI-F-noclip,LR,0.9326984126984128,0.9337965309544257
wine,False,MCAR,0.3,1,NDI-F-noclip,KNN,0.9212698412698412,0.9231527549773164
wine,False,MCAR,0.3,1,NDI-F-noclip,RF,0.9607936507936508,0.9617662771946869
wine,False,MCAR,0.3,1,NDI-F-noclip,SVC,0.9438095238095239,0.9430949453405594
wine,False,MCAR,0.3,1,NDI-F,LR,0.9326984126984128,0.9337965309544257
wine,False,MCAR,0.3,1,NDI-F,KNN,0.9212698412698412,0.9231527549773164
wine,False,MCAR,0.3,1,NDI-F,RF,0.9607936507936508,0.9617662771946869
wine,False,MCAR,0.3,1,NDI-F,SVC,0.9438095238095239,0.9430949453405594
wine,False,MCAR,0.3,1,Copula-NDI-F,LR,0.9273015873015874,0.9292717315173455
wine,False,MCAR,0.3,1,Copula-NDI-F,KNN,0.9157142857142857,0.9174673292918907
wine,False,MCAR,0.3,1,Copula-NDI-F,RF,0.9498412698412698,0.9500693574126331
wine,False,MCAR,0.3,1,Copula-NDI-F,SVC,0.943968253968254,0.9441156388367519
wine,False,MCAR,0.3,2,Mean,LR,0.927142857142857,0.9270923585826134
wine,False,MCAR,0.3,2,Mean,KNN,0.938095238095238,0.9380310178222802
wine,False,MCAR,0.3,2,Mean,RF,0.9493650793650794,0.9497826773616247
wine,False,MCAR,0.3,2,Mean,SVC,0.9496825396825397,0.9492217185248037
wine,False,MCAR,0.3,2,NDI-0,LR,0.9049206349206349,0.9058672587163079
wine,False,MCAR,0.3,2,NDI-0,KNN,0.9215873015873015,0.9203912191540793
wine,False,MCAR,0.3,2,NDI-0,RF,0.9103174603174603,0.9106787865101035
wine,False,MCAR,0.3,2,NDI-0,SVC,0.9384126984126983,0.9383130556693249
wine,False,MCAR,0.3,2,NDI-C,LR,0.938095238095238,0.9398577047829789
wine,False,MCAR,0.3,2,NDI-C,KNN,0.9384126984126985,0.9396735795716307
wine,False,MCAR,0.3,2,NDI-C,RF,0.9436507936507935,0.9449530921542285
wine,False,MCAR,0.3,2,NDI-C,SVC,0.9495238095238095,0.9499836035755443
wine,False,MCAR,0.3,2,NDI-S,LR,0.938095238095238,0.9396752563246684
wine,False,MCAR,0.3,2,NDI-S,KNN,0.9382539682539681,0.9396153142502074
wine,False,MCAR,0.3,2,NDI-S,RF,0.9438095238095239,0.9441470843019543
wine,False,MCAR,0.3,2,NDI-S,SVC,0.9606349206349206,0.9598813108065849
wine,False,MCAR,0.3,2,GaussCM,LR,0.937936507936508,0.9389721529706275
wine,False,MCAR,0.3,2,GaussCM,KNN,0.9550793650793651,0.9550994376641553
wine,False,MCAR,0.3,2,GaussCM,RF,0.954920634920635,0.9549032851488992
wine,False,MCAR,0.3,2,GaussCM,SVC,0.9550793650793651,0.9552957728877137
wine,False,MCAR,0.3,2,KNN,LR,0.9496825396825397,0.9496816907286687
wine,False,MCAR,0.3,2,KNN,KNN,0.943968253968254,0.9443134796475248
wine,False,MCAR,0.3,2,KNN,RF,0.9441269841269841,0.9442954473424254
wine,False,MCAR,0.3,2,KNN,SVC,0.9495238095238095,0.9487078582680255
wine,False,MCAR,0.3,2,MICE,LR,0.9493650793650794,0.9499056163925834
wine,False,MCAR,0.3,2,MICE,KNN,0.9325396825396824,0.9338534737515248
wine,False,MCAR,0.3,2,MICE,RF,0.943968253968254,0.9452005347924757
wine,False,MCAR,0.3,2,MICE,SVC,0.9663492063492063,0.9661305114638449
wine,False,MCAR,0.3,2,MissForest,LR,0.9434920634920635,0.9456406556406558
wine,False,MCAR,0.3,2,MissForest,KNN,0.9493650793650794,0.9498687091130871
wine,False,MCAR,0.3,2,MissForest,RF,0.9607936507936508,0.9618156717249278
wine,False,MCAR,0.3,2,MissForest,SVC,0.9661904761904762,0.9662331162461097
wine,False,MCAR,0.3,2,SoftImpute,LR,0.9492063492063492,0.9501080334241122
wine,False,MCAR,0.3,2,SoftImpute,KNN,0.9495238095238095,0.9505003330650507
wine,False,MCAR,0.3,2,SoftImpute,RF,0.9382539682539683,0.9367944803734277
wine,False,MCAR,0.3,2,SoftImpute,SVC,0.9663492063492063,0.9649145084934558
wine,False,MCAR,0.3,2,GAIN,LR,0.9212698412698412,0.9235409250291283
wine,False,MCAR,0.3,2,GAIN,KNN,0.9382539682539681,0.9373704201601832
wine,False,MCAR,0.3,2,GAIN,RF,0.943968253968254,0.9436720778269478
wine,False,MCAR,0.3,2,GAIN,SVC,0.9663492063492063,0.9652960035416175
wine,False,MCAR,0.3,2,NDI-F1,LR,0.9436507936507935,0.9454465220959343
wine,False,MCAR,0.3,2,NDI-F1,KNN,0.9492063492063492,0.9511822005155338
wine,False,MCAR,0.3,2,NDI-F1,RF,0.9663492063492063,0.9675693385233352
wine,False,MCAR,0.3,2,NDI-F1,SVC,0.954920634920635,0.9550517255991886
wine,False,MCAR,0.3,2,NDI-F-noclip,LR,0.954920634920635,0.9552711012408533
wine,False,MCAR,0.3,2,NDI-F-noclip,KNN,0.9661904761904762,0.9663086728733905
wine,False,MCAR,0.3,2,NDI-F-noclip,RF,0.954920634920635,0.9552711012408533
wine,False,MCAR,0.3,2,NDI-F-noclip,SVC,0.9604761904761905,0.960406903709989
wine,False,MCAR,0.3,2,NDI-F,LR,0.954920634920635,0.9552711012408533
wine,False,MCAR,0.3,2,NDI-F,KNN,0.9661904761904762,0.9663086728733905
wine,False,MCAR,0.3,2,NDI-F,RF,0.954920634920635,0.9552711012408533
wine,False,MCAR,0.3,2,NDI-F,SVC,0.9604761904761905,0.960406903709989
wine,False,MCAR,0.3,2,Copula-NDI-F,LR,0.9380952380952381,0.9387854793901245
wine,False,MCAR,0.3,2,Copula-NDI-F,KNN,0.9438095238095239,0.9446026258340101
wine,False,MCAR,0.3,2,Copula-NDI-F,RF,0.9493650793650794,0.9491186831586106
wine,False,MCAR,0.3,2,Copula-NDI-F,SVC,0.9661904761904762,0.9660567494030762
wine,False,MAR,0.3,0,Mean,LR,0.9606349206349206,0.9604289638181578
wine,False,MAR,0.3,0,Mean,KNN,0.954920634920635,0.9544053577945519
wine,False,MAR,0.3,0,Mean,RF,0.9604761904761905,0.9603752548359225
wine,False,MAR,0.3,0,Mean,SVC,0.9660317460317461,0.9656184910380181
wine,False,MAR,0.3,0,NDI-0,LR,0.9606349206349206,0.9601403635295576
wine,False,MAR,0.3,0,NDI-0,KNN,0.9323809523809523,0.9339592660047449
wine,False,MAR,0.3,0,NDI-0,RF,0.9326984126984128,0.9324745629352307
wine,False,MAR,0.3,0,NDI-0,SVC,0.9606349206349206,0.9609547201683648
wine,False,MAR,0.3,0,NDI-C,LR,0.9774603174603176,0.9779174100124864
wine,False,MAR,0.3,0,NDI-C,KNN,0.954920634920635,0.9562523558313032
wine,False,MAR,0.3,0,NDI-C,RF,0.9550793650793651,0.9553184733169477
wine,False,MAR,0.3,0,NDI-C,SVC,0.9717460317460318,0.9719797123527772
wine,False,MAR,0.3,0,NDI-S,LR,0.9719047619047618,0.9723723378007474
wine,False,MAR,0.3,0,NDI-S,KNN,0.9436507936507936,0.9452752835208974
wine,False,MAR,0.3,0,NDI-S,RF,0.9493650793650794,0.9494126693805836
wine,False,MAR,0.3,0,NDI-S,SVC,0.9661904761904762,0.966788392668704
wine,False,MAR,0.3,0,GaussCM,LR,0.9774603174603176,0.9779174100124864
wine,False,MAR,0.3,0,GaussCM,KNN,0.9607936507936508,0.9618267320723461
wine,False,MAR,0.3,0,GaussCM,RF,0.9773015873015873,0.9780529564652373
wine,False,MAR,0.3,0,GaussCM,SVC,0.9774603174603176,0.9777274764892194
wine,False,MAR,0.3,0,KNN,LR,0.9606349206349206,0.9603933390120181
wine,False,MAR,0.3,0,KNN,KNN,0.937936507936508,0.9385039892553504
wine,False,MAR,0.3,0,KNN,RF,0.9606349206349206,0.9606009676406992
wine,False,MAR,0.3,0,KNN,SVC,0.9717460317460318,0.9719797123527772
wine,False,MAR,0.3,0,MICE,LR,0.9663492063492063,0.9664888385839149
wine,False,MAR,0.3,0,MICE,KNN,0.9663492063492063,0.9677887392657375
wine,False,MAR,0.3,0,MICE,RF,0.9661904761904762,0.9666800263561767
wine,False,MAR,0.3,0,MICE,SVC,0.9661904761904762,0.966782311053427
wine,False,MAR,0.3,0,MissForest,LR,0.9774603174603176,0.978425346520423
wine,False,MAR,0.3,0,MissForest,KNN,0.9607936507936508,0.9606317808471468
wine,False,MAR,0.3,0,MissForest,RF,0.9547619047619047,0.955509407421688
wine,False,MAR,0.3,0,MissForest,SVC,0.9719047619047618,0.9725300751898693
wine,False,MAR,0.3,0,SoftImpute,LR,0.9774603174603176,0.9779174100124864
wine,False,MAR,0.3,0,SoftImpute,KNN,0.9438095238095239,0.9452752835208976
wine,False,MAR,0.3,0,SoftImpute,RF,0.9493650793650794,0.9503368397097882
wine,False,MAR,0.3,0,SoftImpute,SVC,0.9717460317460318,0.9724260500304993
wine,False,MAR,0.3,0,GAIN,LR,0.9607936507936508,0.9617566153589381
wine,False,MAR,0.3,0,GAIN,KNN,0.9607936507936508,0.9614349944423516
wine,False,MAR,0.3,0,GAIN,RF,0.9717460317460318,0.9722453339607
wine,False,MAR,0.3,0,GAIN,SVC,0.9717460317460318,0.9724260500304993
wine,False,MAR,0.3,0,NDI-F1,LR,0.9719047619047618,0.9723723378007474
wine,False,MAR,0.3,0,NDI-F1,KNN,0.9434920634920635,0.944390449517784
wine,False,MAR,0.3,0,NDI-F1,RF,0.9438095238095239,0.9448184426844077
wine,False,MAR,0.3,0,NDI-F1,SVC,0.9604761904761905,0.9599747520609458
wine,False,MAR,0.3,0,NDI-F-noclip,LR,0.9607936507936508,0.9611766692717456
wine,False,MAR,0.3,0,NDI-F-noclip,KNN,0.9550793650793651,0.9557970424637091
wine,False,MAR,0.3,0,NDI-F-noclip,RF,0.9550793650793651,0.9552221413175065
wine,False,MAR,0.3,0,NDI-F-noclip,SVC,0.9830158730158731,0.9835611489895587
wine,False,MAR,0.3,0,NDI-F,LR,0.9663492063492063,0.9664888385839149
wine,False,MAR,0.3,0,NDI-F,KNN,0.9550793650793651,0.9557970424637091
wine,False,MAR,0.3,0,NDI-F,RF,0.9550793650793651,0.9552221413175065
wine,False,MAR,0.3,0,NDI-F,SVC,0.9830158730158731,0.9835611489895587
wine,False,MAR,0.3,0,Copula-NDI-F,LR,0.9719047619047618,0.9721325775609874
wine,False,MAR,0.3,0,Copula-NDI-F,KNN,0.9382539682539683,0.9381227645422918
wine,False,MAR,0.3,0,Copula-NDI-F,RF,0.9550793650793651,0.955461712929627
wine,False,MAR,0.3,0,Copula-NDI-F,SVC,0.9717460317460318,0.972561068950348
wine,False,MAR,0.3,0,MIWAE,LR,0.9550793650793651,0.955922942858599
wine,False,MAR,0.3,0,MIWAE,KNN,0.9495238095238095,0.9497383296363807
wine,False,MAR,0.3,0,MIWAE,RF,0.9550793650793651,0.9562317143968555
wine,False,MAR,0.3,0,MIWAE,SVC,0.9661904761904762,0.9661028899221042
wine,False,MAR,0.3,0,Sinkhorn,LR,0.9663492063492063,0.9662989050606481
wine,False,MAR,0.3,0,Sinkhorn,KNN,0.9607936507936508,0.9613609122965684
wine,False,MAR,0.3,0,Sinkhorn,RF,0.9661904761904762,0.9664116614603607
wine,False,MAR,0.3,0,Sinkhorn,SVC,0.9717460317460318,0.9717897788295105
wine,False,MAR,0.3,0,HyperImpute,LR,0.9663492063492063,0.9664888385839149
wine,False,MAR,0.3,0,HyperImpute,KNN,0.9663492063492063,0.9677887392657375
wine,False,MAR,0.3,0,HyperImpute,RF,0.9774603174603176,0.9777535264850215
wine,False,MAR,0.3,0,HyperImpute,SVC,0.9719047619047618,0.9727200087131361
wine,False,MAR,0.3,0,ReMasker,LR,0.9552380952380952,0.95597830298566
wine,False,MAR,0.3,0,ReMasker,KNN,0.9604761904761905,0.9622502777272761
wine,False,MAR,0.3,0,ReMasker,RF,0.9663492063492063,0.9675383508648115
wine,False,MAR,0.3,0,ReMasker,SVC,0.9719047619047618,0.9727200087131361
wine,False,MAR,0.3,1,Mean,LR,0.876825396825397,0.8806162458883466
wine,False,MAR,0.3,1,Mean,KNN,0.8766666666666666,0.8812657621780428
wine,False,MAR,0.3,1,Mean,RF,0.9331746031746031,0.9356642555623065
wine,False,MAR,0.3,1,Mean,SVC,0.9214285714285714,0.9242151251403993
wine,False,MAR,0.3,1,NDI-0,LR,0.887936507936508,0.8909177155234126
wine,False,MAR,0.3,1,NDI-0,KNN,0.8763492063492062,0.881221292297256
wine,False,MAR,0.3,1,NDI-0,RF,0.8825396825396826,0.886233569138383
wine,False,MAR,0.3,1,NDI-0,SVC,0.9157142857142857,0.9190447574075019
wine,False,MAR,0.3,1,NDI-C,LR,0.8765079365079366,0.8792076209719
wine,False,MAR,0.3,1,NDI-C,KNN,0.8822222222222222,0.8846284648423053
wine,False,MAR,0.3,1,NDI-C,RF,0.9330158730158731,0.9355723877160527
wine,False,MAR,0.3,1,NDI-C,SVC,0.9382539682539683,0.9406312946312946
wine,False,MAR,0.3,1,NDI-S,LR,0.887936507936508,0.8898742876385667
wine,False,MAR,0.3,1,NDI-S,KNN,0.8711111111111112,0.8748835245326474
wine,False,MAR,0.3,1,NDI-S,RF,0.9276190476190477,0.9297568583622926
wine,False,MAR,0.3,1,NDI-S,SVC,0.9382539682539683,0.9406312946312946
wine,False,MAR,0.3,1,GaussCM,LR,0.8820634920634921,0.8875397297933398
wine,False,MAR,0.3,1,GaussCM,KNN,0.8822222222222222,0.8862591789090644
wine,False,MAR,0.3,1,GaussCM,RF,0.9328571428571429,0.9352232936428206
wine,False,MAR,0.3,1,GaussCM,SVC,0.9269841269841269,0.9302476131426392
wine,False,MAR,0.3,1,KNN,LR,0.8933333333333333,0.8970110196317093
wine,False,MAR,0.3,1,KNN,KNN,0.9101587301587302,0.9131948244252092
wine,False,MAR,0.3,1,KNN,RF,0.9273015873015872,0.9290119277474485
wine,False,MAR,0.3,1,KNN,SVC,0.9269841269841269,0.9287279297049281
wine,False,MAR,0.3,1,MICE,LR,0.8822222222222222,0.8851072983506768
wine,False,MAR,0.3,1,MICE,KNN,0.8765079365079366,0.8800460747829169
wine,False,MAR,0.3,1,MICE,RF,0.9104761904761904,0.9134964052904063
wine,False,MAR,0.3,1,MICE,SVC,0.9438095238095237,0.945730288295006
wine,False,MAR,0.3,1,MissForest,LR,0.9047619047619048,0.9079945701942073
wine,False,MAR,0.3,1,MissForest,KNN,0.8877777777777778,0.8898405671766639
wine,False,MAR,0.3,1,MissForest,RF,0.9274603174603175,0.9297303341368955
wine,False,MAR,0.3,1,MissForest,SVC,0.9217460317460319,0.9239380602096613
wine,False,MAR,0.3,1,SoftImpute,LR,0.9104761904761904,0.9126070226070226
wine,False,MAR,0.3,1,SoftImpute,KNN,0.882063492063492,0.8853129901860551
wine,False,MAR,0.3,1,SoftImpute,RF,0.9274603174603173,0.9304928971583013
wine,False,MAR,0.3,1,SoftImpute,SVC,0.9384126984126985,0.9403137697907681
wine,False,MAR,0.3,1,GAIN,LR,0.9046031746031746,0.9072476229417757
wine,False,MAR,0.3,1,GAIN,KNN,0.8877777777777778,0.8893456563926344
wine,False,MAR,0.3,1,GAIN,RF,0.9326984126984128,0.9363127277591656
wine,False,MAR,0.3,1,GAIN,SVC,0.9326984126984128,0.9343563837744115
wine,False,MAR,0.3,1,NDI-F1,LR,0.8992063492063492,0.9028625733110859
wine,False,MAR,0.3,1,NDI-F1,KNN,0.870952380952381,0.8726968072185463
wine,False,MAR,0.3,1,NDI-F1,RF,0.9331746031746032,0.9365000780033264
wine,False,MAR,0.3,1,NDI-F1,SVC,0.9384126984126985,0.9409845064615048
wine,False,MAR,0.3,1,NDI-F-noclip,LR,0.8652380952380954,0.8709621307672283
wine,False,MAR,0.3,1,NDI-F-noclip,KNN,0.8990476190476191,0.9026423518002465
wine,False,MAR,0.3,1,NDI-F-noclip,RF,0.9217460317460319,0.9246038937190729
wine,False,MAR,0.3,1,NDI-F-noclip,SVC,0.9326984126984128,0.9361253717043191
wine,False,MAR,0.3,1,NDI-F,LR,0.8652380952380954,0.8709621307672283
wine,False,MAR,0.3,1,NDI-F,KNN,0.8990476190476191,0.9026423518002465
wine,False,MAR,0.3,1,NDI-F,RF,0.9217460317460319,0.9246038937190729
wine,False,MAR,0.3,1,NDI-F,SVC,0.9326984126984128,0.9361253717043191
wine,False,MAR,0.3,1,Copula-NDI-F,LR,0.8541269841269841,0.8577442375493349
wine,False,MAR,0.3,1,Copula-NDI-F,KNN,0.893015873015873,0.8976455987148009
wine,False,MAR,0.3,1,Copula-NDI-F,RF,0.9384126984126985,0.940643248888863
wine,False,MAR,0.3,1,Copula-NDI-F,SVC,0.9384126984126985,0.9414511076967218
wine,False,MAR,0.3,2,Mean,LR,0.9212698412698412,0.9260539485414417
wine,False,MAR,0.3,2,Mean,KNN,0.8814285714285713,0.8902546883161591
wine,False,MAR,0.3,2,Mean,RF,0.938095238095238,0.9413369566100569
wine,False,MAR,0.3,2,Mean,SVC,0.9380952380952381,0.9421374218427305
wine,False,MAR,0.3,2,NDI-0,LR,0.9101587301587302,0.9140860271676969
wine,False,MAR,0.3,2,NDI-0,KNN,0.9042857142857142,0.9093743840003095
wine,False,MAR,0.3,2,NDI-0,RF,0.9384126984126983,0.9413692453090121
wine,False,MAR,0.3,2,NDI-0,SVC,0.9099999999999999,0.9134907228636713
wine,False,MAR,0.3,2,NDI-C,LR,0.9099999999999999,0.9140507970480354
wine,False,MAR,0.3,2,NDI-C,KNN,0.887142857142857,0.8918020407143213
wine,False,MAR,0.3,2,NDI-C,RF,0.9268253968253968,0.9306475471060548
wine,False,MAR,0.3,2,NDI-C,SVC,0.9153968253968253,0.9194053540810163
wine,False,MAR,0.3,2,NDI-S,LR,0.9155555555555555,0.9191790021762405
wine,False,MAR,0.3,2,NDI-S,KNN,0.8704761904761906,0.8764484008236868
wine,False,MAR,0.3,2,NDI-S,RF,0.9269841269841269,0.9306256532910574
wine,False,MAR,0.3,2,NDI-S,SVC,0.9209523809523809,0.9247078615574369
wine,False,MAR,0.3,2,GaussCM,LR,0.8987301587301587,0.9038355717713408
wine,False,MAR,0.3,2,GaussCM,KNN,0.8761904761904761,0.8823229707255063
wine,False,MAR,0.3,2,GaussCM,RF,0.9269841269841269,0.9319752038732549
wine,False,MAR,0.3,2,GaussCM,SVC,0.9152380952380952,0.9202814953939393
wine,False,MAR,0.3,2,KNN,LR,0.8985714285714286,0.9041417658359189
wine,False,MAR,0.3,2,KNN,KNN,0.903968253968254,0.9105416961206434
wine,False,MAR,0.3,2,KNN,RF,0.9041269841269841,0.9100483682480054
wine,False,MAR,0.3,2,KNN,SVC,0.9263492063492065,0.9313574617800151
wine,False,MAR,0.3,2,MICE,LR,0.9098412698412698,0.9148831908189597
wine,False,MAR,0.3,2,MICE,KNN,0.893015873015873,0.8975852451641926
wine,False,MAR,0.3,2,MICE,RF,0.9326984126984126,0.9363777191583289
wine,False,MAR,0.3,2,MICE,SVC,0.9322222222222223,0.9361345570600943
wine,False,MAR,0.3,2,MissForest,LR,0.8985714285714286,0.9032693379607292
wine,False,MAR,0.3,2,MissForest,KNN,0.9095238095238095,0.9147351729415714
wine,False,MAR,0.3,2,MissForest,RF,0.9041269841269841,0.9087063842822314
wine,False,MAR,0.3,2,MissForest,SVC,0.9266666666666665,0.9308179047187191
wine,False,MAR,0.3,2,SoftImpute,LR,0.9155555555555555,0.9191790021762405
wine,False,MAR,0.3,2,SoftImpute,KNN,0.8873015873015874,0.8924731629643909
wine,False,MAR,0.3,2,SoftImpute,RF,0.9268253968253968,0.9302643285770703
wine,False,MAR,0.3,2,SoftImpute,SVC,0.9209523809523809,0.9245734452491075
wine,False,MAR,0.3,2,GAIN,LR,0.9041269841269841,0.9089762236676148
wine,False,MAR,0.3,2,GAIN,KNN,0.8987301587301587,0.9022525451495703
wine,False,MAR,0.3,2,GAIN,RF,0.9326984126984126,0.9359508316017429
wine,False,MAR,0.3,2,GAIN,SVC,0.937936507936508,0.9409199290635941
wine,False,MAR,0.3,2,NDI-F1,LR,0.9155555555555555,0.9191790021762405
wine,False,MAR,0.3,2,NDI-F1,KNN,0.8758730158730158,0.882660697327364
wine,False,MAR,0.3,2,NDI-F1,RF,0.9269841269841269,0.9297643070374072
wine,False,MAR,0.3,2,NDI-F1,SVC,0.9323809523809523,0.9345883065150801
wine,False,MAR,0.3,2,NDI-F-noclip,LR,0.9044444444444444,0.9087753500784354
wine,False,MAR,0.3,2,NDI-F-noclip,KNN,0.893015873015873,0.8975022170811645
wine,False,MAR,0.3,2,NDI-F-noclip,RF,0.9153968253968253,0.9212159601282408
wine,False,MAR,0.3,2,NDI-F-noclip,SVC,0.9207936507936507,0.9240327377386217
wine,False,MAR,0.3,2,NDI-F,LR,0.9044444444444444,0.9087753500784354
wine,False,MAR,0.3,2,NDI-F,KNN,0.893015873015873,0.8975022170811645
wine,False,MAR,0.3,2,NDI-F,RF,0.9153968253968253,0.9212159601282408
wine,False,MAR,0.3,2,NDI-F,SVC,0.9207936507936507,0.9240327377386217
wine,False,MAR,0.3,2,Copula-NDI-F,LR,0.9101587301587302,0.9147548047237557
wine,False,MAR,0.3,2,Copula-NDI-F,KNN,0.8985714285714286,0.90291532249427
wine,False,MAR,0.3,2,Copula-NDI-F,RF,0.9325396825396824,0.9366683357547926
wine,False,MAR,0.3,2,Copula-NDI-F,SVC,0.9320634920634921,0.935713481883397
wine,False,MNAR,0.3,0,Mean,LR,0.9384126984126985,0.9400690641392394
wine,False,MNAR,0.3,0,Mean,KNN,0.8765079365079366,0.8747070186740352
wine,False,MNAR,0.3,0,Mean,RF,0.9717460317460318,0.9730996105280203
wine,False,MNAR,0.3,0,Mean,SVC,0.9658730158730158,0.966456882948111
wine,False,MNAR,0.3,0,NDI-0,LR,0.9155555555555555,0.91733305624137
wine,False,MNAR,0.3,0,NDI-0,KNN,0.8650793650793652,0.8635010145990538
wine,False,MNAR,0.3,0,NDI-0,RF,0.9438095238095237,0.9434900057302726
wine,False,MNAR,0.3,0,NDI-0,SVC,0.9266666666666665,0.9262362579404367
wine,False,MNAR,0.3,0,NDI-C,LR,0.9436507936507936,0.9437199734858275
wine,False,MNAR,0.3,0,NDI-C,KNN,0.9157142857142857,0.9172740817783034
wine,False,MNAR,0.3,0,NDI-C,RF,0.938095238095238,0.9396308447887394
wine,False,MNAR,0.3,0,NDI-C,SVC,0.9547619047619047,0.9547220769504363
wine,False,MNAR,0.3,0,NDI-S,LR,0.9436507936507936,0.9437199734858275
wine,False,MNAR,0.3,0,NDI-S,KNN,0.8985714285714286,0.8998250054039527
wine,False,MNAR,0.3,0,NDI-S,RF,0.9550793650793651,0.9553929319991026
wine,False,MNAR,0.3,0,NDI-S,SVC,0.9547619047619047,0.9547220769504363
wine,False,MNAR,0.3,0,GaussCM,LR,0.9495238095238095,0.9490327383488172
wine,False,MNAR,0.3,0,GaussCM,KNN,0.9271428571428573,0.9284221013328565
wine,False,MNAR,0.3,0,GaussCM,RF,0.9385714285714286,0.9407005074460819
wine,False,MNAR,0.3,0,GaussCM,SVC,0.9493650793650794,0.9491110122516524
wine,False,MNAR,0.3,0,KNN,LR,0.9438095238095239,0.9444446324975534
wine,False,MNAR,0.3,0,KNN,KNN,0.9325396825396824,0.932569549725919
wine,False,MNAR,0.3,0,KNN,RF,0.9661904761904762,0.9655448103551422
wine,False,MNAR,0.3,0,KNN,SVC,0.9660317460317461,0.9665866875836627
wine,False,MNAR,0.3,0,MICE,LR,0.9326984126984128,0.9329070590047468
wine,False,MNAR,0.3,0,MICE,KNN,0.9214285714285714,0.9235388490875485
wine,False,MNAR,0.3,0,MICE,RF,0.9607936507936508,0.9603917567810358
wine,False,MNAR,0.3,0,MICE,SVC,0.9606349206349206,0.9602073622058367
wine,False,MNAR,0.3,0,MissForest,LR,0.9493650793650794,0.9505755548341623
wine,False,MNAR,0.3,0,MissForest,KNN,0.9496825396825397,0.950647338456171
wine,False,MNAR,0.3,0,MissForest,RF,0.9606349206349206,0.9609026769873715
wine,False,MNAR,0.3,0,MissForest,SVC,0.9550793650793651,0.9549106599076349
wine,False,MNAR,0.3,0,SoftImpute,LR,0.9550793650793651,0.9552620359271771
wine,False,MNAR,0.3,0,SoftImpute,KNN,0.9041269841269841,0.9038537217614522
wine,False,MNAR,0.3,0,SoftImpute,RF,0.9607936507936508,0.9611392838301489
wine,False,MNAR,0.3,0,SoftImpute,SVC,0.9603174603174605,0.9599133966345097
wine,False,MNAR,0.3,0,GAIN,LR,0.9607936507936508,0.9609644533951854
wine,False,MNAR,0.3,0,GAIN,KNN,0.9268253968253968,0.9292896464605347
wine,False,MNAR,0.3,0,GAIN,RF,0.9607936507936508,0.9628325474389812
wine,False,MNAR,0.3,0,GAIN,SVC,0.9550793650793651,0.9556350134595748
wine,False,MNAR,0.3,0,NDI-F1,LR,0.9492063492063492,0.9495804693030816
wine,False,MNAR,0.3,0,NDI-F1,KNN,0.8707936507936509,0.8692817837302963
wine,False,MNAR,0.3,0,NDI-F1,RF,0.9550793650793651,0.9556196994285319
wine,False,MNAR,0.3,0,NDI-F1,SVC,0.9547619047619047,0.9543683244227708
wine,False,MNAR,0.3,0,NDI-F-noclip,LR,0.9495238095238095,0.9491124188350313
wine,False,MNAR,0.3,0,NDI-F-noclip,KNN,0.8988888888888888,0.89974138964912
wine,False,MNAR,0.3,0,NDI-F-noclip,RF,0.9552380952380952,0.9558407934741873
wine,False,MNAR,0.3,0,NDI-F-noclip,SVC,0.9492063492063492,0.9476937286907038
wine,False,MNAR,0.3,0,NDI-F,LR,0.9495238095238095,0.9491124188350313
wine,False,MNAR,0.3,0,NDI-F,KNN,0.8988888888888888,0.89974138964912
wine,False,MNAR,0.3,0,NDI-F,RF,0.9552380952380952,0.9558407934741873
wine,False,MNAR,0.3,0,NDI-F,SVC,0.9492063492063492,0.9476937286907038
wine,False,MNAR,0.3,0,Copula-NDI-F,LR,0.926984126984127,0.9271117100369842
wine,False,MNAR,0.3,0,Copula-NDI-F,KNN,0.893015873015873,0.892738053803679
wine,False,MNAR,0.3,0,Copula-NDI-F,RF,0.9384126984126985,0.9381080414958213
wine,False,MNAR,0.3,0,Copula-NDI-F,SVC,0.9436507936507936,0.9421322690974707
wine,False,MNAR,0.3,0,MIWAE,LR,0.9606349206349206,0.9593489135945277
wine,False,MNAR,0.3,0,MIWAE,KNN,0.9271428571428573,0.9261471770594578
wine,False,MNAR,0.3,0,MIWAE,RF,0.9607936507936508,0.9608302275713585
wine,False,MNAR,0.3,0,MIWAE,SVC,0.9717460317460318,0.9721147312726259
wine,False,MNAR,0.3,0,Sinkhorn,LR,0.9496825396825397,0.9500913249863512
wine,False,MNAR,0.3,0,Sinkhorn,KNN,0.9101587301587302,0.9133612130378485
wine,False,MNAR,0.3,0,Sinkhorn,RF,0.9665079365079364,0.9672816716119801
wine,False,MNAR,0.3,0,Sinkhorn,SVC,0.9493650793650794,0.9504135726116839
wine,False,MNAR,0.3,0,HyperImpute,LR,0.9382539682539683,0.9395923560965777
wine,False,MNAR,0.3,0,HyperImpute,KNN,0.9217460317460319,0.924238599741322
wine,False,MNAR,0.3,0,HyperImpute,RF,0.9495238095238095,0.950585216669911
wine,False,MNAR,0.3,0,HyperImpute,SVC,0.9323809523809523,0.9332365458874572
wine,False,MNAR,0.3,0,ReMasker,LR,0.9438095238095239,0.9444367472728029
wine,False,MNAR,0.3,0,ReMasker,KNN,0.9269841269841269,0.9287267103041321
wine,False,MNAR,0.3,0,ReMasker,RF,0.9496825396825397,0.9509134813874549
wine,False,MNAR,0.3,0,ReMasker,SVC,0.9493650793650794,0.9495667445637197
wine,False,MNAR,0.3,1,Mean,LR,0.9269841269841269,0.930352600526913
wine,False,MNAR,0.3,1,Mean,KNN,0.9153968253968253,0.9170286714152459
wine,False,MNAR,0.3,1,Mean,RF,0.943968253968254,0.9444373388568661
wine,False,MNAR,0.3,1,Mean,SVC,0.9438095238095239,0.9454264825259328
wine,False,MNAR,0.3,1,NDI-0,LR,0.9214285714285714,0.9259891846086117
wine,False,MNAR,0.3,1,NDI-0,KNN,0.8931746031746032,0.8945673442866425
wine,False,MNAR,0.3,1,NDI-0,RF,0.9268253968253969,0.9290286073894268
wine,False,MNAR,0.3,1,NDI-0,SVC,0.9153968253968253,0.9174595665130397
wine,False,MNAR,0.3,1,NDI-C,LR,0.9550793650793651,0.9558237176735795
wine,False,MNAR,0.3,1,NDI-C,KNN,0.9438095238095239,0.9459689732418104
wine,False,MNAR,0.3,1,NDI-C,RF,0.9382539682539681,0.9397274764892195
wine,False,MNAR,0.3,1,NDI-C,SVC,0.9661904761904763,0.9676287726040498
wine,False,MNAR,0.3,1,NDI-S,LR,0.9493650793650794,0.9504903843402464
wine,False,MNAR,0.3,1,NDI-S,KNN,0.9436507936507936,0.9446331959362813
wine,False,MNAR,0.3,1,NDI-S,RF,0.9552380952380952,0.95721801655135
wine,False,MNAR,0.3,1,NDI-S,SVC,0.9717460317460318,0.9732664299658449
wine,False,MNAR,0.3,1,GaussCM,LR,0.949047619047619,0.9501270176365013
wine,False,MNAR,0.3,1,GaussCM,KNN,0.9379365079365078,0.9398022692057779
wine,False,MNAR,0.3,1,GaussCM,RF,0.943968253968254,0.945218611734741
wine,False,MNAR,0.3,1,GaussCM,SVC,0.9606349206349206,0.9611616822144076
wine,False,MNAR,0.3,1,KNN,LR,0.9322222222222221,0.9367739269175919
wine,False,MNAR,0.3,1,KNN,KNN,0.8758730158730159,0.8808522429054267
wine,False,MNAR,0.3,1,KNN,RF,0.9377777777777778,0.9415495122808967
wine,False,MNAR,0.3,1,KNN,SVC,0.954920634920635,0.9579063932814427
wine,False,MNAR,0.3,1,MICE,LR,0.9552380952380952,0.9561228583026292
wine,False,MNAR,0.3,1,MICE,KNN,0.9323809523809523,0.9352503800928847
wine,False,MNAR,0.3,1,MICE,RF,0.9438095238095237,0.945263873532863
wine,False,MNAR,0.3,1,MICE,SVC,0.9493650793650794,0.9510755571857537
wine,False,MNAR,0.3,1,MissForest,LR,0.9550793650793651,0.956219050274911
wine,False,MNAR,0.3,1,MissForest,KNN,0.9717460317460318,0.9732587104900949
wine,False,MNAR,0.3,1,MissForest,RF,0.9438095238095237,0.9466534774940574
wine,False,MNAR,0.3,1,MissForest,SVC,0.9661904761904762,0.9674327574655057
wine,False,MNAR,0.3,1,SoftImpute,LR,0.9493650793650792,0.9510469368556581
wine,False,MNAR,0.3,1,SoftImpute,KNN,0.9325396825396824,0.9332654645972724
wine,False,MNAR,0.3,1,SoftImpute,RF,0.9607936507936508,0.9620052078546703
wine,False,MNAR,0.3,1,SoftImpute,SVC,0.9774603174603176,0.9784588875005185
wine,False,MNAR,0.3,1,GAIN,LR,0.9436507936507935,0.9446272285792411
wine,False,MNAR,0.3,1,GAIN,KNN,0.9268253968253969,0.9299693393026726
wine,False,MNAR,0.3,1,GAIN,RF,0.9434920634920635,0.944883514732977
wine,False,MNAR,0.3,1,GAIN,SVC,0.954920634920635,0.955873140990499
wine,False,MNAR,0.3,1,NDI-F1,LR,0.9269841269841269,0.9276244441013575
wine,False,MNAR,0.3,1,NDI-F1,KNN,0.9042857142857142,0.9059215058740033
wine,False,MNAR,0.3,1,NDI-F1,RF,0.9379365079365078,0.939003126102465
wine,False,MNAR,0.3,1,NDI-F1,SVC,0.9436507936507935,0.9440628984824254
wine,False,MNAR,0.3,1,NDI-F-noclip,LR,0.9606349206349206,0.9610102373833023
wine,False,MNAR,0.3,1,NDI-F-noclip,KNN,0.9436507936507935,0.9465480368656148
wine,False,MNAR,0.3,1,NDI-F-noclip,RF,0.9606349206349206,0.9626083824578447
wine,False,MNAR,0.3,1,NDI-F-noclip,SVC,0.971904761904762,0.9727260903284132
wine,False,MNAR,0.3,1,NDI-F,LR,0.9606349206349206,0.9610102373833023
wine,False,MNAR,0.3,1,NDI-F,KNN,0.9436507936507935,0.9465480368656148
wine,False,MNAR,0.3,1,NDI-F,RF,0.9606349206349206,0.9626083824578447
wine,False,MNAR,0.3,1,NDI-F,SVC,0.971904761904762,0.9727260903284132
wine,False,MNAR,0.3,1,Copula-NDI-F,LR,0.9325396825396826,0.9336528226280997
wine,False,MNAR,0.3,1,Copula-NDI-F,KNN,0.9434920634920635,0.9453882370983819
wine,False,MNAR,0.3,1,Copula-NDI-F,RF,0.954920634920635,0.9555459482057422
wine,False,MNAR,0.3,1,Copula-NDI-F,SVC,0.9720634920634922,0.9729154286682892
wine,False,MNAR,0.3,2,Mean,LR,0.9104761904761904,0.9119476112769774
wine,False,MNAR,0.3,2,Mean,KNN,0.8769841269841271,0.8794311803676595
wine,False,MNAR,0.3,2,Mean,RF,0.916031746031746,0.9151753808508373
wine,False,MNAR,0.3,2,Mean,SVC,0.9271428571428573,0.9287086089369684
wine,False,MNAR,0.3,2,NDI-0,LR,0.9046031746031744,0.9061161140398889
wine,False,MNAR,0.3,2,NDI-0,KNN,0.8542857142857143,0.8549540576619684
wine,False,MNAR,0.3,2,NDI-0,RF,0.8990476190476191,0.8968170636240582
wine,False,MNAR,0.3,2,NDI-0,SVC,0.8990476190476191,0.8995254131714882
wine,False,MNAR,0.3,2,NDI-C,LR,0.8987301587301587,0.9006891935415042
wine,False,MNAR,0.3,2,NDI-C,KNN,0.9103174603174604,0.9126422263218602
wine,False,MNAR,0.3,2,NDI-C,RF,0.9271428571428573,0.9265980910758091
wine,False,MNAR,0.3,2,NDI-C,SVC,0.9215873015873017,0.9232598690401893
wine,False,MNAR,0.3,2,NDI-S,LR,0.8988888888888888,0.9001310715493623
wine,False,MNAR,0.3,2,NDI-S,KNN,0.8988888888888888,0.9029447445511518
wine,False,MNAR,0.3,2,NDI-S,RF,0.9384126984126985,0.9398081293406761
wine,False,MNAR,0.3,2,NDI-S,SVC,0.9384126984126985,0.9395458542527113
wine,False,MNAR,0.3,2,GaussCM,LR,0.9044444444444444,0.9057265409276771
wine,False,MNAR,0.3,2,GaussCM,KNN,0.8988888888888888,0.9012854748529294
wine,False,MNAR,0.3,2,GaussCM,RF,0.9214285714285714,0.9214427772969375
wine,False,MNAR,0.3,2,GaussCM,SVC,0.9326984126984126,0.9338068283002444
wine,False,MNAR,0.3,2,KNN,LR,0.8825396825396826,0.883690456700144
wine,False,MNAR,0.3,2,KNN,KNN,0.8488888888888889,0.8479791934457248
wine,False,MNAR,0.3,2,KNN,RF,0.8882539682539683,0.8848003138175699
wine,False,MNAR,0.3,2,KNN,SVC,0.8712698412698412,0.8705081501708236
wine,False,MNAR,0.3,2,MICE,LR,0.9155555555555555,0.9182370951172899
wine,False,MNAR,0.3,2,MICE,KNN,0.9160317460317462,0.9195952430979654
wine,False,MNAR,0.3,2,MICE,RF,0.9269841269841269,0.9287537593905281
wine,False,MNAR,0.3,2,MICE,SVC,0.9382539682539683,0.9399834717363321
wine,False,MNAR,0.3,2,MissForest,LR,0.9215873015873017,0.9235690171167169
wine,False,MNAR,0.3,2,MissForest,KNN,0.9325396825396824,0.9344028836527603
wine,False,MNAR,0.3,2,MissForest,RF,0.943968253968254,0.9464253879743503
wine,False,MNAR,0.3,2,MissForest,SVC,0.927142857142857,0.9292880459553752
wine,False,MNAR,0.3,2,SoftImpute,LR,0.8988888888888888,0.8999372754982318
wine,False,MNAR,0.3,2,SoftImpute,KNN,0.9214285714285714,0.9223045622211055
wine,False,MNAR,0.3,2,SoftImpute,RF,0.9104761904761904,0.9126209334288236
wine,False,MNAR,0.3,2,SoftImpute,SVC,0.9217460317460319,0.9222186400534069
wine,False,MNAR,0.3,2,GAIN,LR,0.9273015873015874,0.9276837119995015
wine,False,MNAR,0.3,2,GAIN,KNN,0.9215873015873017,0.922372293545419
wine,False,MNAR,0.3,2,GAIN,RF,0.9276190476190477,0.9284426104108368
wine,False,MNAR,0.3,2,GAIN,SVC,0.9384126984126985,0.9392395614551905
wine,False,MNAR,0.3,2,NDI-F1,LR,0.8988888888888888,0.90046416095339
wine,False,MNAR,0.3,2,NDI-F1,KNN,0.8879365079365078,0.8892763104342052
wine,False,MNAR,0.3,2,NDI-F1,RF,0.9217460317460316,0.9227050569744459
wine,False,MNAR,0.3,2,NDI-F1,SVC,0.9273015873015874,0.9294267855819186
wine,False,MNAR,0.3,2,NDI-F-noclip,LR,0.9101587301587302,0.9106864940735374
wine,False,MNAR,0.3,2,NDI-F-noclip,KNN,0.9160317460317462,0.9177628341091346
wine,False,MNAR,0.3,2,NDI-F-noclip,RF,0.9330158730158731,0.933425858176277
wine,False,MNAR,0.3,2,NDI-F-noclip,SVC,0.9384126984126985,0.9404988236554559
wine,False,MNAR,0.3,2,NDI-F,LR,0.9101587301587302,0.9106864940735374
wine,False,MNAR,0.3,2,NDI-F,KNN,0.9160317460317462,0.9177628341091346
wine,False,MNAR,0.3,2,NDI-F,RF,0.9330158730158731,0.933425858176277
wine,False,MNAR,0.3,2,NDI-F,SVC,0.9384126984126985,0.9404988236554559
wine,False,MNAR,0.3,2,Copula-NDI-F,LR,0.8988888888888888,0.899997437067902
wine,False,MNAR,0.3,2,Copula-NDI-F,KNN,0.9047619047619048,0.9059316438841414
wine,False,MNAR,0.3,2,Copula-NDI-F,RF,0.9215873015873017,0.9214944121460433
wine,False,MNAR,0.3,2,Copula-NDI-F,SVC,0.9382539682539681,0.9408149601594491
glass,False,MCAR,0.3,0,Mean,LR,0.5414634146341464,0.4239380021601117
glass,False,MCAR,0.3,0,Mean,KNN,0.5707317073170732,0.42199885676271204
glass,False,MCAR,0.3,0,Mean,RF,0.7121951219512195,0.6407458917847911
glass,False,MCAR,0.3,0,Mean,SVC,0.6195121951219512,0.4622118012706248
glass,False,MCAR,0.3,0,NDI-0,LR,0.5317073170731708,0.44762273455652063
glass,False,MCAR,0.3,0,NDI-0,KNN,0.5317073170731708,0.3961245064662195
glass,False,MCAR,0.3,0,NDI-0,RF,0.6536585365853659,0.5497704445768962
glass,False,MCAR,0.3,0,NDI-0,SVC,0.5707317073170732,0.41758309656713255
glass,False,MCAR,0.3,0,NDI-C,LR,0.6146341463414634,0.465845096391751
glass,False,MCAR,0.3,0,NDI-C,KNN,0.6585365853658536,0.5241247012414977
glass,False,MCAR,0.3,0,NDI-C,RF,0.7219512195121951,0.653868638635242
glass,False,MCAR,0.3,0,NDI-C,SVC,0.6292682926829268,0.4736499311671726
glass,False,MCAR,0.3,0,NDI-S,LR,0.5853658536585367,0.44099104808845013
glass,False,MCAR,0.3,0,NDI-S,KNN,0.6439024390243903,0.48250564581599065
glass,False,MCAR,0.3,0,NDI-S,RF,0.7024390243902439,0.6062124921203637
glass,False,MCAR,0.3,0,NDI-S,SVC,0.6292682926829268,0.4713036963110867
glass,False,MCAR,0.3,0,GaussCM,LR,0.5853658536585367,0.4606720947501522
glass,False,MCAR,0.3,0,GaussCM,KNN,0.6536585365853658,0.5507397143907514
glass,False,MCAR,0.3,0,GaussCM,RF,0.7219512195121951,0.6271102781926311
glass,False,MCAR,0.3,0,GaussCM,SVC,0.6536585365853658,0.5653270787603155
glass,False,MCAR,0.3,0,KNN,LR,0.5609756097560976,0.4494604431410883
glass,False,MCAR,0.3,0,KNN,KNN,0.6048780487804879,0.5043346395876693
glass,False,MCAR,0.3,0,KNN,RF,0.6926829268292682,0.5867579276707067
glass,False,MCAR,0.3,0,KNN,SVC,0.6390243902439023,0.48433053221288513
glass,False,MCAR,0.3,0,MICE,LR,0.5951219512195123,0.46243539457677973
glass,False,MCAR,0.3,0,MICE,KNN,0.6926829268292682,0.5387077665142181
glass,False,MCAR,0.3,0,MICE,RF,0.697560975609756,0.5985894080376839
glass,False,MCAR,0.3,0,MICE,SVC,0.6439024390243903,0.49856993990100956
glass,False,MCAR,0.3,0,MissForest,LR,0.5804878048780489,0.4409193921990641
glass,False,MCAR,0.3,0,MissForest,KNN,0.6439024390243901,0.5044931204504259
glass,False,MCAR,0.3,0,MissForest,RF,0.7463414634146341,0.6528102078841135
glass,False,MCAR,0.3,0,MissForest,SVC,0.6536585365853658,0.5070827067669174
glass,False,MCAR,0.3,0,SoftImpute,LR,0.5804878048780489,0.4421338027244971
glass,False,MCAR,0.3,0,SoftImpute,KNN,0.6439024390243901,0.520049330318093
glass,False,MCAR,0.3,0,SoftImpute,RF,0.7268292682926829,0.6512780910845427
glass,False,MCAR,0.3,0,SoftImpute,SVC,0.6341463414634145,0.5172021455897616
glass,False,MCAR,0.3,0,GAIN,LR,0.5707317073170732,0.46640346320346315
glass,False,MCAR,0.3,0,GAIN,KNN,0.6682926829268292,0.5908038935601587
glass,False,MCAR,0.3,0,GAIN,RF,0.697560975609756,0.639364579710788
glass,False,MCAR,0.3,0,GAIN,SVC,0.6439024390243901,0.5327972884876908
glass,False,MCAR,0.3,0,NDI-F1,LR,0.5609756097560976,0.4300018190589605
glass,False,MCAR,0.3,0,NDI-F1,KNN,0.6,0.4535771454517722
glass,False,MCAR,0.3,0,NDI-F1,RF,0.7073170731707318,0.60075153871843
glass,False,MCAR,0.3,0,NDI-F1,SVC,0.6048780487804879,0.45568495622824995
glass,False,MCAR,0.3,0,NDI-F-noclip,LR,0.575609756097561,0.449258669352787
glass,False,MCAR,0.3,0,NDI-F-noclip,KNN,0.6487804878048782,0.536286740117369
glass,False,MCAR,0.3,0,NDI-F-noclip,RF,0.7268292682926829,0.6401352018804743
glass,False,MCAR,0.3,0,NDI-F-noclip,SVC,0.6487804878048781,0.5526693426949894
glass,False,MCAR,0.3,0,NDI-F,LR,0.5707317073170732,0.44661592310472764
glass,False,MCAR,0.3,0,NDI-F,KNN,0.6634146341463414,0.5440214942862001
glass,False,MCAR,0.3,0,NDI-F,RF,0.7268292682926829,0.6044036568424778
glass,False,MCAR,0.3,0,NDI-F,SVC,0.6439024390243903,0.5482448017187243
glass,False,MCAR,0.3,0,Copula-NDI-F,LR,0.5658536585365854,0.4539804989460162
glass,False,MCAR,0.3,0,Copula-NDI-F,KNN,0.6390243902439025,0.520967815680143
glass,False,MCAR,0.3,0,Copula-NDI-F,RF,0.7024390243902439,0.6013550476235898
glass,False,MCAR,0.3,0,Copula-NDI-F,SVC,0.6536585365853658,0.48328157334509425
glass,False,MCAR,0.3,0,MIWAE,LR,0.575609756097561,0.44739468507701324
glass,False,MCAR,0.3,0,MIWAE,KNN,0.6487804878048781,0.5404841536778519
glass,False,MCAR,0.3,0,MIWAE,RF,0.7268292682926829,0.6022362051821256
glass,False,MCAR,0.3,0,MIWAE,SVC,0.6634146341463414,0.508701511411788
glass,False,MCAR,0.3,0,Sinkhorn,LR,0.6,0.4665912241048564
glass,False,MCAR,0.3,0,Sinkhorn,KNN,0.6195121951219511,0.5267312135229429
glass,False,MCAR,0.3,0,Sinkhorn,RF,0.7170731707317073,0.6216419008384918
glass,False,MCAR,0.3,0,Sinkhorn,SVC,0.6439024390243901,0.5118549332431286
glass,False,MCAR,0.3,0,HyperImpute,LR,0.5609756097560976,0.43380592925665223
glass,False,MCAR,0.3,0,HyperImpute,KNN,0.6390243902439023,0.5194073839956193
glass,False,MCAR,0.3,0,HyperImpute,RF,0.7170731707317073,0.6332992204070068
glass,False,MCAR,0.3,0,HyperImpute,SVC,0.648780487804878,0.5131645175641119
glass,False,MCAR,0.3,0,ReMasker,LR,0.5951219512195122,0.47243516417708803
glass,False,MCAR,0.3,0,ReMasker,KNN,0.6097560975609755,0.5185255911014924
glass,False,MCAR,0.3,0,ReMasker,RF,0.697560975609756,0.6436025371823317
glass,False,MCAR,0.3,0,ReMasker,SVC,0.6390243902439025,0.5442947117398731
glass,False,MCAR,0.3,1,Mean,LR,0.551219512195122,0.44382850782242267
glass,False,MCAR,0.3,1,Mean,KNN,0.5560975609756098,0.42077222934829417
glass,False,MCAR,0.3,1,Mean,RF,0.6292682926829268,0.43221969054001724
glass,False,MCAR,0.3,1,Mean,SVC,0.624390243902439,0.4788671361039782
glass,False,MCAR,0.3,1,NDI-0,LR,0.5219512195121951,0.41355918460071345
glass,False,MCAR,0.3,1,NDI-0,KNN,0.5219512195121951,0.37556743288827044
glass,False,MCAR,0.3,1,NDI-0,RF,0.624390243902439,0.4444933907191972
glass,False,MCAR,0.3,1,NDI-0,SVC,0.5951219512195122,0.46065246053401926
glass,False,MCAR,0.3,1,NDI-C,LR,0.5463414634146342,0.43327187927187927
glass,False,MCAR,0.3,1,NDI-C,KNN,0.5658536585365854,0.41713568842837134
glass,False,MCAR,0.3,1,NDI-C,RF,0.6439024390243903,0.4763161871849957
glass,False,MCAR,0.3,1,NDI-C,SVC,0.5902439024390244,0.41217029565767926
glass,False,MCAR,0.3,1,NDI-S,LR,0.5658536585365854,0.44427888471701865
glass,False,MCAR,0.3,1,NDI-S,KNN,0.5658536585365854,0.44012461505020495
glass,False,MCAR,0.3,1,NDI-S,RF,0.6634146341463415,0.5216859017700802
glass,False,MCAR,0.3,1,NDI-S,SVC,0.624390243902439,0.4611113665859582
glass,False,MCAR,0.3,1,GaussCM,LR,0.575609756097561,0.4763455250339801
glass,False,MCAR,0.3,1,GaussCM,KNN,0.5414634146341464,0.42971209021735335
glass,False,MCAR,0.3,1,GaussCM,RF,0.6780487804878049,0.5795913512196671
glass,False,MCAR,0.3,1,GaussCM,SVC,0.624390243902439,0.5169654274672423
glass,False,MCAR,0.3,1,KNN,LR,0.5609756097560976,0.42971979234048197
glass,False,MCAR,0.3,1,KNN,KNN,0.5707317073170732,0.4578427158427158
glass,False,MCAR,0.3,1,KNN,RF,0.6487804878048781,0.4718095934631955
glass,False,MCAR,0.3,1,KNN,SVC,0.5902439024390244,0.4612054080872806
glass,False,MCAR,0.3,1,MICE,LR,0.5902439024390245,0.45940933809881557
glass,False,MCAR,0.3,1,MICE,KNN,0.5317073170731708,0.46084940804576996
glass,False,MCAR,0.3,1,MICE,RF,0.6926829268292684,0.5844615454409505
glass,False,MCAR,0.3,1,MICE,SVC,0.6341463414634146,0.5117138853809114
glass,False,MCAR,0.3,1,MissForest,LR,0.6097560975609757,0.491165109744057
glass,False,MCAR,0.3,1,MissForest,KNN,0.6292682926829268,0.5290992665962241
glass,False,MCAR,0.3,1,MissForest,RF,0.6634146341463414,0.5220176700548682
glass,False,MCAR,0.3,1,MissForest,SVC,0.6585365853658537,0.532714182205823
glass,False,MCAR,0.3,1,SoftImpute,LR,0.5560975609756098,0.43896634994168887
glass,False,MCAR,0.3,1,SoftImpute,KNN,0.5609756097560976,0.44628311152449085
glass,False,MCAR,0.3,1,SoftImpute,RF,0.6731707317073171,0.5573356724391207
glass,False,MCAR,0.3,1,SoftImpute,SVC,0.6341463414634146,0.5057902634590474
glass,False,MCAR,0.3,1,GAIN,LR,0.5804878048780489,0.4562390521510338
glass,False,MCAR,0.3,1,GAIN,KNN,0.5902439024390245,0.4976797277851766
glass,False,MCAR,0.3,1,GAIN,RF,0.6487804878048781,0.5116524530317634
glass,False,MCAR,0.3,1,GAIN,SVC,0.6292682926829268,0.49328696741854633
glass,False,MCAR,0.3,1,NDI-F1,LR,0.5365853658536586,0.43180245344538537
glass,False,MCAR,0.3,1,NDI-F1,KNN,0.5463414634146342,0.39648918877719336
glass,False,MCAR,0.3,1,NDI-F1,RF,0.6487804878048781,0.48884458171983525
glass,False,MCAR,0.3,1,NDI-F1,SVC,0.6,0.4237993499617526
glass,False,MCAR,0.3,1,NDI-F-noclip,LR,0.5365853658536586,0.4255933320079365
glass,False,MCAR,0.3,1,NDI-F-noclip,KNN,0.5414634146341464,0.43302291069433785
glass,False,MCAR,0.3,1,NDI-F-noclip,RF,0.6536585365853659,0.4943489431230403
glass,False,MCAR,0.3,1,NDI-F-noclip,SVC,0.6048780487804879,0.45560072491047005
glass,False,MCAR,0.3,1,NDI-F,LR,0.5414634146341464,0.42940524700524696
glass,False,MCAR,0.3,1,NDI-F,KNN,0.551219512195122,0.4574096995412785
glass,False,MCAR,0.3,1,NDI-F,RF,0.6487804878048781,0.533013749328527
glass,False,MCAR,0.3,1,NDI-F,SVC,0.6097560975609756,0.4578366223463675
glass,False,MCAR,0.3,1,Copula-NDI-F,LR,0.5658536585365854,0.46340584431586124
glass,False,MCAR,0.3,1,Copula-NDI-F,KNN,0.5951219512195122,0.4584089249919504
glass,False,MCAR,0.3,1,Copula-NDI-F,RF,0.6585365853658537,0.5016010072898118
glass,False,MCAR,0.3,1,Copula-NDI-F,SVC,0.6097560975609756,0.4511303085107639
glass,False,MCAR,0.3,2,Mean,LR,0.4926829268292683,0.4094951163064754
glass,False,MCAR,0.3,2,Mean,KNN,0.5219512195121951,0.4180766579851906
glass,False,MCAR,0.3,2,Mean,RF,0.6146341463414635,0.5047001539907383
glass,False,MCAR,0.3,2,Mean,SVC,0.6341463414634148,0.4971179572090388
glass,False,MCAR,0.3,2,NDI-0,LR,0.5121951219512195,0.4405964953519133
glass,False,MCAR,0.3,2,NDI-0,KNN,0.551219512195122,0.45441317649212387
glass,False,MCAR,0.3,2,NDI-0,RF,0.6292682926829269,0.5276828931172647
glass,False,MCAR,0.3,2,NDI-0,SVC,0.6341463414634146,0.5003435462332014
glass,False,MCAR,0.3,2,NDI-C,LR,0.5121951219512195,0.4076848387901932
glass,False,MCAR,0.3,2,NDI-C,KNN,0.5658536585365854,0.48722523870966583
glass,False,MCAR,0.3,2,NDI-C,RF,0.6146341463414634,0.5487204839479917
glass,False,MCAR,0.3,2,NDI-C,SVC,0.6146341463414634,0.4851918297459094
glass,False,MCAR,0.3,2,NDI-S,LR,0.5073170731707317,0.4079405268361625
glass,False,MCAR,0.3,2,NDI-S,KNN,0.5560975609756098,0.4698186818266438
glass,False,MCAR,0.3,2,NDI-S,RF,0.6292682926829268,0.5818081101904632
glass,False,MCAR,0.3,2,NDI-S,SVC,0.6390243902439025,0.5524509058332587
glass,False,MCAR,0.3,2,GaussCM,LR,0.5073170731707317,0.4101357656925608
glass,False,MCAR,0.3,2,GaussCM,KNN,0.6292682926829268,0.548364722123827
glass,False,MCAR,0.3,2,GaussCM,RF,0.6439024390243903,0.5885596137764103
glass,False,MCAR,0.3,2,GaussCM,SVC,0.6487804878048781,0.5839752329032248
glass,False,MCAR,0.3,2,KNN,LR,0.5365853658536586,0.4322847516011901
glass,False,MCAR,0.3,2,KNN,KNN,0.6000000000000001,0.4959515126148902
glass,False,MCAR,0.3,2,KNN,RF,0.648780487804878,0.5522805137844069
glass,False,MCAR,0.3,2,KNN,SVC,0.6341463414634148,0.5017333834863247
glass,False,MCAR,0.3,2,MICE,LR,0.4926829268292683,0.3852496485452842
glass,False,MCAR,0.3,2,MICE,KNN,0.6048780487804878,0.5224720641517082
glass,False,MCAR,0.3,2,MICE,RF,0.6292682926829268,0.5569204450808848
glass,False,MCAR,0.3,2,MICE,SVC,0.6292682926829268,0.5365214161317611
glass,False,MCAR,0.3,2,MissForest,LR,0.551219512195122,0.43708462170413354
glass,False,MCAR,0.3,2,MissForest,KNN,0.6146341463414634,0.4980286444079548
glass,False,MCAR,0.3,2,MissForest,RF,0.6878048780487804,0.6030383513409098
glass,False,MCAR,0.3,2,MissForest,SVC,0.6292682926829268,0.4756850100541784
glass,False,MCAR,0.3,2,SoftImpute,LR,0.5073170731707317,0.4094689979434224
glass,False,MCAR,0.3,2,SoftImpute,KNN,0.575609756097561,0.47459705539794533
glass,False,MCAR,0.3,2,SoftImpute,RF,0.673170731707317,0.5640987867445043
glass,False,MCAR,0.3,2,SoftImpute,SVC,0.6487804878048781,0.5713484584800561
glass,False,MCAR,0.3,2,GAIN,LR,0.5024390243902439,0.3997199161102387
glass,False,MCAR,0.3,2,GAIN,KNN,0.5853658536585367,0.4805600237858302
glass,False,MCAR,0.3,2,GAIN,RF,0.6585365853658536,0.5554164739925389
glass,False,MCAR,0.3,2,GAIN,SVC,0.6097560975609756,0.46411942542445717
glass,False,MCAR,0.3,2,NDI-F1,LR,0.4878048780487805,0.4009323509086317
glass,False,MCAR,0.3,2,NDI-F1,KNN,0.575609756097561,0.4573019846618651
glass,False,MCAR,0.3,2,NDI-F1,RF,0.6243902439024391,0.5379128995340341
glass,False,MCAR,0.3,2,NDI-F1,SVC,0.6243902439024391,0.48274236374710766
glass,False,MCAR,0.3,2,NDI-F-noclip,LR,0.5170731707317073,0.40926301397858805
glass,False,MCAR,0.3,2,NDI-F-noclip,KNN,0.6097560975609756,0.5602280793031686
glass,False,MCAR,0.3,2,NDI-F-noclip,RF,0.6731707317073171,0.5976119671490802
glass,False,MCAR,0.3,2,NDI-F-noclip,SVC,0.6439024390243903,0.5441566103795705
glass,False,MCAR,0.3,2,NDI-F,LR,0.5073170731707317,0.4026515354494894
glass,False,MCAR,0.3,2,NDI-F,KNN,0.624390243902439,0.5822828395225561
glass,False,MCAR,0.3,2,NDI-F,RF,0.6341463414634146,0.5645683000721933
glass,False,MCAR,0.3,2,NDI-F,SVC,0.6439024390243903,0.5462020649250251
glass,False,MCAR,0.3,2,Copula-NDI-F,LR,0.5560975609756098,0.4678192308780543
glass,False,MCAR,0.3,2,Copula-NDI-F,KNN,0.6390243902439025,0.5372632472923777
glass,False,MCAR,0.3,2,Copula-NDI-F,RF,0.6780487804878048,0.6094293701638137
glass,False,MCAR,0.3,2,Copula-NDI-F,SVC,0.6634146341463415,0.5655620490620491
glass,False,MAR,0.3,0,Mean,LR,0.6195121951219513,0.4973789266464788
glass,False,MAR,0.3,0,Mean,KNN,0.6390243902439023,0.541755275680225
glass,False,MAR,0.3,0,Mean,RF,0.751219512195122,0.6268082685657769
glass,False,MAR,0.3,0,Mean,SVC,0.6536585365853658,0.502563654596109
glass,False,MAR,0.3,0,NDI-0,LR,0.6146341463414634,0.4934486614358694
glass,False,MAR,0.3,0,NDI-0,KNN,0.6146341463414634,0.547672434445869
glass,False,MAR,0.3,0,NDI-0,RF,0.751219512195122,0.6381530693031708
glass,False,MAR,0.3,0,NDI-0,SVC,0.648780487804878,0.5029958886126851
glass,False,MAR,0.3,0,NDI-C,LR,0.6097560975609757,0.49500233503848634
glass,False,MAR,0.3,0,NDI-C,KNN,0.6780487804878048,0.5853678326781775
glass,False,MAR,0.3,0,NDI-C,RF,0.7463414634146341,0.6158728341632154
glass,False,MAR,0.3,0,NDI-C,SVC,0.6439024390243901,0.5048406737053797
glass,False,MAR,0.3,0,NDI-S,LR,0.5902439024390245,0.49563744927986236
glass,False,MAR,0.3,0,NDI-S,KNN,0.6682926829268292,0.5582962636939931
glass,False,MAR,0.3,0,NDI-S,RF,0.7463414634146341,0.6188332355011121
glass,False,MAR,0.3,0,NDI-S,SVC,0.6585365853658536,0.5126514041514042
glass,False,MAR,0.3,0,GaussCM,LR,0.6146341463414634,0.5335654793218512
glass,False,MAR,0.3,0,GaussCM,KNN,0.6926829268292682,0.5686837795299812
glass,False,MAR,0.3,0,GaussCM,RF,0.7024390243902439,0.5871583771049844
glass,False,MAR,0.3,0,GaussCM,SVC,0.6439024390243901,0.47574979911507426
glass,False,MAR,0.3,0,KNN,LR,0.6390243902439026,0.5099041337059912
glass,False,MAR,0.3,0,KNN,KNN,0.7170731707317073,0.64260107356868
glass,False,MAR,0.3,0,KNN,RF,0.7219512195121951,0.571384555204512
glass,False,MAR,0.3,0,KNN,SVC,0.6780487804878048,0.4941084639000727
glass,False,MAR,0.3,0,MICE,LR,0.6292682926829268,0.5161753187087872
glass,False,MAR,0.3,0,MICE,KNN,0.6439024390243901,0.5074417434417434
glass,False,MAR,0.3,0,MICE,RF,0.7365853658536585,0.6241966803261809
glass,False,MAR,0.3,0,MICE,SVC,0.6536585365853658,0.49998283689744794
glass,False,MAR,0.3,0,MissForest,LR,0.624390243902439,0.4964044081886187
glass,False,MAR,0.3,0,MissForest,KNN,0.697560975609756,0.627701623596147
glass,False,MAR,0.3,0,MissForest,RF,0.7609756097560976,0.6322746843458745
glass,False,MAR,0.3,0,MissForest,SVC,0.7073170731707317,0.5553629290099878
glass,False,MAR,0.3,0,SoftImpute,LR,0.6048780487804878,0.5164074701498637
glass,False,MAR,0.3,0,SoftImpute,KNN,0.697560975609756,0.5923520951301818
glass,False,MAR,0.3,0,SoftImpute,RF,0.7317073170731707,0.5957293765485323
glass,False,MAR,0.3,0,SoftImpute,SVC,0.6536585365853658,0.4985178068365924
glass,False,MAR,0.3,0,GAIN,LR,0.6048780487804879,0.4791287810979495
glass,False,MAR,0.3,0,GAIN,KNN,0.6731707317073171,0.5524368554478911
glass,False,MAR,0.3,0,GAIN,RF,0.7219512195121951,0.5809870885510484
glass,False,MAR,0.3,0,GAIN,SVC,0.673170731707317,0.5144259579130546
glass,False,MAR,0.3,0,NDI-F1,LR,0.6048780487804879,0.484485198746862
glass,False,MAR,0.3,0,NDI-F1,KNN,0.6390243902439025,0.5296592666592665
glass,False,MAR,0.3,0,NDI-F1,RF,0.775609756097561,0.690053823557272
glass,False,MAR,0.3,0,NDI-F1,SVC,0.6536585365853658,0.5105197576631195
glass,False,MAR,0.3,0,NDI-F-noclip,LR,0.5902439024390245,0.47970411285261977
glass,False,MAR,0.3,0,NDI-F-noclip,KNN,0.673170731707317,0.5170505909860748
glass,False,MAR,0.3,0,NDI-F-noclip,RF,0.6878048780487804,0.5465549043549043
glass,False,MAR,0.3,0,NDI-F-noclip,SVC,0.6585365853658536,0.506733921076524
glass,False,MAR,0.3,0,NDI-F,LR,0.5853658536585367,0.4761085642481965
glass,False,MAR,0.3,0,NDI-F,KNN,0.673170731707317,0.5326029485589256
glass,False,MAR,0.3,0,NDI-F,RF,0.7170731707317073,0.5822194527155595
glass,False,MAR,0.3,0,NDI-F,SVC,0.6585365853658536,0.506733921076524
glass,False,MAR,0.3,0,Copula-NDI-F,LR,0.6000000000000001,0.472258456311849
glass,False,MAR,0.3,0,Copula-NDI-F,KNN,0.6780487804878048,0.5767245493647051
glass,False,MAR,0.3,0,Copula-NDI-F,RF,0.7414634146341463,0.6290164747149631
glass,False,MAR,0.3,0,Copula-NDI-F,SVC,0.6634146341463414,0.5037627155936388
glass,False,MAR,0.3,0,MIWAE,LR,0.5804878048780489,0.4501843139523755
glass,False,MAR,0.3,0,MIWAE,KNN,0.6439024390243901,0.5039432445187962
glass,False,MAR,0.3,0,MIWAE,RF,0.7219512195121951,0.6171953642374712
glass,False,MAR,0.3,0,MIWAE,SVC,0.6341463414634146,0.4893785328423698
glass,False,MAR,0.3,0,Sinkhorn,LR,0.6000000000000001,0.4700237418945788
glass,False,MAR,0.3,0,Sinkhorn,KNN,0.6829268292682926,0.5749222368287996
glass,False,MAR,0.3,0,Sinkhorn,RF,0.7658536585365854,0.7014667428554203
glass,False,MAR,0.3,0,Sinkhorn,SVC,0.648780487804878,0.5068638051891922
glass,False,MAR,0.3,0,HyperImpute,LR,0.5951219512195123,0.4656312921239899
glass,False,MAR,0.3,0,HyperImpute,KNN,0.6780487804878048,0.5453628183512368
glass,False,MAR,0.3,0,HyperImpute,RF,0.7219512195121951,0.5979559552835415
glass,False,MAR,0.3,0,HyperImpute,SVC,0.6536585365853658,0.5000087333322627
glass,False,MAR,0.3,0,ReMasker,LR,0.5804878048780489,0.47907663640870474
glass,False,MAR,0.3,0,ReMasker,KNN,0.6146341463414634,0.49282299610720665
glass,False,MAR,0.3,0,ReMasker,RF,0.7707317073170732,0.663651518343339
glass,False,MAR,0.3,0,ReMasker,SVC,0.6195121951219512,0.48483885138833704
glass,False,MAR,0.3,1,Mean,LR,0.4975609756097561,0.41806280516280514
glass,False,MAR,0.3,1,Mean,KNN,0.5658536585365854,0.40201826812353125
glass,False,MAR,0.3,1,Mean,RF,0.6292682926829268,0.5045295797198892
glass,False,MAR,0.3,1,Mean,SVC,0.6097560975609756,0.45957635756056814
glass,False,MAR,0.3,1,NDI-0,LR,0.5317073170731708,0.44336862331054705
glass,False,MAR,0.3,1,NDI-0,KNN,0.5219512195121951,0.3826867720128567
glass,False,MAR,0.3,1,NDI-0,RF,0.6,0.46633861812030364
glass,False,MAR,0.3,1,NDI-0,SVC,0.6146341463414634,0.4598057990620642
glass,False,MAR,0.3,1,NDI-C,LR,0.5024390243902439,0.42260835340754205
glass,False,MAR,0.3,1,NDI-C,KNN,0.5853658536585367,0.4364347322345072
glass,False,MAR,0.3,1,NDI-C,RF,0.6536585365853659,0.5174062679186019
glass,False,MAR,0.3,1,NDI-C,SVC,0.6243902439024391,0.4688739503478477
glass,False,MAR,0.3,1,NDI-S,LR,0.47804878048780486,0.40300854971037525
glass,False,MAR,0.3,1,NDI-S,KNN,0.6048780487804878,0.44554745201519397
glass,False,MAR,0.3,1,NDI-S,RF,0.6536585365853658,0.5110473535929925
glass,False,MAR,0.3,1,NDI-S,SVC,0.6341463414634148,0.4711236484675648
glass,False,MAR,0.3,1,GaussCM,LR,0.526829268292683,0.44030721008218887
glass,False,MAR,0.3,1,GaussCM,KNN,0.575609756097561,0.4370019304018192
glass,False,MAR,0.3,1,GaussCM,RF,0.6536585365853658,0.5201976895477843
glass,False,MAR,0.3,1,GaussCM,SVC,0.6341463414634146,0.47444649969663316
glass,False,MAR,0.3,1,KNN,LR,0.5463414634146342,0.4401301108976304
glass,False,MAR,0.3,1,KNN,KNN,0.6146341463414634,0.4577184891892737
glass,False,MAR,0.3,1,KNN,RF,0.6390243902439025,0.5026877419195588
glass,False,MAR,0.3,1,KNN,SVC,0.6536585365853659,0.4837143948459738
glass,False,MAR,0.3,1,MICE,LR,0.4878048780487805,0.3805064546736373
glass,False,MAR,0.3,1,MICE,KNN,0.5658536585365854,0.3990132658886517
glass,False,MAR,0.3,1,MICE,RF,0.6487804878048781,0.5129223891576833
glass,False,MAR,0.3,1,MICE,SVC,0.624390243902439,0.46602341533432945
glass,False,MAR,0.3,1,MissForest,LR,0.6146341463414634,0.4763376042858801
glass,False,MAR,0.3,1,MissForest,KNN,0.6439024390243903,0.44897653529702214
glass,False,MAR,0.3,1,MissForest,RF,0.6878048780487804,0.5275218976425873
glass,False,MAR,0.3,1,MissForest,SVC,0.6780487804878049,0.5013466789014457
glass,False,MAR,0.3,1,SoftImpute,LR,0.5024390243902439,0.42429696364787645
glass,False,MAR,0.3,1,SoftImpute,KNN,0.5804878048780489,0.42336470410566285
glass,False,MAR,0.3,1,SoftImpute,RF,0.6829268292682926,0.5259087930325252
glass,False,MAR,0.3,1,SoftImpute,SVC,0.6439024390243903,0.4764954210032009
glass,False,MAR,0.3,1,GAIN,LR,0.5219512195121951,0.4286075710539494
glass,False,MAR,0.3,1,GAIN,KNN,0.6097560975609756,0.42709288739933904
glass,False,MAR,0.3,1,GAIN,RF,0.6682926829268293,0.5002393621994485
glass,False,MAR,0.3,1,GAIN,SVC,0.6439024390243903,0.48297753554473494
glass,False,MAR,0.3,1,NDI-F1,LR,0.4975609756097561,0.4324796612308967
glass,False,MAR,0.3,1,NDI-F1,KNN,0.5707317073170731,0.433497855261205
glass,False,MAR,0.3,1,NDI-F1,RF,0.6292682926829268,0.49390640857103596
glass,False,MAR,0.3,1,NDI-F1,SVC,0.6195121951219513,0.46606228691549456
glass,False,MAR,0.3,1,NDI-F-noclip,LR,0.5219512195121951,0.4282403696113374
glass,False,MAR,0.3,1,NDI-F-noclip,KNN,0.6048780487804879,0.46239418783267244
glass,False,MAR,0.3,1,NDI-F-noclip,RF,0.6,0.45057131904015957
glass,False,MAR,0.3,1,NDI-F-noclip,SVC,0.6439024390243903,0.4823664358988437
glass,False,MAR,0.3,1,NDI-F,LR,0.5170731707317073,0.4289166960221727
glass,False,MAR,0.3,1,NDI-F,KNN,0.5853658536585367,0.4468595317212644
glass,False,MAR,0.3,1,NDI-F,RF,0.6146341463414634,0.48514543914933234
glass,False,MAR,0.3,1,NDI-F,SVC,0.6390243902439025,0.47760795090506464
glass,False,MAR,0.3,1,Copula-NDI-F,LR,0.5707317073170732,0.45124898117275614
glass,False,MAR,0.3,1,Copula-NDI-F,KNN,0.6048780487804878,0.45229195529195526
glass,False,MAR,0.3,1,Copula-NDI-F,RF,0.6634146341463415,0.5270605698950919
glass,False,MAR,0.3,1,Copula-NDI-F,SVC,0.6341463414634146,0.4671807609315349
glass,False,MAR,0.3,2,Mean,LR,0.6292682926829268,0.5660679535518245
glass,False,MAR,0.3,2,Mean,KNN,0.5804878048780487,0.4900186345627596
glass,False,MAR,0.3,2,Mean,RF,0.7170731707317073,0.6002529464690035
glass,False,MAR,0.3,2,Mean,SVC,0.6536585365853659,0.5749881800025097
glass,False,MAR,0.3,2,NDI-0,LR,0.6439024390243901,0.5748380064749845
glass,False,MAR,0.3,2,NDI-0,KNN,0.5658536585365854,0.4800005354573306
glass,False,MAR,0.3,2,NDI-0,RF,0.6829268292682926,0.6214393859755373
glass,False,MAR,0.3,2,NDI-0,SVC,0.6634146341463415,0.5779030397071357
glass,False,MAR,0.3,2,NDI-C,LR,0.624390243902439,0.5336576917705951
glass,False,MAR,0.3,2,NDI-C,KNN,0.6146341463414634,0.52901196673388
glass,False,MAR,0.3,2,NDI-C,RF,0.7268292682926829,0.6360612956151136
glass,False,MAR,0.3,2,NDI-C,SVC,0.6731707317073171,0.5880921658986175
glass,False,MAR,0.3,2,NDI-S,LR,0.6341463414634146,0.5669841290991066
glass,False,MAR,0.3,2,NDI-S,KNN,0.6146341463414634,0.5246224608591566
glass,False,MAR,0.3,2,NDI-S,RF,0.7268292682926829,0.6221548966275787
glass,False,MAR,0.3,2,NDI-S,SVC,0.6780487804878049,0.5906461438116217
glass,False,MAR,0.3,2,GaussCM,LR,0.6146341463414635,0.5134417374739956
glass,False,MAR,0.3,2,GaussCM,KNN,0.6487804878048781,0.5702326796630272
glass,False,MAR,0.3,2,GaussCM,RF,0.7024390243902439,0.6343043484974389
glass,False,MAR,0.3,2,GaussCM,SVC,0.6682926829268293,0.5800555262813327
glass,False,MAR,0.3,2,KNN,LR,0.6341463414634146,0.5745496578690127
glass,False,MAR,0.3,2,KNN,KNN,0.6634146341463415,0.5660015553597311
glass,False,MAR,0.3,2,KNN,RF,0.7121951219512195,0.6696193648224009
glass,False,MAR,0.3,2,KNN,SVC,0.6682926829268293,0.5670027189761535
glass,False,MAR,0.3,2,MICE,LR,0.6536585365853659,0.5701177481594939
glass,False,MAR,0.3,2,MICE,KNN,0.6048780487804878,0.5286567616411888
glass,False,MAR,0.3,2,MICE,RF,0.7121951219512195,0.6197861318651084
glass,False,MAR,0.3,2,MICE,SVC,0.6585365853658537,0.573026958321076
glass,False,MAR,0.3,2,MissForest,LR,0.6829268292682926,0.5801248859321883
glass,False,MAR,0.3,2,MissForest,KNN,0.6536585365853659,0.5640103898168414
glass,False,MAR,0.3,2,MissForest,RF,0.6975609756097562,0.6048361401297997
glass,False,MAR,0.3,2,MissForest,SVC,0.6829268292682927,0.5959356487260694
glass,False,MAR,0.3,2,SoftImpute,LR,0.6146341463414634,0.5503114176146434
glass,False,MAR,0.3,2,SoftImpute,KNN,0.6195121951219512,0.5275219465456279
glass,False,MAR,0.3,2,SoftImpute,RF,0.6878048780487804,0.6095617611902373
glass,False,MAR,0.3,2,SoftImpute,SVC,0.6731707317073171,0.5882643032643032
glass,False,MAR,0.3,2,GAIN,LR,0.6195121951219512,0.564047540520288
glass,False,MAR,0.3,2,GAIN,KNN,0.6390243902439025,0.5368105384045317
glass,False,MAR,0.3,2,GAIN,RF,0.6829268292682926,0.5955601967433087
glass,False,MAR,0.3,2,GAIN,SVC,0.6829268292682927,0.5901498181636897
glass,False,MAR,0.3,2,NDI-F1,LR,0.624390243902439,0.5563811245680316
glass,False,MAR,0.3,2,NDI-F1,KNN,0.5902439024390244,0.49246071222474724
glass,False,MAR,0.3,2,NDI-F1,RF,0.697560975609756,0.6154099585336908
glass,False,MAR,0.3,2,NDI-F1,SVC,0.6682926829268293,0.5807067077614745
glass,False,MAR,0.3,2,NDI-F-noclip,LR,0.6146341463414634,0.5129346332105084
glass,False,MAR,0.3,2,NDI-F-noclip,KNN,0.6634146341463415,0.5769746667576282
glass,False,MAR,0.3,2,NDI-F-noclip,RF,0.7317073170731707,0.6610699495165567
glass,False,MAR,0.3,2,NDI-F-noclip,SVC,0.6780487804878049,0.5879931497323371
glass,False,MAR,0.3,2,NDI-F,LR,0.6195121951219512,0.5281340215340216
glass,False,MAR,0.3,2,NDI-F,KNN,0.6634146341463415,0.5768615781406463
glass,False,MAR,0.3,2,NDI-F,RF,0.7219512195121951,0.6411471184005372
glass,False,MAR,0.3,2,NDI-F,SVC,0.6731707317073171,0.5858560034433881
glass,False,MAR,0.3,2,Copula-NDI-F,LR,0.6634146341463414,0.6127686151324835
glass,False,MAR,0.3,2,Copula-NDI-F,KNN,0.673170731707317,0.5797273358337875
glass,False,MAR,0.3,2,Copula-NDI-F,RF,0.7219512195121951,0.6757000276654141
glass,False,MAR,0.3,2,Copula-NDI-F,SVC,0.6829268292682927,0.581774678766238
glass,False,MNAR,0.3,0,Mean,LR,0.551219512195122,0.5008127991294375
glass,False,MNAR,0.3,0,Mean,KNN,0.5707317073170732,0.4384688632043209
glass,False,MNAR,0.3,0,Mean,RF,0.7317073170731707,0.6402566766566766
glass,False,MNAR,0.3,0,Mean,SVC,0.6878048780487805,0.5265010424444425
glass,False,MNAR,0.3,0,NDI-0,LR,0.5756097560975609,0.5199177427559551
glass,False,MNAR,0.3,0,NDI-0,KNN,0.5804878048780489,0.4196047799308646
glass,False,MNAR,0.3,0,NDI-0,RF,0.6731707317073171,0.5869157766719952
glass,False,MNAR,0.3,0,NDI-0,SVC,0.6731707317073171,0.5296243528510444
glass,False,MNAR,0.3,0,NDI-C,LR,0.6292682926829268,0.5737864703993736
glass,False,MNAR,0.3,0,NDI-C,KNN,0.6,0.4912141440934545
glass,False,MNAR,0.3,0,NDI-C,RF,0.7268292682926829,0.6228525675939469
glass,False,MNAR,0.3,0,NDI-C,SVC,0.6731707317073171,0.5696555103853029
glass,False,MNAR,0.3,0,NDI-S,LR,0.5853658536585366,0.537478871394333
glass,False,MNAR,0.3,0,NDI-S,KNN,0.6097560975609756,0.46104006631068656
glass,False,MNAR,0.3,0,NDI-S,RF,0.7414634146341463,0.6237692885287991
glass,False,MNAR,0.3,0,NDI-S,SVC,0.6780487804878049,0.5331329712133949
glass,False,MNAR,0.3,0,GaussCM,LR,0.6097560975609756,0.5292043964890265
glass,False,MNAR,0.3,0,GaussCM,KNN,0.6341463414634146,0.5371310241232378
glass,False,MNAR,0.3,0,GaussCM,RF,0.6975609756097562,0.616951610688233
glass,False,MNAR,0.3,0,GaussCM,SVC,0.6731707317073171,0.5624094511307917
glass,False,MNAR,0.3,0,KNN,LR,0.5951219512195123,0.5403569218813935
glass,False,MNAR,0.3,0,KNN,KNN,0.6195121951219512,0.509471056545898
glass,False,MNAR,0.3,0,KNN,RF,0.7024390243902439,0.6520913064690156
glass,False,MNAR,0.3,0,KNN,SVC,0.6536585365853659,0.5369622643532378
glass,False,MNAR,0.3,0,MICE,LR,0.6146341463414635,0.49794073266014116
glass,False,MNAR,0.3,0,MICE,KNN,0.6536585365853659,0.5721989948578183
glass,False,MNAR,0.3,0,MICE,RF,0.7121951219512196,0.6289705408700911
glass,False,MNAR,0.3,0,MICE,SVC,0.6926829268292682,0.581347393941363
glass,False,MNAR,0.3,0,MissForest,LR,0.624390243902439,0.551936523246868
glass,False,MNAR,0.3,0,MissForest,KNN,0.6682926829268293,0.5832620049547026
glass,False,MNAR,0.3,0,MissForest,RF,0.7219512195121952,0.6095433505374083
glass,False,MNAR,0.3,0,MissForest,SVC,0.6780487804878049,0.5908101955515749
glass,False,MNAR,0.3,0,SoftImpute,LR,0.6097560975609756,0.5522649413081919
glass,False,MNAR,0.3,0,SoftImpute,KNN,0.6292682926829268,0.5098873473332677
glass,False,MNAR,0.3,0,SoftImpute,RF,0.751219512195122,0.6382332848249657
glass,False,MNAR,0.3,0,SoftImpute,SVC,0.6682926829268293,0.5406362689908862
glass,False,MNAR,0.3,0,GAIN,LR,0.6487804878048781,0.5607123130274017
glass,False,MNAR,0.3,0,GAIN,KNN,0.6487804878048781,0.5593919285925765
glass,False,MNAR,0.3,0,GAIN,RF,0.697560975609756,0.5980486567788987
glass,False,MNAR,0.3,0,GAIN,SVC,0.6682926829268293,0.5687039391861036
glass,False,MNAR,0.3,0,NDI-F1,LR,0.5609756097560976,0.5110252162832808
glass,False,MNAR,0.3,0,NDI-F1,KNN,0.5902439024390244,0.4468697237246492
glass,False,MNAR,0.3,0,NDI-F1,RF,0.7073170731707318,0.5709041165968144
glass,False,MNAR,0.3,0,NDI-F1,SVC,0.6780487804878049,0.5234397312353968
glass,False,MNAR,0.3,0,NDI-F-noclip,LR,0.5804878048780489,0.5018996129318709
glass,False,MNAR,0.3,0,NDI-F-noclip,KNN,0.6341463414634146,0.5315654844817116
glass,False,MNAR,0.3,0,NDI-F-noclip,RF,0.6731707317073171,0.5748667063460167
glass,False,MNAR,0.3,0,NDI-F-noclip,SVC,0.6536585365853659,0.5420283651158014
glass,False,MNAR,0.3,0,NDI-F,LR,0.5853658536585367,0.5192355071263007
glass,False,MNAR,0.3,0,NDI-F,KNN,0.6487804878048781,0.5383193777672087
glass,False,MNAR,0.3,0,NDI-F,RF,0.6682926829268293,0.5756930265050261
glass,False,MNAR,0.3,0,NDI-F,SVC,0.6439024390243903,0.5365221684405115
glass,False,MNAR,0.3,0,Copula-NDI-F,LR,0.6048780487804879,0.5119966466019132
glass,False,MNAR,0.3,0,Copula-NDI-F,KNN,0.6439024390243903,0.5267471743368295
glass,False,MNAR,0.3,0,Copula-NDI-F,RF,0.6780487804878048,0.5898456317279847
glass,False,MNAR,0.3,0,Copula-NDI-F,SVC,0.6634146341463415,0.5275620274735108
glass,False,MNAR,0.3,0,MIWAE,LR,0.5707317073170732,0.46101976486435037
glass,False,MNAR,0.3,0,MIWAE,KNN,0.6439024390243903,0.5183358108327937
glass,False,MNAR,0.3,0,MIWAE,RF,0.7121951219512195,0.6179906154706915
glass,False,MNAR,0.3,0,MIWAE,SVC,0.6682926829268293,0.5141101292269257
glass,False,MNAR,0.3,0,Sinkhorn,LR,0.6390243902439025,0.581825811810239
glass,False,MNAR,0.3,0,Sinkhorn,KNN,0.6634146341463415,0.5294452519876278
glass,False,MNAR,0.3,0,Sinkhorn,RF,0.7121951219512195,0.620645679879384
glass,False,MNAR,0.3,0,Sinkhorn,SVC,0.7170731707317074,0.6054916696985421
glass,False,MNAR,0.3,0,HyperImpute,LR,0.6097560975609757,0.5018937355790067
glass,False,MNAR,0.3,0,HyperImpute,KNN,0.697560975609756,0.5699901589282929
glass,False,MNAR,0.3,0,HyperImpute,RF,0.7268292682926829,0.6034023262610582
glass,False,MNAR,0.3,0,HyperImpute,SVC,0.6926829268292682,0.5999611017002321
glass,False,MNAR,0.3,0,ReMasker,LR,0.6439024390243903,0.5805317452124819
glass,False,MNAR,0.3,0,ReMasker,KNN,0.6292682926829268,0.5495502069185246
glass,False,MNAR,0.3,0,ReMasker,RF,0.7365853658536585,0.6212574048742013
glass,False,MNAR,0.3,0,ReMasker,SVC,0.697560975609756,0.5552845500386093
glass,False,MNAR,0.3,1,Mean,LR,0.6146341463414634,0.4618364440157544
glass,False,MNAR,0.3,1,Mean,KNN,0.526829268292683,0.43501013984171877
glass,False,MNAR,0.3,1,Mean,RF,0.6585365853658536,0.5312237795365229
glass,False,MNAR,0.3,1,Mean,SVC,0.624390243902439,0.5354652855612091
glass,False,MNAR,0.3,1,NDI-0,LR,0.5804878048780487,0.42197617533499887
glass,False,MNAR,0.3,1,NDI-0,KNN,0.5560975609756097,0.46942312946647313
glass,False,MNAR,0.3,1,NDI-0,RF,0.6682926829268293,0.5598695872166395
glass,False,MNAR,0.3,1,NDI-0,SVC,0.6048780487804878,0.5138672652567176
glass,False,MNAR,0.3,1,NDI-C,LR,0.6097560975609757,0.5078754686827709
glass,False,MNAR,0.3,1,NDI-C,KNN,0.5853658536585366,0.4731526523797888
glass,False,MNAR,0.3,1,NDI-C,RF,0.6292682926829268,0.5357315967927759
glass,False,MNAR,0.3,1,NDI-C,SVC,0.6439024390243903,0.5041293899957223
glass,False,MNAR,0.3,1,NDI-S,LR,0.6146341463414635,0.498196100575411
glass,False,MNAR,0.3,1,NDI-S,KNN,0.5609756097560976,0.4828368945168777
glass,False,MNAR,0.3,1,NDI-S,RF,0.6536585365853659,0.5733396634639519
glass,False,MNAR,0.3,1,NDI-S,SVC,0.6390243902439025,0.5337863418015221
glass,False,MNAR,0.3,1,GaussCM,LR,0.6097560975609756,0.5212666017160227
glass,False,MNAR,0.3,1,GaussCM,KNN,0.6195121951219512,0.5417342013131486
glass,False,MNAR,0.3,1,GaussCM,RF,0.6682926829268293,0.5944815912432546
glass,False,MNAR,0.3,1,GaussCM,SVC,0.6634146341463415,0.5491673734867283
glass,False,MNAR,0.3,1,KNN,LR,0.5707317073170732,0.46048195565234096
glass,False,MNAR,0.3,1,KNN,KNN,0.575609756097561,0.47584413381699253
glass,False,MNAR,0.3,1,KNN,RF,0.6634146341463415,0.5356853733145036
glass,False,MNAR,0.3,1,KNN,SVC,0.6097560975609756,0.5235687104648685
glass,False,MNAR,0.3,1,MICE,LR,0.6,0.4636625074361449
glass,False,MNAR,0.3,1,MICE,KNN,0.6048780487804878,0.5425061537989903
glass,False,MNAR,0.3,1,MICE,RF,0.6926829268292682,0.618029845596737
glass,False,MNAR,0.3,1,MICE,SVC,0.6829268292682927,0.55898670485198
glass,False,MNAR,0.3,1,MissForest,LR,0.6585365853658537,0.5464350465548856
glass,False,MNAR,0.3,1,MissForest,KNN,0.6341463414634146,0.4866657014058376
glass,False,MNAR,0.3,1,MissForest,RF,0.6829268292682926,0.6008505905338334
glass,False,MNAR,0.3,1,MissForest,SVC,0.6731707317073171,0.5272200883440272
glass,False,MNAR,0.3,1,SoftImpute,LR,0.6048780487804879,0.48279947686721886
glass,False,MNAR,0.3,1,SoftImpute,KNN,0.5609756097560975,0.4607041338135698
glass,False,MNAR,0.3,1,SoftImpute,RF,0.6439024390243901,0.5424481092545609
glass,False,MNAR,0.3,1,SoftImpute,SVC,0.6536585365853659,0.5572940660318155
glass,False,MNAR,0.3,1,GAIN,LR,0.575609756097561,0.4679960411013543
glass,False,MNAR,0.3,1,GAIN,KNN,0.5951219512195122,0.4689852675896732
glass,False,MNAR,0.3,1,GAIN,RF,0.6634146341463414,0.5251805562406361
glass,False,MNAR,0.3,1,GAIN,SVC,0.6439024390243903,0.5305057120026694
glass,False,MNAR,0.3,1,NDI-F1,LR,0.624390243902439,0.5028636258265061
glass,False,MNAR,0.3,1,NDI-F1,KNN,0.5756097560975609,0.46287131786417435
glass,False,MNAR,0.3,1,NDI-F1,RF,0.6634146341463415,0.57675272449466
glass,False,MNAR,0.3,1,NDI-F1,SVC,0.6682926829268293,0.5578222799304393
glass,False,MNAR,0.3,1,NDI-F-noclip,LR,0.5756097560975609,0.4571888604971769
glass,False,MNAR,0.3,1,NDI-F-noclip,KNN,0.5756097560975609,0.5152810693828198
glass,False,MNAR,0.3,1,NDI-F-noclip,RF,0.6878048780487805,0.6223113670777741
glass,False,MNAR,0.3,1,NDI-F-noclip,SVC,0.6390243902439025,0.5083253370467458
glass,False,MNAR,0.3,1,NDI-F,LR,0.6097560975609756,0.507029504751418
glass,False,MNAR,0.3,1,NDI-F,KNN,0.5804878048780487,0.5182502944477068
glass,False,MNAR,0.3,1,NDI-F,RF,0.6975609756097562,0.6166324885117989
glass,False,MNAR,0.3,1,NDI-F,SVC,0.6341463414634146,0.5057900332700627
glass,False,MNAR,0.3,1,Copula-NDI-F,LR,0.6048780487804878,0.463369014930194
glass,False,MNAR,0.3,1,Copula-NDI-F,KNN,0.6292682926829268,0.5277399603194253
glass,False,MNAR,0.3,1,Copula-NDI-F,RF,0.6634146341463414,0.596418656612205
glass,False,MNAR,0.3,1,Copula-NDI-F,SVC,0.6682926829268293,0.5020358018314675
glass,False,MNAR,0.3,2,Mean,LR,0.5707317073170732,0.4703266076221321
glass,False,MNAR,0.3,2,Mean,KNN,0.6341463414634146,0.5067192566425047
glass,False,MNAR,0.3,2,Mean,RF,0.7024390243902439,0.6242007142130481
glass,False,MNAR,0.3,2,Mean,SVC,0.6585365853658537,0.559519467470786
glass,False,MNAR,0.3,2,NDI-0,LR,0.5804878048780489,0.48008883508909683
glass,False,MNAR,0.3,2,NDI-0,KNN,0.6292682926829268,0.5005868052764605
glass,False,MNAR,0.3,2,NDI-0,RF,0.673170731707317,0.6012470562931076
glass,False,MNAR,0.3,2,NDI-0,SVC,0.6439024390243903,0.4733781989928034
glass,False,MNAR,0.3,2,NDI-C,LR,0.5902439024390244,0.45570494211670687
glass,False,MNAR,0.3,2,NDI-C,KNN,0.6195121951219512,0.44645435311199816
glass,False,MNAR,0.3,2,NDI-C,RF,0.7170731707317073,0.6075903774541477
glass,False,MNAR,0.3,2,NDI-C,SVC,0.6634146341463415,0.5166592616090752
glass,False,MNAR,0.3,2,NDI-S,LR,0.6,0.48186027950544075
glass,False,MNAR,0.3,2,NDI-S,KNN,0.6390243902439025,0.5021033727921773
glass,False,MNAR,0.3,2,NDI-S,RF,0.6926829268292682,0.5902077367077367
glass,False,MNAR,0.3,2,NDI-S,SVC,0.6780487804878049,0.5576309711793582
glass,False,MNAR,0.3,2,GaussCM,LR,0.5756097560975609,0.4728178832661592
glass,False,MNAR,0.3,2,GaussCM,KNN,0.624390243902439,0.5127005998941483
glass,False,MNAR,0.3,2,GaussCM,RF,0.6536585365853658,0.5709416198357375
glass,False,MNAR,0.3,2,GaussCM,SVC,0.6829268292682927,0.5766869728960942
glass,False,MNAR,0.3,2,KNN,LR,0.5804878048780487,0.43618559882316993
glass,False,MNAR,0.3,2,KNN,KNN,0.6195121951219512,0.44760230357508374
glass,False,MNAR,0.3,2,KNN,RF,0.6439024390243903,0.5012169771238018
glass,False,MNAR,0.3,2,KNN,SVC,0.6536585365853659,0.5052679466200372
glass,False,MNAR,0.3,2,MICE,LR,0.5707317073170731,0.513329707894224
glass,False,MNAR,0.3,2,MICE,KNN,0.6243902439024389,0.5317005952345546
glass,False,MNAR,0.3,2,MICE,RF,0.6829268292682926,0.6043255232557072
glass,False,MNAR,0.3,2,MICE,SVC,0.6829268292682927,0.5923580845423416
glass,False,MNAR,0.3,2,MissForest,LR,0.6292682926829268,0.5108808597307583
glass,False,MNAR,0.3,2,MissForest,KNN,0.6829268292682927,0.5645634836275417
glass,False,MNAR,0.3,2,MissForest,RF,0.697560975609756,0.5844066331033236
glass,False,MNAR,0.3,2,MissForest,SVC,0.6878048780487804,0.5651551653069679
glass,False,MNAR,0.3,2,SoftImpute,LR,0.6048780487804878,0.5184434436531211
glass,False,MNAR,0.3,2,SoftImpute,KNN,0.6390243902439025,0.5131786764131199
glass,False,MNAR,0.3,2,SoftImpute,RF,0.7219512195121951,0.6267165982165982
glass,False,MNAR,0.3,2,SoftImpute,SVC,0.6634146341463415,0.5685138867346796
glass,False,MNAR,0.3,2,GAIN,LR,0.6,0.4809348619977423
glass,False,MNAR,0.3,2,GAIN,KNN,0.6195121951219512,0.4351157969819227
glass,False,MNAR,0.3,2,GAIN,RF,0.673170731707317,0.5825577729740001
glass,False,MNAR,0.3,2,GAIN,SVC,0.6634146341463415,0.5302516095433716
glass,False,MNAR,0.3,2,NDI-F1,LR,0.5804878048780487,0.4378744651387785
glass,False,MNAR,0.3,2,NDI-F1,KNN,0.6439024390243903,0.4775148670101232
glass,False,MNAR,0.3,2,NDI-F1,RF,0.6780487804878048,0.5837058528365863
glass,False,MNAR,0.3,2,NDI-F1,SVC,0.673170731707317,0.49994846281478483
glass,False,MNAR,0.3,2,NDI-F-noclip,LR,0.5853658536585366,0.47662375904262316
glass,False,MNAR,0.3,2,NDI-F-noclip,KNN,0.6146341463414635,0.46393117405351847
glass,False,MNAR,0.3,2,NDI-F-noclip,RF,0.7073170731707317,0.5985647470808761
glass,False,MNAR,0.3,2,NDI-F-noclip,SVC,0.6634146341463415,0.5286034097364334
glass,False,MNAR,0.3,2,NDI-F,LR,0.5707317073170731,0.45313634607447995
glass,False,MNAR,0.3,2,NDI-F,KNN,0.6146341463414635,0.4638618397367197
glass,False,MNAR,0.3,2,NDI-F,RF,0.7073170731707317,0.6029406065155591
glass,False,MNAR,0.3,2,NDI-F,SVC,0.6829268292682926,0.5429959236166132
glass,False,MNAR,0.3,2,Copula-NDI-F,LR,0.6195121951219512,0.4987708686707575
glass,False,MNAR,0.3,2,Copula-NDI-F,KNN,0.6634146341463414,0.541503975496189
glass,False,MNAR,0.3,2,Copula-NDI-F,RF,0.7024390243902439,0.6040967561433851
glass,False,MNAR,0.3,2,Copula-NDI-F,SVC,0.7024390243902439,0.5977472780768927
ecoli,False,MCAR,0.3,0,Mean,LR,0.7918881118881118,0.7364216352030194
ecoli,False,MCAR,0.3,0,Mean,KNN,0.7643356643356644,0.6947657347694062
ecoli,False,MCAR,0.3,0,Mean,RF,0.7859673659673659,0.7111524641303493
ecoli,False,MCAR,0.3,0,Mean,SVC,0.8041491841491842,0.7286474065594895
ecoli,False,MCAR,0.3,0,NDI-0,LR,0.7981818181818181,0.7543795265374127
ecoli,False,MCAR,0.3,0,NDI-0,KNN,0.7398601398601399,0.6326929809966877
ecoli,False,MCAR,0.3,0,NDI-0,RF,0.7677855477855479,0.6777706999069828
ecoli,False,MCAR,0.3,0,NDI-0,SVC,0.798041958041958,0.6982031086786782
ecoli,False,MCAR,0.3,0,NDI-C,LR,0.7795337995337995,0.6969049928778213
ecoli,False,MCAR,0.3,0,NDI-C,KNN,0.7736596736596736,0.6977042661322769
ecoli,False,MCAR,0.3,0,NDI-C,RF,0.7735664335664335,0.6977959861392435
ecoli,False,MCAR,0.3,0,NDI-C,SVC,0.794965034965035,0.6865459139883469
ecoli,False,MCAR,0.3,0,NDI-S,LR,0.8041025641025641,0.7467212205232342
ecoli,False,MCAR,0.3,0,NDI-S,KNN,0.798041958041958,0.7378333341835989
ecoli,False,MCAR,0.3,0,NDI-S,RF,0.7920745920745921,0.7232603693637136
ecoli,False,MCAR,0.3,0,NDI-S,SVC,0.8102564102564103,0.7305871824270728
ecoli,False,MCAR,0.3,0,GaussCM,LR,0.8103030303030303,0.7570284679727004
ecoli,False,MCAR,0.3,0,GaussCM,KNN,0.7766899766899766,0.6977936614581439
ecoli,False,MCAR,0.3,0,GaussCM,RF,0.7920279720279721,0.7214981299502389
ecoli,False,MCAR,0.3,0,GaussCM,SVC,0.798041958041958,0.732203956788237
ecoli,False,MCAR,0.3,0,KNN,LR,0.7521212121212122,0.6968726537838255
ecoli,False,MCAR,0.3,0,KNN,KNN,0.7216317016317018,0.6370756571508449
ecoli,False,MCAR,0.3,0,KNN,RF,0.7369230769230769,0.6574037206361116
ecoli,False,MCAR,0.3,0,KNN,SVC,0.7643356643356644,0.6853222139559206
ecoli,False,MCAR,0.3,0,MICE,LR,0.798041958041958,0.7344800356443688
ecoli,False,MCAR,0.3,0,MICE,KNN,0.7613986013986014,0.6827017900236605
ecoli,False,MCAR,0.3,0,MICE,RF,0.7979953379953381,0.7272655485165596
ecoli,False,MCAR,0.3,0,MICE,SVC,0.7859207459207459,0.7031467244024627
ecoli,False,MCAR,0.3,0,MissForest,LR,0.7948717948717949,0.7387302472851623
ecoli,False,MCAR,0.3,0,MissForest,KNN,0.7371095571095572,0.6387686026615264
ecoli,False,MCAR,0.3,0,MissForest,RF,0.7676456876456876,0.6881590317807058
ecoli,False,MCAR,0.3,0,MissForest,SVC,0.7981351981351981,0.7229226830535054
ecoli,False,MCAR,0.3,0,SoftImpute,LR,0.8041025641025641,0.7461671812243331
ecoli,False,MCAR,0.3,0,SoftImpute,KNN,0.7887645687645687,0.7206275014145197
ecoli,False,MCAR,0.3,0,SoftImpute,RF,0.7737062937062937,0.6949265776375084
ecoli,False,MCAR,0.3,0,SoftImpute,SVC,0.8103030303030303,0.7417968894128515
ecoli,False,MCAR,0.3,0,GAIN,LR,0.7828438228438228,0.7202406257320344
ecoli,False,MCAR,0.3,0,GAIN,KNN,0.7493240093240093,0.672531868541704
ecoli,False,MCAR,0.3,0,GAIN,RF,0.7493240093240093,0.6587156098795526
ecoli,False,MCAR,0.3,0,GAIN,SVC,0.7797668997668998,0.7019929350584287
ecoli,False,MCAR,0.3,0,NDI-F1,LR,0.792027972027972,0.726925512041644
ecoli,False,MCAR,0.3,0,NDI-F1,KNN,0.7645687645687647,0.6768931755271523
ecoli,False,MCAR,0.3,0,NDI-F1,RF,0.7798601398601399,0.6973295776046717
ecoli,False,MCAR,0.3,0,NDI-F1,SVC,0.7858275058275058,0.6822852102533069
ecoli,False,MCAR,0.3,0,NDI-F-noclip,LR,0.8194871794871794,0.7527216561724918
ecoli,False,MCAR,0.3,0,NDI-F-noclip,KNN,0.7584615384615384,0.6709799274451
ecoli,False,MCAR,0.3,0,NDI-F-noclip,RF,0.7920745920745922,0.7095607426931487
ecoli,False,MCAR,0.3,0,NDI-F-noclip,SVC,0.801025641025641,0.7163550707613121
ecoli,False,MCAR,0.3,0,NDI-F,LR,0.8164102564102563,0.746274318967126
ecoli,False,MCAR,0.3,0,NDI-F,KNN,0.7553846153846153,0.6655062432345737
ecoli,False,MCAR,0.3,0,NDI-F,RF,0.77995337995338,0.6871483173704486
ecoli,False,MCAR,0.3,0,NDI-F,SVC,0.7979487179487179,0.7133543328317318
ecoli,False,MCAR,0.3,0,Copula-NDI-F,LR,0.8072727272727273,0.7385957620053667
ecoli,False,MCAR,0.3,0,Copula-NDI-F,KNN,0.77995337995338,0.7121716959511304
ecoli,False,MCAR,0.3,0,Copula-NDI-F,RF,0.7829370629370629,0.7034714547670537
ecoli,False,MCAR,0.3,0,Copula-NDI-F,SVC,0.798088578088578,0.7092330894540808
ecoli,False,MCAR,0.3,0,MIWAE,LR,0.7551048951048951,0.6782292239436435
ecoli,False,MCAR,0.3,0,MIWAE,KNN,0.7551515151515151,0.641708360372497
ecoli,False,MCAR,0.3,0,MIWAE,RF,0.7551981351981352,0.6600929779053372
ecoli,False,MCAR,0.3,0,MIWAE,SVC,0.7582750582750583,0.6307215738613647
ecoli,False,MCAR,0.3,0,Sinkhorn,LR,0.7735664335664335,0.7163295353726254
ecoli,False,MCAR,0.3,0,Sinkhorn,KNN,0.7765501165501165,0.7025400839321687
ecoli,False,MCAR,0.3,0,Sinkhorn,RF,0.7828904428904429,0.7037504871373462
ecoli,False,MCAR,0.3,0,Sinkhorn,SVC,0.7858275058275058,0.7182585526694606
ecoli,False,MCAR,0.3,0,HyperImpute,LR,0.7918414918414918,0.7381857705655943
ecoli,False,MCAR,0.3,0,HyperImpute,KNN,0.7554312354312354,0.6776847983370831
ecoli,False,MCAR,0.3,0,HyperImpute,RF,0.7646153846153846,0.6990358182055163
ecoli,False,MCAR,0.3,0,HyperImpute,SVC,0.7889510489510488,0.6940418498907711
ecoli,False,MCAR,0.3,0,ReMasker,LR,0.8071794871794872,0.749970264910683
ecoli,False,MCAR,0.3,0,ReMasker,KNN,0.7797202797202797,0.6808259647451734
ecoli,False,MCAR,0.3,0,ReMasker,RF,0.7919347319347319,0.7024334306081519
ecoli,False,MCAR,0.3,0,ReMasker,SVC,0.7857342657342656,0.6766730448753037
ecoli,False,MCAR,0.3,1,Mean,LR,0.8196270396270396,0.7586654164617824
ecoli,False,MCAR,0.3,1,Mean,KNN,0.7828904428904429,0.6975991522339602
ecoli,False,MCAR,0.3,1,Mean,RF,0.7950582750582751,0.7112146280207201
ecoli,False,MCAR,0.3,1,Mean,SVC,0.8227039627039627,0.7395732874445512
ecoli,False,MCAR,0.3,1,NDI-0,LR,0.786107226107226,0.7020258343018788
ecoli,False,MCAR,0.3,1,NDI-0,KNN,0.7615384615384615,0.6473876988502933
ecoli,False,MCAR,0.3,1,NDI-0,RF,0.7983216783216784,0.7143694559995939
ecoli,False,MCAR,0.3,1,NDI-0,SVC,0.7981818181818181,0.6986048035266641
ecoli,False,MCAR,0.3,1,NDI-C,LR,0.8012121212121212,0.7142005226575353
ecoli,False,MCAR,0.3,1,NDI-C,KNN,0.7644755244755244,0.6748016609903125
ecoli,False,MCAR,0.3,1,NDI-C,RF,0.8102097902097902,0.7368806719182646
ecoli,False,MCAR,0.3,1,NDI-C,SVC,0.8133799533799533,0.7310577791611894
ecoli,False,MCAR,0.3,1,NDI-S,LR,0.8073659673659673,0.728374799031491
ecoli,False,MCAR,0.3,1,NDI-S,KNN,0.8102097902097902,0.7347736238360583
ecoli,False,MCAR,0.3,1,NDI-S,RF,0.8040559440559439,0.7301918978602353
ecoli,False,MCAR,0.3,1,NDI-S,SVC,0.8194871794871794,0.7476788147786774
ecoli,False,MCAR,0.3,1,GaussCM,LR,0.8135198135198134,0.7367309934720259
ecoli,False,MCAR,0.3,1,GaussCM,KNN,0.8102564102564103,0.7404299002381464
ecoli,False,MCAR,0.3,1,GaussCM,RF,0.8074125874125875,0.7156436739097244
ecoli,False,MCAR,0.3,1,GaussCM,SVC,0.8257342657342658,0.7491520629086457
ecoli,False,MCAR,0.3,1,KNN,LR,0.78,0.7248496079288096
ecoli,False,MCAR,0.3,1,KNN,KNN,0.7399067599067599,0.6725656948271576
ecoli,False,MCAR,0.3,1,KNN,RF,0.789044289044289,0.7346873163972587
ecoli,False,MCAR,0.3,1,KNN,SVC,0.7768764568764569,0.7050766952545147
ecoli,False,MCAR,0.3,1,MICE,LR,0.7982284382284383,0.7122592327074777
ecoli,False,MCAR,0.3,1,MICE,KNN,0.8072727272727273,0.7310047810370651
ecoli,False,MCAR,0.3,1,MICE,RF,0.8042424242424241,0.7116915733803486
ecoli,False,MCAR,0.3,1,MICE,SVC,0.831888111888112,0.7600033103071488
ecoli,False,MCAR,0.3,1,MissForest,LR,0.8195804195804195,0.7593551821189981
ecoli,False,MCAR,0.3,1,MissForest,KNN,0.7798135198135198,0.7031373486451871
ecoli,False,MCAR,0.3,1,MissForest,RF,0.7920745920745921,0.7263959827285652
ecoli,False,MCAR,0.3,1,MissForest,SVC,0.8105361305361306,0.731158188685485
ecoli,False,MCAR,0.3,1,SoftImpute,LR,0.8165501165501166,0.7506395495516276
ecoli,False,MCAR,0.3,1,SoftImpute,KNN,0.7950116550116549,0.7125336962682555
ecoli,False,MCAR,0.3,1,SoftImpute,RF,0.8195804195804197,0.7430843129695984
ecoli,False,MCAR,0.3,1,SoftImpute,SVC,0.8286713286713286,0.7504669663035695
ecoli,False,MCAR,0.3,1,GAIN,LR,0.7982284382284383,0.7298817697847385
ecoli,False,MCAR,0.3,1,GAIN,KNN,0.7614452214452214,0.6840303920760651
ecoli,False,MCAR,0.3,1,GAIN,RF,0.798088578088578,0.7108413122126287
ecoli,False,MCAR,0.3,1,GAIN,SVC,0.8042890442890442,0.7203768572988472
ecoli,False,MCAR,0.3,1,NDI-F1,LR,0.8042890442890442,0.7197823035768411
ecoli,False,MCAR,0.3,1,NDI-F1,KNN,0.7645221445221445,0.6621683859347547
ecoli,False,MCAR,0.3,1,NDI-F1,RF,0.7859207459207459,0.7043360334826316
ecoli,False,MCAR,0.3,1,NDI-F1,SVC,0.8043822843822843,0.7182758399153499
ecoli,False,MCAR,0.3,1,NDI-F-noclip,LR,0.8074125874125875,0.7208119944705501
ecoli,False,MCAR,0.3,1,NDI-F-noclip,KNN,0.7981351981351981,0.7188180496906016
ecoli,False,MCAR,0.3,1,NDI-F-noclip,RF,0.7859673659673658,0.6822035247564269
ecoli,False,MCAR,0.3,1,NDI-F-noclip,SVC,0.8165501165501166,0.7412249117625199
ecoli,False,MCAR,0.3,1,NDI-F,LR,0.8074125874125875,0.7208119944705501
ecoli,False,MCAR,0.3,1,NDI-F,KNN,0.7981351981351981,0.7188180496906016
ecoli,False,MCAR,0.3,1,NDI-F,RF,0.7951981351981351,0.7023454196397347
ecoli,False,MCAR,0.3,1,NDI-F,SVC,0.8165501165501166,0.7412249117625199
ecoli,False,MCAR,0.3,1,Copula-NDI-F,LR,0.8012587412587413,0.7198186834375568
ecoli,False,MCAR,0.3,1,Copula-NDI-F,KNN,0.8041958041958042,0.7339865209998451
ecoli,False,MCAR,0.3,1,Copula-NDI-F,RF,0.8013986013986013,0.7117608270415924
ecoli,False,MCAR,0.3,1,Copula-NDI-F,SVC,0.8072727272727273,0.7192855560007713
ecoli,False,MCAR,0.3,2,Mean,LR,0.8042424242424243,0.7087283490619198
ecoli,False,MCAR,0.3,2,Mean,KNN,0.755058275058275,0.6545347674450647
ecoli,False,MCAR,0.3,2,Mean,RF,0.7857808857808857,0.6717184943759217
ecoli,False,MCAR,0.3,2,Mean,SVC,0.7798601398601399,0.6653594760361314
ecoli,False,MCAR,0.3,2,NDI-0,LR,0.7950582750582751,0.6887041660224402
ecoli,False,MCAR,0.3,2,NDI-0,KNN,0.7275990675990677,0.5794857071033541
ecoli,False,MCAR,0.3,2,NDI-0,RF,0.7705361305361305,0.6470099101388236
ecoli,False,MCAR,0.3,2,NDI-0,SVC,0.7643356643356644,0.6329500631589411
ecoli,False,MCAR,0.3,2,NDI-C,LR,0.7828438228438228,0.6772423326884314
ecoli,False,MCAR,0.3,2,NDI-C,KNN,0.7153846153846154,0.5841238448969353
ecoli,False,MCAR,0.3,2,NDI-C,RF,0.7584149184149185,0.6220127696104771
ecoli,False,MCAR,0.3,2,NDI-C,SVC,0.7583682983682983,0.5868167012956231
ecoli,False,MCAR,0.3,2,NDI-S,LR,0.7981818181818181,0.6895541018649352
ecoli,False,MCAR,0.3,2,NDI-S,KNN,0.7643822843822843,0.653053201585487
ecoli,False,MCAR,0.3,2,NDI-S,RF,0.7827505827505827,0.6624644664834263
ecoli,False,MCAR,0.3,2,NDI-S,SVC,0.795104895104895,0.6725870120118687
ecoli,False,MCAR,0.3,2,GaussCM,LR,0.8227039627039627,0.7287644072847413
ecoli,False,MCAR,0.3,2,GaussCM,KNN,0.7827505827505827,0.6653472778268769
ecoli,False,MCAR,0.3,2,GaussCM,RF,0.7798601398601399,0.659656719130363
ecoli,False,MCAR,0.3,2,GaussCM,SVC,0.8042890442890442,0.6900089431828119
ecoli,False,MCAR,0.3,2,KNN,LR,0.7584615384615384,0.6652964186332639
ecoli,False,MCAR,0.3,2,KNN,KNN,0.7310489510489511,0.6189674093010616
ecoli,False,MCAR,0.3,2,KNN,RF,0.7707226107226107,0.6583375602563126
ecoli,False,MCAR,0.3,2,KNN,SVC,0.7492773892773894,0.6281746719035047
ecoli,False,MCAR,0.3,2,MICE,LR,0.8104428904428904,0.715740268177172
ecoli,False,MCAR,0.3,2,MICE,KNN,0.7948717948717949,0.6882985973322829
ecoli,False,MCAR,0.3,2,MICE,RF,0.7706759906759906,0.6531710228008667
ecoli,False,MCAR,0.3,2,MICE,SVC,0.7981818181818181,0.6831353834131895
ecoli,False,MCAR,0.3,2,MissForest,LR,0.8226107226107227,0.7468233810979538
ecoli,False,MCAR,0.3,2,MissForest,KNN,0.798041958041958,0.7252735943399158
ecoli,False,MCAR,0.3,2,MissForest,RF,0.7859207459207458,0.6961522430948082
ecoli,False,MCAR,0.3,2,MissForest,SVC,0.8103030303030303,0.7136501600254697
ecoli,False,MCAR,0.3,2,SoftImpute,LR,0.8104428904428905,0.7186695364652582
ecoli,False,MCAR,0.3,2,SoftImpute,KNN,0.7736130536130537,0.6649330919929467
ecoli,False,MCAR,0.3,2,SoftImpute,RF,0.7827972027972028,0.6705009456343544
ecoli,False,MCAR,0.3,2,SoftImpute,SVC,0.8012121212121212,0.6889095430391022
ecoli,False,MCAR,0.3,2,GAIN,LR,0.7827505827505827,0.6923988201510277
ecoli,False,MCAR,0.3,2,GAIN,KNN,0.7522610722610723,0.6182360990505422
ecoli,False,MCAR,0.3,2,GAIN,RF,0.7737529137529138,0.6278159909660256
ecoli,False,MCAR,0.3,2,GAIN,SVC,0.7919347319347319,0.664908047734437
ecoli,False,MCAR,0.3,2,NDI-F1,LR,0.8042424242424241,0.7069075907655961
ecoli,False,MCAR,0.3,2,NDI-F1,KNN,0.742983682983683,0.6341701772231255
ecoli,False,MCAR,0.3,2,NDI-F1,RF,0.7828904428904429,0.6484984553053431
ecoli,False,MCAR,0.3,2,NDI-F1,SVC,0.7767365967365967,0.6599515848325376
ecoli,False,MCAR,0.3,2,NDI-F-noclip,LR,0.7951515151515152,0.6822933061379564
ecoli,False,MCAR,0.3,2,NDI-F-noclip,KNN,0.7765034965034965,0.6682706551508414
ecoli,False,MCAR,0.3,2,NDI-F-noclip,RF,0.7981818181818181,0.6927979182320272
ecoli,False,MCAR,0.3,2,NDI-F-noclip,SVC,0.7919347319347319,0.6562801709907811
ecoli,False,MCAR,0.3,2,NDI-F,LR,0.8043356643356644,0.6913373629909557
ecoli,False,MCAR,0.3,2,NDI-F,KNN,0.7765034965034965,0.6682706551508414
ecoli,False,MCAR,0.3,2,NDI-F,RF,0.7920745920745921,0.6776915699094909
ecoli,False,MCAR,0.3,2,NDI-F,SVC,0.7918881118881119,0.6632879156125275
ecoli,False,MCAR,0.3,2,Copula-NDI-F,LR,0.7981818181818181,0.6923135743444032
ecoli,False,MCAR,0.3,2,Copula-NDI-F,KNN,0.7887645687645687,0.7083022053707065
ecoli,False,MCAR,0.3,2,Copula-NDI-F,RF,0.7735664335664335,0.6450010851661642
ecoli,False,MCAR,0.3,2,Copula-NDI-F,SVC,0.7797668997668998,0.6320252152003738
ecoli,False,MAR,0.3,0,Mean,LR,0.8532400932400932,0.7904932994605922
ecoli,False,MAR,0.3,0,Mean,KNN,0.8289510489510489,0.7627103394281676
ecoli,False,MAR,0.3,0,Mean,RF,0.8471794871794872,0.7756072301719651
ecoli,False,MAR,0.3,0,Mean,SVC,0.8502564102564103,0.7778772855059055
ecoli,False,MAR,0.3,0,NDI-0,LR,0.835011655011655,0.7588555600833681
ecoli,False,MAR,0.3,0,NDI-0,KNN,0.77990675990676,0.6400118555012406
ecoli,False,MAR,0.3,0,NDI-0,RF,0.8013519813519814,0.6964462830802916
ecoli,False,MAR,0.3,0,NDI-0,SVC,0.834871794871795,0.7495687421210533
ecoli,False,MAR,0.3,0,NDI-C,LR,0.841072261072261,0.7617538805333058
ecoli,False,MAR,0.3,0,NDI-C,KNN,0.8043822843822843,0.6952269654709825
ecoli,False,MAR,0.3,0,NDI-C,RF,0.834965034965035,0.7450738217727457
ecoli,False,MAR,0.3,0,NDI-C,SVC,0.8317948717948719,0.7483342719235025
ecoli,False,MAR,0.3,0,NDI-S,LR,0.8532400932400932,0.7838740400770263
ecoli,False,MAR,0.3,0,NDI-S,KNN,0.8073659673659673,0.7071506046882151
ecoli,False,MAR,0.3,0,NDI-S,RF,0.8563170163170163,0.7801915964744073
ecoli,False,MAR,0.3,0,NDI-S,SVC,0.8257808857808857,0.74753572063562
ecoli,False,MAR,0.3,0,GaussCM,LR,0.8593473193473194,0.7917711034537547
ecoli,False,MAR,0.3,0,GaussCM,KNN,0.8227505827505827,0.7470372934569316
ecoli,False,MAR,0.3,0,GaussCM,RF,0.8319347319347319,0.7489206517085946
ecoli,False,MAR,0.3,0,GaussCM,SVC,0.8256876456876456,0.7394791771526401
ecoli,False,MAR,0.3,0,KNN,LR,0.8622377622377622,0.7991031995013909
ecoli,False,MAR,0.3,0,KNN,KNN,0.8073193473193474,0.7108374135847813
ecoli,False,MAR,0.3,0,KNN,RF,0.8377622377622378,0.7444134198083144
ecoli,False,MAR,0.3,0,KNN,SVC,0.8562237762237762,0.7804901607476691
ecoli,False,MAR,0.3,0,MICE,LR,0.8654079254079253,0.7982747304658607
ecoli,False,MAR,0.3,0,MICE,KNN,0.8257342657342657,0.7547406701649549
ecoli,False,MAR,0.3,0,MICE,RF,0.8533333333333333,0.7660884190125309
ecoli,False,MAR,0.3,0,MICE,SVC,0.834871794871795,0.7489045362224006
ecoli,False,MAR,0.3,0,MissForest,LR,0.8623776223776224,0.8013952579832161
ecoli,False,MAR,0.3,0,MissForest,KNN,0.8134731934731935,0.7273927212897833
ecoli,False,MAR,0.3,0,MissForest,RF,0.8409790209790209,0.7529008011955954
ecoli,False,MAR,0.3,0,MissForest,SVC,0.8470862470862471,0.7724871155954713
ecoli,False,MAR,0.3,0,SoftImpute,LR,0.8532400932400932,0.7862880239426231
ecoli,False,MAR,0.3,0,SoftImpute,KNN,0.8165501165501166,0.7351567225469646
ecoli,False,MAR,0.3,0,SoftImpute,RF,0.8349184149184149,0.7551451922912025
ecoli,False,MAR,0.3,0,SoftImpute,SVC,0.8319347319347319,0.7559553516749162
ecoli,False,MAR,0.3,0,GAIN,LR,0.8502564102564103,0.777477770438727
ecoli,False,MAR,0.3,0,GAIN,KNN,0.8351515151515152,0.7667341716619084
ecoli,False,MAR,0.3,0,GAIN,RF,0.8226107226107227,0.7422763518464446
ecoli,False,MAR,0.3,0,GAIN,SVC,0.8594405594405593,0.7943975403087375
ecoli,False,MAR,0.3,0,NDI-F1,LR,0.8471328671328671,0.7782951747013129
ecoli,False,MAR,0.3,0,NDI-F1,KNN,0.7983216783216782,0.6796112157327581
ecoli,False,MAR,0.3,0,NDI-F1,RF,0.8379020979020979,0.7694791874937847
ecoli,False,MAR,0.3,0,NDI-F1,SVC,0.837995337995338,0.7584287380816729
ecoli,False,MAR,0.3,0,NDI-F-noclip,LR,0.8593006993006993,0.7930967789378741
ecoli,False,MAR,0.3,0,NDI-F-noclip,KNN,0.8196736596736596,0.74024003572425
ecoli,False,MAR,0.3,0,NDI-F-noclip,RF,0.8348717948717947,0.7425189181691728
ecoli,False,MAR,0.3,0,NDI-F-noclip,SVC,0.8318414918414918,0.7466111229972228
ecoli,False,MAR,0.3,0,NDI-F,LR,0.8593006993006993,0.7922361914966416
ecoli,False,MAR,0.3,0,NDI-F,KNN,0.8166433566433566,0.7329984676545475
ecoli,False,MAR,0.3,0,NDI-F,RF,0.8226573426573426,0.7276136027718298
ecoli,False,MAR,0.3,0,NDI-F,SVC,0.8318414918414918,0.7469596078457077
ecoli,False,MAR,0.3,0,Copula-NDI-F,LR,0.8471794871794872,0.7681255102026426
ecoli,False,MAR,0.3,0,Copula-NDI-F,KNN,0.8196736596736598,0.7303378804264768
ecoli,False,MAR,0.3,0,Copula-NDI-F,RF,0.8258741258741258,0.7387861094905589
ecoli,False,MAR,0.3,0,Copula-NDI-F,SVC,0.837995337995338,0.7504158088996091
ecoli,False,MAR,0.3,0,MIWAE,LR,0.840885780885781,0.7451074768728595
ecoli,False,MAR,0.3,0,MIWAE,KNN,0.7889044289044289,0.6751372963136282
ecoli,False,MAR,0.3,0,MIWAE,RF,0.8073193473193474,0.6806736621222456
ecoli,False,MAR,0.3,0,MIWAE,SVC,0.8133333333333332,0.712093651604658
ecoli,False,MAR,0.3,0,Sinkhorn,LR,0.8531468531468531,0.7866769245406464
ecoli,False,MAR,0.3,0,Sinkhorn,KNN,0.7860606060606061,0.7160973934832702
ecoli,False,MAR,0.3,0,Sinkhorn,RF,0.8288578088578088,0.7528109673158968
ecoli,False,MAR,0.3,0,Sinkhorn,SVC,0.841025641025641,0.7680039403201017
ecoli,False,MAR,0.3,0,HyperImpute,LR,0.8715617715617714,0.8011484495455115
ecoli,False,MAR,0.3,0,HyperImpute,KNN,0.8104895104895105,0.7274075237785105
ecoli,False,MAR,0.3,0,HyperImpute,RF,0.840932400932401,0.76666035523042
ecoli,False,MAR,0.3,0,HyperImpute,SVC,0.8624242424242425,0.7869986766830541
ecoli,False,MAR,0.3,0,ReMasker,LR,0.8623310023310022,0.7993688064737358
ecoli,False,MAR,0.3,0,ReMasker,KNN,0.8104895104895105,0.7291602320346706
ecoli,False,MAR,0.3,0,ReMasker,RF,0.8349184149184149,0.7503561901818306
ecoli,False,MAR,0.3,0,ReMasker,SVC,0.8317482517482517,0.7535286572568658
ecoli,False,MAR,0.3,1,Mean,LR,0.8286713286713286,0.7932703133084928
ecoli,False,MAR,0.3,1,Mean,KNN,0.7983682983682984,0.7524143686029334
ecoli,False,MAR,0.3,1,Mean,RF,0.8317948717948717,0.793933740539509
ecoli,False,MAR,0.3,1,Mean,SVC,0.838041958041958,0.8022945139339939
ecoli,False,MAR,0.3,1,NDI-0,LR,0.8286713286713286,0.7962563843768777
ecoli,False,MAR,0.3,1,NDI-0,KNN,0.8103962703962703,0.7434664685379356
ecoli,False,MAR,0.3,1,NDI-0,RF,0.828904428904429,0.7806666570562161
ecoli,False,MAR,0.3,1,NDI-0,SVC,0.8439627039627039,0.8058351541965824
ecoli,False,MAR,0.3,1,NDI-C,LR,0.8257342657342657,0.786667162044019
ecoli,False,MAR,0.3,1,NDI-C,KNN,0.7827505827505827,0.7055255933715037
ecoli,False,MAR,0.3,1,NDI-C,RF,0.8317948717948719,0.7881574549804504
ecoli,False,MAR,0.3,1,NDI-C,SVC,0.8409790209790209,0.8019243500891926
ecoli,False,MAR,0.3,1,NDI-S,LR,0.8256410256410256,0.7914805570395169
ecoli,False,MAR,0.3,1,NDI-S,KNN,0.8074592074592074,0.7551759710942558
ecoli,False,MAR,0.3,1,NDI-S,RF,0.8317948717948717,0.7812622125915425
ecoli,False,MAR,0.3,1,NDI-S,SVC,0.8440093240093238,0.8109630573429574
ecoli,False,MAR,0.3,1,GaussCM,LR,0.8287645687645687,0.7923533541839589
ecoli,False,MAR,0.3,1,GaussCM,KNN,0.795104895104895,0.7435163052070303
ecoli,False,MAR,0.3,1,GaussCM,RF,0.8288111888111889,0.7760705729953348
ecoli,False,MAR,0.3,1,GaussCM,SVC,0.831888111888112,0.7956680839232134
ecoli,False,MAR,0.3,1,KNN,LR,0.8227505827505827,0.7913486127379723
ecoli,False,MAR,0.3,1,KNN,KNN,0.8136596736596736,0.7678087875425915
ecoli,False,MAR,0.3,1,KNN,RF,0.8503030303030302,0.8228446685719828
ecoli,False,MAR,0.3,1,KNN,SVC,0.8319347319347319,0.7956423893971521
ecoli,False,MAR,0.3,1,MICE,LR,0.8379487179487178,0.802425151597841
ecoli,False,MAR,0.3,1,MICE,KNN,0.7951515151515152,0.7451181910639667
ecoli,False,MAR,0.3,1,MICE,RF,0.8348251748251748,0.7875337391391408
ecoli,False,MAR,0.3,1,MICE,SVC,0.834965034965035,0.7993241750675475
ecoli,False,MAR,0.3,1,MissForest,LR,0.8348717948717947,0.7938835235782626
ecoli,False,MAR,0.3,1,MissForest,KNN,0.8105361305361305,0.7664297572885163
ecoli,False,MAR,0.3,1,MissForest,RF,0.8471794871794872,0.8159821545575385
ecoli,False,MAR,0.3,1,MissForest,SVC,0.8288111888111889,0.7922633603541044
ecoli,False,MAR,0.3,1,SoftImpute,LR,0.8317948717948717,0.796834804791861
ecoli,False,MAR,0.3,1,SoftImpute,KNN,0.7922144522144523,0.7448027301829352
ecoli,False,MAR,0.3,1,SoftImpute,RF,0.8286247086247085,0.7789157292122489
ecoli,False,MAR,0.3,1,SoftImpute,SVC,0.8439627039627039,0.8076216182037941
ecoli,False,MAR,0.3,1,GAIN,LR,0.840932400932401,0.8066781427722773
ecoli,False,MAR,0.3,1,GAIN,KNN,0.8196736596736596,0.7701231166677082
ecoli,False,MAR,0.3,1,GAIN,RF,0.8103496503496503,0.7631239343591735
ecoli,False,MAR,0.3,1,GAIN,SVC,0.8225174825174826,0.7802460565112195
ecoli,False,MAR,0.3,1,NDI-F1,LR,0.8378554778554778,0.7990141002159189
ecoli,False,MAR,0.3,1,NDI-F1,KNN,0.8195337995337996,0.7593669887461342
ecoli,False,MAR,0.3,1,NDI-F1,RF,0.8256410256410256,0.7763141031190266
ecoli,False,MAR,0.3,1,NDI-F1,SVC,0.847039627039627,0.8082940045344846
ecoli,False,MAR,0.3,1,NDI-F-noclip,LR,0.8348717948717947,0.803244034185373
ecoli,False,MAR,0.3,1,NDI-F-noclip,KNN,0.7921678321678322,0.7338753261973023
ecoli,False,MAR,0.3,1,NDI-F-noclip,RF,0.8288578088578088,0.7863700389554769
ecoli,False,MAR,0.3,1,NDI-F-noclip,SVC,0.8317948717948717,0.7925034104296749
ecoli,False,MAR,0.3,1,NDI-F,LR,0.8348717948717947,0.803244034185373
ecoli,False,MAR,0.3,1,NDI-F,KNN,0.7921678321678322,0.7338753261973023
ecoli,False,MAR,0.3,1,NDI-F,RF,0.8257808857808857,0.773357946032092
ecoli,False,MAR,0.3,1,NDI-F,SVC,0.8317948717948717,0.7925034104296749
ecoli,False,MAR,0.3,1,Copula-NDI-F,LR,0.8287179487179486,0.7953958248844499
ecoli,False,MAR,0.3,1,Copula-NDI-F,KNN,0.7829836829836829,0.7221883908482111
ecoli,False,MAR,0.3,1,Copula-NDI-F,RF,0.8196270396270396,0.782405066830685
ecoli,False,MAR,0.3,1,Copula-NDI-F,SVC,0.8196270396270396,0.7868556557816498
ecoli,False,MAR,0.3,2,Mean,LR,0.7704895104895104,0.6360152625717234
ecoli,False,MAR,0.3,2,Mean,KNN,0.7186480186480186,0.5691818790763264
ecoli,False,MAR,0.3,2,Mean,RF,0.7155710955710956,0.5843933007154
ecoli,False,MAR,0.3,2,Mean,SVC,0.7520745920745922,0.5686724311179383
ecoli,False,MAR,0.3,2,NDI-0,LR,0.7551981351981352,0.6268658080270983
ecoli,False,MAR,0.3,2,NDI-0,KNN,0.743030303030303,0.6298731739575498
ecoli,False,MAR,0.3,2,NDI-0,RF,0.7491375291375292,0.6157392695091295
ecoli,False,MAR,0.3,2,NDI-0,SVC,0.7582284382284382,0.558448161863775
ecoli,False,MAR,0.3,2,NDI-C,LR,0.7491375291375292,0.5854182434787072
ecoli,False,MAR,0.3,2,NDI-C,KNN,0.7460139860139859,0.6126941822307439
ecoli,False,MAR,0.3,2,NDI-C,RF,0.7430303030303029,0.6128905695683592
ecoli,False,MAR,0.3,2,NDI-C,SVC,0.7828904428904429,0.5779206124100373
ecoli,False,MAR,0.3,2,NDI-S,LR,0.7613053613053613,0.6119244570411071
ecoli,False,MAR,0.3,2,NDI-S,KNN,0.73995337995338,0.6054984834521143
ecoli,False,MAR,0.3,2,NDI-S,RF,0.7245687645687646,0.5856352447479449
ecoli,False,MAR,0.3,2,NDI-S,SVC,0.7705361305361306,0.5781509909053849
ecoli,False,MAR,0.3,2,GaussCM,LR,0.7644289044289044,0.6082433081566531
ecoli,False,MAR,0.3,2,GaussCM,KNN,0.7521678321678322,0.6299408505587876
ecoli,False,MAR,0.3,2,GaussCM,RF,0.7216317016317018,0.5675699939987668
ecoli,False,MAR,0.3,2,GaussCM,SVC,0.7645221445221445,0.5669006674643248
ecoli,False,MAR,0.3,2,KNN,LR,0.7583682983682983,0.6357386538266152
ecoli,False,MAR,0.3,2,KNN,KNN,0.7155244755244755,0.5849070315314757
ecoli,False,MAR,0.3,2,KNN,RF,0.7307692307692308,0.603626500657954
ecoli,False,MAR,0.3,2,KNN,SVC,0.7521678321678322,0.5631729174583138
ecoli,False,MAR,0.3,2,MICE,LR,0.7614452214452214,0.5980281871557568
ecoli,False,MAR,0.3,2,MICE,KNN,0.7277855477855478,0.5889155971231972
ecoli,False,MAR,0.3,2,MICE,RF,0.7248018648018648,0.5779688647205673
ecoli,False,MAR,0.3,2,MICE,SVC,0.7798135198135198,0.5786241341426548
ecoli,False,MAR,0.3,2,MissForest,LR,0.7676456876456876,0.6154429418358516
ecoli,False,MAR,0.3,2,MissForest,KNN,0.782890442890443,0.6857518598282922
ecoli,False,MAR,0.3,2,MissForest,RF,0.7401398601398601,0.627986764415245
ecoli,False,MAR,0.3,2,MissForest,SVC,0.7584149184149185,0.5610490807725493
ecoli,False,MAR,0.3,2,SoftImpute,LR,0.7735664335664335,0.6313369813608248
ecoli,False,MAR,0.3,2,SoftImpute,KNN,0.733986013986014,0.6014880383705583
ecoli,False,MAR,0.3,2,SoftImpute,RF,0.7124941724941725,0.5541631015567157
ecoli,False,MAR,0.3,2,SoftImpute,SVC,0.7736130536130537,0.5798794632705656
ecoli,False,MAR,0.3,2,GAIN,LR,0.7704895104895104,0.6307116729594735
ecoli,False,MAR,0.3,2,GAIN,KNN,0.7063403263403264,0.5604982277127408
ecoli,False,MAR,0.3,2,GAIN,RF,0.7216317016317016,0.5721557022797729
ecoli,False,MAR,0.3,2,GAIN,SVC,0.7582750582750583,0.5647497121319786
ecoli,False,MAR,0.3,2,NDI-F1,LR,0.7583216783216784,0.5979815066813674
ecoli,False,MAR,0.3,2,NDI-F1,KNN,0.7306759906759908,0.5884268000316434
ecoli,False,MAR,0.3,2,NDI-F1,RF,0.7279254079254079,0.5886014412219595
ecoli,False,MAR,0.3,2,NDI-F1,SVC,0.7705361305361306,0.5665193136435118
ecoli,False,MAR,0.3,2,NDI-F-noclip,LR,0.7582750582750583,0.6087061295425767
ecoli,False,MAR,0.3,2,NDI-F-noclip,KNN,0.7462004662004662,0.6063981436818069
ecoli,False,MAR,0.3,2,NDI-F-noclip,RF,0.74004662004662,0.5989426328280534
ecoli,False,MAR,0.3,2,NDI-F-noclip,SVC,0.7798601398601399,0.5877265183891469
ecoli,False,MAR,0.3,2,NDI-F,LR,0.7582750582750583,0.6087061295425767
ecoli,False,MAR,0.3,2,NDI-F,KNN,0.7462004662004662,0.6063981436818069
ecoli,False,MAR,0.3,2,NDI-F,RF,0.7491841491841491,0.607550732254235
ecoli,False,MAR,0.3,2,NDI-F,SVC,0.7829370629370629,0.5986154072780359
ecoli,False,MAR,0.3,2,Copula-NDI-F,LR,0.7490442890442891,0.5814751471446693
ecoli,False,MAR,0.3,2,Copula-NDI-F,KNN,0.7308158508158508,0.5951407290848432
ecoli,False,MAR,0.3,2,Copula-NDI-F,RF,0.7367365967365967,0.5917908366638495
ecoli,False,MAR,0.3,2,Copula-NDI-F,SVC,0.7644755244755246,0.5636363429316262
ecoli,False,MNAR,0.3,0,Mean,LR,0.8256876456876456,0.7771685991493295
ecoli,False,MNAR,0.3,0,Mean,KNN,0.8137062937062938,0.7634958438674286
ecoli,False,MNAR,0.3,0,Mean,RF,0.8165034965034964,0.7459348331183636
ecoli,False,MNAR,0.3,0,Mean,SVC,0.835011655011655,0.7765311933172161
ecoli,False,MNAR,0.3,0,NDI-0,LR,0.8319347319347319,0.7725747834351886
ecoli,False,MNAR,0.3,0,NDI-0,KNN,0.7860606060606059,0.7083881191287839
ecoli,False,MNAR,0.3,0,NDI-0,RF,0.7982284382284383,0.7238621140303032
ecoli,False,MNAR,0.3,0,NDI-0,SVC,0.8136596736596736,0.7357001143076178
ecoli,False,MNAR,0.3,0,NDI-C,LR,0.8227039627039627,0.7629556741496145
ecoli,False,MNAR,0.3,0,NDI-C,KNN,0.792121212121212,0.7345469460665125
ecoli,False,MNAR,0.3,0,NDI-C,RF,0.8042424242424243,0.732186852268131
ecoli,False,MNAR,0.3,0,NDI-C,SVC,0.8043822843822843,0.7288534638470205
ecoli,False,MNAR,0.3,0,NDI-S,LR,0.8348251748251748,0.7891451131941816
ecoli,False,MNAR,0.3,0,NDI-S,KNN,0.8044755244755244,0.7490618828632962
ecoli,False,MNAR,0.3,0,NDI-S,RF,0.834871794871795,0.7776918156845882
ecoli,False,MNAR,0.3,0,NDI-S,SVC,0.8196736596736596,0.7604950347801944
ecoli,False,MNAR,0.3,0,GaussCM,LR,0.8286713286713286,0.7834094903131861
ecoli,False,MNAR,0.3,0,GaussCM,KNN,0.8227972027972028,0.7775356984910978
ecoli,False,MNAR,0.3,0,GaussCM,RF,0.8043822843822843,0.7374229694688901
ecoli,False,MNAR,0.3,0,GaussCM,SVC,0.8288111888111886,0.7675146932198266
ecoli,False,MNAR,0.3,0,KNN,LR,0.7707226107226107,0.7162910476465338
ecoli,False,MNAR,0.3,0,KNN,KNN,0.7554778554778554,0.6833451397026715
ecoli,False,MNAR,0.3,0,KNN,RF,0.7921678321678322,0.7197503109531689
ecoli,False,MNAR,0.3,0,KNN,SVC,0.7770163170163171,0.7173103550953751
ecoli,False,MNAR,0.3,0,MICE,LR,0.8378088578088578,0.7865909349820741
ecoli,False,MNAR,0.3,0,MICE,KNN,0.7983216783216784,0.7516980714876076
ecoli,False,MNAR,0.3,0,MICE,RF,0.835011655011655,0.7865726244098876
ecoli,False,MNAR,0.3,0,MICE,SVC,0.8349184149184149,0.7776815113557332
ecoli,False,MNAR,0.3,0,MissForest,LR,0.8469930069930071,0.797770653857685
ecoli,False,MNAR,0.3,0,MissForest,KNN,0.8042424242424241,0.7418727809951495
ecoli,False,MNAR,0.3,0,MissForest,RF,0.8194871794871794,0.7601725425652124
ecoli,False,MNAR,0.3,0,MissForest,SVC,0.844009324009324,0.7705968683697492
ecoli,False,MNAR,0.3,0,SoftImpute,LR,0.840932400932401,0.7984917790731055
ecoli,False,MNAR,0.3,0,SoftImpute,KNN,0.8289510489510491,0.7816695389218312
ecoli,False,MNAR,0.3,0,SoftImpute,RF,0.8134731934731935,0.7493152086542852
ecoli,False,MNAR,0.3,0,SoftImpute,SVC,0.8257808857808857,0.7693740523796085
ecoli,False,MNAR,0.3,0,GAIN,LR,0.8471328671328671,0.7987209476494329
ecoli,False,MNAR,0.3,0,GAIN,KNN,0.8166899766899768,0.7616654657854336
ecoli,False,MNAR,0.3,0,GAIN,RF,0.8317948717948719,0.7737769949954167
ecoli,False,MNAR,0.3,0,GAIN,SVC,0.8350116550116551,0.7781039888192964
ecoli,False,MNAR,0.3,0,NDI-F1,LR,0.8349184149184149,0.7850939669522042
ecoli,False,MNAR,0.3,0,NDI-F1,KNN,0.8106759906759906,0.7587730483308824
ecoli,False,MNAR,0.3,0,NDI-F1,RF,0.8164102564102563,0.7494657308467068
ecoli,False,MNAR,0.3,0,NDI-F1,SVC,0.8227039627039627,0.7534534103046605
ecoli,False,MNAR,0.3,0,NDI-F-noclip,LR,0.8225174825174824,0.7756103847157705
ecoli,False,MNAR,0.3,0,NDI-F-noclip,KNN,0.7951981351981351,0.7299661176263627
ecoli,False,MNAR,0.3,0,NDI-F-noclip,RF,0.8255011655011655,0.7577087021300881
ecoli,False,MNAR,0.3,0,NDI-F-noclip,SVC,0.7889510489510488,0.7063037199381952
ecoli,False,MNAR,0.3,0,NDI-F,LR,0.8286247086247085,0.7802634956693485
ecoli,False,MNAR,0.3,0,NDI-F,KNN,0.7859673659673659,0.720032596594602
ecoli,False,MNAR,0.3,0,NDI-F,RF,0.8225641025641026,0.7569304835227136
ecoli,False,MNAR,0.3,0,NDI-F,SVC,0.8226107226107227,0.7458531350644539
ecoli,False,MNAR,0.3,0,Copula-NDI-F,LR,0.794965034965035,0.7473520521580148
ecoli,False,MNAR,0.3,0,Copula-NDI-F,KNN,0.7585081585081584,0.6893278115758176
ecoli,False,MNAR,0.3,0,Copula-NDI-F,RF,0.7888578088578089,0.7300695359931663
ecoli,False,MNAR,0.3,0,Copula-NDI-F,SVC,0.7981351981351981,0.7211182362721157
ecoli,False,MNAR,0.3,0,MIWAE,LR,0.788951048951049,0.7495120553951893
ecoli,False,MNAR,0.3,0,MIWAE,KNN,0.7645221445221445,0.6928239458047162
ecoli,False,MNAR,0.3,0,MIWAE,RF,0.7827039627039627,0.7363158908276303
ecoli,False,MNAR,0.3,0,MIWAE,SVC,0.7644755244755245,0.7093886991318522
ecoli,False,MNAR,0.3,0,Sinkhorn,LR,0.8317482517482517,0.7923079580849504
ecoli,False,MNAR,0.3,0,Sinkhorn,KNN,0.7738927738927739,0.7275470078612443
ecoli,False,MNAR,0.3,0,Sinkhorn,RF,0.7890909090909091,0.7276137782674927
ecoli,False,MNAR,0.3,0,Sinkhorn,SVC,0.8287179487179486,0.7815639857222162
ecoli,False,MNAR,0.3,0,HyperImpute,LR,0.844009324009324,0.7970928262401651
ecoli,False,MNAR,0.3,0,HyperImpute,KNN,0.7983216783216783,0.735759489412653
ecoli,False,MNAR,0.3,0,HyperImpute,RF,0.8379020979020979,0.7686821112201843
ecoli,False,MNAR,0.3,0,HyperImpute,SVC,0.8257342657342657,0.7585864836677907
ecoli,False,MNAR,0.3,0,ReMasker,LR,0.844009324009324,0.7996516206981458
ecoli,False,MNAR,0.3,0,ReMasker,KNN,0.834965034965035,0.7794708536378947
ecoli,False,MNAR,0.3,0,ReMasker,RF,0.8347785547785549,0.7733243474343763
ecoli,False,MNAR,0.3,0,ReMasker,SVC,0.837995337995338,0.7778539392064243
ecoli,False,MNAR,0.3,1,Mean,LR,0.8135198135198134,0.6880481305603647
ecoli,False,MNAR,0.3,1,Mean,KNN,0.7858741258741258,0.6422463505050627
ecoli,False,MNAR,0.3,1,Mean,RF,0.8044289044289045,0.6928363569212043
ecoli,False,MNAR,0.3,1,Mean,SVC,0.8072727272727273,0.6614239363269997
ecoli,False,MNAR,0.3,1,NDI-0,LR,0.7982284382284381,0.6571643153184498
ecoli,False,MNAR,0.3,1,NDI-0,KNN,0.7950116550116549,0.6556329483300027
ecoli,False,MNAR,0.3,1,NDI-0,RF,0.789137529137529,0.6289775231339697
ecoli,False,MNAR,0.3,1,NDI-0,SVC,0.8073659673659673,0.6425020928707763
ecoli,False,MNAR,0.3,1,NDI-C,LR,0.7767365967365967,0.6210003302374046
ecoli,False,MNAR,0.3,1,NDI-C,KNN,0.7463403263403263,0.5816784661033525
ecoli,False,MNAR,0.3,1,NDI-C,RF,0.77995337995338,0.6290624873600109
ecoli,False,MNAR,0.3,1,NDI-C,SVC,0.8043356643356644,0.6345809721579255
ecoli,False,MNAR,0.3,1,NDI-S,LR,0.786013986013986,0.6402203013019182
ecoli,False,MNAR,0.3,1,NDI-S,KNN,0.7859673659673658,0.642688477397438
ecoli,False,MNAR,0.3,1,NDI-S,RF,0.7982750582750583,0.6477838049312961
ecoli,False,MNAR,0.3,1,NDI-S,SVC,0.8134265734265733,0.6607086464245775
ecoli,False,MNAR,0.3,1,GaussCM,LR,0.7890909090909091,0.6429263285145321
ecoli,False,MNAR,0.3,1,GaussCM,KNN,0.7829370629370629,0.6201077475383643
ecoli,False,MNAR,0.3,1,GaussCM,RF,0.77995337995338,0.6194473226990136
ecoli,False,MNAR,0.3,1,GaussCM,SVC,0.8195804195804195,0.66128362849001
ecoli,False,MNAR,0.3,1,KNN,LR,0.7524009324009324,0.63285729797753
ecoli,False,MNAR,0.3,1,KNN,KNN,0.7340792540792541,0.5844619629071707
ecoli,False,MNAR,0.3,1,KNN,RF,0.7187412587412587,0.5754556476802539
ecoli,False,MNAR,0.3,1,KNN,SVC,0.7675990675990676,0.6459964576329688
ecoli,False,MNAR,0.3,1,MICE,LR,0.7859673659673658,0.6194853013128141
ecoli,False,MNAR,0.3,1,MICE,KNN,0.7829836829836829,0.6171065614966992
ecoli,False,MNAR,0.3,1,MICE,RF,0.7829370629370629,0.6353651953649384
ecoli,False,MNAR,0.3,1,MICE,SVC,0.8043822843822843,0.6175861432693679
ecoli,False,MNAR,0.3,1,MissForest,LR,0.7891375291375291,0.6296310658264527
ecoli,False,MNAR,0.3,1,MissForest,KNN,0.7647086247086247,0.6044340394666702
ecoli,False,MNAR,0.3,1,MissForest,RF,0.7770163170163171,0.5957234349825281
ecoli,False,MNAR,0.3,1,MissForest,SVC,0.7951981351981352,0.6300109652139291
ecoli,False,MNAR,0.3,1,SoftImpute,LR,0.7829370629370629,0.6368473558599936
ecoli,False,MNAR,0.3,1,SoftImpute,KNN,0.7798135198135198,0.6254537229690998
ecoli,False,MNAR,0.3,1,SoftImpute,RF,0.8013053613053612,0.6688756436754512
ecoli,False,MNAR,0.3,1,SoftImpute,SVC,0.8225174825174826,0.6763886880310602
ecoli,False,MNAR,0.3,1,GAIN,LR,0.7951981351981351,0.6600703603630667
ecoli,False,MNAR,0.3,1,GAIN,KNN,0.7981818181818181,0.6498800939932067
ecoli,False,MNAR,0.3,1,GAIN,RF,0.8043356643356644,0.660479819994394
ecoli,False,MNAR,0.3,1,GAIN,SVC,0.8134731934731935,0.6829693434935924
ecoli,False,MNAR,0.3,1,NDI-F1,LR,0.7920745920745921,0.6414473128083379
ecoli,False,MNAR,0.3,1,NDI-F1,KNN,0.7614918414918415,0.5905289002897259
ecoli,False,MNAR,0.3,1,NDI-F1,RF,0.783123543123543,0.6211903234968335
ecoli,False,MNAR,0.3,1,NDI-F1,SVC,0.8073659673659673,0.6488354091819721
ecoli,False,MNAR,0.3,1,NDI-F-noclip,LR,0.7982284382284383,0.6503671418754771
ecoli,False,MNAR,0.3,1,NDI-F-noclip,KNN,0.776969696969697,0.6401085486606393
ecoli,False,MNAR,0.3,1,NDI-F-noclip,RF,0.783030303030303,0.6361864024522708
ecoli,False,MNAR,0.3,1,NDI-F-noclip,SVC,0.8074592074592074,0.6366681904803536
ecoli,False,MNAR,0.3,1,NDI-F,LR,0.8042890442890442,0.6579074946617315
ecoli,False,MNAR,0.3,1,NDI-F,KNN,0.78,0.621202282952573
ecoli,False,MNAR,0.3,1,NDI-F,RF,0.7738927738927739,0.6172337216416501
ecoli,False,MNAR,0.3,1,NDI-F,SVC,0.8074125874125875,0.6414327038109107
ecoli,False,MNAR,0.3,1,Copula-NDI-F,LR,0.7859207459207459,0.6359679782350146
ecoli,False,MNAR,0.3,1,Copula-NDI-F,KNN,0.7738927738927739,0.6120869780952128
ecoli,False,MNAR,0.3,1,Copula-NDI-F,RF,0.7767832167832168,0.6149939328824642
ecoli,False,MNAR,0.3,1,Copula-NDI-F,SVC,0.7890442890442891,0.6066704403587753
ecoli,False,MNAR,0.3,2,Mean,LR,0.7736130536130537,0.6995334041593171
ecoli,False,MNAR,0.3,2,Mean,KNN,0.7735664335664335,0.6974741440496228
ecoli,False,MNAR,0.3,2,Mean,RF,0.7767832167832168,0.7023733251368126
ecoli,False,MNAR,0.3,2,Mean,SVC,0.8012121212121212,0.7162620270938475
ecoli,False,MNAR,0.3,2,NDI-0,LR,0.7614918414918415,0.6800479546169166
ecoli,False,MNAR,0.3,2,NDI-0,KNN,0.7154778554778556,0.5935045257659364
ecoli,False,MNAR,0.3,2,NDI-0,RF,0.7493240093240093,0.6548363183551456
ecoli,False,MNAR,0.3,2,NDI-0,SVC,0.7706759906759906,0.6691486635895731
ecoli,False,MNAR,0.3,2,NDI-C,LR,0.7676456876456876,0.6903458559102256
ecoli,False,MNAR,0.3,2,NDI-C,KNN,0.7431235431235431,0.6426413355131173
ecoli,False,MNAR,0.3,2,NDI-C,RF,0.7707692307692307,0.6749379506043283
ecoli,False,MNAR,0.3,2,NDI-C,SVC,0.7859673659673658,0.6867998406080472
ecoli,False,MNAR,0.3,2,NDI-S,LR,0.7951048951048951,0.7328713472875079
ecoli,False,MNAR,0.3,2,NDI-S,KNN,0.7522610722610723,0.6788043789715615
ecoli,False,MNAR,0.3,2,NDI-S,RF,0.7676923076923077,0.6921581937078523
ecoli,False,MNAR,0.3,2,NDI-S,SVC,0.7890442890442889,0.701184548939193
ecoli,False,MNAR,0.3,2,GaussCM,LR,0.8073193473193474,0.7499761611019992
ecoli,False,MNAR,0.3,2,GaussCM,KNN,0.7706759906759906,0.6863278854376256
ecoli,False,MNAR,0.3,2,GaussCM,RF,0.7677389277389278,0.6968153203899131
ecoli,False,MNAR,0.3,2,GaussCM,SVC,0.8013053613053612,0.7067839951649688
ecoli,False,MNAR,0.3,2,KNN,LR,0.746013986013986,0.701920493593611
ecoli,False,MNAR,0.3,2,KNN,KNN,0.7431235431235431,0.6735410546610653
ecoli,False,MNAR,0.3,2,KNN,RF,0.7341258741258742,0.6661067123594843
ecoli,False,MNAR,0.3,2,KNN,SVC,0.7613986013986015,0.6798741431320157
ecoli,False,MNAR,0.3,2,MICE,LR,0.7951048951048951,0.704950800857123
ecoli,False,MNAR,0.3,2,MICE,KNN,0.7827972027972028,0.6958655659474147
ecoli,False,MNAR,0.3,2,MICE,RF,0.786013986013986,0.706441478426899
ecoli,False,MNAR,0.3,2,MICE,SVC,0.8012587412587413,0.7039404298690701
ecoli,False,MNAR,0.3,2,MissForest,LR,0.8072727272727273,0.7363477686258131
ecoli,False,MNAR,0.3,2,MissForest,KNN,0.7674592074592075,0.6873629426780232
ecoli,False,MNAR,0.3,2,MissForest,RF,0.7767365967365968,0.6987902903484805
ecoli,False,MNAR,0.3,2,MissForest,SVC,0.791934731934732,0.6766511179480037
ecoli,False,MNAR,0.3,2,SoftImpute,LR,0.8012587412587413,0.7402084546246153
ecoli,False,MNAR,0.3,2,SoftImpute,KNN,0.7766899766899767,0.7106202701342951
ecoli,False,MNAR,0.3,2,SoftImpute,RF,0.7829836829836829,0.7118360972836448
ecoli,False,MNAR,0.3,2,SoftImpute,SVC,0.8042890442890442,0.725814928904113
ecoli,False,MNAR,0.3,2,GAIN,LR,0.7890442890442889,0.732153715324981
ecoli,False,MNAR,0.3,2,GAIN,KNN,0.7766433566433566,0.6995008521918875
ecoli,False,MNAR,0.3,2,GAIN,RF,0.7920745920745922,0.710329830095335
ecoli,False,MNAR,0.3,2,GAIN,SVC,0.8012121212121212,0.7001527987986815
ecoli,False,MNAR,0.3,2,NDI-F1,LR,0.7767365967365967,0.7041102919743515
ecoli,False,MNAR,0.3,2,NDI-F1,KNN,0.7553379953379953,0.6784141194202628
ecoli,False,MNAR,0.3,2,NDI-F1,RF,0.7767365967365967,0.6943745573043174
ecoli,False,MNAR,0.3,2,NDI-F1,SVC,0.7737062937062936,0.670890431769197
ecoli,False,MNAR,0.3,2,NDI-F-noclip,LR,0.7921212121212122,0.7222739077307753
ecoli,False,MNAR,0.3,2,NDI-F-noclip,KNN,0.7645221445221445,0.6539373937258188
ecoli,False,MNAR,0.3,2,NDI-F-noclip,RF,0.74,0.6440124393507001
ecoli,False,MNAR,0.3,2,NDI-F-noclip,SVC,0.7891375291375292,0.6841040229747696
ecoli,False,MNAR,0.3,2,NDI-F,LR,0.7921212121212122,0.7222739077307753
ecoli,False,MNAR,0.3,2,NDI-F,KNN,0.7675990675990676,0.65609961746699
ecoli,False,MNAR,0.3,2,NDI-F,RF,0.7614452214452214,0.6716899734498181
ecoli,False,MNAR,0.3,2,NDI-F,SVC,0.7891375291375292,0.6841040229747696
ecoli,False,MNAR,0.3,2,Copula-NDI-F,LR,0.785967365967366,0.7157195241119293
ecoli,False,MNAR,0.3,2,Copula-NDI-F,KNN,0.7676923076923077,0.6902390622453854
ecoli,False,MNAR,0.3,2,Copula-NDI-F,RF,0.7616317016317017,0.6788379173877829
ecoli,False,MNAR,0.3,2,Copula-NDI-F,SVC,0.7891375291375292,0.6864852384838629
ionosphere,False,MCAR,0.3,0,Mean,LR,0.8376257545271629,0.814435176387212
ionosphere,False,MCAR,0.3,0,Mean,KNN,0.8061971830985915,0.7565682710777668
ionosphere,False,MCAR,0.3,0,Mean,RF,0.9145271629778673,0.905125618003581
ionosphere,False,MCAR,0.3,0,Mean,SVC,0.9145271629778673,0.9039036713875067
ionosphere,False,MCAR,0.3,0,NDI-0,LR,0.8432997987927566,0.8212729981061662
ionosphere,False,MCAR,0.3,0,NDI-0,KNN,0.8176257545271628,0.7703544913533766
ionosphere,False,MCAR,0.3,0,NDI-0,RF,0.9003621730382294,0.8900912919570318
ionosphere,False,MCAR,0.3,0,NDI-0,SVC,0.9116700201207244,0.9004527525519762
ionosphere,False,MCAR,0.3,0,NDI-C,LR,0.8404828973843059,0.8170565252863977
ionosphere,False,MCAR,0.3,0,NDI-C,KNN,0.8061569416498994,0.7506336068440176
ionosphere,False,MCAR,0.3,0,NDI-C,RF,0.9117505030181088,0.9012896950115901
ionosphere,False,MCAR,0.3,0,NDI-C,SVC,0.9146076458752516,0.9039963242804614
ionosphere,False,MCAR,0.3,0,NDI-S,LR,0.8518712273641851,0.8291557816824042
ionosphere,False,MCAR,0.3,0,NDI-S,KNN,0.8032997987927566,0.7485355097052067
ionosphere,False,MCAR,0.3,0,NDI-S,RF,0.9117907444668008,0.9018505745200744
ionosphere,False,MCAR,0.3,0,NDI-S,SVC,0.9146076458752516,0.9039963242804614
ionosphere,False,MCAR,0.3,0,GaussCM,LR,0.8460764587525151,0.8224337284453199
ionosphere,False,MCAR,0.3,0,GaussCM,KNN,0.8205231388329981,0.7767970482621105
ionosphere,False,MCAR,0.3,0,GaussCM,RF,0.920281690140845,0.9114728301216038
ionosphere,False,MCAR,0.3,0,GaussCM,SVC,0.9259959758551307,0.9165195880455428
ionosphere,False,MCAR,0.3,0,KNN,LR,0.8631790744466802,0.8399765905212334
ionosphere,False,MCAR,0.3,0,KNN,KNN,0.8205633802816902,0.7800872912569883
ionosphere,False,MCAR,0.3,0,KNN,RF,0.9146076458752516,0.9046007791499615
ionosphere,False,MCAR,0.3,0,KNN,SVC,0.9146076458752516,0.9048473468531485
ionosphere,False,MCAR,0.3,0,MICE,LR,0.8403621730382292,0.813512303564033
ionosphere,False,MCAR,0.3,0,MICE,KNN,0.8347686116700201,0.7977087392385978
ionosphere,False,MCAR,0.3,0,MICE,RF,0.9230985915492959,0.9140330400734458
ionosphere,False,MCAR,0.3,0,MICE,SVC,0.9316700201207244,0.9232225979389505
ionosphere,False,MCAR,0.3,0,MissForest,LR,0.8717505030181087,0.8528492350783484
ionosphere,False,MCAR,0.3,0,MissForest,KNN,0.8319919517102615,0.7954426278891139
ionosphere,False,MCAR,0.3,0,MissForest,RF,0.9146881287726358,0.9054476091282531
ionosphere,False,MCAR,0.3,0,MissForest,SVC,0.926036217303823,0.9170773432190561
ionosphere,False,MCAR,0.3,0,SoftImpute,LR,0.8546881287726358,0.8316772871577728
ionosphere,False,MCAR,0.3,0,SoftImpute,KNN,0.8176659959758551,0.7738356076302648
ionosphere,False,MCAR,0.3,0,SoftImpute,RF,0.9146478873239436,0.9048077523308777
ionosphere,False,MCAR,0.3,0,SoftImpute,SVC,0.9203219315895372,0.9110254335283626
ionosphere,False,MCAR,0.3,0,GAIN,LR,0.8490543259557344,0.8274852495365537
ionosphere,False,MCAR,0.3,0,GAIN,KNN,0.8290140845070422,0.7876952241254754
ionosphere,False,MCAR,0.3,0,GAIN,RF,0.9259959758551307,0.9174583373679808
ionosphere,False,MCAR,0.3,0,GAIN,SVC,0.920241448692153,0.9097659481794782
ionosphere,False,MCAR,0.3,0,NDI-F1,LR,0.8548088531187122,0.8334598911410241
ionosphere,False,MCAR,0.3,0,NDI-F1,KNN,0.7919517102615694,0.7318258573648235
ionosphere,False,MCAR,0.3,0,NDI-F1,RF,0.9146478873239436,0.9052001327780681
ionosphere,False,MCAR,0.3,0,NDI-F1,SVC,0.9031790744466802,0.8912052975231537
ionosphere,False,MCAR,0.3,0,NDI-F-noclip,LR,0.84897384305835,0.8241779215203234
ionosphere,False,MCAR,0.3,0,NDI-F-noclip,KNN,0.8262374245472838,0.7849284426857739
ionosphere,False,MCAR,0.3,0,NDI-F-noclip,RF,0.9145674044265594,0.9040937033235776
ionosphere,False,MCAR,0.3,0,NDI-F-noclip,SVC,0.9231790744466801,0.9138902492893507
ionosphere,False,MCAR,0.3,0,NDI-F,LR,0.84897384305835,0.8244025431902301
ionosphere,False,MCAR,0.3,0,NDI-F,KNN,0.823380281690141,0.7807238222237276
ionosphere,False,MCAR,0.3,0,NDI-F,RF,0.9145674044265594,0.9040870465813571
ionosphere,False,MCAR,0.3,0,NDI-F,SVC,0.9231790744466801,0.9138902492893507
ionosphere,False,MCAR,0.3,0,Copula-NDI-F,LR,0.8546881287726358,0.8340997547020148
ionosphere,False,MCAR,0.3,0,Copula-NDI-F,KNN,0.8290945674044267,0.7912865084012656
ionosphere,False,MCAR,0.3,0,Copula-NDI-F,RF,0.9032193158953723,0.8913809093724074
ionosphere,False,MCAR,0.3,0,Copula-NDI-F,SVC,0.9231388329979879,0.9136395519711528
ionosphere,False,MCAR,0.3,0,MIWAE,LR,0.8717907444668007,0.8525377804873449
ionosphere,False,MCAR,0.3,0,MIWAE,KNN,0.8348088531187123,0.798182652722162
ionosphere,False,MCAR,0.3,0,MIWAE,RF,0.920241448692153,0.9110876438547578
ionosphere,False,MCAR,0.3,0,MIWAE,SVC,0.9174245472837022,0.9076465970842132
ionosphere,False,MCAR,0.3,0,Sinkhorn,LR,0.8575452716297786,0.8345595502877616
ionosphere,False,MCAR,0.3,0,Sinkhorn,KNN,0.8375855130784708,0.8015144374262636
ionosphere,False,MCAR,0.3,0,Sinkhorn,RF,0.9203219315895372,0.9111437910162852
ionosphere,False,MCAR,0.3,0,Sinkhorn,SVC,0.926036217303823,0.9170773432190561
ionosphere,False,MCAR,0.3,0,HyperImpute,LR,0.8603219315895373,0.8399872744488036
ionosphere,False,MCAR,0.3,0,HyperImpute,KNN,0.8347686116700203,0.7981043127954474
ionosphere,False,MCAR,0.3,0,HyperImpute,RF,0.9117505030181088,0.9013473899496462
ionosphere,False,MCAR,0.3,0,HyperImpute,SVC,0.9174647887323945,0.9073385104282934
ionosphere,False,MCAR,0.3,0,ReMasker,LR,0.8633400402414487,0.8415185675373678
ionosphere,False,MCAR,0.3,0,ReMasker,KNN,0.8290945674044267,0.79080351684967
ionosphere,False,MCAR,0.3,0,ReMasker,RF,0.911830985915493,0.9010522807009979
ionosphere,False,MCAR,0.3,0,ReMasker,SVC,0.9174647887323945,0.9071932543345345
ionosphere,False,MCAR,0.3,1,Mean,LR,0.848933601609658,0.8265583574260968
ionosphere,False,MCAR,0.3,1,Mean,KNN,0.803420523138833,0.7542939145813117
ionosphere,False,MCAR,0.3,1,Mean,RF,0.9087726358148892,0.9011210774445069
ionosphere,False,MCAR,0.3,1,Mean,SVC,0.9259557344064386,0.9172457737737995
ionosphere,False,MCAR,0.3,1,NDI-0,LR,0.8461167002012072,0.8238478681355647
ionosphere,False,MCAR,0.3,1,NDI-0,KNN,0.8175855130784708,0.7759436723984022
ionosphere,False,MCAR,0.3,1,NDI-0,RF,0.9145271629778671,0.9062584860919735
ionosphere,False,MCAR,0.3,1,NDI-0,SVC,0.9230181086519116,0.9134560212044682
ionosphere,False,MCAR,0.3,1,NDI-C,LR,0.84897384305835,0.8272319834248716
ionosphere,False,MCAR,0.3,1,NDI-C,KNN,0.8175855130784708,0.7724698154011064
ionosphere,False,MCAR,0.3,1,NDI-C,RF,0.9230181086519114,0.9149708389713294
ionosphere,False,MCAR,0.3,1,NDI-C,SVC,0.9401207243460765,0.9334469136478155
ionosphere,False,MCAR,0.3,1,NDI-S,LR,0.8404426559356137,0.8174106807707402
ionosphere,False,MCAR,0.3,1,NDI-S,KNN,0.8090543259557343,0.7609928947655616
ionosphere,False,MCAR,0.3,1,NDI-S,RF,0.9145271629778671,0.9060207350830833
ionosphere,False,MCAR,0.3,1,NDI-S,SVC,0.9344466800804829,0.9267660491682232
ionosphere,False,MCAR,0.3,1,GaussCM,LR,0.8546478873239437,0.8347725399132827
ionosphere,False,MCAR,0.3,1,GaussCM,KNN,0.8289738430583501,0.7876051284416544
ionosphere,False,MCAR,0.3,1,GaussCM,RF,0.9316297786720321,0.9254619168780847
ionosphere,False,MCAR,0.3,1,GaussCM,SVC,0.9401609657947686,0.9342998786745597
ionosphere,False,MCAR,0.3,1,KNN,LR,0.8546478873239437,0.8318992142275506
ionosphere,False,MCAR,0.3,1,KNN,KNN,0.8261569416498993,0.786889262722842
ionosphere,False,MCAR,0.3,1,KNN,RF,0.9173843058350102,0.9100133787681013
ionosphere,False,MCAR,0.3,1,KNN,SVC,0.9344466800804829,0.9266792774533439
ionosphere,False,MCAR,0.3,1,MICE,LR,0.8376257545271629,0.8143808397645523
ionosphere,False,MCAR,0.3,1,MICE,KNN,0.8347686116700201,0.7990124995208646
ionosphere,False,MCAR,0.3,1,MICE,RF,0.9316297786720321,0.9249341272074378
ionosphere,False,MCAR,0.3,1,MICE,SVC,0.9429778672032192,0.9367850516886256
ionosphere,False,MCAR,0.3,1,MissForest,LR,0.8832193158953722,0.8665573389702657
ionosphere,False,MCAR,0.3,1,MissForest,KNN,0.8374647887323944,0.8009989024807993
ionosphere,False,MCAR,0.3,1,MissForest,RF,0.9316297786720321,0.9247546248602336
ionosphere,False,MCAR,0.3,1,MissForest,SVC,0.9430181086519115,0.936510700652005
ionosphere,False,MCAR,0.3,1,SoftImpute,LR,0.8460764587525151,0.8229900282007104
ionosphere,False,MCAR,0.3,1,SoftImpute,KNN,0.8374245472837021,0.8000246839716993
ionosphere,False,MCAR,0.3,1,SoftImpute,RF,0.9344869215291751,0.9289786581495901
ionosphere,False,MCAR,0.3,1,SoftImpute,SVC,0.9429778672032194,0.9367582689591709
ionosphere,False,MCAR,0.3,1,GAIN,LR,0.8717505030181087,0.8534458650473293
ionosphere,False,MCAR,0.3,1,GAIN,KNN,0.8346076458752515,0.7983027703954172
ionosphere,False,MCAR,0.3,1,GAIN,RF,0.9145271629778671,0.906285239964032
ionosphere,False,MCAR,0.3,1,GAIN,SVC,0.9373038229376258,0.9302650405348599
ionosphere,False,MCAR,0.3,1,NDI-F1,LR,0.854728370221328,0.8335832272332897
ionosphere,False,MCAR,0.3,1,NDI-F1,KNN,0.8147283702213279,0.7686205943636693
ionosphere,False,MCAR,0.3,1,NDI-F1,RF,0.9316297786720323,0.9255545121313608
ionosphere,False,MCAR,0.3,1,NDI-F1,SVC,0.9373038229376258,0.9299057665936548
ionosphere,False,MCAR,0.3,1,NDI-F-noclip,LR,0.843138832997988,0.8181364815146374
ionosphere,False,MCAR,0.3,1,NDI-F-noclip,KNN,0.8431388329979879,0.8085922794309356
ionosphere,False,MCAR,0.3,1,NDI-F-noclip,RF,0.9316297786720323,0.9254322806994081
ionosphere,False,MCAR,0.3,1,NDI-F-noclip,SVC,0.951549295774648,0.9463505084663909
ionosphere,False,MCAR,0.3,1,NDI-F,LR,0.848893360160966,0.8252049764637007
ionosphere,False,MCAR,0.3,1,NDI-F,KNN,0.8431388329979879,0.8085922794309356
ionosphere,False,MCAR,0.3,1,NDI-F,RF,0.9287726358148894,0.9219918729942653
ionosphere,False,MCAR,0.3,1,NDI-F,SVC,0.9486921529175051,0.9431496461816777
ionosphere,False,MCAR,0.3,1,Copula-NDI-F,LR,0.8631790744466802,0.8432391762916222
ionosphere,False,MCAR,0.3,1,Copula-NDI-F,KNN,0.8090140845070423,0.75797140351324
ionosphere,False,MCAR,0.3,1,Copula-NDI-F,RF,0.9230985915492959,0.916529909766626
ionosphere,False,MCAR,0.3,1,Copula-NDI-F,SVC,0.9429778672032192,0.9365081814726498
ionosphere,False,MCAR,0.3,2,Mean,LR,0.8375855130784708,0.8129803487436182
ionosphere,False,MCAR,0.3,2,Mean,KNN,0.7890140845070422,0.726709153907524
ionosphere,False,MCAR,0.3,2,Mean,RF,0.9173440643863179,0.9094900009244323
ionosphere,False,MCAR,0.3,2,Mean,SVC,0.9173440643863179,0.9082611423655089
ionosphere,False,MCAR,0.3,2,NDI-0,LR,0.8375050301810866,0.8089151296773686
ionosphere,False,MCAR,0.3,2,NDI-0,KNN,0.8232193158953722,0.777892115889452
ionosphere,False,MCAR,0.3,2,NDI-0,RF,0.9088128772635816,0.8999505176668109
ionosphere,False,MCAR,0.3,2,NDI-0,SVC,0.9201609657947687,0.9114202212906413
ionosphere,False,MCAR,0.3,2,NDI-C,LR,0.8346478873239436,0.8088355733263548
ionosphere,False,MCAR,0.3,2,NDI-C,KNN,0.8005633802816903,0.7471592711334017
ionosphere,False,MCAR,0.3,2,NDI-C,RF,0.9230181086519116,0.915247374088989
ionosphere,False,MCAR,0.3,2,NDI-C,SVC,0.9344466800804829,0.9273898472788389
ionosphere,False,MCAR,0.3,2,NDI-S,LR,0.8346881287726358,0.8094683290105011
ionosphere,False,MCAR,0.3,2,NDI-S,KNN,0.800523138832998,0.7474859186275922
ionosphere,False,MCAR,0.3,2,NDI-S,RF,0.9258752515090544,0.9182726662571383
ionosphere,False,MCAR,0.3,2,NDI-S,SVC,0.9316297786720321,0.9243980740424339
ionosphere,False,MCAR,0.3,2,GaussCM,LR,0.8261569416498993,0.7992395156045699
ionosphere,False,MCAR,0.3,2,GaussCM,KNN,0.8347686116700201,0.7979109954004912
ionosphere,False,MCAR,0.3,2,GaussCM,RF,0.9087726358148893,0.8996911509793921
ionosphere,False,MCAR,0.3,2,GaussCM,SVC,0.9373038229376258,0.9303461301264262
ionosphere,False,MCAR,0.3,2,KNN,LR,0.8575452716297788,0.8379306643969535
ionosphere,False,MCAR,0.3,2,KNN,KNN,0.8148088531187122,0.7690651767772378
ionosphere,False,MCAR,0.3,2,KNN,RF,0.9145674044265594,0.9065386882750766
ionosphere,False,MCAR,0.3,2,KNN,SVC,0.9315492957746478,0.9239777420024737
ionosphere,False,MCAR,0.3,2,MICE,LR,0.8233400402414487,0.799475509678199
ionosphere,False,MCAR,0.3,2,MICE,KNN,0.8148490945674043,0.7693810767239421
ionosphere,False,MCAR,0.3,2,MICE,RF,0.9116700201207244,0.9037883601074868
ionosphere,False,MCAR,0.3,2,MICE,SVC,0.9258752515090544,0.9172080311937375
ionosphere,False,MCAR,0.3,2,MissForest,LR,0.8545674044265594,0.8330875877972581
ionosphere,False,MCAR,0.3,2,MissForest,KNN,0.8319517102615694,0.794223272156586
ionosphere,False,MCAR,0.3,2,MissForest,RF,0.9059154929577465,0.8964496368264558
ionosphere,False,MCAR,0.3,2,MissForest,SVC,0.9258752515090544,0.9177199172445404
ionosphere,False,MCAR,0.3,2,SoftImpute,LR,0.8346881287726357,0.8080435312489531
ionosphere,False,MCAR,0.3,2,SoftImpute,KNN,0.8204828973843059,0.7780475932439491
ionosphere,False,MCAR,0.3,2,SoftImpute,RF,0.9088531187122737,0.8996277403306093
ionosphere,False,MCAR,0.3,2,SoftImpute,SVC,0.9372635814889335,0.9306302443299037
ionosphere,False,MCAR,0.3,2,GAIN,LR,0.8404024144869215,0.8178537458596932
ionosphere,False,MCAR,0.3,2,GAIN,KNN,0.8147686116700201,0.768892188454329
ionosphere,False,MCAR,0.3,2,GAIN,RF,0.9059557344064386,0.8960738119121784
ionosphere,False,MCAR,0.3,2,GAIN,SVC,0.9315492957746478,0.9242675373930421
ionosphere,False,MCAR,0.3,2,NDI-F1,LR,0.8260362173038229,0.800419379494263
ionosphere,False,MCAR,0.3,2,NDI-F1,KNN,0.7948088531187123,0.7374093079836018
ionosphere,False,MCAR,0.3,2,NDI-F1,RF,0.9173440643863179,0.9086612985256952
ionosphere,False,MCAR,0.3,2,NDI-F1,SVC,0.9316297786720321,0.924020874351949
ionosphere,False,MCAR,0.3,2,NDI-F-noclip,LR,0.8346881287726357,0.810720754961612
ionosphere,False,MCAR,0.3,2,NDI-F-noclip,KNN,0.823420523138833,0.7795693217565218
ionosphere,False,MCAR,0.3,2,NDI-F-noclip,RF,0.9116700201207244,0.9022982690329616
ionosphere,False,MCAR,0.3,2,NDI-F-noclip,SVC,0.9373038229376258,0.9303461301264262
ionosphere,False,MCAR,0.3,2,NDI-F,LR,0.8318712273641851,0.806342752296316
ionosphere,False,MCAR,0.3,2,NDI-F,KNN,0.823420523138833,0.7795693217565218
ionosphere,False,MCAR,0.3,2,NDI-F,RF,0.9144869215291751,0.9052395824447219
ionosphere,False,MCAR,0.3,2,NDI-F,SVC,0.9373038229376258,0.9303461301264262
ionosphere,False,MCAR,0.3,2,Copula-NDI-F,LR,0.8404024144869215,0.8180428593758802
ionosphere,False,MCAR,0.3,2,Copula-NDI-F,KNN,0.8232997987927566,0.7815414493166589
ionosphere,False,MCAR,0.3,2,Copula-NDI-F,RF,0.9173843058350102,0.9087486391411328
ionosphere,False,MCAR,0.3,2,Copula-NDI-F,SVC,0.9344466800804829,0.9273898472788389
ionosphere,False,MAR,0.3,0,Mean,LR,0.8604426559356136,0.841835138255888
ionosphere,False,MAR,0.3,0,Mean,KNN,0.8034607645875251,0.7532358852640705
ionosphere,False,MAR,0.3,0,Mean,RF,0.9202414486921529,0.9118079434317059
ionosphere,False,MAR,0.3,0,Mean,SVC,0.9116297786720322,0.9001136152215123
ionosphere,False,MAR,0.3,0,NDI-0,LR,0.8575855130784709,0.8399786541025624
ionosphere,False,MAR,0.3,0,NDI-0,KNN,0.8204828973843059,0.7769223720733434
ionosphere,False,MAR,0.3,0,NDI-0,RF,0.9002816901408451,0.8886291929590554
ionosphere,False,MAR,0.3,0,NDI-0,SVC,0.9144869215291751,0.9027322811355727
ionosphere,False,MAR,0.3,0,NDI-C,LR,0.860482897384306,0.8420622967793046
ionosphere,False,MAR,0.3,0,NDI-C,KNN,0.8006036217303822,0.7440982086183399
ionosphere,False,MAR,0.3,0,NDI-C,RF,0.9146076458752515,0.9054460906852662
ionosphere,False,MAR,0.3,0,NDI-C,SVC,0.9287726358148893,0.9196386474757071
ionosphere,False,MAR,0.3,0,NDI-S,LR,0.860482897384306,0.8420326400391047
ionosphere,False,MAR,0.3,0,NDI-S,KNN,0.8062776659959757,0.7537153909714053
ionosphere,False,MAR,0.3,0,NDI-S,RF,0.9146076458752515,0.9058753466108321
ionosphere,False,MAR,0.3,0,NDI-S,SVC,0.9287726358148893,0.9198085559583907
ionosphere,False,MAR,0.3,0,GaussCM,LR,0.8547686116700202,0.8339696373256569
ionosphere,False,MAR,0.3,0,GaussCM,KNN,0.8062776659959757,0.7552341343747668
ionosphere,False,MAR,0.3,0,GaussCM,RF,0.9231790744466799,0.915106712504403
ionosphere,False,MAR,0.3,0,GaussCM,SVC,0.9230985915492959,0.9136205746854117
ionosphere,False,MAR,0.3,0,KNN,LR,0.8747686116700202,0.8587019195516504
ionosphere,False,MAR,0.3,0,KNN,KNN,0.8176659959758551,0.7751763384497558
ionosphere,False,MAR,0.3,0,KNN,RF,0.9231388329979879,0.9152563975661149
ionosphere,False,MAR,0.3,0,KNN,SVC,0.9230583501006036,0.9128898197261439
ionosphere,False,MAR,0.3,0,MICE,LR,0.8576659959758551,0.8382526518268417
ionosphere,False,MAR,0.3,0,MICE,KNN,0.8148893360160965,0.7700467411085886
ionosphere,False,MAR,0.3,0,MICE,RF,0.9060362173038229,0.8965929468018142
ionosphere,False,MAR,0.3,0,MICE,SVC,0.9202012072434608,0.9095625355089492
ionosphere,False,MAR,0.3,0,MissForest,LR,0.8832595573440644,0.8683207834980227
ionosphere,False,MAR,0.3,0,MissForest,KNN,0.8233400402414486,0.7808491460349605
ionosphere,False,MAR,0.3,0,MissForest,RF,0.9146076458752515,0.905199943558211
ionosphere,False,MAR,0.3,0,MissForest,SVC,0.9316297786720321,0.9233403750049447
ionosphere,False,MAR,0.3,0,SoftImpute,LR,0.8576257545271628,0.8376427329662819
ionosphere,False,MAR,0.3,0,SoftImpute,KNN,0.8206036217303823,0.7770239342519005
ionosphere,False,MAR,0.3,0,SoftImpute,RF,0.9174245472837022,0.9076632694961386
ionosphere,False,MAR,0.3,0,SoftImpute,SVC,0.9287726358148893,0.9198085559583907
ionosphere,False,MAR,0.3,0,GAIN,LR,0.8604024144869215,0.8404961600869909
ionosphere,False,MAR,0.3,0,GAIN,KNN,0.8120321931589537,0.7646644479345791
ionosphere,False,MAR,0.3,0,GAIN,RF,0.9088531187122737,0.8978591224953136
ionosphere,False,MAR,0.3,0,GAIN,SVC,0.9230583501006036,0.9131388084852763
ionosphere,False,MAR,0.3,0,NDI-F1,LR,0.854728370221328,0.8334867137879799
ionosphere,False,MAR,0.3,0,NDI-F1,KNN,0.8091750503018108,0.7580639297013463
ionosphere,False,MAR,0.3,0,NDI-F1,RF,0.9203219315895371,0.9121692442104099
ionosphere,False,MAR,0.3,0,NDI-F1,SVC,0.9202012072434608,0.9090170051680229
ionosphere,False,MAR,0.3,0,NDI-F-noclip,LR,0.8603621730382294,0.8413777917234307
ionosphere,False,MAR,0.3,0,NDI-F-noclip,KNN,0.823380281690141,0.7811889240109279
ionosphere,False,MAR,0.3,0,NDI-F-noclip,RF,0.9174647887323945,0.9087008557210581
ionosphere,False,MAR,0.3,0,NDI-F-noclip,SVC,0.9316700201207244,0.9235766467813941
ionosphere,False,MAR,0.3,0,NDI-F,LR,0.866076458752515,0.8482103963478991
ionosphere,False,MAR,0.3,0,NDI-F,KNN,0.823380281690141,0.7802884225773885
ionosphere,False,MAR,0.3,0,NDI-F,RF,0.9230985915492959,0.9147692317894341
ionosphere,False,MAR,0.3,0,NDI-F,SVC,0.9316700201207244,0.9235766467813941
ionosphere,False,MAR,0.3,0,Copula-NDI-F,LR,0.8432997987927566,0.821194511562398
ionosphere,False,MAR,0.3,0,Copula-NDI-F,KNN,0.806317907444668,0.7584739202195403
ionosphere,False,MAR,0.3,0,Copula-NDI-F,RF,0.9174245472837022,0.9090008648985097
ionosphere,False,MAR,0.3,0,Copula-NDI-F,SVC,0.920281690140845,0.9107320618774892
ionosphere,False,MAR,0.3,0,MIWAE,LR,0.8889336016096581,0.8739442020871694
ionosphere,False,MAR,0.3,0,MIWAE,KNN,0.8404828973843059,0.8064479660462214
ionosphere,False,MAR,0.3,0,MIWAE,RF,0.9259959758551307,0.9183771299468496
ionosphere,False,MAR,0.3,0,MIWAE,SVC,0.9288933601609658,0.9205236961529867
ionosphere,False,MAR,0.3,0,Sinkhorn,LR,0.8747283702213279,0.8586337195035852
ionosphere,False,MAR,0.3,0,Sinkhorn,KNN,0.8433400402414488,0.8104580213982961
ionosphere,False,MAR,0.3,0,Sinkhorn,RF,0.9232193158953722,0.9148094198766985
ionosphere,False,MAR,0.3,0,Sinkhorn,SVC,0.934486921529175,0.9258391409261444
ionosphere,False,MAR,0.3,0,HyperImpute,LR,0.871830985915493,0.8555634288439711
ionosphere,False,MAR,0.3,0,HyperImpute,KNN,0.8290945674044264,0.7901714934360692
ionosphere,False,MAR,0.3,0,HyperImpute,RF,0.9174647887323942,0.9082737024686729
ionosphere,False,MAR,0.3,0,HyperImpute,SVC,0.9373843058350101,0.9302607984060343
ionosphere,False,MAR,0.3,0,ReMasker,LR,0.8518712273641851,0.8303202449518527
ionosphere,False,MAR,0.3,0,ReMasker,KNN,0.8319517102615694,0.7953434380813206
ionosphere,False,MAR,0.3,0,ReMasker,RF,0.9145674044265594,0.9053915712711195
ionosphere,False,MAR,0.3,0,ReMasker,SVC,0.9287726358148893,0.9193372706769954
ionosphere,False,MAR,0.3,1,Mean,LR,0.8375855130784707,0.8124294148794189
ionosphere,False,MAR,0.3,1,Mean,KNN,0.8147686116700201,0.7711853788622589
ionosphere,False,MAR,0.3,1,Mean,RF,0.9088933601609659,0.8985881640896813
ionosphere,False,MAR,0.3,1,Mean,SVC,0.9402414486921529,0.9336743430357638
ionosphere,False,MAR,0.3,1,NDI-0,LR,0.8318712273641852,0.8045398657785927
ionosphere,False,MAR,0.3,1,NDI-0,KNN,0.8147283702213282,0.7706709175274236
ionosphere,False,MAR,0.3,1,NDI-0,RF,0.9146076458752515,0.9056257558866253
ionosphere,False,MAR,0.3,1,NDI-0,SVC,0.9430583501006037,0.936981059446088
ionosphere,False,MAR,0.3,1,NDI-C,LR,0.8432997987927566,0.8214806940277996
ionosphere,False,MAR,0.3,1,NDI-C,KNN,0.8090140845070423,0.7602200167564227
ionosphere,False,MAR,0.3,1,NDI-C,RF,0.9259959758551307,0.9178371994529664
ionosphere,False,MAR,0.3,1,NDI-C,SVC,0.9317102615694166,0.9241541243101004
ionosphere,False,MAR,0.3,1,NDI-S,LR,0.8432997987927566,0.8214806940277996
ionosphere,False,MAR,0.3,1,NDI-S,KNN,0.8090140845070423,0.760285689706406
ionosphere,False,MAR,0.3,1,NDI-S,RF,0.9259959758551307,0.9181532542841697
ionosphere,False,MAR,0.3,1,NDI-S,SVC,0.9317102615694166,0.9241541243101004
ionosphere,False,MAR,0.3,1,GaussCM,LR,0.8375855130784707,0.8131330201861175
ionosphere,False,MAR,0.3,1,GaussCM,KNN,0.8118309859154931,0.7636024487454678
ionosphere,False,MAR,0.3,1,GaussCM,RF,0.9231388329979879,0.9145258441416111
ionosphere,False,MAR,0.3,1,GaussCM,SVC,0.9317102615694166,0.9241541243101004
ionosphere,False,MAR,0.3,1,KNN,LR,0.8574647887323943,0.8344954544529252
ionosphere,False,MAR,0.3,1,KNN,KNN,0.8061971830985915,0.7563792949294807
ionosphere,False,MAR,0.3,1,KNN,RF,0.9231388329979879,0.9154152443424557
ionosphere,False,MAR,0.3,1,KNN,SVC,0.9316700201207244,0.9238821232829022
ionosphere,False,MAR,0.3,1,MICE,LR,0.8490140845070421,0.8284979661800751
ionosphere,False,MAR,0.3,1,MICE,KNN,0.8146881287726359,0.7673294039617795
ionosphere,False,MAR,0.3,1,MICE,RF,0.9173843058350102,0.9089914604191153
ionosphere,False,MAR,0.3,1,MICE,SVC,0.937344064386318,0.930356899478376
ionosphere,False,MAR,0.3,1,MissForest,LR,0.8974647887323943,0.8844229818306069
ionosphere,False,MAR,0.3,1,MissForest,KNN,0.8375452716297787,0.802074499054824
ionosphere,False,MAR,0.3,1,MissForest,RF,0.9345271629778672,0.9275281676034606
ionosphere,False,MAR,0.3,1,MissForest,SVC,0.9345271629778672,0.9270501830680518
ionosphere,False,MAR,0.3,1,SoftImpute,LR,0.8376257545271631,0.8136327562477167
ionosphere,False,MAR,0.3,1,SoftImpute,KNN,0.8175452716297787,0.772509147329382
ionosphere,False,MAR,0.3,1,SoftImpute,RF,0.9231388329979879,0.9150162665934516
ionosphere,False,MAR,0.3,1,SoftImpute,SVC,0.9345674044265595,0.9274876068481726
ionosphere,False,MAR,0.3,1,GAIN,LR,0.8517907444668008,0.8272877946581241
ionosphere,False,MAR,0.3,1,GAIN,KNN,0.8089738430583502,0.7588770362530649
ionosphere,False,MAR,0.3,1,GAIN,RF,0.9288128772635815,0.9205004754657127
ionosphere,False,MAR,0.3,1,GAIN,SVC,0.9345271629778672,0.9272829658132569
ionosphere,False,MAR,0.3,1,NDI-F1,LR,0.8404426559356137,0.8175132391332909
ionosphere,False,MAR,0.3,1,NDI-F1,KNN,0.811871227364185,0.7626267396873961
ionosphere,False,MAR,0.3,1,NDI-F1,RF,0.9175050301810865,0.9093795904883688
ionosphere,False,MAR,0.3,1,NDI-F1,SVC,0.9231790744466801,0.9152391327744838
ionosphere,False,MAR,0.3,1,NDI-F-noclip,LR,0.8404828973843059,0.8156076381665628
ionosphere,False,MAR,0.3,1,NDI-F-noclip,KNN,0.8289738430583501,0.7895279358649109
ionosphere,False,MAR,0.3,1,NDI-F-noclip,RF,0.9374245472837023,0.9310480961803718
ionosphere,False,MAR,0.3,1,NDI-F-noclip,SVC,0.9402414486921529,0.9338069632891226
ionosphere,False,MAR,0.3,1,NDI-F,LR,0.8661167002012071,0.8459938831763385
ionosphere,False,MAR,0.3,1,NDI-F,KNN,0.8318712273641852,0.7945165439060571
ionosphere,False,MAR,0.3,1,NDI-F,RF,0.9288933601609658,0.9218908277176734
ionosphere,False,MAR,0.3,1,NDI-F,SVC,0.9402414486921529,0.9338069632891226
ionosphere,False,MAR,0.3,1,Copula-NDI-F,LR,0.8632193158953723,0.8425031229776071
ionosphere,False,MAR,0.3,1,Copula-NDI-F,KNN,0.8175452716297787,0.7727977632700678
ionosphere,False,MAR,0.3,1,Copula-NDI-F,RF,0.9345674044265595,0.9280800166408637
ionosphere,False,MAR,0.3,1,Copula-NDI-F,SVC,0.9430181086519115,0.9364065673992158
ionosphere,False,MAR,0.3,2,Mean,LR,0.8461971830985915,0.8194029329977754
ionosphere,False,MAR,0.3,2,Mean,KNN,0.786317907444668,0.7214215140989287
ionosphere,False,MAR,0.3,2,Mean,RF,0.9174647887323945,0.9100872686090078
ionosphere,False,MAR,0.3,2,Mean,SVC,0.9458350100603621,0.9400061691279671
ionosphere,False,MAR,0.3,2,NDI-0,LR,0.8432997987927564,0.8185869285224932
ionosphere,False,MAR,0.3,2,NDI-0,KNN,0.8261971830985916,0.7858706938742147
ionosphere,False,MAR,0.3,2,NDI-0,RF,0.920281690140845,0.9126465326723949
ionosphere,False,MAR,0.3,2,NDI-0,SVC,0.9429778672032192,0.937088375380107
ionosphere,False,MAR,0.3,2,NDI-C,LR,0.8232997987927565,0.7952290075237365
ionosphere,False,MAR,0.3,2,NDI-C,KNN,0.8119114688128773,0.7624357601139626
ionosphere,False,MAR,0.3,2,NDI-C,RF,0.9117102615694165,0.9033606398146599
ionosphere,False,MAR,0.3,2,NDI-C,SVC,0.9429778672032194,0.9362694488470094
ionosphere,False,MAR,0.3,2,NDI-S,LR,0.8347283702213278,0.8093419391363298
ionosphere,False,MAR,0.3,2,NDI-S,KNN,0.8119114688128773,0.7616728900415014
ionosphere,False,MAR,0.3,2,NDI-S,RF,0.9145271629778673,0.9065728228836158
ionosphere,False,MAR,0.3,2,NDI-S,SVC,0.9458350100603623,0.9393070618188331
ionosphere,False,MAR,0.3,2,GaussCM,LR,0.8204426559356136,0.792910710163307
ionosphere,False,MAR,0.3,2,GaussCM,KNN,0.8175855130784709,0.7750076137135746
ionosphere,False,MAR,0.3,2,GaussCM,RF,0.9088128772635816,0.9003545328920339
ionosphere,False,MAR,0.3,2,GaussCM,SVC,0.9486921529175051,0.9431176386375532
ionosphere,False,MAR,0.3,2,KNN,LR,0.8375452716297787,0.8096052906347854
ionosphere,False,MAR,0.3,2,KNN,KNN,0.8204426559356136,0.7774611607502214
ionosphere,False,MAR,0.3,2,KNN,RF,0.9259959758551307,0.9191385667971765
ionosphere,False,MAR,0.3,2,KNN,SVC,0.9401609657947686,0.9334185043716989
ionosphere,False,MAR,0.3,2,MICE,LR,0.8176257545271628,0.7894584917730368
ionosphere,False,MAR,0.3,2,MICE,KNN,0.8090543259557345,0.7595278164167153
ionosphere,False,MAR,0.3,2,MICE,RF,0.9174245472837022,0.9098910524068049
ionosphere,False,MAR,0.3,2,MICE,SVC,0.9458350100603621,0.9401495590980451
ionosphere,False,MAR,0.3,2,MissForest,LR,0.8717102615694164,0.8514997730022353
ionosphere,False,MAR,0.3,2,MissForest,KNN,0.8175050301810867,0.7725825981942469
ionosphere,False,MAR,0.3,2,MissForest,RF,0.9117102615694165,0.9031770052535373
ionosphere,False,MAR,0.3,2,MissForest,SVC,0.9258350100603622,0.9170277068302923
ionosphere,False,MAR,0.3,2,SoftImpute,LR,0.8232595573440642,0.7954851022633316
ionosphere,False,MAR,0.3,2,SoftImpute,KNN,0.8204426559356138,0.7766758122341315
ionosphere,False,MAR,0.3,2,SoftImpute,RF,0.9145674044265594,0.9062246246316814
ionosphere,False,MAR,0.3,2,SoftImpute,SVC,0.9458350100603623,0.93991677635284
ionosphere,False,MAR,0.3,2,GAIN,LR,0.8346881287726358,0.8097060837768704
ionosphere,False,MAR,0.3,2,GAIN,KNN,0.811790744466801,0.7624242025539729
ionosphere,False,MAR,0.3,2,GAIN,RF,0.9088933601609659,0.9000540016831042
ionosphere,False,MAR,0.3,2,GAIN,SVC,0.9372635814889335,0.9299832327368595
ionosphere,False,MAR,0.3,2,NDI-F1,LR,0.8261167002012071,0.7993231064552097
ionosphere,False,MAR,0.3,2,NDI-F1,KNN,0.786317907444668,0.7231494517825474
ionosphere,False,MAR,0.3,2,NDI-F1,RF,0.9117505030181088,0.9033916164350947
ionosphere,False,MAR,0.3,2,NDI-F1,SVC,0.9458350100603621,0.9394960044460724
ionosphere,False,MAR,0.3,2,NDI-F-noclip,LR,0.831830985915493,0.8037225098962368
ionosphere,False,MAR,0.3,2,NDI-F-noclip,KNN,0.8460764587525151,0.8132570749845055
ionosphere,False,MAR,0.3,2,NDI-F-noclip,RF,0.9117505030181088,0.9036671490602268
ionosphere,False,MAR,0.3,2,NDI-F-noclip,SVC,0.9344064386317907,0.9267063236622274
ionosphere,False,MAR,0.3,2,NDI-F,LR,0.8404024144869215,0.8161178786963443
ionosphere,False,MAR,0.3,2,NDI-F,KNN,0.8460764587525151,0.8132570749845055
ionosphere,False,MAR,0.3,2,NDI-F,RF,0.9146076458752516,0.906714768438371
ionosphere,False,MAR,0.3,2,NDI-F,SVC,0.9372635814889335,0.9299071859469406
ionosphere,False,MAR,0.3,2,Copula-NDI-F,LR,0.8431790744466803,0.8168507582448978
ionosphere,False,MAR,0.3,2,Copula-NDI-F,KNN,0.8375452716297787,0.8012900424381005
ionosphere,False,MAR,0.3,2,Copula-NDI-F,RF,0.9145674044265594,0.9066119878742992
ionosphere,False,MAR,0.3,2,Copula-NDI-F,SVC,0.9429778672032194,0.9359843716663653
ionosphere,False,MNAR,0.3,0,Mean,LR,0.8803219315895372,0.8648745935947542
ionosphere,False,MNAR,0.3,0,Mean,KNN,0.7834607645875251,0.7168831512357509
ionosphere,False,MNAR,0.3,0,Mean,RF,0.9259154929577464,0.9180361729329778
ionosphere,False,MNAR,0.3,0,Mean,SVC,0.9117505030181086,0.9003948539813784
ionosphere,False,MNAR,0.3,0,NDI-0,LR,0.866036217303823,0.8489332603039509
ionosphere,False,MNAR,0.3,0,NDI-0,KNN,0.7977867203219315,0.7423911231052889
ionosphere,False,MNAR,0.3,0,NDI-0,RF,0.9116700201207243,0.901738106498424
ionosphere,False,MNAR,0.3,0,NDI-0,SVC,0.9145674044265594,0.9024629001250737
ionosphere,False,MNAR,0.3,0,NDI-C,LR,0.8945271629778672,0.8796337096719089
ionosphere,False,MNAR,0.3,0,NDI-C,KNN,0.8120321931589537,0.7616168947695041
ionosphere,False,MNAR,0.3,0,NDI-C,RF,0.9230985915492959,0.9143748640780747
ionosphere,False,MNAR,0.3,0,NDI-C,SVC,0.9288128772635815,0.9196338407769993
ionosphere,False,MNAR,0.3,0,NDI-S,LR,0.9002414486921528,0.8869131995823725
ionosphere,False,MNAR,0.3,0,NDI-S,KNN,0.7920724346076458,0.7327832287962627
ionosphere,False,MNAR,0.3,0,NDI-S,RF,0.920281690140845,0.9113014521509764
ionosphere,False,MNAR,0.3,0,NDI-S,SVC,0.9259557344064386,0.91602463980056
ionosphere,False,MNAR,0.3,0,GaussCM,LR,0.8888531187122737,0.8723361444679311
ionosphere,False,MNAR,0.3,0,GaussCM,KNN,0.8148490945674043,0.7694054324911864
ionosphere,False,MNAR,0.3,0,GaussCM,RF,0.9202414486921529,0.9117107963902719
ionosphere,False,MNAR,0.3,0,GaussCM,SVC,0.9202414486921529,0.9100350877192982
ionosphere,False,MNAR,0.3,0,KNN,LR,0.9145674044265594,0.9037466646342868
ionosphere,False,MNAR,0.3,0,KNN,KNN,0.8375452716297787,0.7982452482917186
ionosphere,False,MNAR,0.3,0,KNN,RF,0.9174245472837022,0.9087461549098659
ionosphere,False,MNAR,0.3,0,KNN,SVC,0.9430583501006037,0.9368215792563795
ionosphere,False,MNAR,0.3,0,MICE,LR,0.9031388329979879,0.8907593320068633
ionosphere,False,MNAR,0.3,0,MICE,KNN,0.8262776659959759,0.7883342247411067
ionosphere,False,MNAR,0.3,0,MICE,RF,0.9316700201207244,0.9234566962452323
ionosphere,False,MNAR,0.3,0,MICE,SVC,0.9373440643863178,0.9294465862275658
ionosphere,False,MNAR,0.3,0,MissForest,LR,0.9204024144869216,0.9117674746098032
ionosphere,False,MNAR,0.3,0,MissForest,KNN,0.8433400402414488,0.8091645162218561
ionosphere,False,MNAR,0.3,0,MissForest,RF,0.9259959758551307,0.9181725951174904
ionosphere,False,MNAR,0.3,0,MissForest,SVC,0.9459154929577466,0.9397221334301943
ionosphere,False,MNAR,0.3,0,SoftImpute,LR,0.8860764587525152,0.8705263822344419
ionosphere,False,MNAR,0.3,0,SoftImpute,KNN,0.8120321931589537,0.7638388263637432
ionosphere,False,MNAR,0.3,0,SoftImpute,RF,0.9231388329979879,0.9137209317155357
ionosphere,False,MNAR,0.3,0,SoftImpute,SVC,0.9287726358148893,0.9190878962310525
ionosphere,False,MNAR,0.3,0,GAIN,LR,0.8888933601609658,0.8740381063332153
ionosphere,False,MNAR,0.3,0,GAIN,KNN,0.8319517102615694,0.7942986942352336
ionosphere,False,MNAR,0.3,0,GAIN,RF,0.9202414486921529,0.9109211340617446
ionosphere,False,MNAR,0.3,0,GAIN,SVC,0.9288128772635815,0.9196338407769993
ionosphere,False,MNAR,0.3,0,NDI-F1,LR,0.8831790744466801,0.8673396772092106
ionosphere,False,MNAR,0.3,0,NDI-F1,KNN,0.7806841046277666,0.7106357075719083
ionosphere,False,MNAR,0.3,0,NDI-F1,RF,0.9287726358148893,0.9207404722285999
ionosphere,False,MNAR,0.3,0,NDI-F1,SVC,0.9174245472837022,0.9062524291419279
ionosphere,False,MNAR,0.3,0,NDI-F-noclip,LR,0.8917505030181087,0.878139843660918
ionosphere,False,MNAR,0.3,0,NDI-F-noclip,KNN,0.8376659959758552,0.8035204764996703
ionosphere,False,MNAR,0.3,0,NDI-F-noclip,RF,0.91738430583501,0.9069875866892619
ionosphere,False,MNAR,0.3,0,NDI-F-noclip,SVC,0.9345271629778672,0.9262913665559604
ionosphere,False,MNAR,0.3,0,NDI-F,LR,0.8946478873239437,0.8822218401616647
ionosphere,False,MNAR,0.3,0,NDI-F,KNN,0.840523138832998,0.807741690555616
ionosphere,False,MNAR,0.3,0,NDI-F,RF,0.9173440643863179,0.9073071546599671
ionosphere,False,MNAR,0.3,0,NDI-F,SVC,0.9345271629778672,0.9262913665559604
ionosphere,False,MNAR,0.3,0,Copula-NDI-F,LR,0.8888933601609658,0.8725807537600607
ionosphere,False,MNAR,0.3,0,Copula-NDI-F,KNN,0.8234607645875253,0.7845389363676181
ionosphere,False,MNAR,0.3,0,Copula-NDI-F,RF,0.9259154929577464,0.917120233406389
ionosphere,False,MNAR,0.3,0,Copula-NDI-F,SVC,0.9259959758551307,0.9167949911731637
ionosphere,False,MNAR,0.3,0,MIWAE,LR,0.9060362173038229,0.894200879472443
ionosphere,False,MNAR,0.3,0,MIWAE,KNN,0.8147283702213279,0.7666922089397273
ionosphere,False,MNAR,0.3,0,MIWAE,RF,0.9231388329979879,0.9152351268234973
ionosphere,False,MNAR,0.3,0,MIWAE,SVC,0.9430181086519115,0.9364066508764683
ionosphere,False,MNAR,0.3,0,Sinkhorn,LR,0.908933601609658,0.8979036984335999
ionosphere,False,MNAR,0.3,0,Sinkhorn,KNN,0.8490543259557344,0.8172582857743473
ionosphere,False,MNAR,0.3,0,Sinkhorn,RF,0.9259154929577464,0.9174592113490874
ionosphere,False,MNAR,0.3,0,Sinkhorn,SVC,0.9316700201207244,0.923687652746086
ionosphere,False,MNAR,0.3,0,HyperImpute,LR,0.9174647887323945,0.9072179916452179
ionosphere,False,MNAR,0.3,0,HyperImpute,KNN,0.8347686116700203,0.7964080218634201
ionosphere,False,MNAR,0.3,0,HyperImpute,RF,0.9231388329979879,0.9144245926064956
ionosphere,False,MNAR,0.3,0,HyperImpute,SVC,0.9373440643863178,0.9298283677160815
ionosphere,False,MNAR,0.3,0,ReMasker,LR,0.906036217303823,0.8946791353644421
ionosphere,False,MNAR,0.3,0,ReMasker,KNN,0.8462374245472837,0.8143192006132726
ionosphere,False,MNAR,0.3,0,ReMasker,RF,0.9203219315895372,0.9124151740415505
ionosphere,False,MNAR,0.3,0,ReMasker,SVC,0.9259154929577464,0.9165036157633146
ionosphere,False,MNAR,0.3,1,Mean,LR,0.8888531187122736,0.8748342246267062
ionosphere,False,MNAR,0.3,1,Mean,KNN,0.8261971830985916,0.7858008855232294
ionosphere,False,MNAR,0.3,1,Mean,RF,0.9174647887323945,0.9096612656885134
ionosphere,False,MNAR,0.3,1,Mean,SVC,0.9402012072434609,0.933871162871189
ionosphere,False,MNAR,0.3,1,NDI-0,LR,0.8946076458752514,0.8821288910641639
ionosphere,False,MNAR,0.3,1,NDI-0,KNN,0.8176659959758552,0.7724340732649202
ionosphere,False,MNAR,0.3,1,NDI-0,RF,0.9259959758551309,0.91873555588731
ionosphere,False,MNAR,0.3,1,NDI-0,SVC,0.9429778672032194,0.9369424984924544
ionosphere,False,MNAR,0.3,1,NDI-C,LR,0.9145271629778671,0.9035018961654444
ionosphere,False,MNAR,0.3,1,NDI-C,KNN,0.8206036217303824,0.7758690683966252
ionosphere,False,MNAR,0.3,1,NDI-C,RF,0.9144869215291752,0.905056027871083
ionosphere,False,MNAR,0.3,1,NDI-C,SVC,0.9401609657947686,0.9333424743939036
ionosphere,False,MNAR,0.3,1,NDI-S,LR,0.9145271629778671,0.9035018961654444
ionosphere,False,MNAR,0.3,1,NDI-S,KNN,0.823420523138833,0.7801238046881611
ionosphere,False,MNAR,0.3,1,NDI-S,RF,0.9258752515090544,0.9179854997433576
ionosphere,False,MNAR,0.3,1,NDI-S,SVC,0.9401609657947686,0.9333424743939036
ionosphere,False,MNAR,0.3,1,GaussCM,LR,0.8831388329979879,0.8695549333849636
ionosphere,False,MNAR,0.3,1,GaussCM,KNN,0.8546478873239437,0.8249420832071575
ionosphere,False,MNAR,0.3,1,GaussCM,RF,0.928732394366197,0.9219080367839879
ionosphere,False,MNAR,0.3,1,GaussCM,SVC,0.95158953722334,0.9460132864672739
ionosphere,False,MNAR,0.3,1,KNN,LR,0.9173038229376257,0.9063528101633835
ionosphere,False,MNAR,0.3,1,KNN,KNN,0.8632193158953723,0.8366709306527167
ionosphere,False,MNAR,0.3,1,KNN,RF,0.920281690140845,0.9127846633755518
ionosphere,False,MNAR,0.3,1,KNN,SVC,0.9401609657947686,0.9333196872075348
ionosphere,False,MNAR,0.3,1,MICE,LR,0.9174647887323942,0.90712552133817
ionosphere,False,MNAR,0.3,1,MICE,KNN,0.8604426559356136,0.8337221797051644
ionosphere,False,MNAR,0.3,1,MICE,RF,0.9259557344064386,0.9192908927020165
ionosphere,False,MNAR,0.3,1,MICE,SVC,0.9572635814889336,0.9525958696661707
ionosphere,False,MNAR,0.3,1,MissForest,LR,0.9259557344064386,0.9167131232457464
ionosphere,False,MNAR,0.3,1,MissForest,KNN,0.8831790744466801,0.8635393790483123
ionosphere,False,MNAR,0.3,1,MissForest,RF,0.9230985915492959,0.9150657293825935
ionosphere,False,MNAR,0.3,1,MissForest,SVC,0.9458752515090543,0.9400851710383655
ionosphere,False,MNAR,0.3,1,SoftImpute,LR,0.9088128772635814,0.8974243050418232
ionosphere,False,MNAR,0.3,1,SoftImpute,KNN,0.8461971830985915,0.8128912404457405
ionosphere,False,MNAR,0.3,1,SoftImpute,RF,0.9259154929577464,0.9191308437114403
ionosphere,False,MNAR,0.3,1,SoftImpute,SVC,0.951549295774648,0.9464269278419494
ionosphere,False,MNAR,0.3,1,GAIN,LR,0.9173440643863179,0.9076190871827468
ionosphere,False,MNAR,0.3,1,GAIN,KNN,0.8548088531187122,0.8264079321290041
ionosphere,False,MNAR,0.3,1,GAIN,RF,0.9316297786720323,0.924577409406975
ionosphere,False,MNAR,0.3,1,GAIN,SVC,0.9458752515090543,0.9394702380347286
ionosphere,False,MNAR,0.3,1,NDI-F1,LR,0.8974647887323943,0.8849732067282098
ionosphere,False,MNAR,0.3,1,NDI-F1,KNN,0.817625754527163,0.7709855583652618
ionosphere,False,MNAR,0.3,1,NDI-F1,RF,0.9286921529175052,0.9212756241467943
ionosphere,False,MNAR,0.3,1,NDI-F1,SVC,0.9344869215291751,0.9266874849612637
ionosphere,False,MNAR,0.3,1,NDI-F-noclip,LR,0.9088531187122737,0.8963086848868758
ionosphere,False,MNAR,0.3,1,NDI-F-noclip,KNN,0.8490140845070423,0.8179711123823938
ionosphere,False,MNAR,0.3,1,NDI-F-noclip,RF,0.9316297786720323,0.9254962121012136
ionosphere,False,MNAR,0.3,1,NDI-F-noclip,SVC,0.9487323943661972,0.9430452069277658
ionosphere,False,MNAR,0.3,1,NDI-F,LR,0.9088531187122737,0.8971955195481851
ionosphere,False,MNAR,0.3,1,NDI-F,KNN,0.8518309859154931,0.8215999659109562
ionosphere,False,MNAR,0.3,1,NDI-F,RF,0.9288128772635815,0.9223430236883262
ionosphere,False,MNAR,0.3,1,NDI-F,SVC,0.9487323943661972,0.9430452069277658
ionosphere,False,MNAR,0.3,1,Copula-NDI-F,LR,0.9002816901408451,0.8877529786515433
ionosphere,False,MNAR,0.3,1,Copula-NDI-F,KNN,0.8432193158953721,0.8080722798210781
ionosphere,False,MNAR,0.3,1,Copula-NDI-F,RF,0.9259959758551309,0.9192796996841853
ionosphere,False,MNAR,0.3,1,Copula-NDI-F,SVC,0.9487323943661972,0.9426711003194418
ionosphere,False,MNAR,0.3,2,Mean,LR,0.8661167002012071,0.8485754966092894
ionosphere,False,MNAR,0.3,2,Mean,KNN,0.7862374245472836,0.7186648271513043
ionosphere,False,MNAR,0.3,2,Mean,RF,0.9401609657947686,0.9334004097901774
ionosphere,False,MNAR,0.3,2,Mean,SVC,0.9372635814889335,0.9296568473708604
ionosphere,False,MNAR,0.3,2,NDI-0,LR,0.8717907444668007,0.8536930410843304
ionosphere,False,MNAR,0.3,2,NDI-0,KNN,0.7948088531187123,0.7441253934433123
ionosphere,False,MNAR,0.3,2,NDI-0,RF,0.9288128772635815,0.9210567310848562
ionosphere,False,MNAR,0.3,2,NDI-0,SVC,0.9401609657947686,0.933056715586614
ionosphere,False,MNAR,0.3,2,NDI-C,LR,0.8774245472837021,0.8596349949329255
ionosphere,False,MNAR,0.3,2,NDI-C,KNN,0.8375452716297787,0.801055404563199
ionosphere,False,MNAR,0.3,2,NDI-C,RF,0.9344064386317907,0.9268842264653123
ionosphere,False,MNAR,0.3,2,NDI-C,SVC,0.9401207243460764,0.9331948647382919
ionosphere,False,MNAR,0.3,2,NDI-S,LR,0.8688531187122737,0.8480161851931538
ionosphere,False,MNAR,0.3,2,NDI-S,KNN,0.8289738430583501,0.787000599380064
ionosphere,False,MNAR,0.3,2,NDI-S,RF,0.9344466800804829,0.9264505773968338
ionosphere,False,MNAR,0.3,2,NDI-S,SVC,0.9429376257545272,0.9363692071260183
ionosphere,False,MNAR,0.3,2,GaussCM,LR,0.8774647887323944,0.8602153357933551
ionosphere,False,MNAR,0.3,2,GaussCM,KNN,0.831830985915493,0.7944407402705402
ionosphere,False,MNAR,0.3,2,GaussCM,RF,0.9316297786720321,0.9248654151095861
ionosphere,False,MNAR,0.3,2,GaussCM,SVC,0.9230583501006036,0.9134613296061349
ionosphere,False,MNAR,0.3,2,KNN,LR,0.914446680080483,0.9040336525186602
ionosphere,False,MNAR,0.3,2,KNN,KNN,0.8545674044265594,0.823222188137828
ionosphere,False,MNAR,0.3,2,KNN,RF,0.9287726358148893,0.9222524080338461
ionosphere,False,MNAR,0.3,2,KNN,SVC,0.9430181086519115,0.9371539206729336
ionosphere,False,MNAR,0.3,2,MICE,LR,0.8888531187122736,0.8719346510143582
ionosphere,False,MNAR,0.3,2,MICE,KNN,0.848933601609658,0.8185197434105754
ionosphere,False,MNAR,0.3,2,MICE,RF,0.9230985915492959,0.9151760114912619
ionosphere,False,MNAR,0.3,2,MICE,SVC,0.91738430583501,0.9075018899266908
ionosphere,False,MNAR,0.3,2,MissForest,LR,0.9002816901408451,0.8897155022828525
ionosphere,False,MNAR,0.3,2,MissForest,KNN,0.866076458752515,0.8409816467941662
ionosphere,False,MNAR,0.3,2,MissForest,RF,0.9402012072434609,0.9339054598616304
ionosphere,False,MNAR,0.3,2,MissForest,SVC,0.9373038229376258,0.9304268181050261
ionosphere,False,MNAR,0.3,2,SoftImpute,LR,0.8830985915492958,0.865178594756614
ionosphere,False,MNAR,0.3,2,SoftImpute,KNN,0.8404024144869215,0.8063671716520634
ionosphere,False,MNAR,0.3,2,SoftImpute,RF,0.9259154929577464,0.9175053537849468
ionosphere,False,MNAR,0.3,2,SoftImpute,SVC,0.9287726358148893,0.9202173968868379
ionosphere,False,MNAR,0.3,2,GAIN,LR,0.8888128772635815,0.87352601441565
ionosphere,False,MNAR,0.3,2,GAIN,KNN,0.8631790744466802,0.8381150667953804
ionosphere,False,MNAR,0.3,2,GAIN,RF,0.9287726358148893,0.9212375077610391
ionosphere,False,MNAR,0.3,2,GAIN,SVC,0.9344466800804829,0.9271778663756715
ionosphere,False,MNAR,0.3,2,NDI-F1,LR,0.8517907444668008,0.8292478737013942
ionosphere,False,MNAR,0.3,2,NDI-F1,KNN,0.8034205231388329,0.7518046709983949
ionosphere,False,MNAR,0.3,2,NDI-F1,RF,0.9372635814889335,0.9296780851982656
ionosphere,False,MNAR,0.3,2,NDI-F1,SVC,0.94579476861167,0.9394328777615311
ionosphere,False,MNAR,0.3,2,NDI-F-noclip,LR,0.8859959758551307,0.871300281651122
ionosphere,False,MNAR,0.3,2,NDI-F-noclip,KNN,0.8488531187122736,0.8176885240669834
ionosphere,False,MNAR,0.3,2,NDI-F-noclip,RF,0.9344466800804829,0.9273008968607577
ionosphere,False,MNAR,0.3,2,NDI-F-noclip,SVC,0.9344466800804829,0.9271685640028444
ionosphere,False,MNAR,0.3,2,NDI-F,LR,0.8887726358148893,0.874096500473099
ionosphere,False,MNAR,0.3,2,NDI-F,KNN,0.8488531187122736,0.8176885240669834
ionosphere,False,MNAR,0.3,2,NDI-F,RF,0.9315492957746478,0.9241163495579674
ionosphere,False,MNAR,0.3,2,NDI-F,SVC,0.9344466800804829,0.9271685640028444
ionosphere,False,MNAR,0.3,2,Copula-NDI-F,LR,0.9029778672032194,0.8873327152129337
ionosphere,False,MNAR,0.3,2,Copula-NDI-F,KNN,0.8175050301810864,0.7686784963749325
ionosphere,False,MNAR,0.3,2,Copula-NDI-F,RF,0.9259154929577467,0.918637568009107
ionosphere,False,MNAR,0.3,2,Copula-NDI-F,SVC,0.9429778672032194,0.9364785767392038
wdbc,False,MCAR,0.3,0,Mean,LR,0.95960254618848,0.9565039351612592
wdbc,False,MCAR,0.3,0,Mean,KNN,0.9437509703462196,0.9375539462675949
wdbc,False,MCAR,0.3,0,Mean,RF,0.9508306163639186,0.9472660986268039
wdbc,False,MCAR,0.3,0,Mean,SVC,0.9542928116752056,0.9509900214640302
wdbc,False,MCAR,0.3,0,NDI-0,LR,0.9596180717279925,0.9565689269147564
wdbc,False,MCAR,0.3,0,NDI-0,KNN,0.9332246545567457,0.9274368400225423
wdbc,False,MCAR,0.3,0,NDI-0,RF,0.9473063188945815,0.9437741922521514
wdbc,False,MCAR,0.3,0,NDI-0,SVC,0.9525384257102933,0.9489638316410922
wdbc,False,MCAR,0.3,0,NDI-C,LR,0.9648812296227295,0.9622914744482035
wdbc,False,MCAR,0.3,0,NDI-C,KNN,0.9472752678155565,0.9429970483486845
wdbc,False,MCAR,0.3,0,NDI-C,RF,0.9648657040832168,0.9622581355960674
wdbc,False,MCAR,0.3,0,NDI-C,SVC,0.9648657040832168,0.9623941936392744
wdbc,False,MCAR,0.3,0,NDI-S,LR,0.9631268436578171,0.960309358528869
wdbc,False,MCAR,0.3,0,NDI-S,KNN,0.9472752678155567,0.9427442177527064
wdbc,False,MCAR,0.3,0,NDI-S,RF,0.9613569321533924,0.9586264760151609
wdbc,False,MCAR,0.3,0,NDI-S,SVC,0.9666200900481291,0.9642174335003169
wdbc,False,MCAR,0.3,0,GaussCM,LR,0.9789163173420278,0.9773219399642977
wdbc,False,MCAR,0.3,0,GaussCM,KNN,0.9578636857630801,0.9544316574024384
wdbc,False,MCAR,0.3,0,GaussCM,RF,0.9666511411271541,0.9641231541403386
wdbc,False,MCAR,0.3,0,GaussCM,SVC,0.9771619313771154,0.9753673302642915
wdbc,False,MCAR,0.3,0,KNN,LR,0.956078248719143,0.9526025796066337
wdbc,False,MCAR,0.3,0,KNN,KNN,0.943797546964757,0.9386371459013734
wdbc,False,MCAR,0.3,0,KNN,RF,0.9455674584691817,0.9417020159640603
wdbc,False,MCAR,0.3,0,KNN,SVC,0.9560937742586555,0.9530537664867694
wdbc,False,MCAR,0.3,0,MICE,LR,0.9683744760130415,0.9660394170593122
wdbc,False,MCAR,0.3,0,MICE,KNN,0.9613724576929048,0.9579429707969525
wdbc,False,MCAR,0.3,0,MICE,RF,0.9543549138332559,0.9507389249926854
wdbc,False,MCAR,0.3,0,MICE,SVC,0.9683744760130415,0.9660145647469853
wdbc,False,MCAR,0.3,0,MissForest,LR,0.9736531594472908,0.9716108004935105
wdbc,False,MCAR,0.3,0,MissForest,KNN,0.9613414066138798,0.9579740188952602
wdbc,False,MCAR,0.3,0,MissForest,RF,0.9613879832324173,0.9582536210620406
wdbc,False,MCAR,0.3,0,MissForest,SVC,0.968390001552554,0.965998181641648
wdbc,False,MCAR,0.3,0,SoftImpute,LR,0.9736531594472908,0.9716335922101884
wdbc,False,MCAR,0.3,0,SoftImpute,KNN,0.9578481602235677,0.9541146940922017
wdbc,False,MCAR,0.3,0,SoftImpute,RF,0.9578636857630801,0.9546924057872349
wdbc,False,MCAR,0.3,0,SoftImpute,SVC,0.9701443875174661,0.9678182479104421
wdbc,False,MCAR,0.3,0,GAIN,LR,0.9683744760130415,0.9660098230485872
wdbc,False,MCAR,0.3,0,GAIN,KNN,0.9613569321533924,0.9579235814961443
wdbc,False,MCAR,0.3,0,GAIN,RF,0.9631268436578171,0.9603767090860644
wdbc,False,MCAR,0.3,0,GAIN,SVC,0.9666356155876417,0.9642618618932705
wdbc,False,MCAR,0.3,0,NDI-F1,LR,0.9631268436578171,0.9601955315035294
wdbc,False,MCAR,0.3,0,NDI-F1,KNN,0.9402421984163949,0.9348597353429831
wdbc,False,MCAR,0.3,0,NDI-F1,RF,0.9508150908244062,0.9472171150026089
wdbc,False,MCAR,0.3,0,NDI-F1,SVC,0.9613414066138798,0.9585526081827339
wdbc,False,MCAR,0.3,0,NDI-F-noclip,LR,0.9771619313771154,0.9754034334800294
wdbc,False,MCAR,0.3,0,NDI-F-noclip,KNN,0.9631268436578171,0.9599447432426473
wdbc,False,MCAR,0.3,0,NDI-F-noclip,RF,0.9648967551622418,0.9618480395353715
wdbc,False,MCAR,0.3,0,NDI-F-noclip,SVC,0.9736531594472908,0.9716165764899106
wdbc,False,MCAR,0.3,0,NDI-F,LR,0.9736531594472908,0.9716875251465925
wdbc,False,MCAR,0.3,0,NDI-F,KNN,0.9631268436578171,0.9599447432426473
wdbc,False,MCAR,0.3,0,NDI-F,RF,0.9631423691973297,0.9599934420956455
wdbc,False,MCAR,0.3,0,NDI-F,SVC,0.9736531594472908,0.9716165764899106
wdbc,False,MCAR,0.3,0,Copula-NDI-F,LR,0.9701443875174661,0.9677793025669551
wdbc,False,MCAR,0.3,0,Copula-NDI-F,KNN,0.95960254618848,0.9564620163796068
wdbc,False,MCAR,0.3,0,Copula-NDI-F,RF,0.9561248253376805,0.9524198725486229
wdbc,False,MCAR,0.3,0,Copula-NDI-F,SVC,0.9701288619779538,0.9678517163088982
wdbc,False,MCAR,0.3,0,MIWAE,LR,0.9666356155876417,0.9640531584156511
wdbc,False,MCAR,0.3,0,MIWAE,KNN,0.9560937742586555,0.9520679791715543
wdbc,False,MCAR,0.3,0,MIWAE,RF,0.9613879832324173,0.9585048685634904
wdbc,False,MCAR,0.3,0,MIWAE,SVC,0.9648812296227295,0.962246639066576
wdbc,False,MCAR,0.3,0,Sinkhorn,LR,0.9771774569166277,0.9755810229515103
wdbc,False,MCAR,0.3,0,Sinkhorn,KNN,0.9578636857630801,0.9541712125577069
wdbc,False,MCAR,0.3,0,Sinkhorn,RF,0.9701599130569788,0.9677060887332434
wdbc,False,MCAR,0.3,0,Sinkhorn,SVC,0.968390001552554,0.966034429108162
wdbc,False,MCAR,0.3,0,HyperImpute,LR,0.9736531594472908,0.9716526797056486
wdbc,False,MCAR,0.3,0,HyperImpute,KNN,0.9525850023288308,0.948145922372141
wdbc,False,MCAR,0.3,0,HyperImpute,RF,0.9613569321533924,0.9582785461580847
wdbc,False,MCAR,0.3,0,HyperImpute,SVC,0.9718987734823784,0.9697746731529477
wdbc,False,MCAR,0.3,0,ReMasker,LR,0.9701443875174662,0.9677848045608289
wdbc,False,MCAR,0.3,0,ReMasker,KNN,0.956078248719143,0.9522195532533557
wdbc,False,MCAR,0.3,0,ReMasker,RF,0.9666511411271541,0.9640451022718037
wdbc,False,MCAR,0.3,0,ReMasker,SVC,0.9666356155876418,0.9642276291615465
wdbc,False,MCAR,0.3,1,Mean,LR,0.9648501785437045,0.9622087785564701
wdbc,False,MCAR,0.3,1,Mean,KNN,0.9314392175128084,0.9249617212661271
wdbc,False,MCAR,0.3,1,Mean,RF,0.9437509703462196,0.939608436330422
wdbc,False,MCAR,0.3,1,Mean,SVC,0.9578015836050303,0.9546397742629817
wdbc,False,MCAR,0.3,1,NDI-0,LR,0.9595559695699425,0.956355630602585
wdbc,False,MCAR,0.3,1,NDI-0,KNN,0.9296848315478963,0.9234933939573328
wdbc,False,MCAR,0.3,1,NDI-0,RF,0.9454743052321067,0.9411356461007083
wdbc,False,MCAR,0.3,1,NDI-0,SVC,0.9490141282409563,0.9449081100809312
wdbc,False,MCAR,0.3,1,NDI-C,LR,0.9595870206489675,0.9566596674242073
wdbc,False,MCAR,0.3,1,NDI-C,KNN,0.9507840397453812,0.9466440790606727
wdbc,False,MCAR,0.3,1,NDI-C,RF,0.9542772861356932,0.9506825785536053
wdbc,False,MCAR,0.3,1,NDI-C,SVC,0.9595559695699425,0.9564733435689732
wdbc,False,MCAR,0.3,1,NDI-S,LR,0.9595714951094549,0.9566505634204457
wdbc,False,MCAR,0.3,1,NDI-S,KNN,0.9525229001707809,0.9485781284154807
wdbc,False,MCAR,0.3,1,NDI-S,RF,0.956047197640118,0.9525425510280481
wdbc,False,MCAR,0.3,1,NDI-S,SVC,0.9595559695699425,0.9564733435689732
wdbc,False,MCAR,0.3,1,GaussCM,LR,0.9683744760130415,0.9659099725615692
wdbc,False,MCAR,0.3,1,GaussCM,KNN,0.9578171091445427,0.9544095987566645
wdbc,False,MCAR,0.3,1,GaussCM,RF,0.9542928116752056,0.9508987740619388
wdbc,False,MCAR,0.3,1,GaussCM,SVC,0.9718832479428661,0.9697803289429429
wdbc,False,MCAR,0.3,1,KNN,LR,0.9543083372147182,0.950803816804239
wdbc,False,MCAR,0.3,1,KNN,KNN,0.9402421984163951,0.9347507439174716
wdbc,False,MCAR,0.3,1,KNN,RF,0.947259742276044,0.942982500333574
wdbc,False,MCAR,0.3,1,KNN,SVC,0.9578171091445429,0.9545613970313613
wdbc,False,MCAR,0.3,1,MICE,LR,0.9754230709517155,0.9733906804631378
wdbc,False,MCAR,0.3,1,MICE,KNN,0.9613414066138798,0.9581744895819403
wdbc,False,MCAR,0.3,1,MICE,RF,0.9542928116752059,0.9507020947369785
wdbc,False,MCAR,0.3,1,MICE,SVC,0.9683589504735289,0.9660739317445799
wdbc,False,MCAR,0.3,1,MissForest,LR,0.9753920198726906,0.9736812550078697
wdbc,False,MCAR,0.3,1,MissForest,KNN,0.9665890389691041,0.9639368193197452
wdbc,False,MCAR,0.3,1,MissForest,RF,0.9490451793199813,0.9450655624229725
wdbc,False,MCAR,0.3,1,MissForest,SVC,0.9578171091445429,0.9546300887474679
wdbc,False,MCAR,0.3,1,SoftImpute,LR,0.9666511411271541,0.9641224513250378
wdbc,False,MCAR,0.3,1,SoftImpute,KNN,0.9630802670392796,0.9600813149579643
wdbc,False,MCAR,0.3,1,SoftImpute,RF,0.9613103555348548,0.9584187937848675
wdbc,False,MCAR,0.3,1,SoftImpute,SVC,0.9701133364384413,0.9679333271089157
wdbc,False,MCAR,0.3,1,GAIN,LR,0.968390001552554,0.9660430170232756
wdbc,False,MCAR,0.3,1,GAIN,KNN,0.9542772861356932,0.9505602443348152
wdbc,False,MCAR,0.3,1,GAIN,RF,0.9543083372147182,0.950797286646799
wdbc,False,MCAR,0.3,1,GAIN,SVC,0.9630957925787922,0.960301256848106
wdbc,False,MCAR,0.3,1,NDI-F1,LR,0.9560627231796305,0.9528737687145028
wdbc,False,MCAR,0.3,1,NDI-F1,KNN,0.9419965843813072,0.9368358822090641
wdbc,False,MCAR,0.3,1,NDI-F1,RF,0.943766495885732,0.9395106399876815
wdbc,False,MCAR,0.3,1,NDI-F1,SVC,0.9577860580655176,0.9544361434647619
wdbc,False,MCAR,0.3,1,NDI-F-noclip,LR,0.9666200900481291,0.9640155100735184
wdbc,False,MCAR,0.3,1,NDI-F-noclip,KNN,0.9630957925787922,0.9600104782438936
wdbc,False,MCAR,0.3,1,NDI-F-noclip,RF,0.9472597422760443,0.9433380196051047
wdbc,False,MCAR,0.3,1,NDI-F-noclip,SVC,0.9630802670392795,0.9604185477703654
wdbc,False,MCAR,0.3,1,NDI-F,LR,0.9648657040832168,0.9620848427016746
wdbc,False,MCAR,0.3,1,NDI-F,KNN,0.9613414066138798,0.9581522174318554
wdbc,False,MCAR,0.3,1,NDI-F,RF,0.9507685142058685,0.9472194654209236
wdbc,False,MCAR,0.3,1,NDI-F,SVC,0.9630802670392795,0.9604185477703654
wdbc,False,MCAR,0.3,1,Copula-NDI-F,LR,0.9754075454122031,0.9735246767085052
wdbc,False,MCAR,0.3,1,Copula-NDI-F,KNN,0.9665890389691041,0.9639847364429504
wdbc,False,MCAR,0.3,1,Copula-NDI-F,RF,0.9578171091445427,0.954583061953595
wdbc,False,MCAR,0.3,1,Copula-NDI-F,SVC,0.964834653004192,0.9622808557067704
wdbc,False,MCAR,0.3,2,Mean,LR,0.9754075454122031,0.9733828282215115
wdbc,False,MCAR,0.3,2,Mean,KNN,0.952522900170781,0.9477492796684345
wdbc,False,MCAR,0.3,2,Mean,RF,0.9402887750349326,0.9356933955770138
wdbc,False,MCAR,0.3,2,Mean,SVC,0.9613103555348548,0.9585219722151399
wdbc,False,MCAR,0.3,2,NDI-0,LR,0.9648657040832169,0.9619445760973301
wdbc,False,MCAR,0.3,2,NDI-0,KNN,0.947290793355069,0.9429259426135665
wdbc,False,MCAR,0.3,2,NDI-0,RF,0.933224654556746,0.9278010255955496
wdbc,False,MCAR,0.3,2,NDI-0,SVC,0.9630802670392796,0.9602841948480114
wdbc,False,MCAR,0.3,2,NDI-C,LR,0.9771774569166277,0.9752116855559295
wdbc,False,MCAR,0.3,2,NDI-C,KNN,0.9543083372147182,0.9502411111525315
wdbc,False,MCAR,0.3,2,NDI-C,RF,0.9419965843813072,0.9373714328145674
wdbc,False,MCAR,0.3,2,NDI-C,SVC,0.9630802670392796,0.9602841948480114
wdbc,False,MCAR,0.3,2,NDI-S,LR,0.9789318428815401,0.9771260985103499
wdbc,False,MCAR,0.3,2,NDI-S,KNN,0.9525384257102936,0.9484793316036425
wdbc,False,MCAR,0.3,2,NDI-S,RF,0.9472752678155567,0.9431755569081461
wdbc,False,MCAR,0.3,2,NDI-S,SVC,0.9630802670392796,0.9602841948480114
wdbc,False,MCAR,0.3,2,GaussCM,LR,0.9807017543859649,0.9790564373897708
wdbc,False,MCAR,0.3,2,GaussCM,KNN,0.9666356155876418,0.9640033644140333
wdbc,False,MCAR,0.3,2,GaussCM,RF,0.9543393882937432,0.9508971918071302
wdbc,False,MCAR,0.3,2,GaussCM,SVC,0.9754075454122031,0.9736549817992083
wdbc,False,MCAR,0.3,2,KNN,LR,0.968390001552554,0.965895682219687
wdbc,False,MCAR,0.3,2,KNN,KNN,0.9420121099208199,0.9362426330049025
wdbc,False,MCAR,0.3,2,KNN,RF,0.9455829840086943,0.9409359958577118
wdbc,False,MCAR,0.3,2,KNN,SVC,0.9595714951094549,0.9560455643775168
wdbc,False,MCAR,0.3,2,MICE,LR,0.9683900015525537,0.9658328773153881
wdbc,False,MCAR,0.3,2,MICE,KNN,0.9630957925787922,0.9600199861697956
wdbc,False,MCAR,0.3,2,MICE,RF,0.9525694767893184,0.948880561039078
wdbc,False,MCAR,0.3,2,MICE,SVC,0.9736531594472908,0.9717425527209054
wdbc,False,MCAR,0.3,2,MissForest,LR,0.9771774569166277,0.9754566422089377
wdbc,False,MCAR,0.3,2,MissForest,KNN,0.9613569321533924,0.958226092655555
wdbc,False,MCAR,0.3,2,MissForest,RF,0.9543393882937432,0.9507257902190152
wdbc,False,MCAR,0.3,2,MissForest,SVC,0.9754230709517155,0.9735955062438588
wdbc,False,MCAR,0.3,2,SoftImpute,LR,0.9789318428815401,0.9771707469433795
wdbc,False,MCAR,0.3,2,SoftImpute,KNN,0.9666356155876417,0.9639518288538159
wdbc,False,MCAR,0.3,2,SoftImpute,RF,0.95960254618848,0.9567040896860055
wdbc,False,MCAR,0.3,2,SoftImpute,SVC,0.9789163173420278,0.9774065243742804
wdbc,False,MCAR,0.3,2,GAIN,LR,0.9771774569166277,0.9754733437500016
wdbc,False,MCAR,0.3,2,GAIN,KNN,0.9578481602235678,0.9543652472554939
wdbc,False,MCAR,0.3,2,GAIN,RF,0.9490451793199813,0.9452889707417895
wdbc,False,MCAR,0.3,2,GAIN,SVC,0.9683589504735289,0.9660716412556539
wdbc,False,MCAR,0.3,2,NDI-F1,LR,0.9736531594472908,0.971433436972519
wdbc,False,MCAR,0.3,2,NDI-F1,KNN,0.9507840397453812,0.9465464303438665
wdbc,False,MCAR,0.3,2,NDI-F1,RF,0.9455364073901567,0.9409828025129912
wdbc,False,MCAR,0.3,2,NDI-F1,SVC,0.9648191274646793,0.9622640864434793
wdbc,False,MCAR,0.3,2,NDI-F-noclip,LR,0.971914299021891,0.9696676617932354
wdbc,False,MCAR,0.3,2,NDI-F-noclip,KNN,0.9630957925787922,0.9601019199899501
wdbc,False,MCAR,0.3,2,NDI-F-noclip,RF,0.9507995652848937,0.9471903480479164
wdbc,False,MCAR,0.3,2,NDI-F-noclip,SVC,0.9718987734823784,0.969872446426604
wdbc,False,MCAR,0.3,2,NDI-F,LR,0.9736686849868033,0.9715609435562692
wdbc,False,MCAR,0.3,2,NDI-F,KNN,0.9648501785437045,0.9620127122284817
wdbc,False,MCAR,0.3,2,NDI-F,RF,0.9507995652848937,0.9471903480479164
wdbc,False,MCAR,0.3,2,NDI-F,SVC,0.9718987734823784,0.969872446426604
wdbc,False,MCAR,0.3,2,Copula-NDI-F,LR,0.9736686849868033,0.9714873235948126
wdbc,False,MCAR,0.3,2,Copula-NDI-F,KNN,0.9683900015525537,0.9658458988361212
wdbc,False,MCAR,0.3,2,Copula-NDI-F,RF,0.9578481602235677,0.9546521092402074
wdbc,False,MCAR,0.3,2,Copula-NDI-F,SVC,0.9736686849868033,0.9717564176587083
wdbc,False,MAR,0.3,0,Mean,LR,0.9648967551622419,0.9622304475613394
wdbc,False,MAR,0.3,0,Mean,KNN,0.9490141282409563,0.9445336953670898
wdbc,False,MAR,0.3,0,Mean,RF,0.9508150908244062,0.9472068287825726
wdbc,False,MAR,0.3,0,Mean,SVC,0.9648501785437045,0.9622732000352773
wdbc,False,MAR,0.3,0,NDI-0,LR,0.9666356155876418,0.9641236237557628
wdbc,False,MAR,0.3,0,NDI-0,KNN,0.9578015836050302,0.9541816809650088
wdbc,False,MAR,0.3,0,NDI-0,RF,0.952585002328831,0.949148695211379
wdbc,False,MAR,0.3,0,NDI-0,SVC,0.9701443875174661,0.9680108904994649
wdbc,False,MAR,0.3,0,NDI-C,LR,0.9719142990218911,0.9698024836689496
wdbc,False,MAR,0.3,0,NDI-C,KNN,0.9666045645086168,0.9638850676464366
wdbc,False,MAR,0.3,0,NDI-C,RF,0.9561092997981679,0.9527908585854628
wdbc,False,MAR,0.3,0,NDI-C,SVC,0.9718987734823784,0.9699049811969325
wdbc,False,MAR,0.3,0,NDI-S,LR,0.9701599130569788,0.9678460584264442
wdbc,False,MAR,0.3,0,NDI-S,KNN,0.9665890389691041,0.963852468544389
wdbc,False,MAR,0.3,0,NDI-S,RF,0.9578636857630801,0.9546406846019554
wdbc,False,MAR,0.3,0,NDI-S,SVC,0.9718987734823784,0.9699049811969325
wdbc,False,MAR,0.3,0,GaussCM,LR,0.9736531594472908,0.9715404400185689
wdbc,False,MAR,0.3,0,GaussCM,KNN,0.9578326346840551,0.9541464283293314
wdbc,False,MAR,0.3,0,GaussCM,RF,0.9578636857630801,0.9547703820164563
wdbc,False,MAR,0.3,0,GaussCM,SVC,0.9718677224033534,0.9697586497110106
wdbc,False,MAR,0.3,0,KNN,LR,0.9631113181183046,0.9601165444424298
wdbc,False,MAR,0.3,0,KNN,KNN,0.9578326346840553,0.9544457709374102
wdbc,False,MAR,0.3,0,KNN,RF,0.95960254618848,0.9565282713960699
wdbc,False,MAR,0.3,0,KNN,SVC,0.9648657040832169,0.9621254497965515
wdbc,False,MAR,0.3,0,MICE,LR,0.9701288619779538,0.967780399377929
wdbc,False,MAR,0.3,0,MICE,KNN,0.9631113181183046,0.9600356860782779
wdbc,False,MAR,0.3,0,MICE,RF,0.9578636857630801,0.9545493463950283
wdbc,False,MAR,0.3,0,MICE,SVC,0.9736376339077782,0.9715261433024001
wdbc,False,MAR,0.3,0,MissForest,LR,0.9736376339077782,0.9716279711051794
wdbc,False,MAR,0.3,0,MissForest,KNN,0.9631113181183046,0.959882427196605
wdbc,False,MAR,0.3,0,MissForest,RF,0.9613724576929048,0.9586843673532028
wdbc,False,MAR,0.3,0,MissForest,SVC,0.9701443875174662,0.9678659962634628
wdbc,False,MAR,0.3,0,SoftImpute,LR,0.9754075454122031,0.9733534522258676
wdbc,False,MAR,0.3,0,SoftImpute,KNN,0.9613414066138798,0.9578935493482532
wdbc,False,MAR,0.3,0,SoftImpute,RF,0.9613724576929048,0.9585797084399861
wdbc,False,MAR,0.3,0,SoftImpute,SVC,0.9701288619779538,0.9678267673726705
wdbc,False,MAR,0.3,0,GAIN,LR,0.9736376339077782,0.9716108650968985
wdbc,False,MAR,0.3,0,GAIN,KNN,0.9666200900481291,0.9637723497871132
wdbc,False,MAR,0.3,0,GAIN,RF,0.9525850023288308,0.9487107931422762
wdbc,False,MAR,0.3,0,GAIN,SVC,0.9701133364384413,0.9679975680812157
wdbc,False,MAR,0.3,0,NDI-F1,LR,0.968390001552554,0.9659607753176755
wdbc,False,MAR,0.3,0,NDI-F1,KNN,0.9595870206489675,0.9562685740055249
wdbc,False,MAR,0.3,0,NDI-F1,RF,0.9543549138332557,0.9508911548480464
wdbc,False,MAR,0.3,0,NDI-F1,SVC,0.9718987734823784,0.9698130418255444
wdbc,False,MAR,0.3,0,NDI-F-noclip,LR,0.9666356155876417,0.9641488063362333
wdbc,False,MAR,0.3,0,NDI-F-noclip,KNN,0.9543238627542306,0.9503271042514492
wdbc,False,MAR,0.3,0,NDI-F-noclip,RF,0.9560937742586555,0.9528728251242384
wdbc,False,MAR,0.3,0,NDI-F-noclip,SVC,0.9648501785437045,0.9620563013431604
wdbc,False,MAR,0.3,0,NDI-F,LR,0.968390001552554,0.9659895566727738
wdbc,False,MAR,0.3,0,NDI-F,KNN,0.9543238627542306,0.9503271042514492
wdbc,False,MAR,0.3,0,NDI-F,RF,0.9560937742586555,0.9528728251242384
wdbc,False,MAR,0.3,0,NDI-F,SVC,0.9666045645086168,0.9639087635045975
wdbc,False,MAR,0.3,0,Copula-NDI-F,LR,0.9701443875174661,0.9677116599337898
wdbc,False,MAR,0.3,0,Copula-NDI-F,KNN,0.9525694767893185,0.9483572944010273
wdbc,False,MAR,0.3,0,Copula-NDI-F,RF,0.9613569321533924,0.9583136194742456
wdbc,False,MAR,0.3,0,Copula-NDI-F,SVC,0.9718677224033534,0.9696817708444587
wdbc,False,MAR,0.3,0,MIWAE,LR,0.9789163173420278,0.9773025593408068
wdbc,False,MAR,0.3,0,MIWAE,KNN,0.968390001552554,0.9658159906133419
wdbc,False,MAR,0.3,0,MIWAE,RF,0.9613414066138798,0.9583975212573183
wdbc,False,MAR,0.3,0,MIWAE,SVC,0.9771619313771154,0.9754064877375793
wdbc,False,MAR,0.3,0,Sinkhorn,LR,0.9736686849868033,0.9716643255108105
wdbc,False,MAR,0.3,0,Sinkhorn,KNN,0.9648812296227295,0.9621299090850473
wdbc,False,MAR,0.3,0,Sinkhorn,RF,0.9631423691973297,0.9603504696432121
wdbc,False,MAR,0.3,0,Sinkhorn,SVC,0.9718987734823784,0.9698130418255444
wdbc,False,MAR,0.3,0,HyperImpute,LR,0.9701443875174661,0.9677740776072371
wdbc,False,MAR,0.3,0,HyperImpute,KNN,0.9578171091445429,0.9542133468694013
wdbc,False,MAR,0.3,0,HyperImpute,RF,0.9561092997981678,0.9527641017355656
wdbc,False,MAR,0.3,0,HyperImpute,SVC,0.971883247942866,0.9697908195432667
wdbc,False,MAR,0.3,0,ReMasker,LR,0.9683744760130415,0.9659615684520467
wdbc,False,MAR,0.3,0,ReMasker,KNN,0.9542772861356932,0.9507675702733078
wdbc,False,MAR,0.3,0,ReMasker,RF,0.9473218444340941,0.9431654337019783
wdbc,False,MAR,0.3,0,ReMasker,SVC,0.9683744760130415,0.9660706138317158
wdbc,False,MAR,0.3,1,Mean,LR,0.9683744760130415,0.9659981538801139
wdbc,False,MAR,0.3,1,Mean,KNN,0.9384722869119703,0.9330249117593764
wdbc,False,MAR,0.3,1,Mean,RF,0.9507529886663562,0.947231183097227
wdbc,False,MAR,0.3,1,Mean,SVC,0.9666045645086166,0.9639897688859105
wdbc,False,MAR,0.3,1,NDI-0,LR,0.9683744760130415,0.9659403826427653
wdbc,False,MAR,0.3,1,NDI-0,KNN,0.9507529886663562,0.9468638163955525
wdbc,False,MAR,0.3,1,NDI-0,RF,0.9542617605961807,0.9508260130710126
wdbc,False,MAR,0.3,1,NDI-0,SVC,0.9666045645086166,0.9639708949009499
wdbc,False,MAR,0.3,1,NDI-C,LR,0.9701443875174662,0.9676533757596839
wdbc,False,MAR,0.3,1,NDI-C,KNN,0.9665579878900792,0.9638364930794057
wdbc,False,MAR,0.3,1,NDI-C,RF,0.9560316721006055,0.9526364727582324
wdbc,False,MAR,0.3,1,NDI-C,SVC,0.9701133364384411,0.9677995072992907
wdbc,False,MAR,0.3,1,NDI-S,LR,0.9718987734823784,0.9696354916790184
wdbc,False,MAR,0.3,1,NDI-S,KNN,0.9630492159602546,0.9600475441803612
wdbc,False,MAR,0.3,1,NDI-S,RF,0.9542772861356932,0.950841793971624
wdbc,False,MAR,0.3,1,NDI-S,SVC,0.9683589504735289,0.9659073785366793
wdbc,False,MAR,0.3,1,GaussCM,LR,0.9665890389691041,0.9639714409431892
wdbc,False,MAR,0.3,1,GaussCM,KNN,0.9577860580655176,0.954116243848864
wdbc,False,MAR,0.3,1,GaussCM,RF,0.9613103555348548,0.9585819148024367
wdbc,False,MAR,0.3,1,GaussCM,SVC,0.9701133364384411,0.967896466192099
wdbc,False,MAR,0.3,1,KNN,LR,0.9613258810743673,0.958521706955468
wdbc,False,MAR,0.3,1,KNN,KNN,0.9507685142058687,0.9465409329883876
wdbc,False,MAR,0.3,1,KNN,RF,0.9560627231796305,0.9528396386704714
wdbc,False,MAR,0.3,1,KNN,SVC,0.9701288619779538,0.9678259697123858
wdbc,False,MAR,0.3,1,MICE,LR,0.9736376339077782,0.9714562225206226
wdbc,False,MAR,0.3,1,MICE,KNN,0.9648346530041918,0.9618714830736156
wdbc,False,MAR,0.3,1,MICE,RF,0.9595559695699427,0.9565557455508307
wdbc,False,MAR,0.3,1,MICE,SVC,0.9788852662630028,0.9772759601598189
wdbc,False,MAR,0.3,1,MissForest,LR,0.9701288619779538,0.9678209592810563
wdbc,False,MAR,0.3,1,MissForest,KNN,0.9612948299953423,0.9581123618453479
wdbc,False,MAR,0.3,1,MissForest,RF,0.9613258810743673,0.9584494970562083
wdbc,False,MAR,0.3,1,MissForest,SVC,0.9718677224033534,0.9698132248334301
wdbc,False,MAR,0.3,1,SoftImpute,LR,0.9701443875174662,0.9677522292779299
wdbc,False,MAR,0.3,1,SoftImpute,KNN,0.964803601925167,0.9619553743957706
wdbc,False,MAR,0.3,1,SoftImpute,RF,0.9595870206489675,0.9566147562874301
wdbc,False,MAR,0.3,1,SoftImpute,SVC,0.9718677224033534,0.9697711029273373
wdbc,False,MAR,0.3,1,GAIN,LR,0.9666356155876418,0.9640322855488357
wdbc,False,MAR,0.3,1,GAIN,KNN,0.9613103555348548,0.958116567182173
wdbc,False,MAR,0.3,1,GAIN,RF,0.9595714951094549,0.9566986088681915
wdbc,False,MAR,0.3,1,GAIN,SVC,0.9665890389691041,0.9640063489189918
wdbc,False,MAR,0.3,1,NDI-F1,LR,0.9736376339077782,0.9714829609820275
wdbc,False,MAR,0.3,1,NDI-F1,KNN,0.9525073746312683,0.9485770411206529
wdbc,False,MAR,0.3,1,NDI-F1,RF,0.9542772861356932,0.950887117077192
wdbc,False,MAR,0.3,1,NDI-F1,SVC,0.9683589504735289,0.9658897795806967
wdbc,False,MAR,0.3,1,NDI-F-noclip,LR,0.9666200900481291,0.9640320988624967
wdbc,False,MAR,0.3,1,NDI-F-noclip,KNN,0.9595559695699425,0.9561834736542074
wdbc,False,MAR,0.3,1,NDI-F-noclip,RF,0.9542772861356932,0.9509143855347488
wdbc,False,MAR,0.3,1,NDI-F-noclip,SVC,0.9718677224033534,0.9697711029273373
wdbc,False,MAR,0.3,1,NDI-F,LR,0.9666200900481291,0.9640320988624967
wdbc,False,MAR,0.3,1,NDI-F,KNN,0.9595559695699425,0.9561834736542074
wdbc,False,MAR,0.3,1,NDI-F,RF,0.9507685142058687,0.9471206848606541
wdbc,False,MAR,0.3,1,NDI-F,SVC,0.9718677224033534,0.9697711029273373
wdbc,False,MAR,0.3,1,Copula-NDI-F,LR,0.9683744760130415,0.9658292724338804
wdbc,False,MAR,0.3,1,Copula-NDI-F,KNN,0.9542772861356932,0.9502149879283162
wdbc,False,MAR,0.3,1,Copula-NDI-F,RF,0.9578015836050303,0.9546891798490538
wdbc,False,MAR,0.3,1,Copula-NDI-F,SVC,0.9701133364384411,0.9679433417304871
wdbc,False,MAR,0.3,2,Mean,LR,0.9613103555348548,0.9584363415050217
wdbc,False,MAR,0.3,2,Mean,KNN,0.943735444806707,0.9379610906488031
wdbc,False,MAR,0.3,2,Mean,RF,0.9455053563111319,0.9412277160086923
wdbc,False,MAR,0.3,2,Mean,SVC,0.9577394814469804,0.9543159075710548
wdbc,False,MAR,0.3,2,NDI-0,LR,0.9578015836050303,0.9544829297736275
wdbc,False,MAR,0.3,2,NDI-0,KNN,0.9419655333022823,0.9364487503910321
wdbc,False,MAR,0.3,2,NDI-0,RF,0.9525694767893184,0.9487054129164398
wdbc,False,MAR,0.3,2,NDI-0,SVC,0.9489675516224189,0.9442467807650552
wdbc,False,MAR,0.3,2,NDI-C,LR,0.9578015836050303,0.9545441188242835
wdbc,False,MAR,0.3,2,NDI-C,KNN,0.9542928116752056,0.9498480938686719
wdbc,False,MAR,0.3,2,NDI-C,RF,0.947228691197019,0.943399128837423
wdbc,False,MAR,0.3,2,NDI-C,SVC,0.9595249184909175,0.9561901310824924
wdbc,False,MAR,0.3,2,NDI-S,LR,0.9595559695699425,0.9564015914170503
wdbc,False,MAR,0.3,2,NDI-S,KNN,0.9507840397453812,0.9457723015811028
wdbc,False,MAR,0.3,2,NDI-S,RF,0.9489830771619314,0.9451316356021385
wdbc,False,MAR,0.3,2,NDI-S,SVC,0.9630336904207422,0.959808742473179
wdbc,False,MAR,0.3,2,GaussCM,LR,0.9683434249340165,0.9658850936319894
wdbc,False,MAR,0.3,2,GaussCM,KNN,0.9666045645086166,0.9636299152065124
wdbc,False,MAR,0.3,2,GaussCM,RF,0.9490141282409563,0.9448744660469807
wdbc,False,MAR,0.3,2,GaussCM,SVC,0.961310355534855,0.9580184474164419
wdbc,False,MAR,0.3,2,KNN,LR,0.9700978108989287,0.9678962561136097
wdbc,False,MAR,0.3,2,KNN,KNN,0.9560316721006055,0.9517635008719083
wdbc,False,MAR,0.3,2,KNN,RF,0.9507529886663562,0.9470390877341515
wdbc,False,MAR,0.3,2,KNN,SVC,0.9665735134295919,0.9640827629968328
wdbc,False,MAR,0.3,2,MICE,LR,0.9665890389691041,0.964074438371755
wdbc,False,MAR,0.3,2,MICE,KNN,0.9683434249340165,0.9654928666950283
wdbc,False,MAR,0.3,2,MICE,RF,0.9525694767893185,0.9488235348076198
wdbc,False,MAR,0.3,2,MICE,SVC,0.9736376339077782,0.9713492493429691
wdbc,False,MAR,0.3,2,MissForest,LR,0.9666045645086166,0.9638320694845998
wdbc,False,MAR,0.3,2,MissForest,KNN,0.9595714951094549,0.9558073794088872
wdbc,False,MAR,0.3,2,MissForest,RF,0.9613724576929048,0.9581551191329701
wdbc,False,MAR,0.3,2,MissForest,SVC,0.9700978108989288,0.9676072847779349
wdbc,False,MAR,0.3,2,SoftImpute,LR,0.9665890389691041,0.963875258874808
wdbc,False,MAR,0.3,2,SoftImpute,KNN,0.9542928116752056,0.94975550521355
wdbc,False,MAR,0.3,2,SoftImpute,RF,0.9578326346840551,0.9544516368894993
wdbc,False,MAR,0.3,2,SoftImpute,SVC,0.9665890389691041,0.9638905802509455
wdbc,False,MAR,0.3,2,GAIN,LR,0.9648501785437045,0.9617803025851153
wdbc,False,MAR,0.3,2,GAIN,KNN,0.9560627231796305,0.9518903394710723
wdbc,False,MAR,0.3,2,GAIN,RF,0.9490451793199813,0.9443135832275397
wdbc,False,MAR,0.3,2,GAIN,SVC,0.9648346530041918,0.9618440098197099
wdbc,False,MAR,0.3,2,NDI-F1,LR,0.95954044403043,0.9563472509073383
wdbc,False,MAR,0.3,2,NDI-F1,KNN,0.9472442167365316,0.9419640751851276
wdbc,False,MAR,0.3,2,NDI-F1,RF,0.9437509703462196,0.9393435896721453
wdbc,False,MAR,0.3,2,NDI-F1,SVC,0.9560006210215806,0.9521010192759787
wdbc,False,MAR,0.3,2,NDI-F-noclip,LR,0.9700978108989288,0.9679659332344499
wdbc,False,MAR,0.3,2,NDI-F-noclip,KNN,0.9648501785437043,0.9616801402054653
wdbc,False,MAR,0.3,2,NDI-F-noclip,RF,0.9560627231796305,0.9523965433934343
wdbc,False,MAR,0.3,2,NDI-F-noclip,SVC,0.9613103555348548,0.9583348048515852
wdbc,False,MAR,0.3,2,NDI-F,LR,0.9700978108989288,0.9678878409662474
wdbc,False,MAR,0.3,2,NDI-F,KNN,0.9648501785437043,0.9616801402054653
wdbc,False,MAR,0.3,2,NDI-F,RF,0.9578171091445429,0.9544275409123258
wdbc,False,MAR,0.3,2,NDI-F,SVC,0.9613103555348548,0.9583348048515852
wdbc,False,MAR,0.3,2,Copula-NDI-F,LR,0.9701133364384411,0.9677439300536832
wdbc,False,MAR,0.3,2,Copula-NDI-F,KNN,0.9578171091445427,0.9538266386778591
wdbc,False,MAR,0.3,2,Copula-NDI-F,RF,0.9560782487191428,0.9524090378931229
wdbc,False,MAR,0.3,2,Copula-NDI-F,SVC,0.9630802670392796,0.9600556637093678
wdbc,False,MNAR,0.3,0,Mean,LR,0.9525073746312683,0.9489135873430292
wdbc,False,MNAR,0.3,0,Mean,KNN,0.943797546964757,0.9385585322262603
wdbc,False,MNAR,0.3,0,Mean,RF,0.9490451793199813,0.9449069347014696
wdbc,False,MNAR,0.3,0,Mean,SVC,0.9507685142058685,0.9470425111342589
wdbc,False,MNAR,0.3,0,NDI-0,LR,0.9613258810743673,0.9584455736517643
wdbc,False,MNAR,0.3,0,NDI-0,KNN,0.9437509703462196,0.9390340654774036
wdbc,False,MNAR,0.3,0,NDI-0,RF,0.9490607048594939,0.9445023220769098
wdbc,False,MNAR,0.3,0,NDI-0,SVC,0.9490141282409563,0.9450860858917534
wdbc,False,MNAR,0.3,0,NDI-C,LR,0.9560316721006055,0.9527870315138353
wdbc,False,MNAR,0.3,0,NDI-C,KNN,0.9490141282409563,0.9449567131033707
wdbc,False,MNAR,0.3,0,NDI-C,RF,0.9490451793199813,0.9453261177969609
wdbc,False,MNAR,0.3,0,NDI-C,SVC,0.9542928116752056,0.9507883055071013
wdbc,False,MNAR,0.3,0,NDI-S,LR,0.9560316721006055,0.9527870315138353
wdbc,False,MNAR,0.3,0,NDI-S,KNN,0.9490141282409563,0.9451281473871702
wdbc,False,MNAR,0.3,0,NDI-S,RF,0.9507840397453812,0.9473391651246266
wdbc,False,MNAR,0.3,0,NDI-S,SVC,0.9542928116752056,0.9507883055071013
wdbc,False,MNAR,0.3,0,GaussCM,LR,0.9683434249340165,0.9659217796679667
wdbc,False,MNAR,0.3,0,GaussCM,KNN,0.9472752678155567,0.9425186702717946
wdbc,False,MNAR,0.3,0,GaussCM,RF,0.9560937742586555,0.9526838116121091
wdbc,False,MNAR,0.3,0,GaussCM,SVC,0.9718677224033534,0.9696206509271705
wdbc,False,MNAR,0.3,0,KNN,LR,0.9279459711224964,0.9227014539499928
wdbc,False,MNAR,0.3,0,KNN,KNN,0.92094395280236,0.9147091864590919
wdbc,False,MNAR,0.3,0,KNN,RF,0.943766495885732,0.9396629674293694
wdbc,False,MNAR,0.3,0,KNN,SVC,0.927930445582984,0.92288875641182
wdbc,False,MNAR,0.3,0,MICE,LR,0.9789007918025151,0.9771920561754689
wdbc,False,MNAR,0.3,0,MICE,KNN,0.9630957925787922,0.9598643107967284
wdbc,False,MNAR,0.3,0,MICE,RF,0.9578636857630801,0.9546368593747296
wdbc,False,MNAR,0.3,0,MICE,SVC,0.9789007918025151,0.9772511744718348
wdbc,False,MNAR,0.3,0,MissForest,LR,0.9577860580655176,0.9548392656003604
wdbc,False,MNAR,0.3,0,MissForest,KNN,0.956078248719143,0.9521234921537916
wdbc,False,MNAR,0.3,0,MissForest,RF,0.9490762303990063,0.9450713625090394
wdbc,False,MNAR,0.3,0,MissForest,SVC,0.9665735134295916,0.964201674866632
wdbc,False,MNAR,0.3,0,SoftImpute,LR,0.9665735134295919,0.9640682613317424
wdbc,False,MNAR,0.3,0,SoftImpute,KNN,0.9543393882937432,0.9505398511967019
wdbc,False,MNAR,0.3,0,SoftImpute,RF,0.9578636857630801,0.9547271175056642
wdbc,False,MNAR,0.3,0,SoftImpute,SVC,0.9736221083682658,0.9715571376647778
wdbc,False,MNAR,0.3,0,GAIN,LR,0.971852196863841,0.9698087593401116
wdbc,False,MNAR,0.3,0,GAIN,KNN,0.9613569321533924,0.9580187018893401
wdbc,False,MNAR,0.3,0,GAIN,RF,0.956078248719143,0.9526773319632762
wdbc,False,MNAR,0.3,0,GAIN,SVC,0.9718677224033534,0.9697037329115403
wdbc,False,MNAR,0.3,0,NDI-F1,LR,0.9560316721006055,0.9528874682632285
wdbc,False,MNAR,0.3,0,NDI-F1,KNN,0.9437199192671946,0.93885802982138
wdbc,False,MNAR,0.3,0,NDI-F1,RF,0.943766495885732,0.939378645468925
wdbc,False,MNAR,0.3,0,NDI-F1,SVC,0.9542772861356932,0.9507598014252835
wdbc,False,MNAR,0.3,0,NDI-F-noclip,LR,0.9595714951094549,0.9563205346762125
wdbc,False,MNAR,0.3,0,NDI-F-noclip,KNN,0.9508150908244062,0.9468492059303063
wdbc,False,MNAR,0.3,0,NDI-F-noclip,RF,0.9578636857630801,0.9546421896108465
wdbc,False,MNAR,0.3,0,NDI-F-noclip,SVC,0.9630802670392796,0.9603628398179644
wdbc,False,MNAR,0.3,0,NDI-F,LR,0.9613258810743673,0.9581959216302744
wdbc,False,MNAR,0.3,0,NDI-F,KNN,0.9508150908244062,0.9468492059303063
wdbc,False,MNAR,0.3,0,NDI-F,RF,0.9578636857630801,0.9546421896108465
wdbc,False,MNAR,0.3,0,NDI-F,SVC,0.9630802670392796,0.9603628398179644
wdbc,False,MNAR,0.3,0,Copula-NDI-F,LR,0.9630647414997672,0.960286674286704
wdbc,False,MNAR,0.3,0,Copula-NDI-F,KNN,0.9507995652848937,0.9469451639591092
wdbc,False,MNAR,0.3,0,Copula-NDI-F,RF,0.95960254618848,0.9567615051574148
wdbc,False,MNAR,0.3,0,Copula-NDI-F,SVC,0.9648501785437045,0.9622409499535719
wdbc,False,MNAR,0.3,0,MIWAE,LR,0.9700978108989288,0.9678458601699379
wdbc,False,MNAR,0.3,0,MIWAE,KNN,0.9631113181183046,0.9600510841217591
wdbc,False,MNAR,0.3,0,MIWAE,RF,0.9560782487191428,0.9524721578954043
wdbc,False,MNAR,0.3,0,MIWAE,SVC,0.9771464058376029,0.9753803018995229
wdbc,False,MNAR,0.3,0,Sinkhorn,LR,0.9665735134295919,0.9641031938022528
wdbc,False,MNAR,0.3,0,Sinkhorn,KNN,0.9683589504735289,0.9659168282898415
wdbc,False,MNAR,0.3,0,Sinkhorn,RF,0.9595714951094549,0.9567721451900727
wdbc,False,MNAR,0.3,0,Sinkhorn,SVC,0.9683434249340165,0.9660309293313858
wdbc,False,MNAR,0.3,0,HyperImpute,LR,0.9736221083682658,0.9715803131335102
wdbc,False,MNAR,0.3,0,HyperImpute,KNN,0.9613258810743673,0.9578860909403678
wdbc,False,MNAR,0.3,0,HyperImpute,RF,0.9560937742586555,0.9526342338024468
wdbc,False,MNAR,0.3,0,HyperImpute,SVC,0.9613103555348548,0.9583591008276763
wdbc,False,MNAR,0.3,0,ReMasker,LR,0.9718677224033534,0.969685007808293
wdbc,False,MNAR,0.3,0,ReMasker,KNN,0.9613569321533924,0.9580577480234416
wdbc,False,MNAR,0.3,0,ReMasker,RF,0.9525850023288308,0.9490236098067424
wdbc,False,MNAR,0.3,0,ReMasker,SVC,0.9718677224033534,0.9696215050384861
wdbc,False,MNAR,0.3,1,Mean,LR,0.956078248719143,0.952615126801238
wdbc,False,MNAR,0.3,1,Mean,KNN,0.9367334264865704,0.9299656507000753
wdbc,False,MNAR,0.3,1,Mean,RF,0.9507840397453812,0.9470129845558238
wdbc,False,MNAR,0.3,1,Mean,SVC,0.9613569321533924,0.9584621881045396
wdbc,False,MNAR,0.3,1,NDI-0,LR,0.9595870206489675,0.9565102856129766
wdbc,False,MNAR,0.3,1,NDI-0,KNN,0.9525073746312683,0.9484450993788653
wdbc,False,MNAR,0.3,1,NDI-0,RF,0.9420276354603322,0.9376137350937233
wdbc,False,MNAR,0.3,1,NDI-0,SVC,0.9683744760130415,0.9660172941859508
wdbc,False,MNAR,0.3,1,NDI-C,LR,0.9666200900481291,0.9641781202879534
wdbc,False,MNAR,0.3,1,NDI-C,KNN,0.9595559695699425,0.9562080375854194
wdbc,False,MNAR,0.3,1,NDI-C,RF,0.9473063188945815,0.9437189716761665
wdbc,False,MNAR,0.3,1,NDI-C,SVC,0.9648657040832169,0.9623235228482274
wdbc,False,MNAR,0.3,1,NDI-S,LR,0.9666200900481291,0.9641781202879534
wdbc,False,MNAR,0.3,1,NDI-S,KNN,0.9595559695699427,0.9562335305499594
wdbc,False,MNAR,0.3,1,NDI-S,RF,0.9490451793199813,0.9453721403351057
wdbc,False,MNAR,0.3,1,NDI-S,SVC,0.9648657040832169,0.9623235228482274
wdbc,False,MNAR,0.3,1,GaussCM,LR,0.968390001552554,0.9659663216891514
wdbc,False,MNAR,0.3,1,GaussCM,KNN,0.9648346530041918,0.9617475453771697
wdbc,False,MNAR,0.3,1,GaussCM,RF,0.9578015836050303,0.9546746229586525
wdbc,False,MNAR,0.3,1,GaussCM,SVC,0.9701443875174661,0.9679567826344286
wdbc,False,MNAR,0.3,1,KNN,LR,0.9243595714951095,0.9189103114762738
wdbc,False,MNAR,0.3,1,KNN,KNN,0.9208818506443098,0.9138315147565033
wdbc,False,MNAR,0.3,1,KNN,RF,0.915649743828598,0.9080902189008535
wdbc,False,MNAR,0.3,1,KNN,SVC,0.9261605340785592,0.9199932929655059
wdbc,False,MNAR,0.3,1,MICE,LR,0.9683744760130415,0.9660458237234307
wdbc,False,MNAR,0.3,1,MICE,KNN,0.9630647414997672,0.9601646817449645
wdbc,False,MNAR,0.3,1,MICE,RF,0.9543083372147182,0.9510078748955394
wdbc,False,MNAR,0.3,1,MICE,SVC,0.9736376339077782,0.9717223159832871
wdbc,False,MNAR,0.3,1,MissForest,LR,0.9701288619779536,0.9678111092140211
wdbc,False,MNAR,0.3,1,MissForest,KNN,0.9648191274646795,0.9621062513568539
wdbc,False,MNAR,0.3,1,MissForest,RF,0.9542772861356932,0.9507821813658219
wdbc,False,MNAR,0.3,1,MissForest,SVC,0.9701443875174661,0.9679225303503813
wdbc,False,MNAR,0.3,1,SoftImpute,LR,0.9683744760130415,0.9658784195060927
wdbc,False,MNAR,0.3,1,SoftImpute,KNN,0.9648346530041918,0.9619071113944091
wdbc,False,MNAR,0.3,1,SoftImpute,RF,0.956047197640118,0.9527992360045907
wdbc,False,MNAR,0.3,1,SoftImpute,SVC,0.9666356155876418,0.964207969498322
wdbc,False,MNAR,0.3,1,GAIN,LR,0.9736531594472908,0.9716684175173892
wdbc,False,MNAR,0.3,1,GAIN,KNN,0.9595559695699425,0.956363012493593
wdbc,False,MNAR,0.3,1,GAIN,RF,0.956047197640118,0.9526810088243811
wdbc,False,MNAR,0.3,1,GAIN,SVC,0.9736531594472908,0.9717796179321709
wdbc,False,MNAR,0.3,1,NDI-F1,LR,0.9613414066138798,0.9583521889499395
wdbc,False,MNAR,0.3,1,NDI-F1,KNN,0.956047197640118,0.9520926468440916
wdbc,False,MNAR,0.3,1,NDI-F1,RF,0.9472752678155565,0.9435112987181806
wdbc,False,MNAR,0.3,1,NDI-F1,SVC,0.9648657040832169,0.9623235228482274
wdbc,False,MNAR,0.3,1,NDI-F-noclip,LR,0.9683744760130415,0.9660145647469853
wdbc,False,MNAR,0.3,1,NDI-F-noclip,KNN,0.9578015836050302,0.9540986282449697
wdbc,False,MNAR,0.3,1,NDI-F-noclip,RF,0.956047197640118,0.9525751866060667
wdbc,False,MNAR,0.3,1,NDI-F-noclip,SVC,0.968390001552554,0.96594531559354
wdbc,False,MNAR,0.3,1,NDI-F,LR,0.9683744760130415,0.9660145647469853
wdbc,False,MNAR,0.3,1,NDI-F,KNN,0.9578015836050302,0.9540986282449697
wdbc,False,MNAR,0.3,1,NDI-F,RF,0.956047197640118,0.9525751866060667
wdbc,False,MNAR,0.3,1,NDI-F,SVC,0.968390001552554,0.96594531559354
wdbc,False,MNAR,0.3,1,Copula-NDI-F,LR,0.971883247942866,0.969783271464529
wdbc,False,MNAR,0.3,1,Copula-NDI-F,KNN,0.9525229001707809,0.948244144213908
wdbc,False,MNAR,0.3,1,Copula-NDI-F,RF,0.9595249184909177,0.9563150652408063
wdbc,False,MNAR,0.3,1,Copula-NDI-F,SVC,0.968390001552554,0.96594531559354
wdbc,False,MNAR,0.3,2,Mean,LR,0.95954044403043,0.9566397344598876
wdbc,False,MNAR,0.3,2,Mean,KNN,0.9402266728768824,0.9339945969101373
wdbc,False,MNAR,0.3,2,Mean,RF,0.9367334264865704,0.9318919637098638
wdbc,False,MNAR,0.3,2,Mean,SVC,0.9525694767893184,0.9490680261893367
wdbc,False,MNAR,0.3,2,NDI-0,LR,0.9472442167365316,0.9431912361273751
wdbc,False,MNAR,0.3,2,NDI-0,KNN,0.9437820214252446,0.9385891008104199
wdbc,False,MNAR,0.3,2,NDI-0,RF,0.933193603477721,0.9279902814340705
wdbc,False,MNAR,0.3,2,NDI-0,SVC,0.9560782487191428,0.952702288263598
wdbc,False,MNAR,0.3,2,NDI-C,LR,0.9525073746312683,0.9489985152378468
wdbc,False,MNAR,0.3,2,NDI-C,KNN,0.9419965843813072,0.9367746581068316
wdbc,False,MNAR,0.3,2,NDI-C,RF,0.9419965843813072,0.9373006794023493
wdbc,False,MNAR,0.3,2,NDI-C,SVC,0.9578326346840551,0.9546349779715266
wdbc,False,MNAR,0.3,2,NDI-S,LR,0.9525073746312683,0.9489985152378468
wdbc,False,MNAR,0.3,2,NDI-S,KNN,0.9420121099208197,0.9367264763412635
wdbc,False,MNAR,0.3,2,NDI-S,RF,0.9455208818506444,0.9411908482008412
wdbc,False,MNAR,0.3,2,NDI-S,SVC,0.956078248719143,0.9526931593250418
wdbc,False,MNAR,0.3,2,GaussCM,LR,0.9578015836050303,0.9546463116355943
wdbc,False,MNAR,0.3,2,GaussCM,KNN,0.943735444806707,0.9389663192832207
wdbc,False,MNAR,0.3,2,GaussCM,RF,0.9490296537804689,0.9451008352387215
wdbc,False,MNAR,0.3,2,GaussCM,SVC,0.9543083372147182,0.950862176739361
wdbc,False,MNAR,0.3,2,KNN,LR,0.9385188635305077,0.9338821261758892
wdbc,False,MNAR,0.3,2,KNN,KNN,0.9297158826269213,0.923875906771382
wdbc,False,MNAR,0.3,2,KNN,RF,0.9367489520260829,0.9318863931293176
wdbc,False,MNAR,0.3,2,KNN,SVC,0.9385033379909953,0.9344096124749786
wdbc,False,MNAR,0.3,2,MICE,LR,0.9701288619779538,0.9677966418338813
wdbc,False,MNAR,0.3,2,MICE,KNN,0.9578171091445427,0.9539548043052457
wdbc,False,MNAR,0.3,2,MICE,RF,0.9455208818506444,0.9410713613024637
wdbc,False,MNAR,0.3,2,MICE,SVC,0.971914299021891,0.9696668735739639
wdbc,False,MNAR,0.3,2,MissForest,LR,0.9613258810743673,0.9584337769639202
wdbc,False,MNAR,0.3,2,MissForest,KNN,0.956078248719143,0.952365647082097
wdbc,False,MNAR,0.3,2,MissForest,RF,0.9420121099208197,0.9366397960196664
wdbc,False,MNAR,0.3,2,MissForest,SVC,0.9666200900481291,0.9640563187831839
wdbc,False,MNAR,0.3,2,SoftImpute,LR,0.9630802670392795,0.9602745273004605
wdbc,False,MNAR,0.3,2,SoftImpute,KNN,0.9543083372147182,0.9503816551101345
wdbc,False,MNAR,0.3,2,SoftImpute,RF,0.9455208818506444,0.9415021628377851
wdbc,False,MNAR,0.3,2,SoftImpute,SVC,0.968390001552554,0.9659056883424106
wdbc,False,MNAR,0.3,2,GAIN,LR,0.9648501785437043,0.9621241733620616
wdbc,False,MNAR,0.3,2,GAIN,KNN,0.9543083372147182,0.9502672429940325
wdbc,False,MNAR,0.3,2,GAIN,RF,0.9454898307716194,0.9410935492870565
wdbc,False,MNAR,0.3,2,GAIN,SVC,0.9596025461884802,0.9563495330315899
wdbc,False,MNAR,0.3,2,NDI-F1,LR,0.9525073746312686,0.9490379231827415
wdbc,False,MNAR,0.3,2,NDI-F1,KNN,0.9402577239559073,0.9345361938216717
wdbc,False,MNAR,0.3,2,NDI-F1,RF,0.9420276354603322,0.9374113523560877
wdbc,False,MNAR,0.3,2,NDI-F1,SVC,0.9543393882937432,0.9508458133810592
wdbc,False,MNAR,0.3,2,NDI-F-noclip,LR,0.9683589504735289,0.9660633768032133
wdbc,False,MNAR,0.3,2,NDI-F-noclip,KNN,0.9455053563111319,0.940667497161473
wdbc,False,MNAR,0.3,2,NDI-F-noclip,RF,0.9455364073901567,0.9413644483633146
wdbc,False,MNAR,0.3,2,NDI-F-noclip,SVC,0.9631113181183046,0.9602939818661167
wdbc,False,MNAR,0.3,2,NDI-F,LR,0.9683589504735289,0.9660633768032133
wdbc,False,MNAR,0.3,2,NDI-F,KNN,0.9455053563111319,0.940667497161473
wdbc,False,MNAR,0.3,2,NDI-F,RF,0.9455364073901567,0.9413644483633146
wdbc,False,MNAR,0.3,2,NDI-F,SVC,0.9631113181183046,0.9602939818661167
wdbc,False,MNAR,0.3,2,Copula-NDI-F,LR,0.9701288619779538,0.9678776092551244
wdbc,False,MNAR,0.3,2,Copula-NDI-F,KNN,0.9525539512498058,0.9486429966983334
wdbc,False,MNAR,0.3,2,Copula-NDI-F,RF,0.9420121099208197,0.937472988973779
wdbc,False,MNAR,0.3,2,Copula-NDI-F,SVC,0.9613414066138798,0.9585143658979842
diabetes,False,MCAR,0.3,0,Mean,LR,0.752703505644682,0.7039482669825116
diabetes,False,MCAR,0.3,0,Mean,KNN,0.7161870808929633,0.6742407349230797
diabetes,False,MCAR,0.3,0,Mean,RF,0.722638146167558,0.6771523945299869
diabetes,False,MCAR,0.3,0,Mean,SVC,0.7422544775485951,0.6892635051439049
diabetes,False,MCAR,0.3,0,NDI-0,LR,0.7448858331211271,0.700217803969789
diabetes,False,MCAR,0.3,0,NDI-0,KNN,0.7266021560139208,0.6844516470782886
diabetes,False,MCAR,0.3,0,NDI-0,RF,0.7083354553942789,0.6597170143817706
diabetes,False,MCAR,0.3,0,NDI-0,SVC,0.7383498854087088,0.6892903570225392
diabetes,False,MCAR,0.3,0,NDI-C,LR,0.739691027926322,0.6919314756933582
diabetes,False,MCAR,0.3,0,NDI-C,KNN,0.7096681096681097,0.6696691261608766
diabetes,False,MCAR,0.3,0,NDI-C,RF,0.7188184364654953,0.6729590461840761
diabetes,False,MCAR,0.3,0,NDI-C,SVC,0.7331550802139037,0.6810269089626776
diabetes,False,MCAR,0.3,0,NDI-S,LR,0.7500806383159324,0.7054592865424967
diabetes,False,MCAR,0.3,0,NDI-S,KNN,0.7031830914183856,0.6669077448026948
diabetes,False,MCAR,0.3,0,NDI-S,RF,0.7239877769289534,0.6735416280536739
diabetes,False,MCAR,0.3,0,NDI-S,SVC,0.7409303115185468,0.6879091944198013
diabetes,False,MCAR,0.3,0,GaussCM,LR,0.7461420932009167,0.7004254913797315
diabetes,False,MCAR,0.3,0,GaussCM,KNN,0.7123249299719888,0.6706022518700683
diabetes,False,MCAR,0.3,0,GaussCM,RF,0.7239962651727357,0.6807892390509747
diabetes,False,MCAR,0.3,0,GaussCM,SVC,0.7292165350988881,0.6732970033403276
diabetes,False,MCAR,0.3,0,KNN,LR,0.7384093031151855,0.6947176892667082
diabetes,False,MCAR,0.3,0,KNN,KNN,0.679730073847721,0.6269483161860168
diabetes,False,MCAR,0.3,0,KNN,RF,0.71484593837535,0.6617988240466781
diabetes,False,MCAR,0.3,0,KNN,SVC,0.7227484933367286,0.6673517798007147
diabetes,False,MCAR,0.3,0,MICE,LR,0.7396146337322808,0.6873319061498016
diabetes,False,MCAR,0.3,0,MICE,KNN,0.7135896782955606,0.6718190487910984
diabetes,False,MCAR,0.3,0,MICE,RF,0.7370087428910959,0.6960399345750038
diabetes,False,MCAR,0.3,0,MICE,SVC,0.7200916730328494,0.6651356564806974
diabetes,False,MCAR,0.3,0,MissForest,LR,0.7461166284695697,0.7053742661423055
diabetes,False,MCAR,0.3,0,MissForest,KNN,0.7044563279857398,0.6609496111881603
diabetes,False,MCAR,0.3,0,MissForest,RF,0.721347933112639,0.6789197785768494
diabetes,False,MCAR,0.3,0,MissForest,SVC,0.7369832781597487,0.6900852741580051
diabetes,False,MCAR,0.3,0,SoftImpute,LR,0.7487819370172311,0.702527701998009
diabetes,False,MCAR,0.3,0,SoftImpute,KNN,0.7188014599779307,0.6800423728375049
diabetes,False,MCAR,0.3,0,SoftImpute,RF,0.7357355063237415,0.6933399299555401
diabetes,False,MCAR,0.3,0,SoftImpute,SVC,0.7409472880061114,0.686909882106909
diabetes,False,MCAR,0.3,0,GAIN,LR,0.7435616670910787,0.6929117168856058
diabetes,False,MCAR,0.3,0,GAIN,KNN,0.695348442407266,0.6439954565059759
diabetes,False,MCAR,0.3,0,GAIN,RF,0.7187250657838893,0.671694520096849
diabetes,False,MCAR,0.3,0,GAIN,SVC,0.7383074441897971,0.6848100808704103
diabetes,False,MCAR,0.3,0,NDI-F1,LR,0.75007215007215,0.7056652021256237
diabetes,False,MCAR,0.3,0,NDI-F1,KNN,0.7096426449367627,0.6663448188149804
diabetes,False,MCAR,0.3,0,NDI-F1,RF,0.7161446396740515,0.670292135886808
diabetes,False,MCAR,0.3,0,NDI-F1,SVC,0.7383583736524912,0.6834378590610927
diabetes,False,MCAR,0.3,0,NDI-F-noclip,LR,0.7370681605975724,0.6882545174038427
diabetes,False,MCAR,0.3,0,NDI-F-noclip,KNN,0.7031491384432561,0.6603289245984115
diabetes,False,MCAR,0.3,0,NDI-F-noclip,RF,0.7422459893048128,0.7001984927043772
diabetes,False,MCAR,0.3,0,NDI-F-noclip,SVC,0.7279432985315337,0.67190550379634
diabetes,False,MCAR,0.3,0,NDI-F,LR,0.7344622697563874,0.6843265155682225
diabetes,False,MCAR,0.3,0,NDI-F,KNN,0.7031491384432561,0.6603289245984115
diabetes,False,MCAR,0.3,0,NDI-F,RF,0.7318394024276378,0.6867958358529972
diabetes,False,MCAR,0.3,0,NDI-F,SVC,0.7279432985315337,0.67190550379634
diabetes,False,MCAR,0.3,0,Copula-NDI-F,LR,0.7461845344198285,0.6985494392800903
diabetes,False,MCAR,0.3,0,Copula-NDI-F,KNN,0.7096850861556744,0.6646430844000651
diabetes,False,MCAR,0.3,0,Copula-NDI-F,RF,0.725244037008743,0.6816335765725178
diabetes,False,MCAR,0.3,0,Copula-NDI-F,SVC,0.7422544775485951,0.6922994336024672
diabetes,False,MCAR,0.3,0,MIWAE,LR,0.746150581444699,0.6973175781447442
diabetes,False,MCAR,0.3,0,MIWAE,KNN,0.6719039130803838,0.6140344723477087
diabetes,False,MCAR,0.3,0,MIWAE,RF,0.7148798913504797,0.6683043220231301
diabetes,False,MCAR,0.3,0,MIWAE,SVC,0.7331550802139037,0.6768567778951338
diabetes,False,MCAR,0.3,0,Sinkhorn,LR,0.7474577709871827,0.6989725090307912
diabetes,False,MCAR,0.3,0,Sinkhorn,KNN,0.7122740005092947,0.6737098405841034
diabetes,False,MCAR,0.3,0,Sinkhorn,RF,0.7226890756302521,0.6784912844407412
diabetes,False,MCAR,0.3,0,Sinkhorn,SVC,0.7448603683897801,0.6915309104214125
diabetes,False,MCAR,0.3,0,HyperImpute,LR,0.7474747474747474,0.7028437667292169
diabetes,False,MCAR,0.3,0,HyperImpute,KNN,0.7057210763093116,0.663660360567105
diabetes,False,MCAR,0.3,0,HyperImpute,RF,0.7253034547152194,0.6830875683073364
diabetes,False,MCAR,0.3,0,HyperImpute,SVC,0.7370002546473134,0.6863672944408722
diabetes,False,MCAR,0.3,0,ReMasker,LR,0.7448264154146507,0.6990004653319903
diabetes,False,MCAR,0.3,0,ReMasker,KNN,0.713572701807996,0.6756506734374487
diabetes,False,MCAR,0.3,0,ReMasker,RF,0.7317714964773788,0.692325939038257
diabetes,False,MCAR,0.3,0,ReMasker,SVC,0.7305152363975893,0.6805057636450821
diabetes,False,MCAR,0.3,1,Mean,LR,0.7395552160258043,0.6906380580325561
diabetes,False,MCAR,0.3,1,Mean,KNN,0.7096002037178508,0.665339605650653
diabetes,False,MCAR,0.3,1,Mean,RF,0.7395806807571514,0.7024718771732154
diabetes,False,MCAR,0.3,1,Mean,SVC,0.7343519225872168,0.6797886529742275
diabetes,False,MCAR,0.3,1,NDI-0,LR,0.7421526186232069,0.6938691290934133
diabetes,False,MCAR,0.3,1,NDI-0,KNN,0.7004583651642475,0.6538346284388571
diabetes,False,MCAR,0.3,1,NDI-0,RF,0.7213139801375096,0.6841386930553021
diabetes,False,MCAR,0.3,1,NDI-0,SVC,0.7434343434343434,0.6966715887734501
diabetes,False,MCAR,0.3,1,NDI-C,LR,0.7421271538918598,0.6905587888815164
diabetes,False,MCAR,0.3,1,NDI-C,KNN,0.6952635599694423,0.6540137628650244
diabetes,False,MCAR,0.3,1,NDI-C,RF,0.7160767337237927,0.6694046786820197
diabetes,False,MCAR,0.3,1,NDI-C,SVC,0.7317375435022495,0.6813215823944309
diabetes,False,MCAR,0.3,1,NDI-S,LR,0.7421526186232069,0.6915290200957568
diabetes,False,MCAR,0.3,1,NDI-S,KNN,0.7109328579916815,0.6656314325890305
diabetes,False,MCAR,0.3,1,NDI-S,RF,0.7278669043374926,0.6864685015269387
diabetes,False,MCAR,0.3,1,NDI-S,SVC,0.7304473304473305,0.6749911095603786
diabetes,False,MCAR,0.3,1,GaussCM,LR,0.7408708938120704,0.6911673761483471
diabetes,False,MCAR,0.3,1,GaussCM,KNN,0.6992021050844581,0.6538811615997211
diabetes,False,MCAR,0.3,1,GaussCM,RF,0.7369832781597487,0.700881640682167
diabetes,False,MCAR,0.3,1,GaussCM,SVC,0.7330532212885155,0.6799485558287431
diabetes,False,MCAR,0.3,1,KNN,LR,0.7395212630506748,0.6947007272344445
diabetes,False,MCAR,0.3,1,KNN,KNN,0.7212970036499449,0.677929518647078
diabetes,False,MCAR,0.3,1,KNN,RF,0.7343264578558696,0.6923491126482328
diabetes,False,MCAR,0.3,1,KNN,SVC,0.7382055852644088,0.6862679662684752
diabetes,False,MCAR,0.3,1,MICE,LR,0.7291061879297174,0.6764311335997595
diabetes,False,MCAR,0.3,1,MICE,KNN,0.7095747389865037,0.6672487682390094
diabetes,False,MCAR,0.3,1,MICE,RF,0.7226041931924285,0.6791880488529105
diabetes,False,MCAR,0.3,1,MICE,SVC,0.7291146761734998,0.6790274472190813
diabetes,False,MCAR,0.3,1,MissForest,LR,0.7369663016721841,0.6902519517481409
diabetes,False,MCAR,0.3,1,MissForest,KNN,0.6861641626347508,0.6418539126730912
diabetes,False,MCAR,0.3,1,MissForest,RF,0.7161021984551397,0.6749130425787548
diabetes,False,MCAR,0.3,1,MissForest,SVC,0.7356591121297005,0.6823794870919172
diabetes,False,MCAR,0.3,1,SoftImpute,LR,0.7395467277820219,0.6895982671663875
diabetes,False,MCAR,0.3,1,SoftImpute,KNN,0.7096171802054154,0.6668498756412812
diabetes,False,MCAR,0.3,1,SoftImpute,RF,0.7252610134963076,0.6840729581759968
diabetes,False,MCAR,0.3,1,SoftImpute,SVC,0.7330532212885155,0.6785478669023093
diabetes,False,MCAR,0.3,1,GAIN,LR,0.7252355487649605,0.6759626675009714
diabetes,False,MCAR,0.3,1,GAIN,KNN,0.6940667175961294,0.6435407517539733
diabetes,False,MCAR,0.3,1,GAIN,RF,0.7239453357100416,0.6779131695291598
diabetes,False,MCAR,0.3,1,GAIN,SVC,0.7226296579237756,0.6597267492170034
diabetes,False,MCAR,0.3,1,NDI-F1,LR,0.7473559120617944,0.6981776612141004
diabetes,False,MCAR,0.3,1,NDI-F1,KNN,0.7018079959256431,0.6555732793912098
diabetes,False,MCAR,0.3,1,NDI-F1,RF,0.7200322553263729,0.6744878467548314
diabetes,False,MCAR,0.3,1,NDI-F1,SVC,0.7330532212885155,0.6782864642258455
diabetes,False,MCAR,0.3,1,NDI-F-noclip,LR,0.7356166709107885,0.6862480427619495
diabetes,False,MCAR,0.3,1,NDI-F-noclip,KNN,0.7109413462354638,0.6721152699231279
diabetes,False,MCAR,0.3,1,NDI-F-noclip,RF,0.7174263644851882,0.6744896952094553
diabetes,False,MCAR,0.3,1,NDI-F-noclip,SVC,0.7395382395382395,0.6914221243183865
diabetes,False,MCAR,0.3,1,NDI-F,LR,0.7356166709107885,0.6868785863655089
diabetes,False,MCAR,0.3,1,NDI-F,KNN,0.7122485357779474,0.673944325138549
diabetes,False,MCAR,0.3,1,NDI-F,RF,0.7200152788388083,0.6804354628273208
diabetes,False,MCAR,0.3,1,NDI-F,SVC,0.7369238604532722,0.6883689938619135
diabetes,False,MCAR,0.3,1,Copula-NDI-F,LR,0.740862405568288,0.6918154500827349
diabetes,False,MCAR,0.3,1,Copula-NDI-F,KNN,0.6939988116458705,0.654469691020607
diabetes,False,MCAR,0.3,1,Copula-NDI-F,RF,0.7238774297597829,0.6846584166740752
diabetes,False,MCAR,0.3,1,Copula-NDI-F,SVC,0.7304388422035482,0.6787333715829196
diabetes,False,MCAR,0.3,2,Mean,LR,0.7473389355742297,0.6948060342556541
diabetes,False,MCAR,0.3,2,Mean,KNN,0.7200237670825906,0.6814609029107569
diabetes,False,MCAR,0.3,2,Mean,RF,0.7383074441897971,0.694119155177215
diabetes,False,MCAR,0.3,2,Mean,SVC,0.7369832781597487,0.6773508508108514
diabetes,False,MCAR,0.3,2,NDI-0,LR,0.7460572107630931,0.7002205878869957
diabetes,False,MCAR,0.3,2,NDI-0,KNN,0.7239283592224769,0.6822344520587872
diabetes,False,MCAR,0.3,2,NDI-0,RF,0.742178083354554,0.6986032975157676
diabetes,False,MCAR,0.3,2,NDI-0,SVC,0.7486546133604957,0.6927997194492679
diabetes,False,MCAR,0.3,2,NDI-C,LR,0.7434513199219082,0.6959273031321459
diabetes,False,MCAR,0.3,2,NDI-C,KNN,0.7225957049486462,0.675621843190904
diabetes,False,MCAR,0.3,2,NDI-C,RF,0.7473644003055768,0.703938672836191
diabetes,False,MCAR,0.3,2,NDI-C,SVC,0.7473898650369238,0.6900749448491708
diabetes,False,MCAR,0.3,2,NDI-S,LR,0.747347423818012,0.698911114463389
diabetes,False,MCAR,0.3,2,NDI-S,KNN,0.7291995586113232,0.6870728229586403
diabetes,False,MCAR,0.3,2,NDI-S,RF,0.7512944571768101,0.7092530014727035
diabetes,False,MCAR,0.3,2,NDI-S,SVC,0.746099651982005,0.6909791073205737
diabetes,False,MCAR,0.3,2,GaussCM,LR,0.7538579067990833,0.7065008307991105
diabetes,False,MCAR,0.3,2,GaussCM,KNN,0.71484593837535,0.6679622281904549
diabetes,False,MCAR,0.3,2,GaussCM,RF,0.742178083354554,0.702940992316362
diabetes,False,MCAR,0.3,2,GaussCM,SVC,0.7447839741957389,0.6863794201333716
diabetes,False,MCAR,0.3,2,KNN,LR,0.7421356421356421,0.6923377397005259
diabetes,False,MCAR,0.3,2,KNN,KNN,0.7238774297597826,0.680654459500085
diabetes,False,MCAR,0.3,2,KNN,RF,0.7408454290807233,0.7005283510724143
diabetes,False,MCAR,0.3,2,KNN,SVC,0.7343604108309991,0.6735171846994871
diabetes,False,MCAR,0.3,2,MICE,LR,0.7525337407690349,0.7037178017491253
diabetes,False,MCAR,0.3,2,MICE,KNN,0.7122145828028181,0.6648159467595263
diabetes,False,MCAR,0.3,2,MICE,RF,0.7317714964773788,0.6923245241129157
diabetes,False,MCAR,0.3,2,MICE,SVC,0.7421865715983362,0.6853790697516009
diabetes,False,MCAR,0.3,2,MissForest,LR,0.7421780833545539,0.7003377993175101
diabetes,False,MCAR,0.3,2,MissForest,KNN,0.7187335540276717,0.6699838793336007
diabetes,False,MCAR,0.3,2,MissForest,RF,0.7252355487649605,0.6783707926461673
diabetes,False,MCAR,0.3,2,MissForest,SVC,0.7408793820558526,0.6825822369132976
diabetes,False,MCAR,0.3,2,SoftImpute,LR,0.7460487225193108,0.6978845233443316
diabetes,False,MCAR,0.3,2,SoftImpute,KNN,0.7239962651727357,0.6835943807821717
diabetes,False,MCAR,0.3,2,SoftImpute,RF,0.7590866649690179,0.719530753333079
diabetes,False,MCAR,0.3,2,SoftImpute,SVC,0.7421865715983363,0.6824970530364016
diabetes,False,MCAR,0.3,2,GAIN,LR,0.7395467277820219,0.6866312730810952
diabetes,False,MCAR,0.3,2,GAIN,KNN,0.7200152788388083,0.6802348201184941
diabetes,False,MCAR,0.3,2,GAIN,RF,0.7369323486970546,0.6943792036668526
diabetes,False,MCAR,0.3,2,GAIN,SVC,0.7369747899159664,0.6787618327356869
diabetes,False,MCAR,0.3,2,NDI-F1,LR,0.7408539173245056,0.690570101511698
diabetes,False,MCAR,0.3,2,NDI-F1,KNN,0.7122570240217299,0.6702511525387058
diabetes,False,MCAR,0.3,2,NDI-F1,RF,0.7382480264833207,0.6958597310418578
diabetes,False,MCAR,0.3,2,NDI-F1,SVC,0.7512859689330278,0.6929424032047045
diabetes,False,MCAR,0.3,2,NDI-F-noclip,LR,0.7564383329089212,0.7105514260129244
diabetes,False,MCAR,0.3,2,NDI-F-noclip,KNN,0.7161191749427043,0.673221464078477
diabetes,False,MCAR,0.3,2,NDI-F-noclip,RF,0.7551650963415669,0.7132932070142806
diabetes,False,MCAR,0.3,2,NDI-F-noclip,SVC,0.7564892623716153,0.6994062373787246
diabetes,False,MCAR,0.3,2,NDI-F,LR,0.7564383329089212,0.7105514260129244
diabetes,False,MCAR,0.3,2,NDI-F,KNN,0.7148289618877854,0.6713366409564161
diabetes,False,MCAR,0.3,2,NDI-F,RF,0.7498938969527206,0.708876067391266
diabetes,False,MCAR,0.3,2,NDI-F,SVC,0.7551905610729139,0.6982389510781986
diabetes,False,MCAR,0.3,2,Copula-NDI-F,LR,0.7564468211527036,0.7106085761896261
diabetes,False,MCAR,0.3,2,Copula-NDI-F,KNN,0.7395637042695866,0.6965885039760911
diabetes,False,MCAR,0.3,2,Copula-NDI-F,RF,0.7512605042016807,0.7148342530265394
diabetes,False,MCAR,0.3,2,Copula-NDI-F,SVC,0.7448009506833037,0.6893124781708286
diabetes,False,MAR,0.3,0,Mean,LR,0.7461081402257873,0.6922858987708819
diabetes,False,MAR,0.3,0,Mean,KNN,0.7031915796621679,0.656762497613091
diabetes,False,MAR,0.3,0,Mean,RF,0.7109752992105933,0.6646080053709713
diabetes,False,MAR,0.3,0,Mean,SVC,0.7305407011289364,0.6828383048222413
diabetes,False,MAR,0.3,0,NDI-0,LR,0.7683133859604447,0.7279717404382219
diabetes,False,MAR,0.3,0,NDI-0,KNN,0.714913844325609,0.6733694714309992
diabetes,False,MAR,0.3,0,NDI-0,RF,0.7305407011289364,0.6922328034505509
diabetes,False,MAR,0.3,0,NDI-0,SVC,0.7475087004498769,0.7025867730227253
diabetes,False,MAR,0.3,0,NDI-C,LR,0.748824378236143,0.7021745494222706
diabetes,False,MAR,0.3,0,NDI-C,KNN,0.7070537305831424,0.6652310686857159
diabetes,False,MAR,0.3,0,NDI-C,RF,0.717519735166794,0.6776020913526397
diabetes,False,MAR,0.3,0,NDI-C,SVC,0.7292759528053645,0.67815017384747
diabetes,False,MAR,0.3,0,NDI-S,LR,0.7617944147355912,0.7152719247109467
diabetes,False,MAR,0.3,0,NDI-S,KNN,0.7031661149308208,0.6555914834492478
diabetes,False,MAR,0.3,0,NDI-S,RF,0.726610644257703,0.6844058062049543
diabetes,False,MAR,0.3,0,NDI-S,SVC,0.7344877344877345,0.6877198700579286
diabetes,False,MAR,0.3,0,GaussCM,LR,0.7566080977845683,0.709974569473873
diabetes,False,MAR,0.3,0,GaussCM,KNN,0.6979628214922332,0.6581747606020285
diabetes,False,MAR,0.3,0,GaussCM,RF,0.7161361514302691,0.673644196524333
diabetes,False,MAR,0.3,0,GaussCM,SVC,0.7331805449452509,0.6858498447449694
diabetes,False,MAR,0.3,0,KNN,LR,0.7409303115185468,0.700243666925412
diabetes,False,MAR,0.3,0,KNN,KNN,0.7071555895085306,0.6599543325662456
diabetes,False,MAR,0.3,0,KNN,RF,0.7148459383753502,0.6734377235129114
diabetes,False,MAR,0.3,0,KNN,SVC,0.7383923266276208,0.6935645769519607
diabetes,False,MAR,0.3,0,MICE,LR,0.7475002122060946,0.698260041964093
diabetes,False,MAR,0.3,0,MICE,KNN,0.7175112469230116,0.681578693616208
diabetes,False,MAR,0.3,0,MICE,RF,0.730532212885154,0.6896424493679753
diabetes,False,MAR,0.3,0,MICE,SVC,0.738375350140056,0.6939957445524204
diabetes,False,MAR,0.3,0,MissForest,LR,0.7630846277905101,0.7254781696053159
diabetes,False,MAR,0.3,0,MissForest,KNN,0.7266021560139206,0.6902393447951953
diabetes,False,MAR,0.3,0,MissForest,RF,0.7344113402936933,0.6900076290379848
diabetes,False,MAR,0.3,0,MissForest,SVC,0.7513963161021984,0.7087251595451608
diabetes,False,MAR,0.3,0,SoftImpute,LR,0.7578813343519226,0.7090156717510575
diabetes,False,MAR,0.3,0,SoftImpute,KNN,0.7240471946354299,0.6805625516507664
diabetes,False,MAR,0.3,0,SoftImpute,RF,0.7396400984636278,0.6980527184125365
diabetes,False,MAR,0.3,0,SoftImpute,SVC,0.7305576776165011,0.6838921701909031
diabetes,False,MAR,0.3,0,GAIN,LR,0.731822425940073,0.6842263887190784
diabetes,False,MAR,0.3,0,GAIN,KNN,0.7083694083694084,0.6606431375415895
diabetes,False,MAR,0.3,0,GAIN,RF,0.718809948221713,0.6761448839467145
diabetes,False,MAR,0.3,0,GAIN,SVC,0.7358119005177828,0.6831984207033561
diabetes,False,MAR,0.3,0,NDI-F1,LR,0.7643663526016468,0.717787532363185
diabetes,False,MAR,0.3,0,NDI-F1,KNN,0.7110262286732876,0.6729446168547492
diabetes,False,MAR,0.3,0,NDI-F1,RF,0.7266361089890502,0.6835383133318766
diabetes,False,MAR,0.3,0,NDI-F1,SVC,0.7305831423478482,0.6811264742185973
diabetes,False,MAR,0.3,0,NDI-F-noclip,LR,0.755309396485867,0.7125791750475521
diabetes,False,MAR,0.3,0,NDI-F-noclip,KNN,0.7199983023512435,0.6798159429807777
diabetes,False,MAR,0.3,0,NDI-F-noclip,RF,0.7239962651727357,0.6834998281521958
diabetes,False,MAR,0.3,0,NDI-F-noclip,SVC,0.7318563789152024,0.6796641809285179
diabetes,False,MAR,0.3,0,NDI-F,LR,0.7540106951871657,0.7114420760550535
diabetes,False,MAR,0.3,0,NDI-F,KNN,0.7174008997538409,0.6768388031615327
diabetes,False,MAR,0.3,0,NDI-F,RF,0.7266361089890502,0.6860244915939626
diabetes,False,MAR,0.3,0,NDI-F,SVC,0.7318563789152024,0.6796641809285179
diabetes,False,MAR,0.3,0,Copula-NDI-F,LR,0.7514048043459807,0.7071393335837672
diabetes,False,MAR,0.3,0,Copula-NDI-F,KNN,0.7083694083694084,0.6672453048312664
diabetes,False,MAR,0.3,0,Copula-NDI-F,RF,0.7240387063916476,0.6855045856423445
diabetes,False,MAR,0.3,0,Copula-NDI-F,SVC,0.7279517867753162,0.6778758342608949
diabetes,False,MAR,0.3,0,MIWAE,LR,0.7474832357185297,0.7065607288273607
diabetes,False,MAR,0.3,0,MIWAE,KNN,0.7122740005092947,0.6745023489713192
diabetes,False,MAR,0.3,0,MIWAE,RF,0.7213903743315508,0.6803745093980214
diabetes,False,MAR,0.3,0,MIWAE,SVC,0.7305661658602836,0.6828417260246977
diabetes,False,MAR,0.3,0,Sinkhorn,LR,0.7487734487734488,0.7017504080803569
diabetes,False,MAR,0.3,0,Sinkhorn,KNN,0.6966471437059673,0.6561390989135939
diabetes,False,MAR,0.3,0,Sinkhorn,RF,0.7161701044053985,0.6728659321288609
diabetes,False,MAR,0.3,0,Sinkhorn,SVC,0.7292674645615822,0.6804848055201147
diabetes,False,MAR,0.3,0,HyperImpute,LR,0.7552924199983023,0.709251975630426
diabetes,False,MAR,0.3,0,HyperImpute,KNN,0.717494270435447,0.678131507318577
diabetes,False,MAR,0.3,0,HyperImpute,RF,0.714888379594262,0.6735906925816059
diabetes,False,MAR,0.3,0,HyperImpute,SVC,0.7358119005177828,0.6821280081459756
diabetes,False,MAR,0.3,0,ReMasker,LR,0.7526440879382056,0.7126718520436792
diabetes,False,MAR,0.3,0,ReMasker,KNN,0.7057635175282234,0.6584518521216604
diabetes,False,MAR,0.3,0,ReMasker,RF,0.7174348527289703,0.6788953641633342
diabetes,False,MAR,0.3,0,ReMasker,SVC,0.7396146337322808,0.6892997371678297
diabetes,False,MAR,0.3,1,Mean,LR,0.721347933112639,0.6564861972013223
diabetes,False,MAR,0.3,1,Mean,KNN,0.6939818351583058,0.64738078656195
diabetes,False,MAR,0.3,1,Mean,RF,0.7069773363891011,0.6613009057226087
diabetes,False,MAR,0.3,1,Mean,SVC,0.7239368474662593,0.6587263019451143
diabetes,False,MAR,0.3,1,NDI-0,LR,0.7134878193701724,0.6564251065279816
diabetes,False,MAR,0.3,1,NDI-0,KNN,0.6887870299635006,0.6460792477482471
diabetes,False,MAR,0.3,1,NDI-0,RF,0.7148459383753503,0.6739203885463941
diabetes,False,MAR,0.3,1,NDI-0,SVC,0.7148459383753502,0.6495018484707156
diabetes,False,MAR,0.3,1,NDI-C,LR,0.714795008912656,0.6576090268370847
diabetes,False,MAR,0.3,1,NDI-C,KNN,0.714769544181309,0.6717338676976498
diabetes,False,MAR,0.3,1,NDI-C,RF,0.7199983023512436,0.6752864676589722
diabetes,False,MAR,0.3,1,NDI-C,SVC,0.7265512265512266,0.6688133175750098
diabetes,False,MAR,0.3,1,NDI-S,LR,0.7200152788388083,0.6614541177393309
diabetes,False,MAR,0.3,1,NDI-S,KNN,0.7044478397419575,0.6631803123953878
diabetes,False,MAR,0.3,1,NDI-S,RF,0.7225532637297343,0.6783469872049602
diabetes,False,MAR,0.3,1,NDI-S,SVC,0.7226296579237756,0.6569710424301594
diabetes,False,MAR,0.3,1,GaussCM,LR,0.7082760376878025,0.6476777555511767
diabetes,False,MAR,0.3,1,GaussCM,KNN,0.7005092946269418,0.6582088594332219
diabetes,False,MAR,0.3,1,GaussCM,RF,0.7147525676937443,0.6691519773081953
diabetes,False,MAR,0.3,1,GaussCM,SVC,0.7187250657838893,0.6568780161756338
diabetes,False,MAR,0.3,1,KNN,LR,0.7173839232662762,0.6587549903302172
diabetes,False,MAR,0.3,1,KNN,KNN,0.673202614379085,0.6285018519269328
diabetes,False,MAR,0.3,1,KNN,RF,0.7082930141753672,0.6645288042890338
diabetes,False,MAR,0.3,1,KNN,SVC,0.7030727442492147,0.6440274884655022
diabetes,False,MAR,0.3,1,MICE,LR,0.7083015024191495,0.6501254153530813
diabetes,False,MAR,0.3,1,MICE,KNN,0.6966047024870555,0.6528831632612718
diabetes,False,MAR,0.3,1,MICE,RF,0.725176131058484,0.6843985179633647
diabetes,False,MAR,0.3,1,MICE,SVC,0.718716577540107,0.6583745687315202
diabetes,False,MAR,0.3,1,MissForest,LR,0.7147695441813089,0.6602652158600526
diabetes,False,MAR,0.3,1,MissForest,KNN,0.6874713521772345,0.6445992657566958
diabetes,False,MAR,0.3,1,MissForest,RF,0.7095917154740684,0.6604992599383266
diabetes,False,MAR,0.3,1,MissForest,SVC,0.7265087853323149,0.6686246732627599
diabetes,False,MAR,0.3,1,SoftImpute,LR,0.7161021984551397,0.6535828805477277
diabetes,False,MAR,0.3,1,SoftImpute,KNN,0.7070112893642305,0.6638770631871529
diabetes,False,MAR,0.3,1,SoftImpute,RF,0.7043714455479162,0.656307017826723
diabetes,False,MAR,0.3,1,SoftImpute,SVC,0.721322468381292,0.6549330443561702
diabetes,False,MAR,0.3,1,GAIN,LR,0.7186996010525423,0.655620076585264
diabetes,False,MAR,0.3,1,GAIN,KNN,0.6966047024870555,0.6490404874669322
diabetes,False,MAR,0.3,1,GAIN,RF,0.690068754774637,0.6442213258878955
diabetes,False,MAR,0.3,1,GAIN,SVC,0.7226466344113402,0.6536466144769328
diabetes,False,MAR,0.3,1,NDI-F1,LR,0.7108904167727698,0.6525620022770743
diabetes,False,MAR,0.3,1,NDI-F1,KNN,0.7108819285289874,0.6706084292130351
diabetes,False,MAR,0.3,1,NDI-F1,RF,0.7278329513623631,0.6864624021339585
diabetes,False,MAR,0.3,1,NDI-F1,SVC,0.7187250657838893,0.6492002527951386
diabetes,False,MAR,0.3,1,NDI-F-noclip,LR,0.7121721415839064,0.6560903457008251
diabetes,False,MAR,0.3,1,NDI-F-noclip,KNN,0.6978609625668449,0.6598779981264231
diabetes,False,MAR,0.3,1,NDI-F-noclip,RF,0.710873440285205,0.6667840513523744
diabetes,False,MAR,0.3,1,NDI-F-noclip,SVC,0.7304558186911129,0.6713684887688355
diabetes,False,MAR,0.3,1,NDI-F,LR,0.7121721415839064,0.6560903457008251
diabetes,False,MAR,0.3,1,NDI-F,KNN,0.7017655547067312,0.6641724219631288
diabetes,False,MAR,0.3,1,NDI-F,RF,0.6991426873779816,0.6535976006892643
diabetes,False,MAR,0.3,1,NDI-F,SVC,0.7317545199898141,0.6728276941972738
diabetes,False,MAR,0.3,1,Copula-NDI-F,LR,0.7239538239538239,0.6675358072590931
diabetes,False,MAR,0.3,1,Copula-NDI-F,KNN,0.7030812324929971,0.6595018137933876
diabetes,False,MAR,0.3,1,Copula-NDI-F,RF,0.7200152788388083,0.6766515538213855
diabetes,False,MAR,0.3,1,Copula-NDI-F,SVC,0.7265172735760972,0.6720322585465685
diabetes,False,MAR,0.3,2,Mean,LR,0.7239368474662592,0.6652679852773081
diabetes,False,MAR,0.3,2,Mean,KNN,0.7239453357100416,0.6758427309745649
diabetes,False,MAR,0.3,2,Mean,RF,0.7187505305152364,0.6728021458321771
diabetes,False,MAR,0.3,2,Mean,SVC,0.708360920125626,0.6445667751505961
diabetes,False,MAR,0.3,2,NDI-0,LR,0.7239368474662593,0.6665607433660172
diabetes,False,MAR,0.3,2,NDI-0,KNN,0.708360920125626,0.658002874826795
diabetes,False,MAR,0.3,2,NDI-0,RF,0.72526950174009,0.6738739012127819
diabetes,False,MAR,0.3,2,NDI-0,SVC,0.7018504371445548,0.6337670347943567
diabetes,False,MAR,0.3,2,NDI-C,LR,0.7239283592224769,0.6661980831733976
diabetes,False,MAR,0.3,2,NDI-C,KNN,0.7278584160937103,0.6756756648764842
diabetes,False,MAR,0.3,2,NDI-C,RF,0.7239877769289533,0.673824673286122
diabetes,False,MAR,0.3,2,NDI-C,SVC,0.7174772939478821,0.6505031993125536
diabetes,False,MAR,0.3,2,NDI-S,LR,0.7291231644172821,0.6725724510037229
diabetes,False,MAR,0.3,2,NDI-S,KNN,0.7369747899159664,0.6913297779598656
diabetes,False,MAR,0.3,2,NDI-S,RF,0.7239368474662593,0.6710881563360852
diabetes,False,MAR,0.3,2,NDI-S,SVC,0.7200746965452847,0.6555929228700001
diabetes,False,MAR,0.3,2,GaussCM,LR,0.7304303539597659,0.6727925464578117
diabetes,False,MAR,0.3,2,GaussCM,KNN,0.7213139801375096,0.6675901473090816
diabetes,False,MAR,0.3,2,GaussCM,RF,0.7252270605211782,0.6750755530750041
diabetes,False,MAR,0.3,2,GaussCM,SVC,0.7253034547152195,0.6579227241760663
diabetes,False,MAR,0.3,2,KNN,LR,0.7317714964773788,0.6815134924688373
diabetes,False,MAR,0.3,2,KNN,KNN,0.6979628214922333,0.6454737908384734
diabetes,False,MAR,0.3,2,KNN,RF,0.7330871742636449,0.6872930590040707
diabetes,False,MAR,0.3,2,KNN,SVC,0.7226975638740345,0.6543549381622515
diabetes,False,MAR,0.3,2,MICE,LR,0.7278329513623631,0.6675822847704265
diabetes,False,MAR,0.3,2,MICE,KNN,0.7330701977760802,0.6782761914354191
diabetes,False,MAR,0.3,2,MICE,RF,0.7330022918258212,0.6842454303107647
diabetes,False,MAR,0.3,2,MICE,SVC,0.7291995586113232,0.6650890077957691
diabetes,False,MAR,0.3,2,MissForest,LR,0.7291825821237585,0.6833248106156338
diabetes,False,MAR,0.3,2,MissForest,KNN,0.7200662083015025,0.6714281155728974
diabetes,False,MAR,0.3,2,MissForest,RF,0.7330447330447332,0.6917458574688936
diabetes,False,MAR,0.3,2,MissForest,SVC,0.7252779899838723,0.6695665794356664
diabetes,False,MAR,0.3,2,SoftImpute,LR,0.7291486291486292,0.6738056854897272
diabetes,False,MAR,0.3,2,SoftImpute,KNN,0.7291401409048468,0.6812625923829408
diabetes,False,MAR,0.3,2,SoftImpute,RF,0.7317630082335965,0.6835084840898289
diabetes,False,MAR,0.3,2,SoftImpute,SVC,0.7174688057040998,0.652403194264253
diabetes,False,MAR,0.3,2,GAIN,LR,0.7278159748747984,0.6709607289589625
diabetes,False,MAR,0.3,2,GAIN,KNN,0.7096511331805451,0.6532025176400222
diabetes,False,MAR,0.3,2,GAIN,RF,0.6992275698158051,0.6396857101564846
diabetes,False,MAR,0.3,2,GAIN,SVC,0.7135642135642136,0.6386943297195463
diabetes,False,MAR,0.3,2,NDI-F1,LR,0.7239453357100416,0.665706053698442
diabetes,False,MAR,0.3,2,NDI-F1,KNN,0.7187335540276717,0.6680929205918685
diabetes,False,MAR,0.3,2,NDI-F1,RF,0.7304303539597659,0.6803288243362661
diabetes,False,MAR,0.3,2,NDI-F1,SVC,0.708360920125626,0.6379516113359254
diabetes,False,MAR,0.3,2,NDI-F-noclip,LR,0.718716577540107,0.6592431801383072
diabetes,False,MAR,0.3,2,NDI-F-noclip,KNN,0.7044308632543927,0.6455197024432439
diabetes,False,MAR,0.3,2,NDI-F-noclip,RF,0.7213394448688566,0.6681150141564633
diabetes,False,MAR,0.3,2,NDI-F-noclip,SVC,0.7187759952465834,0.649141079663737
diabetes,False,MAR,0.3,2,NDI-F,LR,0.7213309566250743,0.6626587614903993
diabetes,False,MAR,0.3,2,NDI-F,KNN,0.7018334606569901,0.6414600976088124
diabetes,False,MAR,0.3,2,NDI-F,RF,0.7278923690688397,0.678496405997668
diabetes,False,MAR,0.3,2,NDI-F,SVC,0.7174772939478821,0.6468290174570925
diabetes,False,MAR,0.3,2,Copula-NDI-F,LR,0.7239113827349122,0.6665831600846162
diabetes,False,MAR,0.3,2,Copula-NDI-F,KNN,0.7200746965452848,0.6716513289177762
diabetes,False,MAR,0.3,2,Copula-NDI-F,RF,0.718742042271454,0.6664255275573912
diabetes,False,MAR,0.3,2,Copula-NDI-F,SVC,0.7122655122655124,0.6408405277521207
diabetes,False,MNAR,0.3,0,Mean,LR,0.7122994652406417,0.6434514604867534
diabetes,False,MNAR,0.3,0,Mean,KNN,0.7018419489007724,0.6462595321269667
diabetes,False,MNAR,0.3,0,Mean,RF,0.7083863848569731,0.6644406850210511
diabetes,False,MNAR,0.3,0,Mean,SVC,0.7136236312706902,0.6459254175279987
diabetes,False,MNAR,0.3,0,NDI-0,LR,0.7174857821916646,0.6563057553276862
diabetes,False,MNAR,0.3,0,NDI-0,KNN,0.6641371700195229,0.610784355182388
diabetes,False,MNAR,0.3,0,NDI-0,RF,0.7071131482896188,0.6587028106635661
diabetes,False,MNAR,0.3,0,NDI-0,SVC,0.7097275273745862,0.6407597783160874
diabetes,False,MNAR,0.3,0,NDI-C,LR,0.713598166539343,0.6540163268466042
diabetes,False,MNAR,0.3,0,NDI-C,KNN,0.6615397674221205,0.6018260356135331
diabetes,False,MNAR,0.3,0,NDI-C,RF,0.7071301247771836,0.662084261921463
diabetes,False,MNAR,0.3,0,NDI-C,SVC,0.7123588829471182,0.6395396984956883
diabetes,False,MNAR,0.3,0,NDI-S,LR,0.7096850861556744,0.6467768351414911
diabetes,False,MNAR,0.3,0,NDI-S,KNN,0.679730073847721,0.6230239022151882
diabetes,False,MNAR,0.3,0,NDI-S,RF,0.713598166539343,0.665089945026353
diabetes,False,MNAR,0.3,0,NDI-S,SVC,0.7058568882098294,0.6374060828951139
diabetes,False,MNAR,0.3,0,GaussCM,LR,0.7123164417282064,0.6510832611255081
diabetes,False,MNAR,0.3,0,GaussCM,KNN,0.66937441643324,0.6155574871628111
diabetes,False,MNAR,0.3,0,GaussCM,RF,0.7201256260079789,0.6771246855999132
diabetes,False,MNAR,0.3,0,GaussCM,SVC,0.7162804515745692,0.6500400354788645
diabetes,False,MNAR,0.3,0,KNN,LR,0.7109837874543757,0.6413425989418842
diabetes,False,MNAR,0.3,0,KNN,KNN,0.6627875392581275,0.6032666366330018
diabetes,False,MNAR,0.3,0,KNN,RF,0.6966726084373143,0.6434156654051705
diabetes,False,MNAR,0.3,0,KNN,SVC,0.7110007639419405,0.6222614636049426
diabetes,False,MNAR,0.3,0,MICE,LR,0.7175027586792293,0.6604057268462937
diabetes,False,MNAR,0.3,0,MICE,KNN,0.6706646294881591,0.6183440655152614
diabetes,False,MNAR,0.3,0,MICE,RF,0.7227909345556404,0.6731745444691775
diabetes,False,MNAR,0.3,0,MICE,SVC,0.7201595789831083,0.6525234342102813
diabetes,False,MNAR,0.3,0,MissForest,LR,0.7136066547831253,0.6618750665695463
diabetes,False,MNAR,0.3,0,MissForest,KNN,0.6667260843731432,0.6099407883965229
diabetes,False,MNAR,0.3,0,MissForest,RF,0.6992700110347169,0.6469630309322014
diabetes,False,MNAR,0.3,0,MissForest,SVC,0.7084288260758849,0.6374034027332703
diabetes,False,MNAR,0.3,0,SoftImpute,LR,0.7122994652406417,0.64633170819696
diabetes,False,MNAR,0.3,0,SoftImpute,KNN,0.683677107206519,0.6309103653908057
diabetes,False,MNAR,0.3,0,SoftImpute,RF,0.7109583227230287,0.658795111823405
diabetes,False,MNAR,0.3,0,SoftImpute,SVC,0.7084712672947967,0.6398188510110463
diabetes,False,MNAR,0.3,0,GAIN,LR,0.679755538579068,0.5969149720693157
diabetes,False,MNAR,0.3,0,GAIN,KNN,0.6679653679653679,0.6002018367870214
diabetes,False,MNAR,0.3,0,GAIN,RF,0.7044817927170868,0.6499835401796921
diabetes,False,MNAR,0.3,0,GAIN,SVC,0.711017740429505,0.6320132564101186
diabetes,False,MNAR,0.3,0,NDI-F1,LR,0.7109837874543757,0.6490660358476465
diabetes,False,MNAR,0.3,0,NDI-F1,KNN,0.6888719124013243,0.6378446842011518
diabetes,False,MNAR,0.3,0,NDI-F1,RF,0.7292335115864528,0.681526613050341
diabetes,False,MNAR,0.3,0,NDI-F1,SVC,0.7214582802818097,0.6527262618149702
diabetes,False,MNAR,0.3,0,NDI-F-noclip,LR,0.7253289194465665,0.6690810662910434
diabetes,False,MNAR,0.3,0,NDI-F-noclip,KNN,0.6693489517018929,0.6058447608556075
diabetes,False,MNAR,0.3,0,NDI-F-noclip,RF,0.7110516934046346,0.6612875883289254
diabetes,False,MNAR,0.3,0,NDI-F-noclip,SVC,0.7188439011968424,0.647968508674128
diabetes,False,MNAR,0.3,0,NDI-F,LR,0.7240302181478652,0.6663226694394233
diabetes,False,MNAR,0.3,0,NDI-F,KNN,0.6706476530005941,0.6079242689540064
diabetes,False,MNAR,0.3,0,NDI-F,RF,0.7162210338680927,0.6687758394996595
diabetes,False,MNAR,0.3,0,NDI-F,SVC,0.717545199898141,0.6468957768908318
diabetes,False,MNAR,0.3,0,Copula-NDI-F,LR,0.7201001612766318,0.6607025350632696
diabetes,False,MNAR,0.3,0,Copula-NDI-F,KNN,0.6680247856718445,0.6165725139116913
diabetes,False,MNAR,0.3,0,Copula-NDI-F,RF,0.7188269247092777,0.6691879976395252
diabetes,False,MNAR,0.3,0,Copula-NDI-F,SVC,0.7214582802818097,0.6511189032183451
diabetes,False,MNAR,0.3,0,MIWAE,LR,0.71883541295306,0.6596094038093296
diabetes,False,MNAR,0.3,0,MIWAE,KNN,0.6666496901791019,0.613586706199441
diabetes,False,MNAR,0.3,0,MIWAE,RF,0.6993124522536288,0.6509995385929608
diabetes,False,MNAR,0.3,0,MIWAE,SVC,0.725362872421696,0.6615653637046968
diabetes,False,MNAR,0.3,0,Sinkhorn,LR,0.708360920125626,0.6458965495259983
diabetes,False,MNAR,0.3,0,Sinkhorn,KNN,0.6628469569646042,0.6053136790129742
diabetes,False,MNAR,0.3,0,Sinkhorn,RF,0.6927510398098633,0.6381961870111923
diabetes,False,MNAR,0.3,0,Sinkhorn,SVC,0.6888719124013243,0.6047860525658872
diabetes,False,MNAR,0.3,0,HyperImpute,LR,0.7110092521857228,0.6505266836510428
diabetes,False,MNAR,0.3,0,HyperImpute,KNN,0.6875901875901876,0.6378330671406625
diabetes,False,MNAR,0.3,0,HyperImpute,RF,0.7109837874543757,0.6634034924698577
diabetes,False,MNAR,0.3,0,HyperImpute,SVC,0.7123503947033358,0.6437119946027519
diabetes,False,MNAR,0.3,0,ReMasker,LR,0.7279263220439691,0.6721942477051801
diabetes,False,MNAR,0.3,0,ReMasker,KNN,0.6602410661234192,0.6079025594522067
diabetes,False,MNAR,0.3,0,ReMasker,RF,0.7110347169170699,0.6646537800968466
diabetes,False,MNAR,0.3,0,ReMasker,SVC,0.7175112469230116,0.6558584000047646
diabetes,False,MNAR,0.3,1,Mean,LR,0.7096002037178508,0.6426167279758358
diabetes,False,MNAR,0.3,1,Mean,KNN,0.6809693574399456,0.6393357163461799
diabetes,False,MNAR,0.3,1,Mean,RF,0.7317714964773788,0.6952550033107329
diabetes,False,MNAR,0.3,1,Mean,SVC,0.6913335030982091,0.626526564282919
diabetes,False,MNAR,0.3,1,NDI-0,LR,0.7160767337237925,0.6567892975428331
diabetes,False,MNAR,0.3,1,NDI-0,KNN,0.7043544690603514,0.6671850194124644
diabetes,False,MNAR,0.3,1,NDI-0,RF,0.7239028944911299,0.6850340197719551
diabetes,False,MNAR,0.3,1,NDI-0,SVC,0.740862405568288,0.6850640874668169
diabetes,False,MNAR,0.3,1,NDI-C,LR,0.7173754350224939,0.6590918155487488
diabetes,False,MNAR,0.3,1,NDI-C,KNN,0.6835412953060012,0.6411074400753145
diabetes,False,MNAR,0.3,1,NDI-C,RF,0.7252355487649605,0.6863081367484453
diabetes,False,MNAR,0.3,1,NDI-C,SVC,0.7213309566250743,0.6585678549048923
diabetes,False,MNAR,0.3,1,NDI-S,LR,0.7199898141074612,0.6585196857646949
diabetes,False,MNAR,0.3,1,NDI-S,KNN,0.6914098972922502,0.6514299175697948
diabetes,False,MNAR,0.3,1,NDI-S,RF,0.7395806807571514,0.7002579038308298
diabetes,False,MNAR,0.3,1,NDI-S,SVC,0.7069688481453187,0.6448001064239857
diabetes,False,MNAR,0.3,1,GaussCM,LR,0.7134623546388252,0.6521280499185969
diabetes,False,MNAR,0.3,1,GaussCM,KNN,0.6978864272981921,0.6612830594148409
diabetes,False,MNAR,0.3,1,GaussCM,RF,0.7408963585434174,0.7001382244634273
diabetes,False,MNAR,0.3,1,GaussCM,SVC,0.7174008997538409,0.6594402601906746
diabetes,False,MNAR,0.3,1,KNN,LR,0.7160682454800102,0.6501340141823766
diabetes,False,MNAR,0.3,1,KNN,KNN,0.690136660724896,0.6420971312624437
diabetes,False,MNAR,0.3,1,KNN,RF,0.7070028011204481,0.658588267178081
diabetes,False,MNAR,0.3,1,KNN,SVC,0.6939648586707411,0.6170092729856185
diabetes,False,MNAR,0.3,1,MICE,LR,0.6900942195059842,0.6170678397706161
diabetes,False,MNAR,0.3,1,MICE,KNN,0.7004838298955945,0.6625850762219233
diabetes,False,MNAR,0.3,1,MICE,RF,0.7135132841015194,0.6691797189149581
diabetes,False,MNAR,0.3,1,MICE,SVC,0.7057465410406587,0.6431267870391773
diabetes,False,MNAR,0.3,1,MissForest,LR,0.7134878193701724,0.652020932407787
diabetes,False,MNAR,0.3,1,MissForest,KNN,0.6770647653000593,0.6324926452293974
diabetes,False,MNAR,0.3,1,MissForest,RF,0.7096765979118921,0.6652760599528379
diabetes,False,MNAR,0.3,1,MissForest,SVC,0.714820473644003,0.6519591478386576
diabetes,False,MNAR,0.3,1,SoftImpute,LR,0.7174093879976233,0.6541109104300652
diabetes,False,MNAR,0.3,1,SoftImpute,KNN,0.6901451489686783,0.6463766285667654
diabetes,False,MNAR,0.3,1,SoftImpute,RF,0.7369832781597487,0.7005757391183235
diabetes,False,MNAR,0.3,1,SoftImpute,SVC,0.706951871657754,0.6468262460416746
diabetes,False,MNAR,0.3,1,GAIN,LR,0.6940242763772175,0.6129105185565578
diabetes,False,MNAR,0.3,1,GAIN,KNN,0.6393430099312452,0.5666468289839426
diabetes,False,MNAR,0.3,1,GAIN,RF,0.6887870299635006,0.6377859514575696
diabetes,False,MNAR,0.3,1,GAIN,SVC,0.6783974195738901,0.5957765934515453
diabetes,False,MNAR,0.3,1,NDI-F1,LR,0.7147865206688736,0.6512289865077664
diabetes,False,MNAR,0.3,1,NDI-F1,KNN,0.705729564553094,0.6669879356483868
diabetes,False,MNAR,0.3,1,NDI-F1,RF,0.7395552160258043,0.7024935998136896
diabetes,False,MNAR,0.3,1,NDI-F1,SVC,0.7174178762414056,0.6623831053209707
diabetes,False,MNAR,0.3,1,NDI-F-noclip,LR,0.7239113827349122,0.664591808259781
diabetes,False,MNAR,0.3,1,NDI-F-noclip,KNN,0.6939818351583058,0.6561498587321766
diabetes,False,MNAR,0.3,1,NDI-F-noclip,RF,0.7096171802054154,0.6649015607494361
diabetes,False,MNAR,0.3,1,NDI-F-noclip,SVC,0.7200237670825906,0.6627090087648967
diabetes,False,MNAR,0.3,1,NDI-F,LR,0.7239113827349122,0.664591808259781
diabetes,False,MNAR,0.3,1,NDI-F,KNN,0.6926831338596044,0.6549890687051569
diabetes,False,MNAR,0.3,1,NDI-F,RF,0.7304558186911129,0.692374888704649
diabetes,False,MNAR,0.3,1,NDI-F,SVC,0.7200237670825906,0.6619570096512215
diabetes,False,MNAR,0.3,1,Copula-NDI-F,LR,0.7265172735760972,0.6730120311528542
diabetes,False,MNAR,0.3,1,Copula-NDI-F,KNN,0.6900517782870723,0.6401667761588177
diabetes,False,MNAR,0.3,1,Copula-NDI-F,RF,0.7343264578558697,0.6948850460065389
diabetes,False,MNAR,0.3,1,Copula-NDI-F,SVC,0.7200492318139377,0.6654141692882127
diabetes,False,MNAR,0.3,2,Mean,LR,0.7656395891690011,0.7210508538697111
diabetes,False,MNAR,0.3,2,Mean,KNN,0.721347933112639,0.6751616376485766
diabetes,False,MNAR,0.3,2,Mean,RF,0.760402342755284,0.722175336943087
diabetes,False,MNAR,0.3,2,Mean,SVC,0.7617604617604619,0.7124863702852168
diabetes,False,MNAR,0.3,2,NDI-0,LR,0.757821916645446,0.7168822512351187
diabetes,False,MNAR,0.3,2,NDI-0,KNN,0.7161616161616162,0.671344100311855
diabetes,False,MNAR,0.3,2,NDI-0,RF,0.7395891690009337,0.6992868803917986
diabetes,False,MNAR,0.3,2,NDI-0,SVC,0.7409303115185468,0.6910004111727026
diabetes,False,MNAR,0.3,2,NDI-C,LR,0.7552075375604789,0.7146546990619783
diabetes,False,MNAR,0.3,2,NDI-C,KNN,0.7252525252525253,0.6840448179051881
diabetes,False,MNAR,0.3,2,NDI-C,RF,0.7538833715304303,0.717826157403121
diabetes,False,MNAR,0.3,2,NDI-C,SVC,0.7487055428231899,0.6988090122260153
diabetes,False,MNAR,0.3,2,NDI-S,LR,0.7669382904677022,0.7256232224274618
diabetes,False,MNAR,0.3,2,NDI-S,KNN,0.7291486291486292,0.6849199914156328
diabetes,False,MNAR,0.3,2,NDI-S,RF,0.7356676003734828,0.6922713139909291
diabetes,False,MNAR,0.3,2,NDI-S,SVC,0.7578473813767932,0.7084020644917954
diabetes,False,MNAR,0.3,2,GaussCM,LR,0.7590781767252356,0.718458971167651
diabetes,False,MNAR,0.3,2,GaussCM,KNN,0.7174178762414056,0.6700291733343423
diabetes,False,MNAR,0.3,2,GaussCM,RF,0.7356591121297005,0.6930227847146009
diabetes,False,MNAR,0.3,2,GaussCM,SVC,0.7591206179441473,0.7075302284799944
diabetes,False,MNAR,0.3,2,KNN,LR,0.7448433919022154,0.7032857865600762
diabetes,False,MNAR,0.3,2,KNN,KNN,0.692742551566081,0.644554208097825
diabetes,False,MNAR,0.3,2,KNN,RF,0.7487055428231899,0.7068457838867751
diabetes,False,MNAR,0.3,2,KNN,SVC,0.7292250233426704,0.6743328035436514
diabetes,False,MNAR,0.3,2,MICE,LR,0.7551650963415669,0.7118098467337529
diabetes,False,MNAR,0.3,2,MICE,KNN,0.7056786350903999,0.6555499752324403
diabetes,False,MNAR,0.3,2,MICE,RF,0.749953314659197,0.711721384543021
diabetes,False,MNAR,0.3,2,MICE,SVC,0.7408369408369408,0.6879407140473625
diabetes,False,MNAR,0.3,2,MissForest,LR,0.7512944571768101,0.7103148697754011
diabetes,False,MNAR,0.3,2,MissForest,KNN,0.7031151854681268,0.6560925507334775
diabetes,False,MNAR,0.3,2,MissForest,RF,0.7291061879297173,0.685555573608676
diabetes,False,MNAR,0.3,2,MissForest,SVC,0.7551735845853493,0.7027845076601357
diabetes,False,MNAR,0.3,2,SoftImpute,LR,0.7643323996265172,0.72112301126046
diabetes,False,MNAR,0.3,2,SoftImpute,KNN,0.7252355487649604,0.6784302185616883
diabetes,False,MNAR,0.3,2,SoftImpute,RF,0.7343519225872168,0.6947449530187291
diabetes,False,MNAR,0.3,2,SoftImpute,SVC,0.7604447839741957,0.7097809080399223
diabetes,False,MNAR,0.3,2,GAIN,LR,0.7551735845853493,0.7097602438591653
diabetes,False,MNAR,0.3,2,GAIN,KNN,0.7095407860113743,0.6589188679347748
diabetes,False,MNAR,0.3,2,GAIN,RF,0.7447500212206094,0.7038443361701255
diabetes,False,MNAR,0.3,2,GAIN,SVC,0.7474068415244887,0.6932205195083366
diabetes,False,MNAR,0.3,2,NDI-F1,LR,0.760427807486631,0.7188814850624903
diabetes,False,MNAR,0.3,2,NDI-F1,KNN,0.7330871742636449,0.689297815313265
diabetes,False,MNAR,0.3,2,NDI-F1,RF,0.7486800780918428,0.7092990047934397
diabetes,False,MNAR,0.3,2,NDI-F1,SVC,0.752678040913335,0.7044837875999632
diabetes,False,MNAR,0.3,2,NDI-F-noclip,LR,0.7616755793226382,0.7220733651614202
diabetes,False,MNAR,0.3,2,NDI-F-noclip,KNN,0.7317884729649435,0.6860179070366221
diabetes,False,MNAR,0.3,2,NDI-F-noclip,RF,0.7447160682454801,0.7057576963896929
diabetes,False,MNAR,0.3,2,NDI-F-noclip,SVC,0.7486631016042781,0.6988519537330142
diabetes,False,MNAR,0.3,2,NDI-F,LR,0.7629827688651218,0.7233131248790927
diabetes,False,MNAR,0.3,2,NDI-F,KNN,0.7304897716662422,0.6842173099728671
diabetes,False,MNAR,0.3,2,NDI-F,RF,0.7590612002376709,0.7244659640876113
diabetes,False,MNAR,0.3,2,NDI-F,SVC,0.7486631016042781,0.6988519537330142
diabetes,False,MNAR,0.3,2,Copula-NDI-F,LR,0.7630252100840336,0.7231850897241253
diabetes,False,MNAR,0.3,2,Copula-NDI-F,KNN,0.7096511331805451,0.664311955957371
diabetes,False,MNAR,0.3,2,Copula-NDI-F,RF,0.747415329768271,0.7062843165836517
diabetes,False,MNAR,0.3,2,Copula-NDI-F,SVC,0.7538833715304303,0.7034900084220335
vehicle,False,MCAR,0.3,0,Mean,LR,0.5910198398886182,0.585220483323347
vehicle,False,MCAR,0.3,0,Mean,KNN,0.5839192481726418,0.5681174947183292
vehicle,False,MCAR,0.3,0,Mean,RF,0.6785311521058128,0.6622767013307931
vehicle,False,MCAR,0.3,0,Mean,SVC,0.6772641837800208,0.6700856069277317
vehicle,False,MCAR,0.3,0,NDI-0,LR,0.6252558301427079,0.6190271327548904
vehicle,False,MCAR,0.3,0,NDI-0,KNN,0.6028263139575357,0.5911525582485675
vehicle,False,MCAR,0.3,0,NDI-0,RF,0.6702610511660285,0.661486676606968
vehicle,False,MCAR,0.3,0,NDI-0,SVC,0.6702471284371737,0.6624093770593291
vehicle,False,MCAR,0.3,0,NDI-C,LR,0.6760877131917857,0.6725054356298049
vehicle,False,MCAR,0.3,0,NDI-C,KNN,0.6217194570135747,0.6107795325087061
vehicle,False,MCAR,0.3,0,NDI-C,RF,0.711618517229377,0.6989770644590141
vehicle,False,MCAR,0.3,0,NDI-C,SVC,0.6903445875391576,0.6819758569972822
vehicle,False,MCAR,0.3,0,NDI-S,LR,0.6725374173337976,0.670275562206715
vehicle,False,MCAR,0.3,0,NDI-S,KNN,0.6134145492516534,0.6019903360380806
vehicle,False,MCAR,0.3,0,NDI-S,RF,0.6962339018447615,0.6853049887206317
vehicle,False,MCAR,0.3,0,NDI-S,SVC,0.6974312565262791,0.6900400243534659
vehicle,False,MCAR,0.3,0,GaussCM,LR,0.717493908806126,0.7115616689169781
vehicle,False,MCAR,0.3,0,GaussCM,KNN,0.6359554472676645,0.6236168104101533
vehicle,False,MCAR,0.3,0,GaussCM,RF,0.7092377305951966,0.7010339495052107
vehicle,False,MCAR,0.3,0,GaussCM,SVC,0.7151340062652279,0.7048998723130061
vehicle,False,MCAR,0.3,0,KNN,LR,0.7127601809954751,0.7092879591798839
vehicle,False,MCAR,0.3,0,KNN,KNN,0.6548485903237034,0.6430403748763057
vehicle,False,MCAR,0.3,0,KNN,RF,0.6926975287156283,0.6802438760605174
vehicle,False,MCAR,0.3,0,KNN,SVC,0.710414201183432,0.6968070882918151
vehicle,False,MCAR,0.3,0,MICE,LR,0.7162826313957537,0.7111524655325482
vehicle,False,MCAR,0.3,0,MICE,KNN,0.6406543682561783,0.6249161285883741
vehicle,False,MCAR,0.3,0,MICE,RF,0.7482631395753568,0.7405426464769476
vehicle,False,MCAR,0.3,0,MICE,SVC,0.7399791159067177,0.7345639184705403
vehicle,False,MCAR,0.3,0,MissForest,LR,0.7576679429168116,0.7528806523244914
vehicle,False,MCAR,0.3,0,MissForest,KNN,0.6749599721545423,0.6654015377907104
vehicle,False,MCAR,0.3,0,MissForest,RF,0.7139575356769927,0.7032785931945409
vehicle,False,MCAR,0.3,0,MissForest,SVC,0.7163243995823181,0.7071570192181553
vehicle,False,MCAR,0.3,0,SoftImpute,LR,0.7221928297946397,0.7186565302849042
vehicle,False,MCAR,0.3,0,SoftImpute,KNN,0.6525374173337973,0.6426673991228137
vehicle,False,MCAR,0.3,0,SoftImpute,RF,0.7033344935607379,0.6927788527900043
vehicle,False,MCAR,0.3,0,SoftImpute,SVC,0.719888618169161,0.7100738169085127
vehicle,False,MCAR,0.3,0,GAIN,LR,0.6890567351200835,0.6839061637713442
vehicle,False,MCAR,0.3,0,GAIN,KNN,0.6252975983292726,0.617185004287221
vehicle,False,MCAR,0.3,0,GAIN,RF,0.6820536025060913,0.670865315447146
vehicle,False,MCAR,0.3,0,GAIN,SVC,0.6914792899408284,0.6807156762348577
vehicle,False,MCAR,0.3,0,NDI-F1,LR,0.6642673163940132,0.6603465942676727
vehicle,False,MCAR,0.3,0,NDI-F1,KNN,0.6217333797424295,0.6103454739517072
vehicle,False,MCAR,0.3,0,NDI-F1,RF,0.692725374173338,0.6798126951138843
vehicle,False,MCAR,0.3,0,NDI-F1,SVC,0.6962269404803342,0.6865609496988594
vehicle,False,MCAR,0.3,0,NDI-F-noclip,LR,0.7032509571876087,0.6996485339100447
vehicle,False,MCAR,0.3,0,NDI-F-noclip,KNN,0.6418795683954055,0.6345056333978217
vehicle,False,MCAR,0.3,0,NDI-F-noclip,RF,0.6962756700313262,0.6853398533163821
vehicle,False,MCAR,0.3,0,NDI-F-noclip,SVC,0.7009745910198399,0.6902064443384629
vehicle,False,MCAR,0.3,0,NDI-F,LR,0.7008910546467109,0.697546927822075
vehicle,False,MCAR,0.3,0,NDI-F,KNN,0.6430699617124956,0.6361495230882259
vehicle,False,MCAR,0.3,0,NDI-F,RF,0.6939018447615732,0.6836037154186796
vehicle,False,MCAR,0.3,0,NDI-F,SVC,0.7009745910198399,0.6904374988464751
vehicle,False,MCAR,0.3,0,Copula-NDI-F,LR,0.7009189001044205,0.6960780118058134
vehicle,False,MCAR,0.3,0,Copula-NDI-F,KNN,0.6241559345631744,0.6137577147182863
vehicle,False,MCAR,0.3,0,Copula-NDI-F,RF,0.7068917507831535,0.695009503560026
vehicle,False,MCAR,0.3,0,Copula-NDI-F,SVC,0.711618517229377,0.6967434804915013
vehicle,False,MCAR,0.3,0,MIWAE,LR,0.7364009745910198,0.7336504497380846
vehicle,False,MCAR,0.3,0,MIWAE,KNN,0.66192133658197,0.6497384551675129
vehicle,False,MCAR,0.3,0,MIWAE,RF,0.723418029933867,0.7140290418135635
vehicle,False,MCAR,0.3,0,MIWAE,SVC,0.7162965541246085,0.7045404933066266
vehicle,False,MCAR,0.3,0,Sinkhorn,LR,0.7505743125652627,0.7463995896018745
vehicle,False,MCAR,0.3,0,Sinkhorn,KNN,0.6844135050469892,0.6765761377080087
vehicle,False,MCAR,0.3,0,Sinkhorn,RF,0.7198816568047337,0.708695467008729
vehicle,False,MCAR,0.3,0,Sinkhorn,SVC,0.7174869474416987,0.7079992236292766
vehicle,False,MCAR,0.3,0,HyperImpute,LR,0.7328646014618865,0.7290451566463887
vehicle,False,MCAR,0.3,0,HyperImpute,KNN,0.6466132962060563,0.6332021245546187
vehicle,False,MCAR,0.3,0,HyperImpute,RF,0.7234180299338671,0.7148964894006496
vehicle,False,MCAR,0.3,0,HyperImpute,SVC,0.7186912634876437,0.7108096643091146
vehicle,False,MCAR,0.3,0,ReMasker,LR,0.7304698920988514,0.7245232481157469
vehicle,False,MCAR,0.3,0,ReMasker,KNN,0.6430142707970763,0.6327693176071769
vehicle,False,MCAR,0.3,0,ReMasker,RF,0.7045457709711103,0.695115962070242
vehicle,False,MCAR,0.3,0,ReMasker,SVC,0.7080055690915419,0.6968641926961446
vehicle,False,MCAR,0.3,1,Mean,LR,0.5957674904281239,0.5921311921021963
vehicle,False,MCAR,0.3,1,Mean,KNN,0.5803898364079358,0.5754210597990046
vehicle,False,MCAR,0.3,1,Mean,RF,0.6914792899408284,0.6789425992929772
vehicle,False,MCAR,0.3,1,Mean,SVC,0.6501148625130526,0.6409303574391134
vehicle,False,MCAR,0.3,1,NDI-0,LR,0.6051653324051515,0.600600632465696
vehicle,False,MCAR,0.3,1,NDI-0,KNN,0.5898572920292378,0.5832374052285683
vehicle,False,MCAR,0.3,1,NDI-0,RF,0.6844204664114166,0.6749462820580204
vehicle,False,MCAR,0.3,1,NDI-0,SVC,0.6642742777584406,0.6563538233533991
vehicle,False,MCAR,0.3,1,NDI-C,LR,0.6500939784197702,0.6468589241240892
vehicle,False,MCAR,0.3,1,NDI-C,KNN,0.6205290636964845,0.6128131501080694
vehicle,False,MCAR,0.3,1,NDI-C,RF,0.6773059519665854,0.665865358245256
vehicle,False,MCAR,0.3,1,NDI-C,SVC,0.7009467455621301,0.6915837689249545
vehicle,False,MCAR,0.3,1,NDI-S,LR,0.6642882004872956,0.6606338914914672
vehicle,False,MCAR,0.3,1,NDI-S,KNN,0.626460146188653,0.618159218712198
vehicle,False,MCAR,0.3,1,NDI-S,RF,0.6985868430212321,0.6900909700805463
vehicle,False,MCAR,0.3,1,NDI-S,SVC,0.6938252697528716,0.6853325621804002
vehicle,False,MCAR,0.3,1,GaussCM,LR,0.7245596936999652,0.7208345610461075
vehicle,False,MCAR,0.3,1,GaussCM,KNN,0.6477479986077271,0.6404015241487503
vehicle,False,MCAR,0.3,1,GaussCM,RF,0.7222067525234946,0.7143922455898087
vehicle,False,MCAR,0.3,1,GaussCM,SVC,0.719819004524887,0.7105019288282822
vehicle,False,MCAR,0.3,1,KNN,LR,0.699672815871911,0.6955150556398185
vehicle,False,MCAR,0.3,1,KNN,KNN,0.6359067177166724,0.6247281422953045
vehicle,False,MCAR,0.3,1,KNN,RF,0.7246223459798121,0.7171019502326132
vehicle,False,MCAR,0.3,1,KNN,SVC,0.7056735120083537,0.6953703814323176
vehicle,False,MCAR,0.3,1,MICE,LR,0.7044900800556909,0.7002193206905126
vehicle,False,MCAR,0.3,1,MICE,KNN,0.6902888966237384,0.6810963665544904
vehicle,False,MCAR,0.3,1,MICE,RF,0.7245596936999652,0.7163608166356116
vehicle,False,MCAR,0.3,1,MICE,SVC,0.7257500870170553,0.7182424776605718
vehicle,False,MCAR,0.3,1,MissForest,LR,0.7351688130873651,0.7298459740893061
vehicle,False,MCAR,0.3,1,MissForest,KNN,0.6832300730943265,0.6759860512607265
vehicle,False,MCAR,0.3,1,MissForest,RF,0.7245945005221023,0.717756126766466
vehicle,False,MCAR,0.3,1,MissForest,SVC,0.7174730247128437,0.7061230489231578
vehicle,False,MCAR,0.3,1,SoftImpute,LR,0.7127044900800558,0.7086820814354626
vehicle,False,MCAR,0.3,1,SoftImpute,KNN,0.6524886877828054,0.6434198956477797
vehicle,False,MCAR,0.3,1,SoftImpute,RF,0.7292725374173339,0.7239472712571332
vehicle,False,MCAR,0.3,1,SoftImpute,SVC,0.7280891054646711,0.7187335135664933
vehicle,False,MCAR,0.3,1,GAIN,LR,0.678405847546119,0.6752272904597306
vehicle,False,MCAR,0.3,1,GAIN,KNN,0.641823877479986,0.634823446462905
vehicle,False,MCAR,0.3,1,GAIN,RF,0.7068778280542987,0.6956857179446129
vehicle,False,MCAR,0.3,1,GAIN,SVC,0.7079916463626871,0.7005026501973841
vehicle,False,MCAR,0.3,1,NDI-F1,LR,0.6477479986077271,0.6437535076825049
vehicle,False,MCAR,0.3,1,NDI-F1,KNN,0.617020536025061,0.6065551903559221
vehicle,False,MCAR,0.3,1,NDI-F1,RF,0.7068639053254437,0.6951186038319173
vehicle,False,MCAR,0.3,1,NDI-F1,SVC,0.6879429168116951,0.6796219870753338
vehicle,False,MCAR,0.3,1,NDI-F-noclip,LR,0.6867037939436129,0.682377985875461
vehicle,False,MCAR,0.3,1,NDI-F-noclip,KNN,0.6500870170553428,0.6442151136749271
vehicle,False,MCAR,0.3,1,NDI-F-noclip,RF,0.7091681169509223,0.7005317229378354
vehicle,False,MCAR,0.3,1,NDI-F-noclip,SVC,0.6949808562478246,0.6842092119319162
vehicle,False,MCAR,0.3,1,NDI-F,LR,0.6855203619909502,0.6816427725739769
vehicle,False,MCAR,0.3,1,NDI-F,KNN,0.6512704490080056,0.6458540240419051
vehicle,False,MCAR,0.3,1,NDI-F,RF,0.7127462582666203,0.7034685127110197
vehicle,False,MCAR,0.3,1,NDI-F,SVC,0.6949808562478246,0.6844343046192269
vehicle,False,MCAR,0.3,1,Copula-NDI-F,LR,0.7174382178907066,0.7144299087120316
vehicle,False,MCAR,0.3,1,Copula-NDI-F,KNN,0.6501009397841977,0.6395648684558249
vehicle,False,MCAR,0.3,1,Copula-NDI-F,RF,0.7103654716324399,0.7015105342044159
vehicle,False,MCAR,0.3,1,Copula-NDI-F,SVC,0.712725374173338,0.7028652991211899
vehicle,False,MCAR,0.3,2,Mean,LR,0.5555238426731639,0.5483339480198761
vehicle,False,MCAR,0.3,2,Mean,KNN,0.593344935607379,0.5801395015447084
vehicle,False,MCAR,0.3,2,Mean,RF,0.6560877131917856,0.6383791687011131
vehicle,False,MCAR,0.3,2,Mean,SVC,0.6264949530107902,0.6144134930193355
vehicle,False,MCAR,0.3,2,NDI-0,LR,0.5945422902888966,0.5873803153692042
vehicle,False,MCAR,0.3,2,NDI-0,KNN,0.6040097459101984,0.5916328263554409
vehicle,False,MCAR,0.3,2,NDI-0,RF,0.6596032022276367,0.6441506632307891
vehicle,False,MCAR,0.3,2,NDI-0,SVC,0.6442185868430211,0.6328469587589876
vehicle,False,MCAR,0.3,2,NDI-C,LR,0.6394709363035155,0.6325244269255986
vehicle,False,MCAR,0.3,2,NDI-C,KNN,0.6253045596936999,0.6092018286458434
vehicle,False,MCAR,0.3,2,NDI-C,RF,0.6761642882004872,0.6617008037584963
vehicle,False,MCAR,0.3,2,NDI-C,SVC,0.6714027149321267,0.6582427161855374
vehicle,False,MCAR,0.3,2,NDI-S,LR,0.6359554472676645,0.629275450596757
vehicle,False,MCAR,0.3,2,NDI-S,KNN,0.6264323007309434,0.6141823765459542
vehicle,False,MCAR,0.3,2,NDI-S,RF,0.6643369300382875,0.6485491681964096
vehicle,False,MCAR,0.3,2,NDI-S,SVC,0.6666481030281936,0.653712266522127
vehicle,False,MCAR,0.3,2,GaussCM,LR,0.6655064392620954,0.6603978588865933
vehicle,False,MCAR,0.3,2,GaussCM,KNN,0.6595892794987818,0.6446133230454684
vehicle,False,MCAR,0.3,2,GaussCM,RF,0.6950643926209537,0.6855514482206599
vehicle,False,MCAR,0.3,2,GaussCM,SVC,0.6903237034458755,0.6771152434184696
vehicle,False,MCAR,0.3,2,KNN,LR,0.6701983988861817,0.6649999974320344
vehicle,False,MCAR,0.3,2,KNN,KNN,0.6655134006265229,0.6539112955683759
vehicle,False,MCAR,0.3,2,KNN,RF,0.6986216498433693,0.6861946452146729
vehicle,False,MCAR,0.3,2,KNN,SVC,0.6974382178907066,0.6863338776792014
vehicle,False,MCAR,0.3,2,MICE,LR,0.6843926209537069,0.6794088692806977
vehicle,False,MCAR,0.3,2,MICE,KNN,0.650107901148625,0.6363235810839931
vehicle,False,MCAR,0.3,2,MICE,RF,0.6844274277758441,0.6760215410180552
vehicle,False,MCAR,0.3,2,MICE,SVC,0.6855899756352245,0.6728155854824942
vehicle,False,MCAR,0.3,2,MissForest,LR,0.7115767490428124,0.7037735677646079
vehicle,False,MCAR,0.3,2,MissForest,KNN,0.6843647754959972,0.6711706309190918
vehicle,False,MCAR,0.3,2,MissForest,RF,0.703334493560738,0.6933829322433729
vehicle,False,MCAR,0.3,2,MissForest,SVC,0.7198398886181692,0.7089574165207266
vehicle,False,MCAR,0.3,2,SoftImpute,LR,0.6619352593108248,0.6580639375809715
vehicle,False,MCAR,0.3,2,SoftImpute,KNN,0.6595823181343543,0.6447850691372452
vehicle,False,MCAR,0.3,2,SoftImpute,RF,0.69036547163244,0.6790159417476899
vehicle,False,MCAR,0.3,2,SoftImpute,SVC,0.6926836059867735,0.6787073268644928
vehicle,False,MCAR,0.3,2,GAIN,LR,0.6359345631743821,0.6269601596276967
vehicle,False,MCAR,0.3,2,GAIN,KNN,0.6383362339018448,0.621548359113251
vehicle,False,MCAR,0.3,2,GAIN,RF,0.669063696484511,0.6549077975431719
vehicle,False,MCAR,0.3,2,GAIN,SVC,0.6666898712147582,0.6523867550400209
vehicle,False,MCAR,0.3,2,NDI-F1,LR,0.6264323007309432,0.6199244402501446
vehicle,False,MCAR,0.3,2,NDI-F1,KNN,0.6335328924469196,0.6185607000064837
vehicle,False,MCAR,0.3,2,NDI-F1,RF,0.6749738948833971,0.6597466224750181
vehicle,False,MCAR,0.3,2,NDI-F1,SVC,0.6784684998259658,0.6674125354975681
vehicle,False,MCAR,0.3,2,NDI-F-noclip,LR,0.6524608423250957,0.6465396706519346
vehicle,False,MCAR,0.3,2,NDI-F-noclip,KNN,0.6430142707970762,0.6268772675061196
vehicle,False,MCAR,0.3,2,NDI-F-noclip,RF,0.6879498781761226,0.6755181884051566
vehicle,False,MCAR,0.3,2,NDI-F-noclip,SVC,0.6856038983640793,0.6709205831311855
vehicle,False,MCAR,0.3,2,NDI-F,LR,0.6512843717368605,0.6455894053752681
vehicle,False,MCAR,0.3,2,NDI-F,KNN,0.6442046641141663,0.6278603902653648
vehicle,False,MCAR,0.3,2,NDI-F,RF,0.6797006613296206,0.6679844519460694
vehicle,False,MCAR,0.3,2,NDI-F,SVC,0.6867873303167421,0.6718442397104155
vehicle,False,MCAR,0.3,2,Copula-NDI-F,LR,0.6737278106508875,0.6683931751685465
vehicle,False,MCAR,0.3,2,Copula-NDI-F,KNN,0.633588583362339,0.617736407006735
vehicle,False,MCAR,0.3,2,Copula-NDI-F,RF,0.683223111729899,0.6694156092938796
vehicle,False,MCAR,0.3,2,Copula-NDI-F,SVC,0.6808562478245735,0.6648603818094507
vehicle,False,MAR,0.3,0,Mean,LR,0.6324329968673861,0.6251682844255457
vehicle,False,MAR,0.3,0,Mean,KNN,0.615802297250261,0.6065821839099301
vehicle,False,MAR,0.3,0,Mean,RF,0.7033136094674555,0.6911109990222487
vehicle,False,MAR,0.3,0,Mean,SVC,0.6620048729550992,0.6504721291541946
vehicle,False,MAR,0.3,0,NDI-0,LR,0.6524886877828054,0.6469467735903072
vehicle,False,MAR,0.3,0,NDI-0,KNN,0.5956978767838497,0.5835257579526937
vehicle,False,MAR,0.3,0,NDI-0,RF,0.6749599721545423,0.6612674526645538
vehicle,False,MAR,0.3,0,NDI-0,SVC,0.6785102680125304,0.66316557951724
vehicle,False,MAR,0.3,0,NDI-C,LR,0.6713818308388444,0.6662926391067249
vehicle,False,MAR,0.3,0,NDI-C,KNN,0.6287782805429865,0.6218900937085281
vehicle,False,MAR,0.3,0,NDI-C,RF,0.7009815523842673,0.6896090694352935
vehicle,False,MAR,0.3,0,NDI-C,SVC,0.6973755656108598,0.6842821697532179
vehicle,False,MAR,0.3,0,NDI-S,LR,0.6678524190741385,0.6613703671164199
vehicle,False,MAR,0.3,0,NDI-S,KNN,0.639463974939088,0.6309228412329544
vehicle,False,MAR,0.3,0,NDI-S,RF,0.68795683954055,0.6743825099872935
vehicle,False,MAR,0.3,0,NDI-S,SVC,0.6973686042464322,0.686609746970893
vehicle,False,MAR,0.3,0,GaussCM,LR,0.6749460494256874,0.6703106881391847
vehicle,False,MAR,0.3,0,GaussCM,KNN,0.6630908458057779,0.6569979029143885
vehicle,False,MAR,0.3,0,GaussCM,RF,0.706849982596589,0.6958116955810631
vehicle,False,MAR,0.3,0,GaussCM,SVC,0.7103724329968675,0.698253990956759
vehicle,False,MAR,0.3,0,KNN,LR,0.7186355725722242,0.7127062839037975
vehicle,False,MAR,0.3,0,KNN,KNN,0.6430003480682214,0.628342373816879
vehicle,False,MAR,0.3,0,KNN,RF,0.7127392969021928,0.7010047808817343
vehicle,False,MAR,0.3,0,KNN,SVC,0.7080334145492516,0.6952412489396218
vehicle,False,MAR,0.3,0,MICE,LR,0.7068221371388793,0.7000118212658002
vehicle,False,MAR,0.3,0,MICE,KNN,0.659575356769927,0.6510519626266595
vehicle,False,MAR,0.3,0,MICE,RF,0.7092238078663418,0.6979028140042066
vehicle,False,MAR,0.3,0,MICE,SVC,0.7151200835363731,0.7053904258089643
vehicle,False,MAR,0.3,0,MissForest,LR,0.7233901844761573,0.7165016892273723
vehicle,False,MAR,0.3,0,MissForest,KNN,0.657201531500174,0.6458884467762255
vehicle,False,MAR,0.3,0,MissForest,RF,0.7092238078663418,0.6998833760652671
vehicle,False,MAR,0.3,0,MissForest,SVC,0.7246014618865297,0.714281538962761
vehicle,False,MAR,0.3,0,SoftImpute,LR,0.6914862513052558,0.6860423570397632
vehicle,False,MAR,0.3,0,SoftImpute,KNN,0.6287782805429865,0.6158540672609951
vehicle,False,MAR,0.3,0,SoftImpute,RF,0.713929690219283,0.7033761333002633
vehicle,False,MAR,0.3,0,SoftImpute,SVC,0.715120083536373,0.7048738285835735
vehicle,False,MAR,0.3,0,GAIN,LR,0.67493908806126,0.6686084577856406
vehicle,False,MAR,0.3,0,GAIN,KNN,0.6358858336233902,0.6286436515889301
vehicle,False,MAR,0.3,0,GAIN,RF,0.7044622345979812,0.6932561104369064
vehicle,False,MAR,0.3,0,GAIN,SVC,0.7056526279150713,0.6914061023469966
vehicle,False,MAR,0.3,0,NDI-F1,LR,0.6619561434041072,0.655817873145609
vehicle,False,MAR,0.3,0,NDI-F1,KNN,0.6039819004524887,0.594365035258182
vehicle,False,MAR,0.3,0,NDI-F1,RF,0.7021441002436478,0.6905334341071833
vehicle,False,MAR,0.3,0,NDI-F1,SVC,0.6985450748346677,0.6857970398581964
vehicle,False,MAR,0.3,0,NDI-F-noclip,LR,0.6725443786982248,0.6678729590192752
vehicle,False,MAR,0.3,0,NDI-F-noclip,KNN,0.6453672119735467,0.6386232459534916
vehicle,False,MAR,0.3,0,NDI-F-noclip,RF,0.7115906717716672,0.702080798340537
vehicle,False,MAR,0.3,0,NDI-F-noclip,SVC,0.6903028193525931,0.677715688453244
vehicle,False,MAR,0.3,0,NDI-F,LR,0.669001044204664,0.6640633771134701
vehicle,False,MAR,0.3,0,NDI-F,KNN,0.6430073094326488,0.6359611738717829
vehicle,False,MAR,0.3,0,NDI-F,RF,0.7104072398190044,0.701130970349815
vehicle,False,MAR,0.3,0,NDI-F,SVC,0.6926627218934911,0.6804300749473159
vehicle,False,MAR,0.3,0,Copula-NDI-F,LR,0.689126348764358,0.6842507303506685
vehicle,False,MAR,0.3,0,Copula-NDI-F,KNN,0.6359136790810999,0.6266705395183891
vehicle,False,MAR,0.3,0,Copula-NDI-F,RF,0.7175287156282633,0.7064741405452712
vehicle,False,MAR,0.3,0,Copula-NDI-F,SVC,0.7092446919596241,0.6962680882628483
vehicle,False,MAR,0.3,0,MIWAE,LR,0.7115419422206752,0.7071259341576741
vehicle,False,MAR,0.3,0,MIWAE,KNN,0.6654716324399582,0.6544704214250366
vehicle,False,MAR,0.3,0,MIWAE,RF,0.7222763661677688,0.7101523786737319
vehicle,False,MAR,0.3,0,MIWAE,SVC,0.7186634180299338,0.7105565134493764
vehicle,False,MAR,0.3,0,Sinkhorn,LR,0.7115837104072399,0.7076988476214453
vehicle,False,MAR,0.3,0,Sinkhorn,KNN,0.6560180995475113,0.6467228899140454
vehicle,False,MAR,0.3,0,Sinkhorn,RF,0.7127671423599026,0.7026124319595161
vehicle,False,MAR,0.3,0,Sinkhorn,SVC,0.7210302819352592,0.7113417547900628
vehicle,False,MAR,0.3,0,HyperImpute,LR,0.6938183083884442,0.6887454141667197
vehicle,False,MAR,0.3,0,HyperImpute,KNN,0.6654855551688131,0.6549394921220331
vehicle,False,MAR,0.3,0,HyperImpute,RF,0.7186912634876437,0.7089035761636668
vehicle,False,MAR,0.3,0,HyperImpute,SVC,0.7139366515837103,0.7005383550643086
vehicle,False,MAR,0.3,0,ReMasker,LR,0.709209885137487,0.7028763988394409
vehicle,False,MAR,0.3,0,ReMasker,KNN,0.6359206404455273,0.6236624149497481
vehicle,False,MAR,0.3,0,ReMasker,RF,0.7009397841977029,0.6917888696970864
vehicle,False,MAR,0.3,0,ReMasker,SVC,0.7139644970414201,0.7022735831394202
vehicle,False,MAR,0.3,1,Mean,LR,0.5969926905673513,0.5857791097654769
vehicle,False,MAR,0.3,1,Mean,KNN,0.587518273581622,0.5752568067208561
vehicle,False,MAR,0.3,1,Mean,RF,0.6867594848590324,0.6784097685170176
vehicle,False,MAR,0.3,1,Mean,SVC,0.6524956491472329,0.6439368407348061
vehicle,False,MAR,0.3,1,NDI-0,LR,0.6040793595544727,0.5942156144880655
vehicle,False,MAR,0.3,1,NDI-0,KNN,0.5874973894883397,0.5741496382951727
vehicle,False,MAR,0.3,1,NDI-0,RF,0.6760807518273582,0.6697079592476545
vehicle,False,MAR,0.3,1,NDI-0,SVC,0.6655134006265228,0.6567530713352105
vehicle,False,MAR,0.3,1,NDI-C,LR,0.6253463278802645,0.6165144363658633
vehicle,False,MAR,0.3,1,NDI-C,KNN,0.5945562130177515,0.5864262893988108
vehicle,False,MAR,0.3,1,NDI-C,RF,0.6820118343195267,0.6743502560895077
vehicle,False,MAR,0.3,1,NDI-C,SVC,0.6879707622694047,0.6795074426874643
vehicle,False,MAR,0.3,1,NDI-S,LR,0.6206056387051861,0.6109717594284352
vehicle,False,MAR,0.3,1,NDI-S,KNN,0.5969369996519318,0.5899327611149676
vehicle,False,MAR,0.3,1,NDI-S,RF,0.6761503654716323,0.6697696120630167
vehicle,False,MAR,0.3,1,NDI-S,SVC,0.6938531152105812,0.6850070451200732
vehicle,False,MAR,0.3,1,GaussCM,LR,0.647761921336582,0.6428570697097846
vehicle,False,MAR,0.3,1,GaussCM,KNN,0.6371249564914723,0.6294990844371513
vehicle,False,MAR,0.3,1,GaussCM,RF,0.687991646362687,0.6812500256947528
vehicle,False,MAR,0.3,1,GaussCM,SVC,0.6820396797772365,0.6748196165209783
vehicle,False,MAR,0.3,1,KNN,LR,0.6820466411416637,0.6746692617733046
vehicle,False,MAR,0.3,1,KNN,KNN,0.641886529759833,0.6328356655612855
vehicle,False,MAR,0.3,1,KNN,RF,0.7068430212321616,0.7010353731353641
vehicle,False,MAR,0.3,1,KNN,SVC,0.6891263487643577,0.6789251850458162
vehicle,False,MAR,0.3,1,MICE,LR,0.6950852767142359,0.6900134094503226
vehicle,False,MAR,0.3,1,MICE,KNN,0.6560111381830839,0.646497202144382
vehicle,False,MAR,0.3,1,MICE,RF,0.6997354681517577,0.6929782822169376
vehicle,False,MAR,0.3,1,MICE,SVC,0.7056735120083537,0.7000552717635303
vehicle,False,MAR,0.3,1,MissForest,LR,0.7210372432996868,0.7139697417613523
vehicle,False,MAR,0.3,1,MissForest,KNN,0.6477758440654368,0.6370416406095396
vehicle,False,MAR,0.3,1,MissForest,RF,0.7020884093282282,0.6965254200647693
vehicle,False,MAR,0.3,1,MissForest,SVC,0.7139296902192831,0.7058930019294277
vehicle,False,MAR,0.3,1,SoftImpute,LR,0.6596032022276367,0.6528599593652232
vehicle,False,MAR,0.3,1,SoftImpute,KNN,0.6394570135746606,0.6306651472743334
vehicle,False,MAR,0.3,1,SoftImpute,RF,0.6986146884789418,0.6933983764152921
vehicle,False,MAR,0.3,1,SoftImpute,SVC,0.693880960668291,0.6861055348055415
vehicle,False,MAR,0.3,1,GAIN,LR,0.6631326139923426,0.6529248173113144
vehicle,False,MAR,0.3,1,GAIN,KNN,0.6217612252001393,0.6160309373052766
vehicle,False,MAR,0.3,1,GAIN,RF,0.6714027149321267,0.6644440235441034
vehicle,False,MAR,0.3,1,GAIN,SVC,0.6879777236338322,0.6793097498444374
vehicle,False,MAR,0.3,1,NDI-F1,LR,0.6217890706578489,0.6114868105853299
vehicle,False,MAR,0.3,1,NDI-F1,KNN,0.6064183780020884,0.5971967005732857
vehicle,False,MAR,0.3,1,NDI-F1,RF,0.6785172293769579,0.6734888326968453
vehicle,False,MAR,0.3,1,NDI-F1,SVC,0.695050469892099,0.686936723310317
vehicle,False,MAR,0.3,1,NDI-F-noclip,LR,0.6383292725374174,0.6305065226999859
vehicle,False,MAR,0.3,1,NDI-F-noclip,KNN,0.611131221719457,0.6049173950746616
vehicle,False,MAR,0.3,1,NDI-F-noclip,RF,0.6737556561085973,0.6653832244029907
vehicle,False,MAR,0.3,1,NDI-F-noclip,SVC,0.6678384963452837,0.660379935700215
vehicle,False,MAR,0.3,1,NDI-F,LR,0.6430490776192134,0.634902135260953
vehicle,False,MAR,0.3,1,NDI-F,KNN,0.611131221719457,0.6049173950746616
vehicle,False,MAR,0.3,1,NDI-F,RF,0.6784893839192481,0.6707234198984061
vehicle,False,MAR,0.3,1,NDI-F,SVC,0.666655064392621,0.659395736931824
vehicle,False,MAR,0.3,1,Copula-NDI-F,LR,0.6383153498085624,0.629753049774304
vehicle,False,MAR,0.3,1,Copula-NDI-F,KNN,0.6241141663766099,0.6173410062367184
vehicle,False,MAR,0.3,1,Copula-NDI-F,RF,0.6796936999651934,0.671585190259365
vehicle,False,MAR,0.3,1,Copula-NDI-F,SVC,0.6856108597285069,0.6746668111112213
vehicle,False,MAR,0.3,2,Mean,LR,0.6288618169161155,0.6165854666324219
vehicle,False,MAR,0.3,2,Mean,KNN,0.5661608075182736,0.5564418562175856
vehicle,False,MAR,0.3,2,Mean,RF,0.7056665506439261,0.6916160172726084
vehicle,False,MAR,0.3,2,Mean,SVC,0.6666759484859032,0.6536759046576751
vehicle,False,MAR,0.3,2,NDI-0,LR,0.6406682909850331,0.6295742802282946
vehicle,False,MAR,0.3,2,NDI-0,KNN,0.6039958231813436,0.5901529533845915
vehicle,False,MAR,0.3,2,NDI-0,RF,0.7139714584058476,0.6998128431400972
vehicle,False,MAR,0.3,2,NDI-0,SVC,0.6832300730943265,0.6716182250480144
vehicle,False,MAR,0.3,2,NDI-C,LR,0.6690428123912288,0.6616525783552358
vehicle,False,MAR,0.3,2,NDI-C,KNN,0.6146675948485903,0.6019197670187734
vehicle,False,MAR,0.3,2,NDI-C,RF,0.7186912634876437,0.7077980241653901
vehicle,False,MAR,0.3,2,NDI-C,SVC,0.705694396101636,0.695355502378588
vehicle,False,MAR,0.3,2,NDI-S,LR,0.6678733031674209,0.6610856825770703
vehicle,False,MAR,0.3,2,NDI-S,KNN,0.6264531848242255,0.6154217909543009
vehicle,False,MAR,0.3,2,NDI-S,RF,0.719853811347024,0.7081254005781377
vehicle,False,MAR,0.3,2,NDI-S,SVC,0.7068847894187261,0.6964733206706677
vehicle,False,MAR,0.3,2,GaussCM,LR,0.6891124260355028,0.681312090272429
vehicle,False,MAR,0.3,2,GaussCM,KNN,0.6525234946049426,0.6405356686255284
vehicle,False,MAR,0.3,2,GaussCM,RF,0.7304838148277063,0.7189524774835823
vehicle,False,MAR,0.3,2,GaussCM,SVC,0.7091890010442047,0.6971933394167237
vehicle,False,MAR,0.3,2,KNN,LR,0.7116045945005222,0.7050631249407057
vehicle,False,MAR,0.3,2,KNN,KNN,0.6572224155934563,0.6432283770909107
vehicle,False,MAR,0.3,2,KNN,RF,0.7316602854159415,0.720685788711968
vehicle,False,MAR,0.3,2,KNN,SVC,0.7139644970414202,0.703553375343931
vehicle,False,MAR,0.3,2,MICE,LR,0.7316533240515141,0.7248895636972691
vehicle,False,MAR,0.3,2,MICE,KNN,0.6573059519665854,0.6429121802153148
vehicle,False,MAR,0.3,2,MICE,RF,0.7316950922380786,0.7216468381712714
vehicle,False,MAR,0.3,2,MICE,SVC,0.7269544030630004,0.7198907773607871
vehicle,False,MAR,0.3,2,MissForest,LR,0.7340410720501218,0.728399756693322
vehicle,False,MAR,0.3,2,MissForest,KNN,0.6690428123912285,0.6585759481121103
vehicle,False,MAR,0.3,2,MissForest,RF,0.7056804733727811,0.6942514371127718
vehicle,False,MAR,0.3,2,MissForest,SVC,0.7080403759136791,0.6986556201069104
vehicle,False,MAR,0.3,2,SoftImpute,LR,0.6843926209537068,0.6776273525823769
vehicle,False,MAR,0.3,2,SoftImpute,KNN,0.6489314305603898,0.6393379648060922
vehicle,False,MAR,0.3,2,SoftImpute,RF,0.7269613644274278,0.7139666050075612
vehicle,False,MAR,0.3,2,SoftImpute,SVC,0.7092307692307692,0.6982445833528101
vehicle,False,MAR,0.3,2,GAIN,LR,0.6938531152105811,0.685827103922429
vehicle,False,MAR,0.3,2,GAIN,KNN,0.6465993734772015,0.6384690800384354
vehicle,False,MAR,0.3,2,GAIN,RF,0.7234180299338671,0.7126812279909965
vehicle,False,MAR,0.3,2,GAIN,SVC,0.7032788026453185,0.6958178963691593
vehicle,False,MAR,0.3,2,NDI-F1,LR,0.6571806474068917,0.6468274052858685
vehicle,False,MAR,0.3,2,NDI-F1,KNN,0.6406961364427428,0.6292112020650826
vehicle,False,MAR,0.3,2,NDI-F1,RF,0.7127949878176123,0.7016447141647021
vehicle,False,MAR,0.3,2,NDI-F1,SVC,0.6879359554472677,0.6755177873305418
vehicle,False,MAR,0.3,2,NDI-F-noclip,LR,0.6962339018447615,0.6879731846809624
vehicle,False,MAR,0.3,2,NDI-F-noclip,KNN,0.6442116254785938,0.6336036481142437
vehicle,False,MAR,0.3,2,NDI-F-noclip,RF,0.7269544030630003,0.7138184086330455
vehicle,False,MAR,0.3,2,NDI-F-noclip,SVC,0.7127601809954751,0.7010074422822336
vehicle,False,MAR,0.3,2,NDI-F,LR,0.6938739993038635,0.6853471944016489
vehicle,False,MAR,0.3,2,NDI-F,KNN,0.6418447615732683,0.6313192739805531
vehicle,False,MAR,0.3,2,NDI-F,RF,0.7222206752523495,0.7089720798277109
vehicle,False,MAR,0.3,2,NDI-F,SVC,0.7127601809954751,0.7009445434420709
vehicle,False,MAR,0.3,2,Copula-NDI-F,LR,0.6938461538461539,0.6856414174157409
vehicle,False,MAR,0.3,2,Copula-NDI-F,KNN,0.6702053602506091,0.659985167640287
vehicle,False,MAR,0.3,2,Copula-NDI-F,RF,0.7127880264531848,0.6992180953281751
vehicle,False,MAR,0.3,2,Copula-NDI-F,SVC,0.7009328228332753,0.6902891655890614
vehicle,False,MNAR,0.3,0,Mean,LR,0.5827149321266968,0.5750919965204503
vehicle,False,MNAR,0.3,0,Mean,KNN,0.6040306300034807,0.5881713198421442
vehicle,False,MNAR,0.3,0,Mean,RF,0.7068708666898712,0.6932323362773868
vehicle,False,MNAR,0.3,0,Mean,SVC,0.639477897667943,0.6312728472633735
vehicle,False,MNAR,0.3,0,NDI-0,LR,0.5992412112774105,0.5917536486645598
vehicle,False,MNAR,0.3,0,NDI-0,KNN,0.607580925861469,0.5950342639067737
vehicle,False,MNAR,0.3,0,NDI-0,RF,0.6737347720153151,0.6608155632718545
vehicle,False,MNAR,0.3,0,NDI-0,SVC,0.6513122171945701,0.6414914076498466
vehicle,False,MNAR,0.3,0,NDI-C,LR,0.6382735816219979,0.6348416367908211
vehicle,False,MNAR,0.3,0,NDI-C,KNN,0.635962408632092,0.6223196735243761
vehicle,False,MNAR,0.3,0,NDI-C,RF,0.6832231117298991,0.6709139881843932
vehicle,False,MNAR,0.3,0,NDI-C,SVC,0.6713887922032719,0.6614786310682228
vehicle,False,MNAR,0.3,0,NDI-S,LR,0.634709363035155,0.6311336947754234
vehicle,False,MNAR,0.3,0,NDI-S,KNN,0.6241141663766098,0.6127875466015676
vehicle,False,MNAR,0.3,0,NDI-S,RF,0.6879638009049772,0.6779016127899518
vehicle,False,MNAR,0.3,0,NDI-S,SVC,0.6844065436825618,0.6755140505059615
vehicle,False,MNAR,0.3,0,GaussCM,LR,0.6548207448659937,0.6482169435908917
vehicle,False,MNAR,0.3,0,GaussCM,KNN,0.6323703445875392,0.6250679576365255
vehicle,False,MNAR,0.3,0,GaussCM,RF,0.7021371388792204,0.6936316108170535
vehicle,False,MNAR,0.3,0,GaussCM,SVC,0.6962269404803342,0.6859905287935479
vehicle,False,MNAR,0.3,0,KNN,LR,0.6819979115906719,0.6744904945796567
vehicle,False,MNAR,0.3,0,KNN,KNN,0.6631326139923426,0.6516399261074507
vehicle,False,MNAR,0.3,0,KNN,RF,0.7009328228332754,0.6901347785016373
vehicle,False,MNAR,0.3,0,KNN,SVC,0.6997772363383222,0.6909318686794587
vehicle,False,MNAR,0.3,0,MICE,LR,0.6985450748346675,0.6928974787627231
vehicle,False,MNAR,0.3,0,MICE,KNN,0.6714096762965541,0.663423296398072
vehicle,False,MNAR,0.3,0,MICE,RF,0.7163035154890359,0.7076136341314354
vehicle,False,MNAR,0.3,0,MICE,SVC,0.7198677340758788,0.7118994294384817
vehicle,False,MNAR,0.3,0,MissForest,LR,0.723418029933867,0.7193322928788725
vehicle,False,MNAR,0.3,0,MissForest,KNN,0.6489523146536721,0.6358837484749216
vehicle,False,MNAR,0.3,0,MissForest,RF,0.7068917507831535,0.69624053887834
vehicle,False,MNAR,0.3,0,MissForest,SVC,0.721058127392969,0.7111785121335201
vehicle,False,MNAR,0.3,0,SoftImpute,LR,0.676094674556213,0.6697899872332085
vehicle,False,MNAR,0.3,0,SoftImpute,KNN,0.6418656456665508,0.6309827302370656
vehicle,False,MNAR,0.3,0,SoftImpute,RF,0.7092446919596241,0.7005537017934603
vehicle,False,MNAR,0.3,0,SoftImpute,SVC,0.7045318482422556,0.6974136944322302
vehicle,False,MNAR,0.3,0,GAIN,LR,0.6760807518273582,0.6697682795290931
vehicle,False,MNAR,0.3,0,GAIN,KNN,0.6170483814827706,0.6079735240546513
vehicle,False,MNAR,0.3,0,GAIN,RF,0.6903237034458753,0.6796275001794208
vehicle,False,MNAR,0.3,0,GAIN,SVC,0.6867803689523146,0.6790833460360385
vehicle,False,MNAR,0.3,0,NDI-F1,LR,0.6300034806822137,0.6241875089812915
vehicle,False,MNAR,0.3,0,NDI-F1,KNN,0.622944657152802,0.6078812252370798
vehicle,False,MNAR,0.3,0,NDI-F1,RF,0.6938461538461538,0.6817671213727152
vehicle,False,MNAR,0.3,0,NDI-F1,SVC,0.659561434041072,0.650933173976916
vehicle,False,MNAR,0.3,0,NDI-F-noclip,LR,0.66073094326488,0.6574756736746135
vehicle,False,MNAR,0.3,0,NDI-F-noclip,KNN,0.6146467107553081,0.6020074559487257
vehicle,False,MNAR,0.3,0,NDI-F-noclip,RF,0.6690567351200836,0.6602319278794496
vehicle,False,MNAR,0.3,0,NDI-F-noclip,SVC,0.7044831186912635,0.6964991091198012
vehicle,False,MNAR,0.3,0,NDI-F,LR,0.663090845805778,0.6594515486462857
vehicle,False,MNAR,0.3,0,NDI-F,KNN,0.6146536721197355,0.6019510276057356
vehicle,False,MNAR,0.3,0,NDI-F,RF,0.6714096762965542,0.6610367853010896
vehicle,False,MNAR,0.3,0,NDI-F,SVC,0.6997563522450401,0.6916669042048618
vehicle,False,MNAR,0.3,0,Copula-NDI-F,LR,0.6690010442046641,0.6639568332448913
vehicle,False,MNAR,0.3,0,Copula-NDI-F,KNN,0.6193734772015315,0.6065198231232328
vehicle,False,MNAR,0.3,0,Copula-NDI-F,RF,0.6938600765750087,0.6872571708627024
vehicle,False,MNAR,0.3,0,Copula-NDI-F,SVC,0.697445179255134,0.6884174611145978
vehicle,False,MNAR,0.3,0,MIWAE,LR,0.6974312565262792,0.6902526475006563
vehicle,False,MNAR,0.3,0,MIWAE,KNN,0.6548416289592761,0.640699436961218
vehicle,False,MNAR,0.3,0,MIWAE,RF,0.6950783153498086,0.6829482299683275
vehicle,False,MNAR,0.3,0,MIWAE,SVC,0.7151409676296554,0.7025784978646442
vehicle,False,MNAR,0.3,0,Sinkhorn,LR,0.6844065436825618,0.6773190800703685
vehicle,False,MNAR,0.3,0,Sinkhorn,KNN,0.6442394709363035,0.6340921758657416
vehicle,False,MNAR,0.3,0,Sinkhorn,RF,0.6950156630699617,0.6858840841296766
vehicle,False,MNAR,0.3,0,Sinkhorn,SVC,0.6997633136094674,0.691924637521561
vehicle,False,MNAR,0.3,0,HyperImpute,LR,0.696192133658197,0.6887751879729856
vehicle,False,MNAR,0.3,0,HyperImpute,KNN,0.6713957535676992,0.6622312527708367
vehicle,False,MNAR,0.3,0,HyperImpute,RF,0.7115837104072398,0.7060945898999249
vehicle,False,MNAR,0.3,0,HyperImpute,SVC,0.7293421510616082,0.7206787607764855
vehicle,False,MNAR,0.3,0,ReMasker,LR,0.696192133658197,0.6918739824979182
vehicle,False,MNAR,0.3,0,ReMasker,KNN,0.6512843717368605,0.6373984757719934
vehicle,False,MNAR,0.3,0,ReMasker,RF,0.6962130177514794,0.6852881618752262
vehicle,False,MNAR,0.3,0,ReMasker,SVC,0.7045040027845457,0.693396023702981
vehicle,False,MNAR,0.3,1,Mean,LR,0.6301009397841977,0.6260907128575022
vehicle,False,MNAR,0.3,1,Mean,KNN,0.6052210233205708,0.600801514388985
vehicle,False,MNAR,0.3,1,Mean,RF,0.7458614688478942,0.7401129760048387
vehicle,False,MNAR,0.3,1,Mean,SVC,0.6974521406195614,0.6907436331465533
vehicle,False,MNAR,0.3,1,NDI-0,LR,0.6206056387051861,0.6141385791911674
vehicle,False,MNAR,0.3,1,NDI-0,KNN,0.6135050469892099,0.6107591669523565
vehicle,False,MNAR,0.3,1,NDI-0,RF,0.7021719457013574,0.6931629293752251
vehicle,False,MNAR,0.3,1,NDI-0,SVC,0.6986146884789418,0.6906030032784339
vehicle,False,MNAR,0.3,1,NDI-C,LR,0.6430699617124958,0.6378972906613821
vehicle,False,MNAR,0.3,1,NDI-C,KNN,0.6501357466063349,0.6467963760525809
vehicle,False,MNAR,0.3,1,NDI-C,RF,0.7068499825965888,0.6988170888641327
vehicle,False,MNAR,0.3,1,NDI-C,SVC,0.7127741037243299,0.7021113897330109
vehicle,False,MNAR,0.3,1,NDI-S,LR,0.6407587887225896,0.6363703906503619
vehicle,False,MNAR,0.3,1,NDI-S,KNN,0.6537069265576052,0.6509488345365353
vehicle,False,MNAR,0.3,1,NDI-S,RF,0.703271841280891,0.6952756065525321
vehicle,False,MNAR,0.3,1,NDI-S,SVC,0.7080612600069613,0.6982685603619109
vehicle,False,MNAR,0.3,1,GaussCM,LR,0.6537138879220328,0.6513509075147412
vehicle,False,MNAR,0.3,1,GaussCM,KNN,0.6406613296206056,0.6348636527555772
vehicle,False,MNAR,0.3,1,GaussCM,RF,0.7080264531848243,0.6998243188166955
vehicle,False,MNAR,0.3,1,GaussCM,SVC,0.6985589975635225,0.687841678353308
vehicle,False,MNAR,0.3,1,KNN,LR,0.6903515489035851,0.6859304784930262
vehicle,False,MNAR,0.3,1,KNN,KNN,0.6667177166724679,0.6567265666925264
vehicle,False,MNAR,0.3,1,KNN,RF,0.7293143056038983,0.7212286365914121
vehicle,False,MNAR,0.3,1,KNN,SVC,0.7104072398190044,0.6982804047717808
vehicle,False,MNAR,0.3,1,MICE,LR,0.7246223459798121,0.7212812566643627
vehicle,False,MNAR,0.3,1,MICE,KNN,0.6749460494256874,0.6675902382467597
vehicle,False,MNAR,0.3,1,MICE,RF,0.7293212669683258,0.7220966926187395
vehicle,False,MNAR,0.3,1,MICE,SVC,0.7434946049425688,0.7349051350069522
vehicle,False,MNAR,0.3,1,MissForest,LR,0.7316881308736513,0.7285264397628216
vehicle,False,MNAR,0.3,1,MissForest,KNN,0.677312913331013,0.6679050831593965
vehicle,False,MNAR,0.3,1,MissForest,RF,0.7375704838148278,0.7283446976394483
vehicle,False,MNAR,0.3,1,MissForest,SVC,0.7210163592064044,0.710644897923838
vehicle,False,MNAR,0.3,1,SoftImpute,LR,0.6809258614688478,0.6782828717702333
vehicle,False,MNAR,0.3,1,SoftImpute,KNN,0.6666968325791855,0.6630581977078244
vehicle,False,MNAR,0.3,1,SoftImpute,RF,0.7246084232509572,0.7183245398982789
vehicle,False,MNAR,0.3,1,SoftImpute,SVC,0.7163174382178907,0.7069325156453786
vehicle,False,MNAR,0.3,1,GAIN,LR,0.6915140967629656,0.6878919049182377
vehicle,False,MNAR,0.3,1,GAIN,KNN,0.6690567351200836,0.6647513876755464
vehicle,False,MNAR,0.3,1,GAIN,RF,0.7352036199095022,0.7280781623582617
vehicle,False,MNAR,0.3,1,GAIN,SVC,0.7292794987817612,0.7199669683088217
vehicle,False,MNAR,0.3,1,NDI-F1,LR,0.6242255482074487,0.6194763348036076
vehicle,False,MNAR,0.3,1,NDI-F1,KNN,0.6702888966237383,0.6648979023067335
vehicle,False,MNAR,0.3,1,NDI-F1,RF,0.7115767490428124,0.7044985431364247
vehicle,False,MNAR,0.3,1,NDI-F1,SVC,0.7068847894187261,0.6966323124460576
vehicle,False,MNAR,0.3,1,NDI-F-noclip,LR,0.6596519317786287,0.6560446405613526
vehicle,False,MNAR,0.3,1,NDI-F-noclip,KNN,0.6713818308388444,0.6664243513634176
vehicle,False,MNAR,0.3,1,NDI-F-noclip,RF,0.7021232161503655,0.6961025630649054
vehicle,False,MNAR,0.3,1,NDI-F-noclip,SVC,0.7021301775147928,0.6941615219029933
vehicle,False,MNAR,0.3,1,NDI-F,LR,0.6572850678733031,0.6540516994490561
vehicle,False,MNAR,0.3,1,NDI-F,KNN,0.6690288896623738,0.6643753660317558
vehicle,False,MNAR,0.3,1,NDI-F,RF,0.6985729202923773,0.6910100377569603
vehicle,False,MNAR,0.3,1,NDI-F,SVC,0.7021301775147928,0.6942705707714738
vehicle,False,MNAR,0.3,1,Copula-NDI-F,LR,0.6431047685346328,0.6376520256332239
vehicle,False,MNAR,0.3,1,Copula-NDI-F,KNN,0.6678733031674208,0.6597217360292429
vehicle,False,MNAR,0.3,1,Copula-NDI-F,RF,0.7151479289940827,0.7068719825223205
vehicle,False,MNAR,0.3,1,Copula-NDI-F,SVC,0.7104002784545771,0.698884135435895
vehicle,False,MNAR,0.3,2,Mean,LR,0.5721197354681518,0.5668730142082348
vehicle,False,MNAR,0.3,2,Mean,KNN,0.5851374869474417,0.5790833733470084
vehicle,False,MNAR,0.3,2,Mean,RF,0.690316742081448,0.6808800825529902
vehicle,False,MNAR,0.3,2,Mean,SVC,0.6465854507483467,0.6375712302256324
vehicle,False,MNAR,0.3,2,NDI-0,LR,0.580438565958928,0.5754926162330005
vehicle,False,MNAR,0.3,2,NDI-0,KNN,0.5910198398886182,0.5862770723288216
vehicle,False,MNAR,0.3,2,NDI-0,RF,0.6725931082492169,0.6653205970051337
vehicle,False,MNAR,0.3,2,NDI-0,SVC,0.6288478941872607,0.6220150296536174
vehicle,False,MNAR,0.3,2,NDI-C,LR,0.6099408284023669,0.6061119196414854
vehicle,False,MNAR,0.3,2,NDI-C,KNN,0.6016498433693004,0.5940534977623675
vehicle,False,MNAR,0.3,2,NDI-C,RF,0.6631326139923425,0.6547667868912479
vehicle,False,MNAR,0.3,2,NDI-C,SVC,0.6477967281587191,0.6362560301871139
vehicle,False,MNAR,0.3,2,NDI-S,LR,0.6123007309432649,0.6089860260288504
vehicle,False,MNAR,0.3,2,NDI-S,KNN,0.6004942568743473,0.5951071472289784
vehicle,False,MNAR,0.3,2,NDI-S,RF,0.6643299686738601,0.654853657571741
vehicle,False,MNAR,0.3,2,NDI-S,SVC,0.6489801601113819,0.6390319492017994
vehicle,False,MNAR,0.3,2,GaussCM,LR,0.6229168116950923,0.6185460320894224
vehicle,False,MNAR,0.3,2,GaussCM,KNN,0.6134563174382179,0.6056909309055918
vehicle,False,MNAR,0.3,2,GaussCM,RF,0.6820257570483814,0.6717253032696331
vehicle,False,MNAR,0.3,2,GaussCM,SVC,0.6678245736164288,0.6618843686267668
vehicle,False,MNAR,0.3,2,KNN,LR,0.673734772015315,0.6690381157581221
vehicle,False,MNAR,0.3,2,KNN,KNN,0.6229516185172294,0.6152757233378494
vehicle,False,MNAR,0.3,2,KNN,RF,0.6974242951618518,0.687170763593137
vehicle,False,MNAR,0.3,2,KNN,SVC,0.6844135050469893,0.6774086264464323
vehicle,False,MNAR,0.3,2,MICE,LR,0.700960668290985,0.6961098417767866
vehicle,False,MNAR,0.3,2,MICE,KNN,0.6465784893839193,0.6381455685013976
vehicle,False,MNAR,0.3,2,MICE,RF,0.7115489035851027,0.7032360617079646
vehicle,False,MNAR,0.3,2,MICE,SVC,0.7068917507831535,0.6989275256151583
vehicle,False,MNAR,0.3,2,MissForest,LR,0.7375913679081101,0.7320019361656739
vehicle,False,MNAR,0.3,2,MissForest,KNN,0.6666829098503306,0.6585468858068563
vehicle,False,MNAR,0.3,2,MissForest,RF,0.7092586146884791,0.6998533973240143
vehicle,False,MNAR,0.3,2,MissForest,SVC,0.7021719457013574,0.6922762156733006
vehicle,False,MNAR,0.3,2,SoftImpute,LR,0.6548555516881309,0.6511528076068981
vehicle,False,MNAR,0.3,2,SoftImpute,KNN,0.6217751479289941,0.6144152146227098
vehicle,False,MNAR,0.3,2,SoftImpute,RF,0.6879220327184128,0.6781564584773058
vehicle,False,MNAR,0.3,2,SoftImpute,SVC,0.6820605638705185,0.6757501485659395
vehicle,False,MNAR,0.3,2,GAIN,LR,0.672579185520362,0.667190840660987
vehicle,False,MNAR,0.3,2,GAIN,KNN,0.6419143752175426,0.6348133347157269
vehicle,False,MNAR,0.3,2,GAIN,RF,0.6926836059867735,0.6828591176466396
vehicle,False,MNAR,0.3,2,GAIN,SVC,0.6785589975635224,0.6683493678257016
vehicle,False,MNAR,0.3,2,NDI-F1,LR,0.5827079707622694,0.5784798061749437
vehicle,False,MNAR,0.3,2,NDI-F1,KNN,0.5957605290636965,0.58808430276584
vehicle,False,MNAR,0.3,2,NDI-F1,RF,0.6856108597285067,0.6757017181429555
vehicle,False,MNAR,0.3,2,NDI-F1,SVC,0.6466132962060565,0.6358995642424392
vehicle,False,MNAR,0.3,2,NDI-F-noclip,LR,0.6323773059519666,0.6278308932884278
vehicle,False,MNAR,0.3,2,NDI-F-noclip,KNN,0.6099408284023669,0.6007522747073784
vehicle,False,MNAR,0.3,2,NDI-F-noclip,RF,0.6690288896623738,0.6591058924496636
vehicle,False,MNAR,0.3,2,NDI-F-noclip,SVC,0.6501427079707623,0.6427788739464942
vehicle,False,MNAR,0.3,2,NDI-F,LR,0.628820048729551,0.6246401491503294
vehicle,False,MNAR,0.3,2,NDI-F,KNN,0.6075809258614688,0.5980821638749573
vehicle,False,MNAR,0.3,2,NDI-F,RF,0.6749251653324051,0.665205826814312
vehicle,False,MNAR,0.3,2,NDI-F,SVC,0.6489592760180996,0.641579725077904
vehicle,False,MNAR,0.3,2,Copula-NDI-F,LR,0.6276853463278803,0.6236973643166349
vehicle,False,MNAR,0.3,2,Copula-NDI-F,KNN,0.6158371040723982,0.6093814798490614
vehicle,False,MNAR,0.3,2,Copula-NDI-F,RF,0.6761294813783503,0.6661598477326585
vehicle,False,MNAR,0.3,2,Copula-NDI-F,SVC,0.6702401670727464,0.6623170613954581
yeast,False,MCAR,0.3,0,Mean,LR,0.5084677049931287,0.3864710823538427
yeast,False,MCAR,0.3,0,Mean,KNN,0.45911131470453503,0.3863991787026212
yeast,False,MCAR,0.3,0,Mean,RF,0.49359367842418694,0.38298221488726963
yeast,False,MCAR,0.3,0,Mean,SVC,0.513202015574897,0.41474443201668026
yeast,False,MCAR,0.3,0,NDI-0,LR,0.5030668804397618,0.3737522381329912
yeast,False,MCAR,0.3,0,NDI-0,KNN,0.45978928080622994,0.3629971645098212
yeast,False,MCAR,0.3,0,NDI-0,RF,0.48343792945487857,0.33773223922101225
yeast,False,MCAR,0.3,0,NDI-0,SVC,0.5057764544205222,0.38782544217296455
yeast,False,MCAR,0.3,0,NDI-C,LR,0.49223316536875855,0.4063913793573913
yeast,False,MCAR,0.3,0,NDI-C,KNN,0.4354374713696748,0.35282157362792327
yeast,False,MCAR,0.3,0,NDI-C,RF,0.48885936784241873,0.38399609440628873
yeast,False,MCAR,0.3,0,NDI-C,SVC,0.5017201099404489,0.37976140137956615
yeast,False,MCAR,0.3,0,NDI-S,LR,0.5010192395785615,0.4071658995036319
yeast,False,MCAR,0.3,0,NDI-S,KNN,0.44827759963353186,0.3546565042432121
yeast,False,MCAR,0.3,0,NDI-S,RF,0.48750572606504805,0.368916411618527
yeast,False,MCAR,0.3,0,NDI-S,SVC,0.5091319285387081,0.3987998832830756
yeast,False,MCAR,0.3,0,GaussCM,LR,0.49967704993128714,0.4036363141016783
yeast,False,MCAR,0.3,0,GaussCM,KNN,0.4476133760879524,0.3680221979622967
yeast,False,MCAR,0.3,0,GaussCM,RF,0.5044090700870363,0.388562484024053
yeast,False,MCAR,0.3,0,GaussCM,SVC,0.5185913879981676,0.41773245819693006
yeast,False,MCAR,0.3,0,KNN,LR,0.48615208428767753,0.3802627943901541
yeast,False,MCAR,0.3,0,KNN,KNN,0.44556802565277137,0.37068541556640666
yeast,False,MCAR,0.3,0,KNN,RF,0.5030668804397618,0.35665713065824134
yeast,False,MCAR,0.3,0,KNN,SVC,0.49560467246907924,0.37777008821607994
yeast,False,MCAR,0.3,0,MICE,LR,0.49628492899679333,0.4125766832019354
yeast,False,MCAR,0.3,0,MICE,KNN,0.4543586807146129,0.3846388199457239
yeast,False,MCAR,0.3,0,MICE,RF,0.49560467246907924,0.39376500819051036
yeast,False,MCAR,0.3,0,MICE,SVC,0.5131791113147045,0.41311056644623545
yeast,False,MCAR,0.3,0,MissForest,LR,0.506433806688044,0.4142995482972946
yeast,False,MCAR,0.3,0,MissForest,KNN,0.4712688960146588,0.3837671107849223
yeast,False,MCAR,0.3,0,MissForest,RF,0.49697663765460376,0.38126519461275976
yeast,False,MCAR,0.3,0,MissForest,SVC,0.5077897388914339,0.4135346840487145
yeast,False,MCAR,0.3,0,SoftImpute,LR,0.5084585432890518,0.39911509408930806
yeast,False,MCAR,0.3,0,SoftImpute,KNN,0.4469262482821804,0.3622475640499412
yeast,False,MCAR,0.3,0,SoftImpute,RF,0.4868323408153916,0.3671100986138566
yeast,False,MCAR,0.3,0,SoftImpute,SVC,0.5084539624370134,0.39224647100366483
yeast,False,MCAR,0.3,0,GAIN,LR,0.5077851580393954,0.4113402297958649
yeast,False,MCAR,0.3,0,GAIN,KNN,0.44221942281264315,0.3514599290177763
yeast,False,MCAR,0.3,0,GAIN,RF,0.490888685295465,0.38832173445280693
yeast,False,MCAR,0.3,0,GAIN,SVC,0.5023889143380669,0.40606496278042814
yeast,False,MCAR,0.3,0,NDI-F1,LR,0.4996678882272102,0.4085878032896793
yeast,False,MCAR,0.3,0,NDI-F1,KNN,0.43881355932203386,0.3680767669440298
yeast,False,MCAR,0.3,0,NDI-F1,RF,0.5138616582684379,0.40854092923638674
yeast,False,MCAR,0.3,0,NDI-F1,SVC,0.5125103069170865,0.40764232491573926
yeast,False,MCAR,0.3,0,NDI-F-noclip,LR,0.4983142464498396,0.40887559808433477
yeast,False,MCAR,0.3,0,NDI-F-noclip,KNN,0.44085890975721487,0.3640674454739391
yeast,False,MCAR,0.3,0,NDI-F-noclip,RF,0.4989990838295923,0.37887872824571067
yeast,False,MCAR,0.3,0,NDI-F-noclip,SVC,0.5111635364177737,0.39856277889810926
yeast,False,MCAR,0.3,0,NDI-F,LR,0.4996701786532295,0.41561479318617367
yeast,False,MCAR,0.3,0,NDI-F,KNN,0.4455886394869446,0.3725251415736929
yeast,False,MCAR,0.3,0,NDI-F,RF,0.49697892808062305,0.39902959811264954
yeast,False,MCAR,0.3,0,NDI-F,SVC,0.5125171781951443,0.40911141045333055
yeast,False,MCAR,0.3,0,Copula-NDI-F,LR,0.49155061841502523,0.3917189379787696
yeast,False,MCAR,0.3,0,Copula-NDI-F,KNN,0.46722629409070093,0.37474931251957816
yeast,False,MCAR,0.3,0,Copula-NDI-F,RF,0.4963009619789281,0.38000836594258625
yeast,False,MCAR,0.3,0,Copula-NDI-F,SVC,0.508460833715071,0.3933324364931627
yeast,False,MCAR,0.3,0,MIWAE,LR,0.4922354557947778,0.3803696025560007
yeast,False,MCAR,0.3,0,MIWAE,KNN,0.4408520384791571,0.3511686059825203
yeast,False,MCAR,0.3,0,MIWAE,RF,0.5084516720109941,0.38132343524853696
yeast,False,MCAR,0.3,0,MIWAE,SVC,0.5023866239120476,0.3858266062313983
yeast,False,MCAR,0.3,0,Sinkhorn,LR,0.5044090700870362,0.3937057324708479
yeast,False,MCAR,0.3,0,Sinkhorn,KNN,0.45300961978928084,0.3665814420727206
yeast,False,MCAR,0.3,0,Sinkhorn,RF,0.49763169949610625,0.3780871853911853
yeast,False,MCAR,0.3,0,Sinkhorn,SVC,0.5064475492441594,0.38348124100380965
yeast,False,MCAR,0.3,0,HyperImpute,LR,0.5037265231333028,0.42054972028221993
yeast,False,MCAR,0.3,0,HyperImpute,KNN,0.45231791113147046,0.37692621981522084
yeast,False,MCAR,0.3,0,HyperImpute,RF,0.4949381584974805,0.4084555545391536
yeast,False,MCAR,0.3,0,HyperImpute,SVC,0.5064200641319285,0.4048512402345811
yeast,False,MCAR,0.3,0,ReMasker,LR,0.506433806688044,0.4182938765308612
yeast,False,MCAR,0.3,0,ReMasker,KNN,0.46449839670178655,0.3863050743280371
yeast,False,MCAR,0.3,0,ReMasker,RF,0.4996793403573065,0.40466993322124756
yeast,False,MCAR,0.3,0,ReMasker,SVC,0.5084493815849749,0.4093677869409985
yeast,False,MCAR,0.3,1,Mean,LR,0.49560467246907924,0.39725358488452645
yeast,False,MCAR,0.3,1,Mean,KNN,0.4387975263398992,0.36829598057863017
yeast,False,MCAR,0.3,1,Mean,RF,0.49155061841502523,0.3626606739016217
yeast,False,MCAR,0.3,1,Mean,SVC,0.48410444342647735,0.36551915506429633
yeast,False,MCAR,0.3,1,NDI-0,LR,0.500325240494732,0.4012282120188013
yeast,False,MCAR,0.3,1,NDI-0,KNN,0.4218804397617957,0.34496862186334415
yeast,False,MCAR,0.3,1,NDI-0,RF,0.47869903802107194,0.36846195321434366
yeast,False,MCAR,0.3,1,NDI-0,SVC,0.49628492899679344,0.3568085529523944
yeast,False,MCAR,0.3,1,NDI-C,LR,0.5016857535501603,0.4081295573817593
yeast,False,MCAR,0.3,1,NDI-C,KNN,0.420554283096656,0.3212904993591029
yeast,False,MCAR,0.3,1,NDI-C,RF,0.482084287677508,0.3542655846881622
yeast,False,MCAR,0.3,1,NDI-C,SVC,0.49290426019239575,0.38024348772659256
yeast,False,MCAR,0.3,1,NDI-S,LR,0.5057306459001374,0.3926443837705015
yeast,False,MCAR,0.3,1,NDI-S,KNN,0.4360971140632158,0.35415097413589514
yeast,False,MCAR,0.3,1,NDI-S,RF,0.4901901053595969,0.38878311421455514
yeast,False,MCAR,0.3,1,NDI-S,SVC,0.49696060467246905,0.3903941208945952
yeast,False,MCAR,0.3,1,GaussCM,LR,0.5077576729271644,0.40790924429303194
yeast,False,MCAR,0.3,1,GaussCM,KNN,0.4367727897388914,0.3550013481400616
yeast,False,MCAR,0.3,1,GaussCM,RF,0.4976454420522217,0.3895672272337919
yeast,False,MCAR,0.3,1,GaussCM,SVC,0.5010146587265231,0.3937135670914894
yeast,False,MCAR,0.3,1,KNN,LR,0.4780233623453962,0.37828248040489354
yeast,False,MCAR,0.3,1,KNN,KNN,0.42460604672469077,0.3273465639382372
yeast,False,MCAR,0.3,1,KNN,RF,0.47329134218964725,0.3616144226332727
yeast,False,MCAR,0.3,1,KNN,SVC,0.48748969308291346,0.3719882468367417
yeast,False,MCAR,0.3,1,MICE,LR,0.5097938616582685,0.41437201696522086
yeast,False,MCAR,0.3,1,MICE,KNN,0.44284699954191487,0.35738395958467717
yeast,False,MCAR,0.3,1,MICE,RF,0.49899679340357306,0.40676445317465254
yeast,False,MCAR,0.3,1,MICE,SVC,0.5057489693082913,0.40309157311699667
yeast,False,MCAR,0.3,1,MissForest,LR,0.5003229500687129,0.40414124361574555
yeast,False,MCAR,0.3,1,MissForest,KNN,0.4401717819514429,0.35648383420470503
yeast,False,MCAR,0.3,1,MissForest,RF,0.4766582684379294,0.36883055161277356
yeast,False,MCAR,0.3,1,MissForest,SVC,0.49762024736601,0.3823277984755777
yeast,False,MCAR,0.3,1,SoftImpute,LR,0.5010009161704077,0.39713947586649834
yeast,False,MCAR,0.3,1,SoftImpute,KNN,0.42932203389830514,0.3507033940605825
yeast,False,MCAR,0.3,1,SoftImpute,RF,0.4847869903802107,0.38873935794946873
yeast,False,MCAR,0.3,1,SoftImpute,SVC,0.4956069628950984,0.39270990328848504
yeast,False,MCAR,0.3,1,GAIN,LR,0.4901855245075584,0.3731106617653026
yeast,False,MCAR,0.3,1,GAIN,KNN,0.43137883646358216,0.3587711382426079
yeast,False,MCAR,0.3,1,GAIN,RF,0.4827691250572606,0.3559002418470095
yeast,False,MCAR,0.3,1,GAIN,SVC,0.49492899679340363,0.3652712836571252
yeast,False,MCAR,0.3,1,NDI-F1,LR,0.5077645442052222,0.42108318938953176
yeast,False,MCAR,0.3,1,NDI-F1,KNN,0.4327187356848373,0.34692772323093524
yeast,False,MCAR,0.3,1,NDI-F1,RF,0.49696060467246905,0.4138261760575917
yeast,False,MCAR,0.3,1,NDI-F1,SVC,0.5037173614292259,0.38501259034380103
yeast,False,MCAR,0.3,1,NDI-F-noclip,LR,0.5064154832798902,0.4041085491283292
yeast,False,MCAR,0.3,1,NDI-F-noclip,KNN,0.43544434264773246,0.35574766566163685
yeast,False,MCAR,0.3,1,NDI-F-noclip,RF,0.4996541456710948,0.3919195382337473
yeast,False,MCAR,0.3,1,NDI-F-noclip,SVC,0.49762253779202925,0.3636986876668564
yeast,False,MCAR,0.3,1,NDI-F,LR,0.5084448007329364,0.4136324747329766
yeast,False,MCAR,0.3,1,NDI-F,KNN,0.4286830050389373,0.3521208799870555
yeast,False,MCAR,0.3,1,NDI-F,RF,0.5050870361887311,0.40301346589789294
yeast,False,MCAR,0.3,1,NDI-F,SVC,0.4983005038937242,0.3836887691204337
yeast,False,MCAR,0.3,1,Copula-NDI-F,LR,0.5057306459001374,0.4175260654955581
yeast,False,MCAR,0.3,1,Copula-NDI-F,KNN,0.4435524507558406,0.3599994872689032
yeast,False,MCAR,0.3,1,Copula-NDI-F,RF,0.4678653229500688,0.3780528893777605
yeast,False,MCAR,0.3,1,Copula-NDI-F,SVC,0.5030279431974347,0.38106610838768057
yeast,False,MCAR,0.3,2,Mean,LR,0.4942281264315162,0.38179237277283734
yeast,False,MCAR,0.3,2,Mean,KNN,0.4503069170865781,0.38652688014221637
yeast,False,MCAR,0.3,2,Mean,RF,0.48071232249198353,0.3942885188663624
yeast,False,MCAR,0.3,2,Mean,SVC,0.4955909299129638,0.38969401087332967
yeast,False,MCAR,0.3,2,NDI-0,LR,0.4854397617956939,0.384572176028909
yeast,False,MCAR,0.3,2,NDI-0,KNN,0.4536875858909758,0.3779201322816395
yeast,False,MCAR,0.3,2,NDI-0,RF,0.4827508016491067,0.3639799240302149
yeast,False,MCAR,0.3,2,NDI-0,SVC,0.48342418689876315,0.391797501858276
yeast,False,MCAR,0.3,2,NDI-C,LR,0.5077347686669722,0.4121858963176712
yeast,False,MCAR,0.3,2,NDI-C,KNN,0.4712414109024278,0.4264357441685898
yeast,False,MCAR,0.3,2,NDI-C,RF,0.48409757214841964,0.38159464570410845
yeast,False,MCAR,0.3,2,NDI-C,SVC,0.5016559780119103,0.41050664120244884
yeast,False,MCAR,0.3,2,NDI-S,LR,0.5070682546953733,0.41872466242240003
yeast,False,MCAR,0.3,2,NDI-S,KNN,0.4563994502977554,0.4083090382237805
yeast,False,MCAR,0.3,2,NDI-S,RF,0.4881584974805314,0.3805325975261914
yeast,False,MCAR,0.3,2,NDI-S,SVC,0.500325240494732,0.4195426312661218
yeast,False,MCAR,0.3,2,GaussCM,LR,0.509761795693999,0.42407297761074514
yeast,False,MCAR,0.3,2,GaussCM,KNN,0.46315162620247363,0.4138173878603452
yeast,False,MCAR,0.3,2,GaussCM,RF,0.48341502519468615,0.4000796599104063
yeast,False,MCAR,0.3,2,GaussCM,SVC,0.4975996335318369,0.4220716873500228
yeast,False,MCAR,0.3,2,KNN,LR,0.46853183692166744,0.3754251739058033
yeast,False,MCAR,0.3,2,KNN,KNN,0.4212185066422355,0.35580233117049437
yeast,False,MCAR,0.3,2,KNN,RF,0.45233623453962435,0.3495958124576359
yeast,False,MCAR,0.3,2,KNN,SVC,0.4644754924415942,0.3697059508085384
yeast,False,MCAR,0.3,2,MICE,LR,0.515171781951443,0.4377629316513906
yeast,False,MCAR,0.3,2,MICE,KNN,0.475325240494732,0.4173719145927269
yeast,False,MCAR,0.3,2,MICE,RF,0.4989693082913422,0.4159432969465017
yeast,False,MCAR,0.3,2,MICE,SVC,0.5030142006413193,0.4313000299654105
yeast,False,MCAR,0.3,2,MissForest,LR,0.5063788364635822,0.40811920681937475
yeast,False,MCAR,0.3,2,MissForest,KNN,0.4644983967017865,0.381285714175111
yeast,False,MCAR,0.3,2,MissForest,RF,0.47869903802107194,0.3909357360232275
yeast,False,MCAR,0.3,2,MissForest,SVC,0.49625973431058173,0.40871723078147815
yeast,False,MCAR,0.3,2,SoftImpute,LR,0.5016605588639487,0.40435707178504543
yeast,False,MCAR,0.3,2,SoftImpute,KNN,0.4631584974805314,0.40884144276611456
yeast,False,MCAR,0.3,2,SoftImpute,RF,0.49627576729271644,0.405066879345407
yeast,False,MCAR,0.3,2,SoftImpute,SVC,0.49762253779202936,0.4052899131252202
yeast,False,MCAR,0.3,2,GAIN,LR,0.5084241868987632,0.4267688699279983
yeast,False,MCAR,0.3,2,GAIN,KNN,0.4638295923041686,0.41578455712329304
yeast,False,MCAR,0.3,2,GAIN,RF,0.4834218964727439,0.39118977911874964
yeast,False,MCAR,0.3,2,GAIN,SVC,0.4989555657352267,0.42052806936913784
yeast,False,MCAR,0.3,2,NDI-F1,LR,0.5151786532295007,0.4337565388433909
yeast,False,MCAR,0.3,2,NDI-F1,KNN,0.4638341731562071,0.39881123993343753
yeast,False,MCAR,0.3,2,NDI-F1,RF,0.5003298213467705,0.4135884092838523
yeast,False,MCAR,0.3,2,NDI-F1,SVC,0.5023545579477784,0.42441349708852083
yeast,False,MCAR,0.3,2,NDI-F-noclip,LR,0.5117888227210261,0.43325102683413974
yeast,False,MCAR,0.3,2,NDI-F-noclip,KNN,0.46178195144296835,0.3980409871747036
yeast,False,MCAR,0.3,2,NDI-F-noclip,RF,0.49491067338524974,0.3970052723989759
yeast,False,MCAR,0.3,2,NDI-F-noclip,SVC,0.5124782409528172,0.4310155133743634
yeast,False,MCAR,0.3,2,NDI-F,LR,0.5104374713696748,0.43029091696045435
yeast,False,MCAR,0.3,2,NDI-F,KNN,0.46179111314704535,0.3976693402876216
yeast,False,MCAR,0.3,2,NDI-F,RF,0.4895075584058636,0.3945696677655901
yeast,False,MCAR,0.3,2,NDI-F,SVC,0.5077439303710489,0.43051313196281693
yeast,False,MCAR,0.3,2,Copula-NDI-F,LR,0.5050320659642693,0.41423772627190775
yeast,False,MCAR,0.3,2,Copula-NDI-F,KNN,0.4726133760879524,0.4089078799875322
yeast,False,MCAR,0.3,2,Copula-NDI-F,RF,0.4935547411818598,0.40701587950739404
yeast,False,MCAR,0.3,2,Copula-NDI-F,SVC,0.5023362345396244,0.43462211866477085
yeast,False,MAR,0.3,0,Mean,LR,0.5226752175904718,0.4443970871253228
yeast,False,MAR,0.3,0,Mean,KNN,0.4672125515345854,0.396105531074344
yeast,False,MAR,0.3,0,Mean,RF,0.5043953275309206,0.44350160456399185
yeast,False,MAR,0.3,0,Mean,SVC,0.5030485570316079,0.42799090810311136
yeast,False,MAR,0.3,0,NDI-0,LR,0.5057810352725607,0.4223965994316682
yeast,False,MAR,0.3,0,NDI-0,KNN,0.4631584974805314,0.3799525537233638
yeast,False,MAR,0.3,0,NDI-0,RF,0.48209803023362346,0.42200802131894466
yeast,False,MAR,0.3,0,NDI-0,SVC,0.503747136967476,0.4024458541113359
yeast,False,MAR,0.3,0,NDI-C,LR,0.5132088868529546,0.4468784916243346
yeast,False,MAR,0.3,0,NDI-C,KNN,0.44695602382043065,0.38421223036411234
yeast,False,MAR,0.3,0,NDI-C,RF,0.4935959688502061,0.41828190203436144
yeast,False,MAR,0.3,0,NDI-C,SVC,0.5098167659184608,0.436801371247614
yeast,False,MAR,0.3,0,NDI-S,LR,0.5192945487860742,0.4431816036994838
yeast,False,MAR,0.3,0,NDI-S,KNN,0.47532524049473207,0.4210975345038058
yeast,False,MAR,0.3,0,NDI-S,RF,0.5023728813559322,0.4392046552194312
yeast,False,MAR,0.3,0,NDI-S,SVC,0.5131928538708199,0.43931428222446983
yeast,False,MAR,0.3,0,GaussCM,LR,0.5186257443884562,0.4392002321859926
yeast,False,MAR,0.3,0,GaussCM,KNN,0.47533440219880896,0.4232143780581321
yeast,False,MAR,0.3,0,GaussCM,RF,0.49156207054512135,0.4098934793114343
yeast,False,MAR,0.3,0,GaussCM,SVC,0.5111681172698123,0.4270226988610766
yeast,False,MAR,0.3,0,KNN,LR,0.4922652313330279,0.4313061337749107
yeast,False,MAR,0.3,0,KNN,KNN,0.4652084287677508,0.4162632015703732
yeast,False,MAR,0.3,0,KNN,RF,0.4902084287677508,0.40687754046089025
yeast,False,MAR,0.3,0,KNN,SVC,0.5071071919377005,0.4472793793285431
yeast,False,MAR,0.3,0,MICE,LR,0.5165918460833716,0.4379763262445374
yeast,False,MAR,0.3,0,MICE,KNN,0.46183005038937236,0.40945658716514705
yeast,False,MAR,0.3,0,MICE,RF,0.4942808062299588,0.4203305552391063
yeast,False,MAR,0.3,0,MICE,SVC,0.5131905634448009,0.4304732153206535
yeast,False,MAR,0.3,0,MissForest,LR,0.5084928996793403,0.45424548576605484
yeast,False,MAR,0.3,0,MissForest,KNN,0.4611520842876775,0.3958209971569622
yeast,False,MAR,0.3,0,MissForest,RF,0.48886165826843797,0.42067711552449644
yeast,False,MAR,0.3,0,MissForest,SVC,0.5165803939532754,0.4646765954235552
yeast,False,MAR,0.3,0,SoftImpute,LR,0.5179386165826845,0.4413851222884871
yeast,False,MAR,0.3,0,SoftImpute,KNN,0.47126431516262024,0.41572315819508876
yeast,False,MAR,0.3,0,SoftImpute,RF,0.49831653687585886,0.41816825824485565
yeast,False,MAR,0.3,0,SoftImpute,SVC,0.5098144754924416,0.43148942720873434
yeast,False,MAR,0.3,0,GAIN,LR,0.4976546037562987,0.4154445907263974
yeast,False,MAR,0.3,0,GAIN,KNN,0.4577553825011452,0.3944241400548125
yeast,False,MAR,0.3,0,GAIN,RF,0.48074667888227207,0.40075531344471127
yeast,False,MAR,0.3,0,GAIN,SVC,0.5017086578103528,0.38884673264451386
yeast,False,MAR,0.3,0,NDI-F1,LR,0.5159138799816766,0.4418501589418846
yeast,False,MAR,0.3,0,NDI-F1,KNN,0.4564040311497939,0.3783352346051359
yeast,False,MAR,0.3,0,NDI-F1,RF,0.4989853412734768,0.44101256332929645
yeast,False,MAR,0.3,0,NDI-F1,SVC,0.5098053137883647,0.4211172764923205
yeast,False,MAR,0.3,0,NDI-F-noclip,LR,0.5192945487860742,0.45477540739246025
yeast,False,MAR,0.3,0,NDI-F-noclip,KNN,0.4597824095281723,0.39190909420309133
yeast,False,MAR,0.3,0,NDI-F-noclip,RF,0.5003435639028859,0.4381959080093445
yeast,False,MAR,0.3,0,NDI-F-noclip,SVC,0.512514887769125,0.42108806541046706
yeast,False,MAR,0.3,0,NDI-F,LR,0.520650480989464,0.45215325549748925
yeast,False,MAR,0.3,0,NDI-F,KNN,0.4611314704535044,0.39140280369494584
yeast,False,MAR,0.3,0,NDI-F,RF,0.4990036646816308,0.4319493248570205
yeast,False,MAR,0.3,0,NDI-F,SVC,0.515219880897847,0.42382801832684774
yeast,False,MAR,0.3,0,Copula-NDI-F,LR,0.5159299129638113,0.44791458021621616
yeast,False,MAR,0.3,0,Copula-NDI-F,KNN,0.4557352267521759,0.40794942345941954
yeast,False,MAR,0.3,0,Copula-NDI-F,RF,0.4942533211177279,0.41610894326007913
yeast,False,MAR,0.3,0,Copula-NDI-F,SVC,0.509147961520843,0.42380667861288507
yeast,False,MAR,0.3,0,MIWAE,LR,0.5105130554283097,0.4372655587496266
yeast,False,MAR,0.3,0,MIWAE,KNN,0.44560009161704073,0.4084211270526875
yeast,False,MAR,0.3,0,MIWAE,RF,0.5097984425103069,0.40197290229324756
yeast,False,MAR,0.3,0,MIWAE,SVC,0.5010284012826386,0.4092991749514542
yeast,False,MAR,0.3,0,Sinkhorn,LR,0.5084745762711864,0.42733433355132877
yeast,False,MAR,0.3,0,Sinkhorn,KNN,0.4692281264315163,0.39316317657139627
yeast,False,MAR,0.3,0,Sinkhorn,RF,0.4983096655978011,0.429355954856071
yeast,False,MAR,0.3,0,Sinkhorn,SVC,0.4969720568025653,0.41339519172796785
yeast,False,MAR,0.3,0,HyperImpute,LR,0.5111726981218506,0.42217306879972777
yeast,False,MAR,0.3,0,HyperImpute,KNN,0.47327759963353183,0.4075324207111188
yeast,False,MAR,0.3,0,HyperImpute,RF,0.4935616124599176,0.40454845576248155
yeast,False,MAR,0.3,0,HyperImpute,SVC,0.5165643609711406,0.43418586592041003
yeast,False,MAR,0.3,0,ReMasker,LR,0.5118644067796609,0.44167448815459653
yeast,False,MAR,0.3,0,ReMasker,KNN,0.45571690334402193,0.37449928873731336
yeast,False,MAR,0.3,0,ReMasker,RF,0.4989922125515346,0.4216783692106265
yeast,False,MAR,0.3,0,ReMasker,SVC,0.5206298671552908,0.44540510569958336
yeast,False,MAR,0.3,1,Mean,LR,0.498316536875859,0.4181135883512589
yeast,False,MAR,0.3,1,Mean,KNN,0.46991525423728814,0.41381045359845225
yeast,False,MAR,0.3,1,Mean,RF,0.4827759963353184,0.39803272232166675
yeast,False,MAR,0.3,1,Mean,SVC,0.49832569857993586,0.4271313956508999
yeast,False,MAR,0.3,1,NDI-0,LR,0.48952359138799817,0.41965869918011095
yeast,False,MAR,0.3,1,NDI-0,KNN,0.4435478699038021,0.3869648850227979
yeast,False,MAR,0.3,1,NDI-0,RF,0.47669262482821806,0.393886390003745
yeast,False,MAR,0.3,1,NDI-0,SVC,0.4807398076042144,0.3844414392773968
yeast,False,MAR,0.3,1,NDI-C,LR,0.4976248282180486,0.43008823586710243
yeast,False,MAR,0.3,1,NDI-C,KNN,0.4482569857993587,0.40484965929201405
yeast,False,MAR,0.3,1,NDI-C,RF,0.5003412734768666,0.42151408567712423
yeast,False,MAR,0.3,1,NDI-C,SVC,0.507773705909299,0.45064281493828806
yeast,False,MAR,0.3,1,NDI-S,LR,0.4976271186440678,0.42598622000528985
yeast,False,MAR,0.3,1,NDI-S,KNN,0.4617934035730646,0.4116112997329089
yeast,False,MAR,0.3,1,NDI-S,RF,0.49628950984883186,0.422256609361221
yeast,False,MAR,0.3,1,NDI-S,SVC,0.5003527256069629,0.43273304052209205
yeast,False,MAR,0.3,1,GaussCM,LR,0.4969445716903344,0.4228365584651878
yeast,False,MAR,0.3,1,GaussCM,KNN,0.45976866697205676,0.42102501223178557
yeast,False,MAR,0.3,1,GaussCM,RF,0.5050847457627119,0.4306714354277618
yeast,False,MAR,0.3,1,GaussCM,SVC,0.5037173614292259,0.43664704224844153
yeast,False,MAR,0.3,1,KNN,LR,0.4915689418231791,0.42765799382848346
yeast,False,MAR,0.3,1,KNN,KNN,0.44490151168117265,0.3867687343695193
yeast,False,MAR,0.3,1,KNN,RF,0.5010169491525425,0.4245176677754757
yeast,False,MAR,0.3,1,KNN,SVC,0.49697892808062294,0.42890710600966625
yeast,False,MAR,0.3,1,MICE,LR,0.49762253779202925,0.4246348411952149
yeast,False,MAR,0.3,1,MICE,KNN,0.4556939990838297,0.41252628803733743
yeast,False,MAR,0.3,1,MICE,RF,0.5003366926248283,0.44166457545366206
yeast,False,MAR,0.3,1,MICE,SVC,0.5050641319285387,0.4381607181735931
yeast,False,MAR,0.3,1,MissForest,LR,0.4847640861200183,0.418726454715917
yeast,False,MAR,0.3,1,MissForest,KNN,0.45435639028859365,0.4065938178981475
yeast,False,MAR,0.3,1,MissForest,RF,0.4935799358680715,0.4202438032689357
yeast,False,MAR,0.3,1,MissForest,SVC,0.5070888685295465,0.4385628683332664
yeast,False,MAR,0.3,1,SoftImpute,LR,0.49560238204306,0.42507169768037584
yeast,False,MAR,0.3,1,SoftImpute,KNN,0.46381814017407236,0.40062771495052407
yeast,False,MAR,0.3,1,SoftImpute,RF,0.48817911131470454,0.41437886536817486
yeast,False,MAR,0.3,1,SoftImpute,SVC,0.49833027943197433,0.4304004121177084
yeast,False,MAR,0.3,1,GAIN,LR,0.4942464498396702,0.42621865262311964
yeast,False,MAR,0.3,1,GAIN,KNN,0.4611223087494274,0.4095289020080267
yeast,False,MAR,0.3,1,GAIN,RF,0.4719377004122767,0.391094339924663
yeast,False,MAR,0.3,1,GAIN,SVC,0.49154603756298665,0.4266594501189006
yeast,False,MAR,0.3,1,NDI-F1,LR,0.5003275309207513,0.435011724297891
yeast,False,MAR,0.3,1,NDI-F1,KNN,0.4753206596426935,0.4379392725706799
yeast,False,MAR,0.3,1,NDI-F1,RF,0.4739670178653229,0.41492471005387904
yeast,False,MAR,0.3,1,NDI-F1,SVC,0.5057466788822721,0.43860747741123146
yeast,False,MAR,0.3,1,NDI-F-noclip,LR,0.4901809436555199,0.42611475517169656
yeast,False,MAR,0.3,1,NDI-F-noclip,KNN,0.45841273476866695,0.41239617965903114
yeast,False,MAR,0.3,1,NDI-F-noclip,RF,0.49154374713696747,0.41282391075994196
yeast,False,MAR,0.3,1,NDI-F-noclip,SVC,0.504379294548786,0.42538346513581776
yeast,False,MAR,0.3,1,NDI-F,LR,0.4928836463582226,0.42649610099192703
yeast,False,MAR,0.3,1,NDI-F,KNN,0.46382730187814936,0.4127549560957453
yeast,False,MAR,0.3,1,NDI-F,RF,0.4942510306917086,0.40492126797369477
yeast,False,MAR,0.3,1,NDI-F,SVC,0.5064177737059092,0.44464629435429537
yeast,False,MAR,0.3,1,Copula-NDI-F,LR,0.48748740265689416,0.4300200307061961
yeast,False,MAR,0.3,1,Copula-NDI-F,KNN,0.4746404031149794,0.4229140984199796
yeast,False,MAR,0.3,1,Copula-NDI-F,RF,0.498316536875859,0.42033691673078455
yeast,False,MAR,0.3,1,Copula-NDI-F,SVC,0.4996633073751718,0.43214780268084124
yeast,False,MAR,0.3,2,Mean,LR,0.49962437013284466,0.371711950700967
yeast,False,MAR,0.3,2,Mean,KNN,0.46853641777370586,0.37323850027513916
yeast,False,MAR,0.3,2,Mean,RF,0.4955886394869446,0.3709686869061413
yeast,False,MAR,0.3,2,Mean,SVC,0.4996312414109025,0.36582661022202034
yeast,False,MAR,0.3,2,NDI-0,LR,0.5023339441136051,0.3885440309579339
yeast,False,MAR,0.3,2,NDI-0,KNN,0.45906092533211174,0.3825721405834584
yeast,False,MAR,0.3,2,NDI-0,RF,0.49152313330279424,0.3358624188055216
yeast,False,MAR,0.3,2,NDI-0,SVC,0.5030096197892807,0.3502999485571806
yeast,False,MAR,0.3,2,NDI-C,LR,0.5124851122308749,0.38833352850417135
yeast,False,MAR,0.3,2,NDI-C,KNN,0.45232936326156664,0.36513152124398385
yeast,False,MAR,0.3,2,NDI-C,RF,0.49963811268896013,0.3452152960582012
yeast,False,MAR,0.3,2,NDI-C,SVC,0.5131607879065505,0.374980463984839
yeast,False,MAR,0.3,2,NDI-S,LR,0.5138318827301878,0.3857793366065342
yeast,False,MAR,0.3,2,NDI-S,KNN,0.4611131470453504,0.36909941911280153
yeast,False,MAR,0.3,2,NDI-S,RF,0.4982913421896472,0.376888845177897
yeast,False,MAR,0.3,2,NDI-S,SVC,0.5097755382501145,0.3757315367643357
yeast,False,MAR,0.3,2,GaussCM,LR,0.5131584974805314,0.4108378703341242
yeast,False,MAR,0.3,2,GaussCM,KNN,0.45368071461291803,0.3704115739316078
yeast,False,MAR,0.3,2,GaussCM,RF,0.4928721942281264,0.348713942645771
yeast,False,MAR,0.3,2,GaussCM,SVC,0.5172217132386623,0.3899983353521004
yeast,False,MAR,0.3,2,KNN,LR,0.5016720109940449,0.37694814529717385
yeast,False,MAR,0.3,2,KNN,KNN,0.4489509848831883,0.3453312631641441
yeast,False,MAR,0.3,2,KNN,RF,0.49896472743930376,0.3653526164695768
yeast,False,MAR,0.3,2,KNN,SVC,0.5023453962437012,0.36818089494373074
yeast,False,MAR,0.3,2,MICE,LR,0.5030187814933578,0.3920351033024741
yeast,False,MAR,0.3,2,MICE,KNN,0.4536692624828218,0.36416123598282
yeast,False,MAR,0.3,2,MICE,RF,0.5023568483737975,0.35057346548620866
yeast,False,MAR,0.3,2,MICE,SVC,0.5097824095281723,0.3798538176226547
yeast,False,MAR,0.3,2,MissForest,LR,0.5124851122308749,0.40678495016141436
yeast,False,MAR,0.3,2,MissForest,KNN,0.46585432890517636,0.3685608847206386
yeast,False,MAR,0.3,2,MissForest,RF,0.5124896930829135,0.37308552887776913
yeast,False,MAR,0.3,2,MissForest,SVC,0.5192464498396702,0.38341261724166
yeast,False,MAR,0.3,2,SoftImpute,LR,0.5077462207970683,0.3837672874344976
yeast,False,MAR,0.3,2,SoftImpute,KNN,0.46650939074667885,0.3700645506017429
yeast,False,MAR,0.3,2,SoftImpute,RF,0.5050366468163079,0.3754260556730593
yeast,False,MAR,0.3,2,SoftImpute,SVC,0.507075125973431,0.37356926862406264
yeast,False,MAR,0.3,2,GAIN,LR,0.5090929912963811,0.39056691714099917
yeast,False,MAR,0.3,2,GAIN,KNN,0.45434264773247823,0.36209251845521395
yeast,False,MAR,0.3,2,GAIN,RF,0.49966101694915255,0.3449305507811338
yeast,False,MAR,0.3,2,GAIN,SVC,0.5077553825011453,0.3506399894102648
yeast,False,MAR,0.3,2,NDI-F1,LR,0.5070728355474119,0.3987094013359943
yeast,False,MAR,0.3,2,NDI-F1,KNN,0.46314704535043516,0.3832668892780452
yeast,False,MAR,0.3,2,NDI-F1,RF,0.4868071461291801,0.35272497723356694
yeast,False,MAR,0.3,2,NDI-F1,SVC,0.5145213009619789,0.39098775277712283
yeast,False,MAR,0.3,2,NDI-F-noclip,LR,0.5023385249656436,0.4116816396121564
yeast,False,MAR,0.3,2,NDI-F-noclip,KNN,0.4455634448007329,0.3572916279173635
yeast,False,MAR,0.3,2,NDI-F-noclip,RF,0.4989715987173614,0.33961216220261947
yeast,False,MAR,0.3,2,NDI-F-noclip,SVC,0.5125034356390289,0.36729343297496164
yeast,False,MAR,0.3,2,NDI-F,LR,0.5063971598717362,0.41356812084146455
yeast,False,MAR,0.3,2,NDI-F,KNN,0.4469147961520843,0.3542656106806403
yeast,False,MAR,0.3,2,NDI-F,RF,0.49357764544205224,0.35699447057009065
yeast,False,MAR,0.3,2,NDI-F,SVC,0.5118185982592762,0.37058092447641716
yeast,False,MAR,0.3,2,Copula-NDI-F,LR,0.5090998625744388,0.4091558624178244
yeast,False,MAR,0.3,2,Copula-NDI-F,KNN,0.45637196518552453,0.3486522283584221
yeast,False,MAR,0.3,2,Copula-NDI-F,RF,0.48071690334402195,0.3535308049167553
yeast,False,MAR,0.3,2,Copula-NDI-F,SVC,0.5090998625744388,0.3806131890965049
yeast,False,MNAR,0.3,0,Mean,LR,0.5294365551992669,0.38003355448811754
yeast,False,MNAR,0.3,0,Mean,KNN,0.5064406779661017,0.35327602399885377
yeast,False,MNAR,0.3,0,Mean,RF,0.5483508932661475,0.39325942228647126
yeast,False,MNAR,0.3,0,Mean,SVC,0.5388776912505726,0.38828289751109046
yeast,False,MNAR,0.3,0,NDI-0,LR,0.5247114063215759,0.3674074855662083
yeast,False,MNAR,0.3,0,NDI-0,KNN,0.474665597801191,0.3419703560283506
yeast,False,MNAR,0.3,0,NDI-0,RF,0.525352725606963,0.3795919212925507
yeast,False,MNAR,0.3,0,NDI-0,SVC,0.5368575355016032,0.3861678503947271
yeast,False,MNAR,0.3,0,NDI-C,LR,0.5226729271644526,0.36275670163702445
yeast,False,MNAR,0.3,0,NDI-C,KNN,0.476710948236372,0.3358829318066149
yeast,False,MNAR,0.3,0,NDI-C,RF,0.5253641777370591,0.3810857893167149
yeast,False,MNAR,0.3,0,NDI-C,SVC,0.5314452588181402,0.3683440783595211
yeast,False,MNAR,0.3,0,NDI-S,LR,0.534837379752634,0.38265365421050557
yeast,False,MNAR,0.3,0,NDI-S,KNN,0.5010352725606962,0.35052640050183415
yeast,False,MNAR,0.3,0,NDI-S,RF,0.5429363261566651,0.4063642004634122
yeast,False,MNAR,0.3,0,NDI-S,SVC,0.5415826843792945,0.3845771074332279
yeast,False,MNAR,0.3,0,GaussCM,LR,0.5422743930371048,0.39240161354371017
yeast,False,MNAR,0.3,0,GaussCM,KNN,0.4855038937242327,0.3272297959988066
yeast,False,MNAR,0.3,0,GaussCM,RF,0.5253595968850207,0.37978378307672084
yeast,False,MNAR,0.3,0,GaussCM,SVC,0.5354924415941366,0.3852165301209057
yeast,False,MNAR,0.3,0,KNN,LR,0.517256069628951,0.36634476709885233
yeast,False,MNAR,0.3,0,KNN,KNN,0.4591342189647275,0.3343960524663255
yeast,False,MNAR,0.3,0,KNN,RF,0.5057650022904261,0.3567685829789077
yeast,False,MNAR,0.3,0,KNN,SVC,0.5138754008245534,0.3608215889569737
yeast,False,MNAR,0.3,0,MICE,LR,0.5328218048557032,0.3866071787234452
yeast,False,MNAR,0.3,0,MICE,KNN,0.492924874026569,0.3518757905956977
yeast,False,MNAR,0.3,0,MICE,RF,0.5253595968850207,0.3858771918085758
yeast,False,MNAR,0.3,0,MICE,SVC,0.5307695831424646,0.38504408286479014
yeast,False,MNAR,0.3,0,MissForest,LR,0.5206367384333486,0.37029271634569416
yeast,False,MNAR,0.3,0,MissForest,KNN,0.4658680714612918,0.3246849611205923
yeast,False,MNAR,0.3,0,MissForest,RF,0.5239945029775539,0.3779631736675556
yeast,False,MNAR,0.3,0,MissForest,SVC,0.5368598259276225,0.3733238500674577
yeast,False,MNAR,0.3,0,SoftImpute,LR,0.532810352725607,0.3769605700943218
yeast,False,MNAR,0.3,0,SoftImpute,KNN,0.4915735226752176,0.34810335962143724
yeast,False,MNAR,0.3,0,SoftImpute,RF,0.5300939074667889,0.38690384497416963
yeast,False,MNAR,0.3,0,SoftImpute,SVC,0.5334677049931287,0.3750236426504189
yeast,False,MNAR,0.3,0,GAIN,LR,0.5091571232249199,0.3404671553973488
yeast,False,MNAR,0.3,0,GAIN,KNN,0.43881126889601474,0.30264745040074253
yeast,False,MNAR,0.3,0,GAIN,RF,0.48683921209344944,0.3526178427051529
yeast,False,MNAR,0.3,0,GAIN,SVC,0.49018781493357755,0.3199542155790275
yeast,False,MNAR,0.3,0,NDI-F1,LR,0.5355222171323867,0.38248832467052185
yeast,False,MNAR,0.3,0,NDI-F1,KNN,0.49021530004580854,0.35177537359951644
yeast,False,MNAR,0.3,0,NDI-F1,RF,0.5267155290884105,0.3837136045935482
yeast,False,MNAR,0.3,0,NDI-F1,SVC,0.5321117727897389,0.37404201627591027
yeast,False,MNAR,0.3,0,NDI-F-noclip,LR,0.5368666972056804,0.3814706947064632
yeast,False,MNAR,0.3,0,NDI-F-noclip,KNN,0.4652084287677508,0.33204628512100665
yeast,False,MNAR,0.3,0,NDI-F-noclip,RF,0.5442808062299587,0.40144980324940693
yeast,False,MNAR,0.3,0,NDI-F-noclip,SVC,0.5395442052221713,0.38637417199001145
yeast,False,MNAR,0.3,0,NDI-F,LR,0.5361887311039853,0.3799254370527818
yeast,False,MNAR,0.3,0,NDI-F,KNN,0.4766857535501604,0.33896167619995776
yeast,False,MNAR,0.3,0,NDI-F,RF,0.5341571232249198,0.3867073155481794
yeast,False,MNAR,0.3,0,NDI-F,SVC,0.5334654145671095,0.3840025703480977
yeast,False,MNAR,0.3,0,Copula-NDI-F,LR,0.5409299129638112,0.3761824406961719
yeast,False,MNAR,0.3,0,Copula-NDI-F,KNN,0.5023797526339899,0.3452656461352789
yeast,False,MNAR,0.3,0,Copula-NDI-F,RF,0.532123224919835,0.37952244125771656
yeast,False,MNAR,0.3,0,Copula-NDI-F,SVC,0.5388822721026111,0.38019091584823417
yeast,False,MNAR,0.3,0,MIWAE,LR,0.5111772789738891,0.3505104981582498
yeast,False,MNAR,0.3,0,MIWAE,KNN,0.44426019239578557,0.29200652845674163
yeast,False,MNAR,0.3,0,MIWAE,RF,0.5064544205222171,0.3544182063273345
yeast,False,MNAR,0.3,0,MIWAE,SVC,0.5030622995877232,0.34559607934494957
yeast,False,MNAR,0.3,0,Sinkhorn,LR,0.5355153458543289,0.3824584786310008
yeast,False,MNAR,0.3,0,Sinkhorn,KNN,0.494283096655978,0.34405399098028255
yeast,False,MNAR,0.3,0,Sinkhorn,RF,0.554445716903344,0.4144946146829522
yeast,False,MNAR,0.3,0,Sinkhorn,SVC,0.5361933119560238,0.37221671653664173
yeast,False,MNAR,0.3,0,HyperImpute,LR,0.5172491983508933,0.37187688495473686
yeast,False,MNAR,0.3,0,HyperImpute,KNN,0.48411589555657353,0.34488953600885025
yeast,False,MNAR,0.3,0,HyperImpute,RF,0.5185730645900137,0.3576296903587
yeast,False,MNAR,0.3,0,HyperImpute,SVC,0.5307535501603298,0.3792485243725019
yeast,False,MNAR,0.3,0,ReMasker,LR,0.5294365551992671,0.3781052606023846
yeast,False,MNAR,0.3,0,ReMasker,KNN,0.48885936784241873,0.3234060513388055
yeast,False,MNAR,0.3,0,ReMasker,RF,0.5226591846083372,0.3532126334982533
yeast,False,MNAR,0.3,0,ReMasker,SVC,0.5341410902427852,0.3596211580579928
yeast,False,MNAR,0.3,1,Mean,LR,0.4293449381584975,0.290352161197795
yeast,False,MNAR,0.3,1,Mean,KNN,0.3765849748053138,0.2585323314992777
yeast,False,MNAR,0.3,1,Mean,RF,0.4557191937700413,0.34669984226318623
yeast,False,MNAR,0.3,1,Mean,SVC,0.4273087494273935,0.28960689676662865
yeast,False,MNAR,0.3,1,NDI-0,LR,0.42462437013284465,0.2767459352235338
yeast,False,MNAR,0.3,1,NDI-0,KNN,0.3860765002290426,0.2755249056457678
yeast,False,MNAR,0.3,1,NDI-0,RF,0.4313628034814475,0.3268610710962221
yeast,False,MNAR,0.3,1,NDI-0,SVC,0.4334150251946863,0.30502764945655825
yeast,False,MNAR,0.3,1,NDI-C,LR,0.4273087494273935,0.28850028421903573
yeast,False,MNAR,0.3,1,NDI-C,KNN,0.391472743930371,0.283089823923582
yeast,False,MNAR,0.3,1,NDI-C,RF,0.4313696747595053,0.3037871793196747
yeast,False,MNAR,0.3,1,NDI-C,SVC,0.4300297755382501,0.3087811755626807
yeast,False,MNAR,0.3,1,NDI-S,LR,0.42933806688043974,0.30228800196290784
yeast,False,MNAR,0.3,1,NDI-S,KNN,0.39957398076042144,0.274175977604349
yeast,False,MNAR,0.3,1,NDI-S,RF,0.44692166743014206,0.31488399619148133
yeast,False,MNAR,0.3,1,NDI-S,SVC,0.4300160329821347,0.29982157020848443
yeast,False,MNAR,0.3,1,GaussCM,LR,0.43068483737975266,0.3093135660623754
yeast,False,MNAR,0.3,1,GaussCM,KNN,0.3846953733394411,0.26839554787878633
yeast,False,MNAR,0.3,1,GaussCM,RF,0.4401603298213468,0.30876739166237555
yeast,False,MNAR,0.3,1,GaussCM,SVC,0.4252885936784242,0.2940633836992589
yeast,False,MNAR,0.3,1,KNN,LR,0.43406092533211177,0.2999760092957153
yeast,False,MNAR,0.3,1,KNN,KNN,0.3637517178195144,0.22941315776150756
yeast,False,MNAR,0.3,1,KNN,RF,0.4165025194686212,0.28401947190381827
yeast,False,MNAR,0.3,1,KNN,SVC,0.434054054054054,0.27434393304690063
yeast,False,MNAR,0.3,1,MICE,LR,0.43677049931287215,0.31283297914672914
yeast,False,MNAR,0.3,1,MICE,KNN,0.3826706367384333,0.2677134051844166
yeast,False,MNAR,0.3,1,MICE,RF,0.43338524965643616,0.29928869220211823
yeast,False,MNAR,0.3,1,MICE,SVC,0.42527943197434726,0.29323463340420475
yeast,False,MNAR,0.3,1,MissForest,LR,0.43744846541456717,0.31895519598922706
yeast,False,MNAR,0.3,1,MissForest,KNN,0.37863719651855243,0.2687607250326255
yeast,False,MNAR,0.3,1,MissForest,RF,0.4232524049473202,0.32588442824885555
yeast,False,MNAR,0.3,1,MissForest,SVC,0.43273018781493355,0.29703532202427846
yeast,False,MNAR,0.3,1,SoftImpute,LR,0.4320430600091617,0.30126301255109406
yeast,False,MNAR,0.3,1,SoftImpute,KNN,0.3934768666972056,0.26393284408868606
yeast,False,MNAR,0.3,1,SoftImpute,RF,0.4502977553825012,0.3423225892379319
yeast,False,MNAR,0.3,1,SoftImpute,SVC,0.4286692624828218,0.3055650413488723
yeast,False,MNAR,0.3,1,GAIN,LR,0.434063215758131,0.2988293376229919
yeast,False,MNAR,0.3,1,GAIN,KNN,0.38809894640403114,0.26721573675337595
yeast,False,MNAR,0.3,1,GAIN,RF,0.42393266147503433,0.3030694237243682
yeast,False,MNAR,0.3,1,GAIN,SVC,0.4448969308291342,0.30245930094326406
yeast,False,MNAR,0.3,1,NDI-F1,LR,0.43407008703618877,0.2961669814635951
yeast,False,MNAR,0.3,1,NDI-F1,KNN,0.39148419606046725,0.25825149092011324
yeast,False,MNAR,0.3,1,NDI-F1,RF,0.4421713238662391,0.33408994334955244
yeast,False,MNAR,0.3,1,NDI-F1,SVC,0.42460833715071,0.28645448144150565
yeast,False,MNAR,0.3,1,NDI-F-noclip,LR,0.4327164452588182,0.30581383544015506
yeast,False,MNAR,0.3,1,NDI-F-noclip,KNN,0.3874301420064132,0.27762446698094434
yeast,False,MNAR,0.3,1,NDI-F-noclip,RF,0.43135822262940904,0.2980907428284068
yeast,False,MNAR,0.3,1,NDI-F-noclip,SVC,0.4327187356848373,0.30467173918733725
yeast,False,MNAR,0.3,1,NDI-F,LR,0.43338983050847457,0.3032893955580477
yeast,False,MNAR,0.3,1,NDI-F,KNN,0.4043197434722859,0.2795240344991015
yeast,False,MNAR,0.3,1,NDI-F,RF,0.4239372423270728,0.308656822776851
yeast,False,MNAR,0.3,1,NDI-F,SVC,0.43273018781493355,0.30031108249572636
yeast,False,MNAR,0.3,1,Copula-NDI-F,LR,0.44962895098488315,0.3157803428270891
yeast,False,MNAR,0.3,1,Copula-NDI-F,KNN,0.39890288593678425,0.2766078389667204
yeast,False,MNAR,0.3,1,Copula-NDI-F,RF,0.42664223545579477,0.30049042837600426
yeast,False,MNAR,0.3,1,Copula-NDI-F,SVC,0.4354283096655978,0.29157431687655716
yeast,False,MNAR,0.3,2,Mean,LR,0.47260650480989463,0.30417037074456577
yeast,False,MNAR,0.3,2,Mean,KNN,0.4090219880897846,0.3038342540754432
yeast,False,MNAR,0.3,2,Mean,RF,0.4955817682088869,0.35701657947417165
yeast,False,MNAR,0.3,2,Mean,SVC,0.4868094365551993,0.3316629617008058
yeast,False,MNAR,0.3,2,NDI-0,LR,0.46921667430142006,0.30310373731425266
yeast,False,MNAR,0.3,2,NDI-0,KNN,0.39416857535501604,0.2871218885428575
yeast,False,MNAR,0.3,2,NDI-0,RF,0.4692212551534586,0.3064078268935867
yeast,False,MNAR,0.3,2,NDI-0,SVC,0.4719285387081998,0.278675341428252
yeast,False,MNAR,0.3,2,NDI-C,LR,0.46583371507100313,0.3299945591282832
yeast,False,MNAR,0.3,2,NDI-C,KNN,0.4340494732020156,0.3096779623888407
yeast,False,MNAR,0.3,2,NDI-C,RF,0.4645052679798443,0.3216340117704818
yeast,False,MNAR,0.3,2,NDI-C,SVC,0.4719399908382959,0.30718489966440143
yeast,False,MNAR,0.3,2,NDI-S,LR,0.46786990380210713,0.31625097798941826
yeast,False,MNAR,0.3,2,NDI-S,KNN,0.4123912047640861,0.3034358570181984
yeast,False,MNAR,0.3,2,NDI-S,RF,0.49084974805313786,0.3513443521561198
yeast,False,MNAR,0.3,2,NDI-S,SVC,0.48815162620247365,0.33474589108725417
yeast,False,MNAR,0.3,2,GaussCM,LR,0.4685478699038021,0.31654791685506545
yeast,False,MNAR,0.3,2,GaussCM,KNN,0.4157810352725607,0.3082817678816128
yeast,False,MNAR,0.3,2,GaussCM,RF,0.47800503893724233,0.33987406016117905
yeast,False,MNAR,0.3,2,GaussCM,SVC,0.49424415941365096,0.351549049369096
yeast,False,MNAR,0.3,2,KNN,LR,0.45704306000916173,0.30198150516770145
yeast,False,MNAR,0.3,2,KNN,KNN,0.4076935409986258,0.27771568603331687
yeast,False,MNAR,0.3,2,KNN,RF,0.4428515803939533,0.31001878695432994
yeast,False,MNAR,0.3,2,KNN,SVC,0.46245304626660555,0.2995999188687292
yeast,False,MNAR,0.3,2,MICE,LR,0.47530462666055884,0.32946878861209583
yeast,False,MNAR,0.3,2,MICE,KNN,0.4272904260192395,0.32196331659252236
yeast,False,MNAR,0.3,2,MICE,RF,0.4732844709115896,0.3392587646898092
yeast,False,MNAR,0.3,2,MICE,SVC,0.48950755840586346,0.3388479603683508
yeast,False,MNAR,0.3,2,MissForest,LR,0.4732753092075126,0.335536279273604
yeast,False,MNAR,0.3,2,MissForest,KNN,0.4218918918918919,0.3096712939190494
yeast,False,MNAR,0.3,2,MissForest,RF,0.47463353183692164,0.3603465384879215
yeast,False,MNAR,0.3,2,MissForest,SVC,0.4874942739349519,0.31443063375484315
yeast,False,MNAR,0.3,2,SoftImpute,LR,0.4692212551534586,0.3087812720501816
yeast,False,MNAR,0.3,2,SoftImpute,KNN,0.404292258360055,0.30878611907956827
yeast,False,MNAR,0.3,2,SoftImpute,RF,0.47598030233623445,0.3471794887904222
yeast,False,MNAR,0.3,2,SoftImpute,SVC,0.4901832340815392,0.3373829632505946
yeast,False,MNAR,0.3,2,GAIN,LR,0.4611039853412734,0.32671362847553304
yeast,False,MNAR,0.3,2,GAIN,KNN,0.4306733852496564,0.31789746239868333
yeast,False,MNAR,0.3,2,GAIN,RF,0.45840815391662854,0.30491928031029814
yeast,False,MNAR,0.3,2,GAIN,SVC,0.4753114979386165,0.2791875068293137
yeast,False,MNAR,0.3,2,NDI-F1,LR,0.4692235455794778,0.32068857249100036
yeast,False,MNAR,0.3,2,NDI-F1,KNN,0.4252633989922125,0.31380049166942303
yeast,False,MNAR,0.3,2,NDI-F1,RF,0.48005497022446175,0.3457004477956147
yeast,False,MNAR,0.3,2,NDI-F1,SVC,0.48612459917544665,0.32973501826678353
yeast,False,MNAR,0.3,2,NDI-F-noclip,LR,0.47327989005955107,0.3415335142063057
yeast,False,MNAR,0.3,2,NDI-F-noclip,KNN,0.4171552908841044,0.31309878478460595
yeast,False,MNAR,0.3,2,NDI-F-noclip,RF,0.4530233623453962,0.323157682244984
yeast,False,MNAR,0.3,2,NDI-F-noclip,SVC,0.47869674759505265,0.3110378998077673
yeast,False,MNAR,0.3,2,NDI-F,LR,0.47665368758589094,0.34650941614126546
yeast,False,MNAR,0.3,2,NDI-F,KNN,0.4198602840128263,0.31729911025606333
yeast,False,MNAR,0.3,2,NDI-F,RF,0.4530050389372423,0.3330939025074321
yeast,False,MNAR,0.3,2,NDI-F,SVC,0.4800480989464041,0.3213277524016912
yeast,False,MNAR,0.3,2,Copula-NDI-F,LR,0.4746289509848832,0.32043319544123317
yeast,False,MNAR,0.3,2,Copula-NDI-F,KNN,0.41309665597801193,0.3108977014675058
yeast,False,MNAR,0.3,2,Copula-NDI-F,RF,0.46649793861658273,0.3344478149813005
yeast,False,MNAR,0.3,2,Copula-NDI-F,SVC,0.4901901053595969,0.33416421981681127
banknote,False,MCAR,0.3,0,Mean,LR,0.8520159256801593,0.8499681105857103
banknote,False,MCAR,0.3,0,Mean,KNN,0.8877690776376909,0.8861331293448813
banknote,False,MCAR,0.3,0,Mean,RF,0.8965043132050432,0.8950646993650293
banknote,False,MCAR,0.3,0,Mean,SVC,0.8826569343065692,0.8809232732521727
banknote,False,MCAR,0.3,0,NDI-0,LR,0.8316018579960186,0.8289117728524479
banknote,False,MCAR,0.3,0,NDI-0,KNN,0.8760955540809556,0.8741040919421106
banknote,False,MCAR,0.3,0,NDI-0,RF,0.8921061712010617,0.8909158464694912
banknote,False,MCAR,0.3,0,NDI-0,SVC,0.874635700066357,0.8731538262889756
banknote,False,MCAR,0.3,0,NDI-C,LR,0.8666144658261447,0.864351035552619
banknote,False,MCAR,0.3,0,NDI-C,KNN,0.8906914399469145,0.8889921752433205
banknote,False,MCAR,0.3,0,NDI-C,RF,0.8841141340411415,0.88224643523795
banknote,False,MCAR,0.3,0,NDI-C,SVC,0.8717292634372926,0.8690443652966504
banknote,False,MCAR,0.3,0,NDI-S,LR,0.8644299933642999,0.8618418413019573
banknote,False,MCAR,0.3,0,NDI-S,KNN,0.8855739880557397,0.8836204516031618
banknote,False,MCAR,0.3,0,NDI-S,RF,0.8979641672196417,0.8962796414578206
banknote,False,MCAR,0.3,0,NDI-S,SVC,0.8782773722627738,0.8761992445639963
banknote,False,MCAR,0.3,0,GaussCM,LR,0.8717106834771069,0.869480623039753
banknote,False,MCAR,0.3,0,GaussCM,KNN,0.884841406768414,0.8824521365152476
banknote,False,MCAR,0.3,0,GaussCM,RF,0.8892156602521567,0.8870125110348195
banknote,False,MCAR,0.3,0,GaussCM,SVC,0.8848546781685467,0.88144007705216
banknote,False,MCAR,0.3,0,KNN,LR,0.8564034505640346,0.8541848385728057
banknote,False,MCAR,0.3,0,KNN,KNN,0.8848573324485732,0.8831584878959944
banknote,False,MCAR,0.3,0,KNN,RF,0.8797451891174518,0.8778965527682543
banknote,False,MCAR,0.3,0,KNN,SVC,0.8877611147976111,0.8857878761885555
banknote,False,MCAR,0.3,0,MICE,LR,0.8629648307896485,0.8605590607580608
banknote,False,MCAR,0.3,0,MICE,KNN,0.8877637690776377,0.8856203683540811
banknote,False,MCAR,0.3,0,MICE,RF,0.8862986065029862,0.8842896856843936
banknote,False,MCAR,0.3,0,MICE,SVC,0.8855899137358991,0.8818221003667478
banknote,False,MCAR,0.3,0,MissForest,LR,0.9001300597213004,0.8988902953925489
banknote,False,MCAR,0.3,0,MissForest,KNN,0.9045122760451229,0.9033472898266328
banknote,False,MCAR,0.3,0,MissForest,RF,0.9074372926343731,0.9059619456373127
banknote,False,MCAR,0.3,0,MissForest,SVC,0.9176403450564035,0.9162041282416371
banknote,False,MCAR,0.3,0,SoftImpute,LR,0.8600610484406104,0.8574093748915603
banknote,False,MCAR,0.3,0,SoftImpute,KNN,0.8899535500995356,0.8882085442440099
banknote,False,MCAR,0.3,0,SoftImpute,RF,0.8950391506303916,0.893484136541281
banknote,False,MCAR,0.3,0,SoftImpute,SVC,0.8819163901791638,0.8801976372758145
banknote,False,MCAR,0.3,0,GAIN,LR,0.8425560716655609,0.8406448525412783
banknote,False,MCAR,0.3,0,GAIN,KNN,0.888475116124751,0.8873199152336209
banknote,False,MCAR,0.3,0,GAIN,RF,0.888493696084937,0.8871850858546864
banknote,False,MCAR,0.3,0,GAIN,SVC,0.8717239548772395,0.8701087431986989
banknote,False,MCAR,0.3,0,NDI-F1,LR,0.8527564698075647,0.8499652361749306
banknote,False,MCAR,0.3,0,NDI-F1,KNN,0.8753682813536828,0.8735303416580082
banknote,False,MCAR,0.3,0,NDI-F1,RF,0.8986940942269408,0.8969857886115327
banknote,False,MCAR,0.3,0,NDI-F1,SVC,0.8753603185136031,0.8725388461660069
banknote,False,MCAR,0.3,0,NDI-F-noclip,LR,0.8578739216987392,0.8550481233184382
banknote,False,MCAR,0.3,0,NDI-F-noclip,KNN,0.8790311877903119,0.8764882080704153
banknote,False,MCAR,0.3,0,NDI-F-noclip,RF,0.8797372262773722,0.8774851501911431
banknote,False,MCAR,0.3,0,NDI-F-noclip,SVC,0.8826728599867286,0.8788906041498976
banknote,False,MCAR,0.3,0,NDI-F,LR,0.8571466489714664,0.8543357575265411
banknote,False,MCAR,0.3,0,NDI-F,KNN,0.8761088254810883,0.873299569223871
banknote,False,MCAR,0.3,0,NDI-F,RF,0.8797372262773722,0.8774851501911431
banknote,False,MCAR,0.3,0,NDI-F,SVC,0.8826728599867286,0.8788906041498976
banknote,False,MCAR,0.3,0,Copula-NDI-F,LR,0.847652289316523,0.8451525449483164
banknote,False,MCAR,0.3,0,Copula-NDI-F,KNN,0.8731811546118114,0.8709486932128259
banknote,False,MCAR,0.3,0,Copula-NDI-F,RF,0.8906702057067019,0.8888569703442661
banknote,False,MCAR,0.3,0,Copula-NDI-F,SVC,0.8724565361645654,0.8691898414437247
banknote,False,MCAR,0.3,0,MIWAE,LR,0.8906648971466489,0.8892490277389735
banknote,False,MCAR,0.3,0,MIWAE,KNN,0.8965069674850698,0.8950807928549931
banknote,False,MCAR,0.3,0,MIWAE,RF,0.9023357664233576,0.9008716457716772
banknote,False,MCAR,0.3,0,MIWAE,SVC,0.8950497677504977,0.8936598573416992
banknote,False,MCAR,0.3,0,Sinkhorn,LR,0.866601194426012,0.8650890710274675
banknote,False,MCAR,0.3,0,Sinkhorn,KNN,0.8899402786994027,0.888213517464653
banknote,False,MCAR,0.3,0,Sinkhorn,RF,0.8892130059721299,0.8875550666134802
banknote,False,MCAR,0.3,0,Sinkhorn,SVC,0.8841247511612476,0.8828530841750177
banknote,False,MCAR,0.3,0,HyperImpute,LR,0.9001380225613802,0.8991070772178965
banknote,False,MCAR,0.3,0,HyperImpute,KNN,0.9110869276708693,0.9096807689722738
banknote,False,MCAR,0.3,0,HyperImpute,RF,0.9052448573324485,0.9039210562673402
banknote,False,MCAR,0.3,0,HyperImpute,SVC,0.9169024552090246,0.9158962084744472
banknote,False,MCAR,0.3,0,ReMasker,LR,0.8833974784339749,0.8820986398371865
banknote,False,MCAR,0.3,0,ReMasker,KNN,0.9132767086927671,0.9120608838971389
banknote,False,MCAR,0.3,0,ReMasker,RF,0.9037982747179827,0.9024245374557143
banknote,False,MCAR,0.3,0,ReMasker,SVC,0.8958009289980093,0.8943820795333239
banknote,False,MCAR,0.3,1,Mean,LR,0.8425481088254809,0.839772051286241
banknote,False,MCAR,0.3,1,Mean,KNN,0.8833948241539483,0.8817781018809493
banknote,False,MCAR,0.3,1,Mean,RF,0.9067020570670206,0.905616053858828
banknote,False,MCAR,0.3,1,Mean,SVC,0.8833682813536828,0.8818895304840849
banknote,False,MCAR,0.3,1,NDI-0,LR,0.8338155275381552,0.8310938889239834
banknote,False,MCAR,0.3,1,NDI-0,KNN,0.8775527538155276,0.8758429030584581
banknote,False,MCAR,0.3,1,NDI-0,RF,0.901613802256138,0.9002642295624306
banknote,False,MCAR,0.3,1,NDI-0,SVC,0.8782694094226942,0.8766323153529558
banknote,False,MCAR,0.3,1,NDI-C,LR,0.8607830126078302,0.8583023651512999
banknote,False,MCAR,0.3,1,NDI-C,KNN,0.8731731917717319,0.8710303742433174
banknote,False,MCAR,0.3,1,NDI-C,RF,0.8819402786994027,0.8802715870428373
banknote,False,MCAR,0.3,1,NDI-C,SVC,0.8746330457863305,0.8720095901813361
banknote,False,MCAR,0.3,1,NDI-S,LR,0.8578447246184473,0.8551344682748461
banknote,False,MCAR,0.3,1,NDI-S,KNN,0.887007299270073,0.8853879898550303
banknote,False,MCAR,0.3,1,NDI-S,RF,0.9015925680159256,0.9002694073572697
banknote,False,MCAR,0.3,1,NDI-S,SVC,0.8768095554080956,0.8745785263592211
banknote,False,MCAR,0.3,1,GaussCM,LR,0.8614890510948905,0.8586516275304572
banknote,False,MCAR,0.3,1,GaussCM,KNN,0.8862826808228268,0.8844475746646525
banknote,False,MCAR,0.3,1,GaussCM,RF,0.8994160583941605,0.8979853721126132
banknote,False,MCAR,0.3,1,GaussCM,SVC,0.8760716655607167,0.8726963522269532
banknote,False,MCAR,0.3,1,KNN,LR,0.8381765096217653,0.8355132529254788
banknote,False,MCAR,0.3,1,KNN,KNN,0.8804724618447246,0.8784735331890013
banknote,False,MCAR,0.3,1,KNN,RF,0.8709913735899137,0.8694125428221522
banknote,False,MCAR,0.3,1,KNN,SVC,0.8731785003317851,0.8711310273562187
banknote,False,MCAR,0.3,1,MICE,LR,0.8636894492368945,0.8611948093747319
banknote,False,MCAR,0.3,1,MICE,KNN,0.8811864631718646,0.8792891480051896
banknote,False,MCAR,0.3,1,MICE,RF,0.8986834771068348,0.8972851363547154
banknote,False,MCAR,0.3,1,MICE,SVC,0.8746171201061712,0.8707342284624501
banknote,False,MCAR,0.3,1,MissForest,LR,0.9074399469143994,0.9062673643779633
banknote,False,MCAR,0.3,1,MissForest,KNN,0.9264047777040478,0.9254855547831744
banknote,False,MCAR,0.3,1,MissForest,RF,0.9176589250165892,0.9165887698290994
banknote,False,MCAR,0.3,1,MissForest,SVC,0.9249396151293962,0.9238054182797317
banknote,False,MCAR,0.3,1,SoftImpute,LR,0.857114797611148,0.8545120929694161
banknote,False,MCAR,0.3,1,SoftImpute,KNN,0.8950311877903119,0.8936172900934688
banknote,False,MCAR,0.3,1,SoftImpute,RF,0.903779694757797,0.9025846183881179
banknote,False,MCAR,0.3,1,SoftImpute,SVC,0.8738871930988719,0.8720734701510906
banknote,False,MCAR,0.3,1,GAIN,LR,0.8680663570006635,0.8653996579350809
banknote,False,MCAR,0.3,1,GAIN,KNN,0.8855554080955541,0.8839714652142387
banknote,False,MCAR,0.3,1,GAIN,RF,0.9016111479761115,0.9003270378237616
banknote,False,MCAR,0.3,1,GAIN,SVC,0.8841061712010617,0.8822701025085712
banknote,False,MCAR,0.3,1,NDI-F1,LR,0.8498367617783676,0.847139541655614
banknote,False,MCAR,0.3,1,NDI-F1,KNN,0.8804512276045122,0.8788140105632571
banknote,False,MCAR,0.3,1,NDI-F1,RF,0.8913974784339749,0.889892812607193
banknote,False,MCAR,0.3,1,NDI-F1,SVC,0.8731625746516258,0.8704483939246881
banknote,False,MCAR,0.3,1,NDI-F-noclip,LR,0.8585879230258792,0.8559550768320505
banknote,False,MCAR,0.3,1,NDI-F-noclip,KNN,0.8768148639681485,0.8751222728813417
banknote,False,MCAR,0.3,1,NDI-F-noclip,RF,0.8913974784339749,0.8898268920800776
banknote,False,MCAR,0.3,1,NDI-F-noclip,SVC,0.8789993364299933,0.8754729054958906
banknote,False,MCAR,0.3,1,NDI-F,LR,0.8593178500331785,0.85667175082211
banknote,False,MCAR,0.3,1,NDI-F,KNN,0.8789940278699404,0.8771574500502396
banknote,False,MCAR,0.3,1,NDI-F,RF,0.8892103516921036,0.8876203959793075
banknote,False,MCAR,0.3,1,NDI-F,SVC,0.8789993364299933,0.8754729054958906
banknote,False,MCAR,0.3,1,Copula-NDI-F,LR,0.8505693430656933,0.8482362794198837
banknote,False,MCAR,0.3,1,Copula-NDI-F,KNN,0.8746144658261447,0.8724454013978908
banknote,False,MCAR,0.3,1,Copula-NDI-F,RF,0.884825481088255,0.882973809155926
banknote,False,MCAR,0.3,1,Copula-NDI-F,SVC,0.8709807564698074,0.867910679360255
banknote,False,MCAR,0.3,2,Mean,LR,0.834542800265428,0.8321247646580477
banknote,False,MCAR,0.3,2,Mean,KNN,0.8819084273390845,0.8801661057203465
banknote,False,MCAR,0.3,2,Mean,RF,0.8957690776376908,0.8940489243618943
banknote,False,MCAR,0.3,2,Mean,SVC,0.8687936297279363,0.8665767927027046
banknote,False,MCAR,0.3,2,NDI-0,LR,0.8075514266755143,0.8042230272040811
banknote,False,MCAR,0.3,2,NDI-0,KNN,0.8739004644990047,0.8716347583640662
banknote,False,MCAR,0.3,2,NDI-0,RF,0.877550099535501,0.8757745807122241
banknote,False,MCAR,0.3,2,NDI-0,SVC,0.8702561380225614,0.8682463191200988
banknote,False,MCAR,0.3,2,NDI-C,LR,0.8418261446582613,0.8392472821364431
banknote,False,MCAR,0.3,2,NDI-C,KNN,0.8557027206370271,0.8531346178274951
banknote,False,MCAR,0.3,2,NDI-C,RF,0.874630391506304,0.8722464184449892
banknote,False,MCAR,0.3,2,NDI-C,SVC,0.8586065029860649,0.8560070084487131
banknote,False,MCAR,0.3,2,NDI-S,LR,0.8469303251493032,0.8443616437302243
banknote,False,MCAR,0.3,2,NDI-S,KNN,0.8709993364299933,0.8687266518210229
banknote,False,MCAR,0.3,2,NDI-S,RF,0.8899349701393497,0.8878610809842258
banknote,False,MCAR,0.3,2,NDI-S,SVC,0.8717292634372926,0.8686618954622748
banknote,False,MCAR,0.3,2,GaussCM,LR,0.8498447246184473,0.8472940129108238
banknote,False,MCAR,0.3,2,GaussCM,KNN,0.8702614465826144,0.8679024771067759
banknote,False,MCAR,0.3,2,GaussCM,RF,0.8775527538155277,0.8751570352612653
banknote,False,MCAR,0.3,2,GaussCM,SVC,0.8651678832116788,0.8609978225580346
banknote,False,MCAR,0.3,2,KNN,LR,0.8381871267418713,0.8359838046791719
banknote,False,MCAR,0.3,2,KNN,KNN,0.8789913735899137,0.8770880000264347
banknote,False,MCAR,0.3,2,KNN,RF,0.8943092236230923,0.8927823554357401
banknote,False,MCAR,0.3,2,KNN,SVC,0.888475116124751,0.8866721492898273
banknote,False,MCAR,0.3,2,MICE,LR,0.853486396814864,0.8509424959409027
banknote,False,MCAR,0.3,2,MICE,KNN,0.8753656270736562,0.8727869616741541
banknote,False,MCAR,0.3,2,MICE,RF,0.880464499004645,0.8780683178343738
banknote,False,MCAR,0.3,2,MICE,SVC,0.8651678832116788,0.8609619274671838
banknote,False,MCAR,0.3,2,MissForest,LR,0.8906861313868614,0.8897326100750089
banknote,False,MCAR,0.3,2,MissForest,KNN,0.9016111479761115,0.899776063660946
banknote,False,MCAR,0.3,2,MissForest,RF,0.9052660915726609,0.9036218488760529
banknote,False,MCAR,0.3,2,MissForest,SVC,0.9052634372926345,0.9043461760118392
banknote,False,MCAR,0.3,2,SoftImpute,LR,0.8447352355673523,0.8422105071740406
banknote,False,MCAR,0.3,2,SoftImpute,KNN,0.8811811546118115,0.8796182286614265
banknote,False,MCAR,0.3,2,SoftImpute,RF,0.8892103516921035,0.8875200483129058
banknote,False,MCAR,0.3,2,SoftImpute,SVC,0.8636894492368945,0.8611171836338066
banknote,False,MCAR,0.3,2,GAIN,LR,0.8418102189781023,0.8403917717497691
banknote,False,MCAR,0.3,2,GAIN,KNN,0.8855633709356339,0.8840152212271839
banknote,False,MCAR,0.3,2,GAIN,RF,0.8862986065029862,0.8846709626000028
banknote,False,MCAR,0.3,2,GAIN,SVC,0.8724459190444591,0.8702853852704211
banknote,False,MCAR,0.3,2,NDI-F1,LR,0.8440371599203715,0.8413577679955073
banknote,False,MCAR,0.3,2,NDI-F1,KNN,0.8724432647644326,0.8704518512061561
banknote,False,MCAR,0.3,2,NDI-F1,RF,0.8965043132050432,0.8943797293949736
banknote,False,MCAR,0.3,2,NDI-F1,SVC,0.8593337757133377,0.8560904236046213
banknote,False,MCAR,0.3,2,NDI-F-noclip,LR,0.8505799601857996,0.8477040224795747
banknote,False,MCAR,0.3,2,NDI-F-noclip,KNN,0.8622455209024551,0.8594022017102484
banknote,False,MCAR,0.3,2,NDI-F-noclip,RF,0.8790019907100198,0.8766510691869079
banknote,False,MCAR,0.3,2,NDI-F-noclip,SVC,0.8673603185136031,0.8630237492574888
banknote,False,MCAR,0.3,2,NDI-F,LR,0.8498473788984737,0.8469907391966943
banknote,False,MCAR,0.3,2,NDI-F,KNN,0.8615129396151293,0.858633988817633
banknote,False,MCAR,0.3,2,NDI-F,RF,0.8797319177173192,0.8772998425647763
banknote,False,MCAR,0.3,2,NDI-F,SVC,0.8666330457863305,0.8623100285310974
banknote,False,MCAR,0.3,2,Copula-NDI-F,LR,0.8272541473125414,0.8248686607951546
banknote,False,MCAR,0.3,2,Copula-NDI-F,KNN,0.8629860650298606,0.8603402869959218
banknote,False,MCAR,0.3,2,Copula-NDI-F,RF,0.8811917717319178,0.8787150689679948
banknote,False,MCAR,0.3,2,Copula-NDI-F,SVC,0.8673523556735235,0.8638703773247546
banknote,False,MAR,0.3,0,Mean,LR,0.8688201725282017,0.866760606369399
banknote,False,MAR,0.3,0,Mean,KNN,0.9242017252820173,0.9233053863854288
banknote,False,MAR,0.3,0,Mean,RF,0.9314930325149303,0.9305112038549728
banknote,False,MAR,0.3,0,Mean,SVC,0.9110948905109488,0.9099245775199588
banknote,False,MAR,0.3,0,NDI-0,LR,0.873183808891838,0.8714081136415844
banknote,False,MAR,0.3,0,NDI-0,KNN,0.9169210351692104,0.9159260680669556
banknote,False,MAR,0.3,0,NDI-0,RF,0.9198380889183809,0.9188247453330426
banknote,False,MAR,0.3,0,NDI-0,SVC,0.9038062375580622,0.9026947594191913
banknote,False,MAR,0.3,0,NDI-C,LR,0.8717319177173192,0.8699267320764221
banknote,False,MAR,0.3,0,NDI-C,KNN,0.909613802256138,0.90850017044183
banknote,False,MAR,0.3,0,NDI-C,RF,0.9220199071001991,0.9209769531206982
banknote,False,MAR,0.3,0,NDI-C,SVC,0.9045414731254148,0.9032453278743837
banknote,False,MAR,0.3,0,NDI-S,LR,0.8848573324485735,0.8830302595821327
banknote,False,MAR,0.3,0,NDI-S,KNN,0.9161751824817518,0.9151482033216647
banknote,False,MAR,0.3,0,NDI-S,RF,0.9176509621765095,0.9163545158065054
banknote,False,MAR,0.3,0,NDI-S,SVC,0.9103702720637028,0.9089861081576283
banknote,False,MAR,0.3,0,GaussCM,LR,0.876841406768414,0.874918985076129
banknote,False,MAR,0.3,0,GaussCM,KNN,0.9183649635036497,0.9174024186207523
banknote,False,MAR,0.3,0,GaussCM,RF,0.9322256138022562,0.9313226571260952
banknote,False,MAR,0.3,0,GaussCM,SVC,0.9059827471798275,0.9043740236886485
banknote,False,MAR,0.3,0,KNN,LR,0.9169104180491041,0.9158719250585557
banknote,False,MAR,0.3,0,KNN,KNN,0.938792302587923,0.9381058591224611
banknote,False,MAR,0.3,0,KNN,RF,0.9387896483078965,0.9380603528519081
banknote,False,MAR,0.3,0,KNN,SVC,0.9387843397478435,0.938051165979181
banknote,False,MAR,0.3,0,MICE,LR,0.8819323158593232,0.8800508353031209
banknote,False,MAR,0.3,0,MICE,KNN,0.9103649635036497,0.9092663641481487
banknote,False,MAR,0.3,0,MICE,RF,0.9249475779694757,0.924053610591623
banknote,False,MAR,0.3,0,MICE,SVC,0.9132820172528202,0.9122463438327927
banknote,False,MAR,0.3,0,MissForest,LR,0.9344074319840743,0.9337816972170737
banknote,False,MAR,0.3,0,MissForest,KNN,0.939506303915063,0.9388027594652305
banknote,False,MAR,0.3,0,MissForest,RF,0.9380517584605176,0.9373302165741342
banknote,False,MAR,0.3,0,MissForest,SVC,0.9409741207697412,0.9403721478850106
banknote,False,MAR,0.3,0,SoftImpute,LR,0.8804804246848044,0.8786285749649775
banknote,False,MAR,0.3,0,SoftImpute,KNN,0.9161857996018579,0.91530871234755
banknote,False,MAR,0.3,0,SoftImpute,RF,0.9271161247511615,0.9259695458164912
banknote,False,MAR,0.3,0,SoftImpute,SVC,0.9089130723291307,0.9075233929638105
banknote,False,MAR,0.3,0,GAIN,LR,0.8848440610484406,0.8836338710965801
banknote,False,MAR,0.3,0,GAIN,KNN,0.9293218314532183,0.9285854171008816
banknote,False,MAR,0.3,0,GAIN,RF,0.935877903118779,0.9351287860289028
banknote,False,MAR,0.3,0,GAIN,SVC,0.912557398805574,0.9114862314195517
banknote,False,MAR,0.3,0,NDI-F1,LR,0.8702906436629064,0.868459768998488
banknote,False,MAR,0.3,0,NDI-F1,KNN,0.9191001990710019,0.9181761194296673
banknote,False,MAR,0.3,0,NDI-F1,RF,0.9293085600530857,0.9283823061787695
banknote,False,MAR,0.3,0,NDI-F1,SVC,0.9103649635036497,0.9088033586124311
banknote,False,MAR,0.3,0,NDI-F-noclip,LR,0.8739137358991373,0.8716066003127423
banknote,False,MAR,0.3,0,NDI-F-noclip,KNN,0.9008599867285998,0.8996193186453277
banknote,False,MAR,0.3,0,NDI-F-noclip,RF,0.9191108161911081,0.9179884538793652
banknote,False,MAR,0.3,0,NDI-F-noclip,SVC,0.8994213669542136,0.8975546792150577
banknote,False,MAR,0.3,0,NDI-F,LR,0.8739137358991373,0.8716066003127423
banknote,False,MAR,0.3,0,NDI-F,KNN,0.9008599867285998,0.8996193186453277
banknote,False,MAR,0.3,0,NDI-F,RF,0.9191108161911081,0.9179884538793652
banknote,False,MAR,0.3,0,NDI-F,SVC,0.8994213669542136,0.8975546792150577
banknote,False,MAR,0.3,0,Copula-NDI-F,LR,0.8688095554080956,0.8667798762416983
banknote,False,MAR,0.3,0,Copula-NDI-F,KNN,0.9008706038487059,0.8994926370556525
banknote,False,MAR,0.3,0,Copula-NDI-F,RF,0.9161857996018581,0.9149981694044677
banknote,False,MAR,0.3,0,Copula-NDI-F,SVC,0.904528201725282,0.9032624067238026
banknote,False,MAR,0.3,0,MIWAE,LR,0.915442601194426,0.9143138530915191
banknote,False,MAR,0.3,0,MIWAE,KNN,0.9351240875912408,0.9342635420298138
banknote,False,MAR,0.3,0,MIWAE,RF,0.9387763769077638,0.9379352856513096
banknote,False,MAR,0.3,0,MIWAE,SVC,0.933666887856669,0.9327003259436548
banknote,False,MAR,0.3,0,Sinkhorn,LR,0.8965016589250165,0.8952306630512361
banknote,False,MAR,0.3,0,Sinkhorn,KNN,0.9271400132714002,0.9262783732089872
banknote,False,MAR,0.3,0,Sinkhorn,RF,0.92421499668215,0.9232154692392027
banknote,False,MAR,0.3,0,Sinkhorn,SVC,0.9110922362309225,0.9099216893360088
banknote,False,MAR,0.3,0,HyperImpute,LR,0.9314850696748508,0.9309133812833184
banknote,False,MAR,0.3,0,HyperImpute,KNN,0.9329635036496351,0.9321834992148142
banknote,False,MAR,0.3,0,HyperImpute,RF,0.9293032514930324,0.9284364429783528
banknote,False,MAR,0.3,0,HyperImpute,SVC,0.9438858659588586,0.9433224568816932
banknote,False,MAR,0.3,0,ReMasker,LR,0.9030710019907101,0.9020605268106421
banknote,False,MAR,0.3,0,ReMasker,KNN,0.932958195089582,0.9322308871721166
banknote,False,MAR,0.3,0,ReMasker,RF,0.9329475779694757,0.9321384724352425
banknote,False,MAR,0.3,0,ReMasker,SVC,0.9176536164565363,0.9169154524995043
banknote,False,MAR,0.3,1,Mean,LR,0.9030736562707367,0.9019535905935943
banknote,False,MAR,0.3,1,Mean,KNN,0.9431665560716656,0.9424998735083581
banknote,False,MAR,0.3,1,Mean,RF,0.9446211015262109,0.9439475176753879
banknote,False,MAR,0.3,1,Mean,SVC,0.9322309223623092,0.9314234646781537
banknote,False,MAR,0.3,1,NDI-0,LR,0.8928785666887858,0.891593086855378
banknote,False,MAR,0.3,1,NDI-0,KNN,0.9409714664897146,0.9401953505550976
banknote,False,MAR,0.3,1,NDI-0,RF,0.9315036496350364,0.9306248418700452
banknote,False,MAR,0.3,1,NDI-0,SVC,0.9242176509621765,0.9234570214331171
banknote,False,MAR,0.3,1,NDI-C,LR,0.9154744525547445,0.9142561377920876
banknote,False,MAR,0.3,1,NDI-C,KNN,0.9336934306569343,0.9328726915808605
banknote,False,MAR,0.3,1,NDI-C,RF,0.940992700729927,0.940163215536205
banknote,False,MAR,0.3,1,NDI-C,SVC,0.9293271400132713,0.9281822318297115
banknote,False,MAR,0.3,1,NDI-S,LR,0.9162017252820173,0.9150888126602655
banknote,False,MAR,0.3,1,NDI-S,KNN,0.9336934306569343,0.9328806275388113
banknote,False,MAR,0.3,1,NDI-S,RF,0.9322441937624418,0.93138819226371
banknote,False,MAR,0.3,1,NDI-S,SVC,0.9366104844061048,0.9357530408538336
banknote,False,MAR,0.3,1,GaussCM,LR,0.9205733244857333,0.9193949523904814
banknote,False,MAR,0.3,1,GaussCM,KNN,0.9344153948241539,0.9336366716800812
banknote,False,MAR,0.3,1,GaussCM,RF,0.931516921035169,0.9305877693843735
banknote,False,MAR,0.3,1,GaussCM,SVC,0.9358805573988056,0.9349732066197228
banknote,False,MAR,0.3,1,KNN,LR,0.8994319840743199,0.8983665997354688
banknote,False,MAR,0.3,1,KNN,KNN,0.9314850696748508,0.9306586208598802
banknote,False,MAR,0.3,1,KNN,RF,0.9387949568679496,0.9380294208330318
banknote,False,MAR,0.3,1,KNN,SVC,0.9409688122096881,0.9403493478509846
banknote,False,MAR,0.3,1,MICE,LR,0.9256695421366954,0.9247124244717494
banknote,False,MAR,0.3,1,MICE,KNN,0.9227471798274719,0.9217367531589679
banknote,False,MAR,0.3,1,MICE,RF,0.9336934306569343,0.9328005849411944
banknote,False,MAR,0.3,1,MICE,SVC,0.9344233576642335,0.9334390109302744
banknote,False,MAR,0.3,1,MissForest,LR,0.9402468480424684,0.9396172321541847
banknote,False,MAR,0.3,1,MissForest,KNN,0.9555540809555408,0.95509911098356
banknote,False,MAR,0.3,1,MissForest,RF,0.9562866622428666,0.9557592634146166
banknote,False,MAR,0.3,1,MissForest,SVC,0.9584658261446583,0.9579997399541323
banknote,False,MAR,0.3,1,SoftImpute,LR,0.9118221632382216,0.9107744005323074
banknote,False,MAR,0.3,1,SoftImpute,KNN,0.9417093563370935,0.9410555670616105
banknote,False,MAR,0.3,1,SoftImpute,RF,0.9336881220968811,0.9328605856587853
banknote,False,MAR,0.3,1,SoftImpute,SVC,0.9366078301260783,0.9357993273348969
banknote,False,MAR,0.3,1,GAIN,LR,0.9052634372926344,0.9040064532080253
banknote,False,MAR,0.3,1,GAIN,KNN,0.9445998672859985,0.943869544065379
banknote,False,MAR,0.3,1,GAIN,RF,0.9365972130059721,0.9359091012735756
banknote,False,MAR,0.3,1,GAIN,SVC,0.9336748506967485,0.9330618184309303
banknote,False,MAR,0.3,1,NDI-F1,LR,0.919843397478434,0.9187579055641075
banknote,False,MAR,0.3,1,NDI-F1,KNN,0.9271373589913736,0.926405863339457
banknote,False,MAR,0.3,1,NDI-F1,RF,0.9293297942932979,0.9283820938862289
banknote,False,MAR,0.3,1,NDI-F1,SVC,0.9329714664897146,0.931910781973442
banknote,False,MAR,0.3,1,NDI-F-noclip,LR,0.9154691439946914,0.9141708298917577
banknote,False,MAR,0.3,1,NDI-F-noclip,KNN,0.9271400132714002,0.9262164423261702
banknote,False,MAR,0.3,1,NDI-F-noclip,RF,0.9293297942932981,0.9284544578360574
banknote,False,MAR,0.3,1,NDI-F-noclip,SVC,0.9300544127405441,0.9290182709674891
banknote,False,MAR,0.3,1,NDI-F,LR,0.9161990710019907,0.914896565893837
banknote,False,MAR,0.3,1,NDI-F,KNN,0.9278699402786994,0.9269675562333207
banknote,False,MAR,0.3,1,NDI-F,RF,0.9307896483078965,0.9299340602723174
banknote,False,MAR,0.3,1,NDI-F,SVC,0.9300544127405441,0.9290182709674891
banknote,False,MAR,0.3,1,Copula-NDI-F,LR,0.906009289980093,0.9047071778937543
banknote,False,MAR,0.3,1,Copula-NDI-F,KNN,0.9235036496350364,0.9225731035333414
banknote,False,MAR,0.3,1,Copula-NDI-F,RF,0.9322441937624418,0.9313589358272008
banknote,False,MAR,0.3,1,Copula-NDI-F,SVC,0.9286025215660253,0.9275699793532542
banknote,False,MAR,0.3,2,Mean,LR,0.8374545454545455,0.8350707399477105
banknote,False,MAR,0.3,2,Mean,KNN,0.9125202388852024,0.9114380756455305
banknote,False,MAR,0.3,2,Mean,RF,0.9227445255474451,0.9217122409977214
banknote,False,MAR,0.3,2,Mean,SVC,0.876801592568016,0.8757667156294968
banknote,False,MAR,0.3,2,NDI-0,LR,0.834532183145322,0.8317172549482963
banknote,False,MAR,0.3,2,NDI-0,KNN,0.8986781685467818,0.8976292390134393
banknote,False,MAR,0.3,2,NDI-0,RF,0.9154505640345058,0.9143642014172176
banknote,False,MAR,0.3,2,NDI-0,SVC,0.8789887193098872,0.8780260550582704
banknote,False,MAR,0.3,2,NDI-C,LR,0.8447458526874586,0.8432219171150029
banknote,False,MAR,0.3,2,NDI-C,KNN,0.9125255474452555,0.9114989228963555
banknote,False,MAR,0.3,2,NDI-C,RF,0.919100199071002,0.9178955293617372
banknote,False,MAR,0.3,2,NDI-C,SVC,0.8928573324485735,0.8923078041053751
banknote,False,MAR,0.3,2,NDI-S,LR,0.8534863968148638,0.8522587837094117
banknote,False,MAR,0.3,2,NDI-S,KNN,0.9168971466489715,0.9158902762273847
banknote,False,MAR,0.3,2,NDI-S,RF,0.9227551426675514,0.921587436319005
banknote,False,MAR,0.3,2,NDI-S,SVC,0.8841035169210352,0.8832683184084413
banknote,False,MAR,0.3,2,GaussCM,LR,0.84328599867286,0.8417234121069779
banknote,False,MAR,0.3,2,GaussCM,KNN,0.9147206370272063,0.9138452630871727
banknote,False,MAR,0.3,2,GaussCM,RF,0.9241990710019907,0.9231272429363002
banknote,False,MAR,0.3,2,GaussCM,SVC,0.8855580623755805,0.8847173244129672
banknote,False,MAR,0.3,2,KNN,LR,0.8928573324485735,0.8919650261599325
banknote,False,MAR,0.3,2,KNN,KNN,0.9183649635036495,0.9176651781491039
banknote,False,MAR,0.3,2,KNN,RF,0.9176536164565361,0.916752785811737
banknote,False,MAR,0.3,2,KNN,SVC,0.9198327803583279,0.9190360075129125
banknote,False,MAR,0.3,2,MICE,LR,0.8440345056403451,0.8421060729120257
banknote,False,MAR,0.3,2,MICE,KNN,0.9059800928998009,0.904842073756582
banknote,False,MAR,0.3,2,MICE,RF,0.9045122760451229,0.9033196928735476
banknote,False,MAR,0.3,2,MICE,SVC,0.880459190444592,0.879801242286441
banknote,False,MAR,0.3,2,MissForest,LR,0.908161911081619,0.9071762656211689
banknote,False,MAR,0.3,2,MissForest,KNN,0.9234532183145321,0.9226562885435072
banknote,False,MAR,0.3,2,MissForest,RF,0.9227365627073658,0.9219242428600516
banknote,False,MAR,0.3,2,MissForest,SVC,0.9234691439946914,0.9227226660086204
banknote,False,MAR,0.3,2,SoftImpute,LR,0.8498420703384207,0.8481582988143661
banknote,False,MAR,0.3,2,SoftImpute,KNN,0.9176217650962176,0.9165558597640867
banknote,False,MAR,0.3,2,SoftImpute,RF,0.9263888520238887,0.9251656867512829
banknote,False,MAR,0.3,2,SoftImpute,SVC,0.8840955540809554,0.883157287103032
banknote,False,MAR,0.3,2,GAIN,LR,0.8586011944260118,0.8576443703046494
banknote,False,MAR,0.3,2,GAIN,KNN,0.9045069674850698,0.9031947694138951
banknote,False,MAR,0.3,2,GAIN,RF,0.9074372926343729,0.9061832747684399
banknote,False,MAR,0.3,2,GAIN,SVC,0.8921300597213004,0.8915755948008887
banknote,False,MAR,0.3,2,NDI-F1,LR,0.8505879230258792,0.8492911550062529
banknote,False,MAR,0.3,2,NDI-F1,KNN,0.9212793629727936,0.9204642147957507
banknote,False,MAR,0.3,2,NDI-F1,RF,0.9176403450564035,0.9163619419366892
banknote,False,MAR,0.3,2,NDI-F1,SVC,0.8906702057067021,0.8894300490207823
banknote,False,MAR,0.3,2,NDI-F-noclip,LR,0.8447485069674852,0.8432763304751723
banknote,False,MAR,0.3,2,NDI-F-noclip,KNN,0.9132634372926344,0.9122886356539917
banknote,False,MAR,0.3,2,NDI-F-noclip,RF,0.9205547445255474,0.9195007030591562
banknote,False,MAR,0.3,2,NDI-F-noclip,SVC,0.8848334439283345,0.8841277058927665
banknote,False,MAR,0.3,2,NDI-F,LR,0.8447485069674852,0.8432763304751723
banknote,False,MAR,0.3,2,NDI-F,KNN,0.9132634372926344,0.9122886356539917
banknote,False,MAR,0.3,2,NDI-F,RF,0.9205547445255474,0.9195007030591562
banknote,False,MAR,0.3,2,NDI-F,SVC,0.8848334439283345,0.8841277058927665
banknote,False,MAR,0.3,2,Copula-NDI-F,LR,0.8440238885202389,0.8422327403264134
banknote,False,MAR,0.3,2,Copula-NDI-F,KNN,0.9052395487723954,0.9041424305445874
banknote,False,MAR,0.3,2,Copula-NDI-F,RF,0.9147259455872593,0.913486660137691
banknote,False,MAR,0.3,2,Copula-NDI-F,SVC,0.88264100862641,0.882050517195316
banknote,False,MNAR,0.3,0,Mean,LR,0.8316284007962839,0.8286318583887375
banknote,False,MNAR,0.3,0,Mean,KNN,0.9096191108161911,0.9084373487917634
banknote,False,MNAR,0.3,0,Mean,RF,0.9212820172528202,0.9199881373208806
banknote,False,MNAR,0.3,0,Mean,SVC,0.8935766423357663,0.8917896718828786
banknote,False,MNAR,0.3,0,NDI-0,LR,0.8308958195089582,0.8279968169643993
banknote,False,MNAR,0.3,0,NDI-0,KNN,0.9037876575978766,0.9025751912045916
banknote,False,MNAR,0.3,0,NDI-0,RF,0.8942986065029862,0.8931434278025117
banknote,False,MNAR,0.3,0,NDI-0,SVC,0.888475116124751,0.8878138445513173
banknote,False,MNAR,0.3,0,NDI-C,LR,0.8585932315859323,0.8572390505828877
banknote,False,MNAR,0.3,0,NDI-C,KNN,0.8935978765759789,0.8918436851885361
banknote,False,MNAR,0.3,0,NDI-C,RF,0.8906887856668879,0.8892888470018191
banknote,False,MNAR,0.3,0,NDI-C,SVC,0.8863039150630392,0.8852547531486769
banknote,False,MNAR,0.3,0,NDI-S,LR,0.8578659588586597,0.8554831404579211
banknote,False,MNAR,0.3,0,NDI-S,KNN,0.8987020570670208,0.8970612232183447
banknote,False,MNAR,0.3,0,NDI-S,RF,0.8892289316522893,0.8873394465684031
banknote,False,MNAR,0.3,0,NDI-S,SVC,0.8921274054412741,0.8896772129236634
banknote,False,MNAR,0.3,0,GaussCM,LR,0.8680663570006637,0.865886192054609
banknote,False,MNAR,0.3,0,GaussCM,KNN,0.9023490378234904,0.9008352273435918
banknote,False,MNAR,0.3,0,GaussCM,RF,0.9016376907763768,0.9001872011568054
banknote,False,MNAR,0.3,0,GaussCM,SVC,0.881950895819509,0.8794238468218211
banknote,False,MNAR,0.3,0,KNN,LR,0.8469276708692768,0.844790298304867
banknote,False,MNAR,0.3,0,KNN,KNN,0.8841141340411414,0.8829687773506233
banknote,False,MNAR,0.3,0,KNN,RF,0.888493696084937,0.887296961885987
banknote,False,MNAR,0.3,0,KNN,SVC,0.8906781685467816,0.8897600900768458
banknote,False,MNAR,0.3,0,MICE,LR,0.8760902455209024,0.8742482158076228
banknote,False,MNAR,0.3,0,MICE,KNN,0.9038009289980092,0.9023424946048456
banknote,False,MNAR,0.3,0,MICE,RF,0.8965414731254148,0.8952939624432672
banknote,False,MNAR,0.3,0,MICE,SVC,0.8957903118779031,0.8940404473630302
banknote,False,MNAR,0.3,0,MissForest,LR,0.8972103516921035,0.8965832882319301
banknote,False,MNAR,0.3,0,MissForest,KNN,0.9038009289980092,0.9025004841197873
banknote,False,MNAR,0.3,0,MissForest,RF,0.9052395487723954,0.9041628807243732
banknote,False,MNAR,0.3,0,MissForest,SVC,0.9088865295288653,0.9083288390397712
banknote,False,MNAR,0.3,0,SoftImpute,LR,0.8505826144658262,0.8478072614049257
banknote,False,MNAR,0.3,0,SoftImpute,KNN,0.9059668214996682,0.9046160423159249
banknote,False,MNAR,0.3,0,SoftImpute,RF,0.9023437292634373,0.9006483973021625
banknote,False,MNAR,0.3,0,SoftImpute,SVC,0.9023304578633045,0.9003180770587511
banknote,False,MNAR,0.3,0,GAIN,LR,0.8870152621101527,0.8856241798316061
banknote,False,MNAR,0.3,0,GAIN,KNN,0.9154452554744525,0.9141259899480623
banknote,False,MNAR,0.3,0,GAIN,RF,0.9169183808891838,0.9155780175819276
banknote,False,MNAR,0.3,0,GAIN,SVC,0.9190895819508957,0.9178113974710976
banknote,False,MNAR,0.3,0,NDI-F1,LR,0.8637186463171865,0.8615469247775087
banknote,False,MNAR,0.3,0,NDI-F1,KNN,0.8936005308560053,0.8917373739762743
banknote,False,MNAR,0.3,0,NDI-F1,RF,0.9081725282017252,0.9064947372201717
banknote,False,MNAR,0.3,0,NDI-F1,SVC,0.8892368944923689,0.8861674848349228
banknote,False,MNAR,0.3,0,NDI-F-noclip,LR,0.8622428666224288,0.8605237849980698
banknote,False,MNAR,0.3,0,NDI-F-noclip,KNN,0.9045255474452555,0.9031685268998982
banknote,False,MNAR,0.3,0,NDI-F-noclip,RF,0.8965361645653618,0.8949840729925793
banknote,False,MNAR,0.3,0,NDI-F-noclip,SVC,0.8928759124087591,0.8908483374434137
banknote,False,MNAR,0.3,0,NDI-F,LR,0.8622428666224288,0.8605237849980698
banknote,False,MNAR,0.3,0,NDI-F,KNN,0.9030683477106833,0.901689530839122
banknote,False,MNAR,0.3,0,NDI-F,RF,0.8965361645653618,0.8949840729925793
banknote,False,MNAR,0.3,0,NDI-F,SVC,0.8921459854014598,0.8901253009949455
banknote,False,MNAR,0.3,0,Copula-NDI-F,LR,0.8425613802256138,0.8405890450741538
banknote,False,MNAR,0.3,0,Copula-NDI-F,KNN,0.8986861313868614,0.8969413384436447
banknote,False,MNAR,0.3,0,Copula-NDI-F,RF,0.8943384207033841,0.8929402493546073
banknote,False,MNAR,0.3,0,Copula-NDI-F,SVC,0.876830789648308,0.8753650954365242
banknote,False,MNAR,0.3,0,MIWAE,LR,0.8819057730590577,0.8809808202687048
banknote,False,MNAR,0.3,0,MIWAE,KNN,0.880459190444592,0.8793337010050299
banknote,False,MNAR,0.3,0,MIWAE,RF,0.8986914399469143,0.8975818193486738
banknote,False,MNAR,0.3,0,MIWAE,SVC,0.8935792966157929,0.8928502824848549
banknote,False,MNAR,0.3,0,Sinkhorn,LR,0.8338234903782349,0.8315397006194015
banknote,False,MNAR,0.3,0,Sinkhorn,KNN,0.8863092236230923,0.8851529168967772
banknote,False,MNAR,0.3,0,Sinkhorn,RF,0.8935872594558726,0.8924054749277461
banknote,False,MNAR,0.3,0,Sinkhorn,SVC,0.8870311877903119,0.8859178419971944
banknote,False,MNAR,0.3,0,HyperImpute,LR,0.9001353682813538,0.8996313683132803
banknote,False,MNAR,0.3,0,HyperImpute,KNN,0.9059774386197745,0.9051121674998978
banknote,False,MNAR,0.3,0,HyperImpute,RF,0.907442601194426,0.9063502069015584
banknote,False,MNAR,0.3,0,HyperImpute,SVC,0.9125361645653616,0.9121439196625237
banknote,False,MNAR,0.3,0,ReMasker,LR,0.8549435965494359,0.8532616005591034
banknote,False,MNAR,0.3,0,ReMasker,KNN,0.9096111479761115,0.9086227945175519
banknote,False,MNAR,0.3,0,ReMasker,RF,0.9030763105507631,0.9019177317048278
banknote,False,MNAR,0.3,0,ReMasker,SVC,0.9037796947577968,0.9027128048999667
banknote,False,MNAR,0.3,1,Mean,LR,0.7820199071001991,0.7768205914856421
banknote,False,MNAR,0.3,1,Mean,KNN,0.8535129396151294,0.8520024581326823
banknote,False,MNAR,0.3,1,Mean,RF,0.8972395487723956,0.8960194707529598
banknote,False,MNAR,0.3,1,Mean,SVC,0.8389090909090908,0.836417798064333
banknote,False,MNAR,0.3,1,NDI-0,LR,0.7783941605839416,0.7726485935899982
banknote,False,MNAR,0.3,1,NDI-0,KNN,0.8600398142003982,0.8577897231949944
banknote,False,MNAR,0.3,1,NDI-0,RF,0.866601194426012,0.8641049463943892
banknote,False,MNAR,0.3,1,NDI-0,SVC,0.845451891174519,0.8418356049623839
banknote,False,MNAR,0.3,1,NDI-C,LR,0.7900676841406769,0.7867802475351697
banknote,False,MNAR,0.3,1,NDI-C,KNN,0.8447458526874586,0.8429560597124279
banknote,False,MNAR,0.3,1,NDI-C,RF,0.8665985401459855,0.8648802228730448
banknote,False,MNAR,0.3,1,NDI-C,SVC,0.8374386197743862,0.8335569712757245
banknote,False,MNAR,0.3,1,NDI-S,LR,0.7987976111479762,0.7945977370256598
banknote,False,MNAR,0.3,1,NDI-S,KNN,0.8556708692767087,0.8543261994457287
banknote,False,MNAR,0.3,1,NDI-S,RF,0.8855713337757134,0.8842963810090871
banknote,False,MNAR,0.3,1,NDI-S,SVC,0.836,0.8331249276344966
banknote,False,MNAR,0.3,1,GaussCM,LR,0.7944313205043133,0.7904285099560996
banknote,False,MNAR,0.3,1,GaussCM,KNN,0.8432780358327804,0.8414791095865575
banknote,False,MNAR,0.3,1,GaussCM,RF,0.8637053749170537,0.8616049629542314
banknote,False,MNAR,0.3,1,GaussCM,SVC,0.8359867285998673,0.8322217612162544
banknote,False,MNAR,0.3,1,KNN,LR,0.8060756469807565,0.8029216534671647
banknote,False,MNAR,0.3,1,KNN,KNN,0.8287219641672197,0.8264312818929159
banknote,False,MNAR,0.3,1,KNN,RF,0.8461977438619774,0.8430769141076606
banknote,False,MNAR,0.3,1,KNN,SVC,0.8418155275381553,0.8390004528884589
banknote,False,MNAR,0.3,1,MICE,LR,0.8184737889847378,0.815091040494036
banknote,False,MNAR,0.3,1,MICE,KNN,0.8564087591240875,0.8546407704041725
banknote,False,MNAR,0.3,1,MICE,RF,0.8644299933642999,0.8623418243234997
banknote,False,MNAR,0.3,1,MICE,SVC,0.8534678168546783,0.8484210688228384
banknote,False,MNAR,0.3,1,MissForest,LR,0.8636761778367618,0.8623687287785499
banknote,False,MNAR,0.3,1,MissForest,KNN,0.8644273390842734,0.8624174204872219
banknote,False,MNAR,0.3,1,MissForest,RF,0.8790126078301261,0.8769014637318844
banknote,False,MNAR,0.3,1,MissForest,SVC,0.8891997345719973,0.8877808247928985
banknote,False,MNAR,0.3,1,SoftImpute,LR,0.7922441937624419,0.788003655940156
banknote,False,MNAR,0.3,1,SoftImpute,KNN,0.8607856668878566,0.859476823229052
banknote,False,MNAR,0.3,1,SoftImpute,RF,0.8804565361645652,0.8787440864869873
banknote,False,MNAR,0.3,1,SoftImpute,SVC,0.8367352355673523,0.8339560025275319
banknote,False,MNAR,0.3,1,GAIN,LR,0.8564379562043796,0.8558546660594264
banknote,False,MNAR,0.3,1,GAIN,KNN,0.8863118779031188,0.885326938075119
banknote,False,MNAR,0.3,1,GAIN,RF,0.8899588586595886,0.8888758278637509
banknote,False,MNAR,0.3,1,GAIN,SVC,0.8768679495686795,0.8765511151912904
banknote,False,MNAR,0.3,1,NDI-F1,LR,0.7900570670205707,0.7867676109888224
banknote,False,MNAR,0.3,1,NDI-F1,KNN,0.8535049767750497,0.8521402918653977
banknote,False,MNAR,0.3,1,NDI-F1,RF,0.8775607166556071,0.8760818317373904
banknote,False,MNAR,0.3,1,NDI-F1,SVC,0.8403503649635036,0.8364176859392936
banknote,False,MNAR,0.3,1,NDI-F-noclip,LR,0.7915222295952222,0.7878041895703678
banknote,False,MNAR,0.3,1,NDI-F-noclip,KNN,0.8352621101526211,0.8332001282631071
banknote,False,MNAR,0.3,1,NDI-F-noclip,RF,0.8440079628400795,0.8412903168968533
banknote,False,MNAR,0.3,1,NDI-F-noclip,SVC,0.8396257465162575,0.8350444029444268
banknote,False,MNAR,0.3,1,NDI-F,LR,0.7915222295952222,0.7878041895703678
banknote,False,MNAR,0.3,1,NDI-F,KNN,0.8323530192435301,0.8303349711047705
banknote,False,MNAR,0.3,1,NDI-F,RF,0.8432806901128069,0.8405402256231522
banknote,False,MNAR,0.3,1,NDI-F,SVC,0.8403556735235567,0.8357511127655289
banknote,False,MNAR,0.3,1,Copula-NDI-F,LR,0.7958938287989383,0.7930635698469803
banknote,False,MNAR,0.3,1,Copula-NDI-F,KNN,0.8476655607166557,0.8458522568038098
banknote,False,MNAR,0.3,1,Copula-NDI-F,RF,0.8447352355673523,0.8420268503330947
banknote,False,MNAR,0.3,1,Copula-NDI-F,SVC,0.8308666224286663,0.8275852660285039
banknote,False,MNAR,0.3,2,Mean,LR,0.7835434638354346,0.7785722710231632
banknote,False,MNAR,0.3,2,Mean,KNN,0.8986834771068347,0.8981042652611269
banknote,False,MNAR,0.3,2,Mean,RF,0.914728599867286,0.9138455870538511
banknote,False,MNAR,0.3,2,Mean,SVC,0.8943118779031188,0.8934950060247505
banknote,False,MNAR,0.3,2,NDI-0,LR,0.782078301260783,0.7774227193136988
banknote,False,MNAR,0.3,2,NDI-0,KNN,0.8914027869940279,0.8906148964442797
banknote,False,MNAR,0.3,2,NDI-0,RF,0.8950524220305243,0.8937934953217962
banknote,False,MNAR,0.3,2,NDI-0,SVC,0.890659588586596,0.8892066851938034
banknote,False,MNAR,0.3,2,NDI-C,LR,0.8323609820836099,0.8296797584120483
banknote,False,MNAR,0.3,2,NDI-C,KNN,0.8811970802919709,0.8795948409075731
banknote,False,MNAR,0.3,2,NDI-C,RF,0.883408095554081,0.8815718546127144
banknote,False,MNAR,0.3,2,NDI-C,SVC,0.8666091572660916,0.8648221934622169
banknote,False,MNAR,0.3,2,NDI-S,LR,0.8250617120106172,0.8216858926845234
banknote,False,MNAR,0.3,2,NDI-S,KNN,0.8906569343065694,0.8896155773276258
banknote,False,MNAR,0.3,2,NDI-S,RF,0.8972368944923689,0.8958121465202152
banknote,False,MNAR,0.3,2,NDI-S,SVC,0.8790046449900466,0.8778584983953278
banknote,False,MNAR,0.3,2,GaussCM,LR,0.8287140013271399,0.8251244512091545
banknote,False,MNAR,0.3,2,GaussCM,KNN,0.8797425348374253,0.8784725872260294
banknote,False,MNAR,0.3,2,GaussCM,RF,0.8841327140013272,0.8820135414716136
banknote,False,MNAR,0.3,2,GaussCM,SVC,0.8753682813536828,0.8740907967721612
banknote,False,MNAR,0.3,2,KNN,LR,0.8054014598540146,0.801737082020175
banknote,False,MNAR,0.3,2,KNN,KNN,0.8877558062375581,0.8860879757383188
banknote,False,MNAR,0.3,2,KNN,RF,0.8811864631718646,0.8794306228788491
banknote,False,MNAR,0.3,2,KNN,SVC,0.8768095554080956,0.8750555582760663
banknote,False,MNAR,0.3,2,MICE,LR,0.8534970139349701,0.8508040505563352
banknote,False,MNAR,0.3,2,MICE,KNN,0.8812130059721299,0.8800825384219811
banknote,False,MNAR,0.3,2,MICE,RF,0.8914319840743199,0.8894865235780456
banknote,False,MNAR,0.3,2,MICE,SVC,0.8863118779031186,0.8855759187754628
banknote,False,MNAR,0.3,2,MissForest,LR,0.8957929661579296,0.8940318621587459
banknote,False,MNAR,0.3,2,MissForest,KNN,0.9125627073656272,0.9111995754114035
banknote,False,MNAR,0.3,2,MissForest,RF,0.9132820172528202,0.9118146376510617
banknote,False,MNAR,0.3,2,MissForest,SVC,0.9125600530856005,0.9105880403369675
banknote,False,MNAR,0.3,2,SoftImpute,LR,0.8097677504976776,0.8053930261724662
banknote,False,MNAR,0.3,2,SoftImpute,KNN,0.8965228931652289,0.8956143183785972
banknote,False,MNAR,0.3,2,SoftImpute,RF,0.9074452554744525,0.906201896339493
banknote,False,MNAR,0.3,2,SoftImpute,SVC,0.8943092236230923,0.8936022398301983
banknote,False,MNAR,0.3,2,GAIN,LR,0.8841167883211678,0.8831382869075973
banknote,False,MNAR,0.3,2,GAIN,KNN,0.9074160583941605,0.9067016153805169
banknote,False,MNAR,0.3,2,GAIN,RF,0.9103596549435965,0.9094665917801932
banknote,False,MNAR,0.3,2,GAIN,SVC,0.9081645653616455,0.9078606510946912
banknote,False,MNAR,0.3,2,NDI-F1,LR,0.8301632382216324,0.8270058155742707
banknote,False,MNAR,0.3,2,NDI-F1,KNN,0.8746436629064366,0.8731662352222207
banknote,False,MNAR,0.3,2,NDI-F1,RF,0.8943278035832781,0.8927457909231468
banknote,False,MNAR,0.3,2,NDI-F1,SVC,0.8826383543463836,0.8813058010770078
banknote,False,MNAR,0.3,2,NDI-F-noclip,LR,0.8257942932979428,0.8219506724970131
banknote,False,MNAR,0.3,2,NDI-F-noclip,KNN,0.8739004644990047,0.8722470333884289
banknote,False,MNAR,0.3,2,NDI-F-noclip,RF,0.8732130059721299,0.870751644829103
banknote,False,MNAR,0.3,2,NDI-F-noclip,SVC,0.8542295952222959,0.8518524009680505
banknote,False,MNAR,0.3,2,NDI-F,LR,0.8257942932979428,0.8219506724970131
banknote,False,MNAR,0.3,2,NDI-F,KNN,0.8739004644990047,0.8722470333884289
banknote,False,MNAR,0.3,2,NDI-F,RF,0.8732130059721299,0.870751644829103
banknote,False,MNAR,0.3,2,NDI-F,SVC,0.8542295952222959,0.8518524009680505
banknote,False,MNAR,0.3,2,Copula-NDI-F,LR,0.8236204379562044,0.8208148084654441
banknote,False,MNAR,0.3,2,Copula-NDI-F,KNN,0.8695607166556071,0.8676725482656007
banknote,False,MNAR,0.3,2,Copula-NDI-F,RF,0.8804777704047776,0.8779743481013933
banknote,False,MNAR,0.3,2,Copula-NDI-F,SVC,0.8535023224950231,0.8511128939588086
qsar-biodeg,False,MCAR,0.3,0,Mean,LR,0.8341232227488151,0.8119638092732039
qsar-biodeg,False,MCAR,0.3,0,Mean,KNN,0.8293838862559241,0.8138625059490352
qsar-biodeg,False,MCAR,0.3,0,Mean,RF,0.8436018957345972,0.8194836285071799
qsar-biodeg,False,MCAR,0.3,0,Mean,SVC,0.8483412322274881,0.8261248626999851
qsar-biodeg,False,MCAR,0.3,0,NDI-0,LR,0.8369668246445496,0.814257187431853
qsar-biodeg,False,MCAR,0.3,0,NDI-0,KNN,0.8274881516587677,0.812383845970712
qsar-biodeg,False,MCAR,0.3,0,NDI-0,RF,0.837914691943128,0.812976321878413
qsar-biodeg,False,MCAR,0.3,0,NDI-0,SVC,0.8530805687203792,0.8303462790343896
qsar-biodeg,False,MCAR,0.3,0,NDI-C,LR,0.8398104265402843,0.8194452603872582
qsar-biodeg,False,MCAR,0.3,0,NDI-C,KNN,0.8360189573459715,0.8201183144574815
qsar-biodeg,False,MCAR,0.3,0,NDI-C,RF,0.842654028436019,0.8187929669468493
qsar-biodeg,False,MCAR,0.3,0,NDI-C,SVC,0.8559241706161137,0.8342823590165637
qsar-biodeg,False,MCAR,0.3,0,NDI-S,LR,0.8445497630331754,0.8243287644535288
qsar-biodeg,False,MCAR,0.3,0,NDI-S,KNN,0.8360189573459715,0.8203824320525748
qsar-biodeg,False,MCAR,0.3,0,NDI-S,RF,0.8445497630331753,0.8198893292595159
qsar-biodeg,False,MCAR,0.3,0,NDI-S,SVC,0.8559241706161137,0.8342856491096869
qsar-biodeg,False,MCAR,0.3,0,GaussCM,LR,0.8492890995260665,0.8294226861303085
qsar-biodeg,False,MCAR,0.3,0,GaussCM,KNN,0.8511848341232227,0.8353298174381655
qsar-biodeg,False,MCAR,0.3,0,GaussCM,RF,0.8436018957345972,0.8191732268477196
qsar-biodeg,False,MCAR,0.3,0,GaussCM,SVC,0.8578199052132701,0.8361171250339325
qsar-biodeg,False,MCAR,0.3,0,KNN,LR,0.8312796208530806,0.8089453174007989
qsar-biodeg,False,MCAR,0.3,0,KNN,KNN,0.8417061611374408,0.8251857391013406
qsar-biodeg,False,MCAR,0.3,0,KNN,RF,0.842654028436019,0.8180591279860299
qsar-biodeg,False,MCAR,0.3,0,KNN,SVC,0.8540284360189574,0.8318413808184679
qsar-biodeg,False,MCAR,0.3,0,MICE,LR,0.8454976303317536,0.8242988236620807
qsar-biodeg,False,MCAR,0.3,0,MICE,KNN,0.8350710900473933,0.8180112095648934
qsar-biodeg,False,MCAR,0.3,0,MICE,RF,0.8483412322274881,0.8255656791651113
qsar-biodeg,False,MCAR,0.3,0,MICE,SVC,0.8578199052132701,0.8360998037842503
qsar-biodeg,False,MCAR,0.3,0,MissForest,LR,0.8540284360189574,0.8351952940367985
qsar-biodeg,False,MCAR,0.3,0,MissForest,KNN,0.8483412322274881,0.8328209973193893
qsar-biodeg,False,MCAR,0.3,0,MissForest,RF,0.8616113744075828,0.8395775876298623
qsar-biodeg,False,MCAR,0.3,0,MissForest,SVC,0.8682464454976302,0.8488353022861872
qsar-biodeg,False,MCAR,0.3,0,SoftImpute,LR,0.8540284360189572,0.8351180766575188
qsar-biodeg,False,MCAR,0.3,0,SoftImpute,KNN,0.8417061611374408,0.8260432206281969
qsar-biodeg,False,MCAR,0.3,0,SoftImpute,RF,0.8445497630331753,0.82071058888592
qsar-biodeg,False,MCAR,0.3,0,SoftImpute,SVC,0.8559241706161138,0.8340753350935378
qsar-biodeg,False,MCAR,0.3,0,GAIN,LR,0.842654028436019,0.8215879158575975
qsar-biodeg,False,MCAR,0.3,0,GAIN,KNN,0.8388625592417063,0.82398142389113
qsar-biodeg,False,MCAR,0.3,0,GAIN,RF,0.852132701421801,0.8279995381004804
qsar-biodeg,False,MCAR,0.3,0,GAIN,SVC,0.8568720379146919,0.8363324781729299
qsar-biodeg,False,MCAR,0.3,0,NDI-F1,LR,0.8379146919431278,0.8164080354167578
qsar-biodeg,False,MCAR,0.3,0,NDI-F1,KNN,0.8284360189573459,0.8127274037588972
qsar-biodeg,False,MCAR,0.3,0,NDI-F1,RF,0.8436018957345972,0.819145902541987
qsar-biodeg,False,MCAR,0.3,0,NDI-F1,SVC,0.8559241706161137,0.8339746706482453
qsar-biodeg,False,MCAR,0.3,0,NDI-F-noclip,LR,0.8407582938388625,0.82047091743843
qsar-biodeg,False,MCAR,0.3,0,NDI-F-noclip,KNN,0.8388625592417063,0.8238555603374799
qsar-biodeg,False,MCAR,0.3,0,NDI-F-noclip,RF,0.8559241706161137,0.8334878770915932
qsar-biodeg,False,MCAR,0.3,0,NDI-F-noclip,SVC,0.8492890995260665,0.826499138263918
qsar-biodeg,False,MCAR,0.3,0,NDI-F,LR,0.838862559241706,0.8187658349231443
qsar-biodeg,False,MCAR,0.3,0,NDI-F,KNN,0.8360189573459715,0.8204416867358424
qsar-biodeg,False,MCAR,0.3,0,NDI-F,RF,0.842654028436019,0.8186224995976914
qsar-biodeg,False,MCAR,0.3,0,NDI-F,SVC,0.8540284360189574,0.8323950899473772
qsar-biodeg,False,MCAR,0.3,0,Copula-NDI-F,LR,0.843601895734597,0.8221233389008236
qsar-biodeg,False,MCAR,0.3,0,Copula-NDI-F,KNN,0.8492890995260665,0.8334311688493073
qsar-biodeg,False,MCAR,0.3,0,Copula-NDI-F,RF,0.8483412322274881,0.8263010009829186
qsar-biodeg,False,MCAR,0.3,0,Copula-NDI-F,SVC,0.8530805687203792,0.8311636747091201
qsar-biodeg,False,MCAR,0.3,0,MIWAE,LR,0.8445497630331754,0.824945715891608
qsar-biodeg,False,MCAR,0.3,0,MIWAE,KNN,0.8322274881516588,0.8158662034628111
qsar-biodeg,False,MCAR,0.3,0,MIWAE,RF,0.843601895734597,0.8184466517892941
qsar-biodeg,False,MCAR,0.3,0,MIWAE,SVC,0.8511848341232227,0.8286258952361175
qsar-biodeg,False,MCAR,0.3,0,Sinkhorn,LR,0.8568720379146921,0.8382026050387978
qsar-biodeg,False,MCAR,0.3,0,Sinkhorn,KNN,0.8502369668246444,0.8336666944775797
qsar-biodeg,False,MCAR,0.3,0,Sinkhorn,RF,0.8559241706161137,0.8332373013994806
qsar-biodeg,False,MCAR,0.3,0,Sinkhorn,SVC,0.8644549763033176,0.8446908381584454
qsar-biodeg,False,MCAR,0.3,0,ReMasker,LR,0.8454976303317535,0.8265760827654368
qsar-biodeg,False,MCAR,0.3,0,ReMasker,KNN,0.8454976303317535,0.8297556819445816
qsar-biodeg,False,MCAR,0.3,0,ReMasker,RF,0.842654028436019,0.8183799660421037
qsar-biodeg,False,MCAR,0.3,0,ReMasker,SVC,0.8616113744075828,0.8432387170571468
qsar-biodeg,False,MCAR,0.3,1,Mean,LR,0.8085308056872037,0.782894829478539
qsar-biodeg,False,MCAR,0.3,1,Mean,KNN,0.8132701421800947,0.797488915360973
qsar-biodeg,False,MCAR,0.3,1,Mean,RF,0.8303317535545023,0.8044070933382198
qsar-biodeg,False,MCAR,0.3,1,Mean,SVC,0.8436018957345972,0.8207401273018192
qsar-biodeg,False,MCAR,0.3,1,NDI-0,LR,0.8227488151658768,0.7989519210766516
qsar-biodeg,False,MCAR,0.3,1,NDI-0,KNN,0.8180094786729859,0.8026817019168817
qsar-biodeg,False,MCAR,0.3,1,NDI-0,RF,0.8341232227488152,0.8085172406960016
qsar-biodeg,False,MCAR,0.3,1,NDI-0,SVC,0.8407582938388625,0.8177760916855623
qsar-biodeg,False,MCAR,0.3,1,NDI-C,LR,0.8303317535545023,0.8078455268138907
qsar-biodeg,False,MCAR,0.3,1,NDI-C,KNN,0.8398104265402845,0.8248314038117982
qsar-biodeg,False,MCAR,0.3,1,NDI-C,RF,0.8445497630331754,0.820697777153469
qsar-biodeg,False,MCAR,0.3,1,NDI-C,SVC,0.8597156398104266,0.8394283961657886
qsar-biodeg,False,MCAR,0.3,1,NDI-S,LR,0.8265402843601896,0.8029182643317634
qsar-biodeg,False,MCAR,0.3,1,NDI-S,KNN,0.8407582938388625,0.8258963073437299
qsar-biodeg,False,MCAR,0.3,1,NDI-S,RF,0.8417061611374408,0.816309781501993
qsar-biodeg,False,MCAR,0.3,1,NDI-S,SVC,0.8540284360189574,0.8330777307036141
qsar-biodeg,False,MCAR,0.3,1,GaussCM,LR,0.8502369668246444,0.8308138833783678
qsar-biodeg,False,MCAR,0.3,1,GaussCM,KNN,0.8473933649289099,0.8330566432695734
qsar-biodeg,False,MCAR,0.3,1,GaussCM,RF,0.8549763033175355,0.8320307692265944
qsar-biodeg,False,MCAR,0.3,1,GaussCM,SVC,0.8625592417061612,0.843207102513514
qsar-biodeg,False,MCAR,0.3,1,KNN,LR,0.8369668246445497,0.8163468974498338
qsar-biodeg,False,MCAR,0.3,1,KNN,KNN,0.8350710900473934,0.8200916870100528
qsar-biodeg,False,MCAR,0.3,1,KNN,RF,0.8606635071090049,0.839882186304723
qsar-biodeg,False,MCAR,0.3,1,KNN,SVC,0.8635071090047394,0.8452052641145027
qsar-biodeg,False,MCAR,0.3,1,MICE,LR,0.8483412322274881,0.8280139912702422
qsar-biodeg,False,MCAR,0.3,1,MICE,KNN,0.8388625592417063,0.824638398540882
qsar-biodeg,False,MCAR,0.3,1,MICE,RF,0.8559241706161138,0.8343976872371528
qsar-biodeg,False,MCAR,0.3,1,MICE,SVC,0.8635071090047394,0.8442959712726426
qsar-biodeg,False,MCAR,0.3,1,MissForest,LR,0.8483412322274881,0.8293653681024138
qsar-biodeg,False,MCAR,0.3,1,MissForest,KNN,0.8407582938388625,0.8251856522025477
qsar-biodeg,False,MCAR,0.3,1,MissForest,RF,0.8616113744075828,0.841257413156786
qsar-biodeg,False,MCAR,0.3,1,MissForest,SVC,0.8644549763033176,0.8443607934915566
qsar-biodeg,False,MCAR,0.3,1,SoftImpute,LR,0.8464454976303319,0.8251295182552998
qsar-biodeg,False,MCAR,0.3,1,SoftImpute,KNN,0.8436018957345972,0.8290650322352917
qsar-biodeg,False,MCAR,0.3,1,SoftImpute,RF,0.8549763033175356,0.832431445478395
qsar-biodeg,False,MCAR,0.3,1,SoftImpute,SVC,0.8587677725118483,0.8390924732979608
qsar-biodeg,False,MCAR,0.3,1,GAIN,LR,0.8274881516587678,0.8052162422830158
qsar-biodeg,False,MCAR,0.3,1,GAIN,KNN,0.8388625592417063,0.8237355487554716
qsar-biodeg,False,MCAR,0.3,1,GAIN,RF,0.842654028436019,0.819756379685867
qsar-biodeg,False,MCAR,0.3,1,GAIN,SVC,0.8502369668246444,0.8299132695067533
qsar-biodeg,False,MCAR,0.3,1,NDI-F1,LR,0.8236966824644549,0.8005439671903536
qsar-biodeg,False,MCAR,0.3,1,NDI-F1,KNN,0.8284360189573461,0.8147820618526769
qsar-biodeg,False,MCAR,0.3,1,NDI-F1,RF,0.8511848341232227,0.8307240516457556
qsar-biodeg,False,MCAR,0.3,1,NDI-F1,SVC,0.842654028436019,0.8209558372030916
qsar-biodeg,False,MCAR,0.3,1,NDI-F-noclip,LR,0.8473933649289099,0.8261491314842602
qsar-biodeg,False,MCAR,0.3,1,NDI-F-noclip,KNN,0.8407582938388625,0.8251872105439035
qsar-biodeg,False,MCAR,0.3,1,NDI-F-noclip,RF,0.8616113744075828,0.8402408981368505
qsar-biodeg,False,MCAR,0.3,1,NDI-F-noclip,SVC,0.8635071090047394,0.8436869242216478
qsar-biodeg,False,MCAR,0.3,1,NDI-F,LR,0.8530805687203792,0.8317139039462724
qsar-biodeg,False,MCAR,0.3,1,NDI-F,KNN,0.8398104265402843,0.8243084033171808
qsar-biodeg,False,MCAR,0.3,1,NDI-F,RF,0.8625592417061612,0.8407553130725148
qsar-biodeg,False,MCAR,0.3,1,NDI-F,SVC,0.8616113744075828,0.841997017677621
qsar-biodeg,False,MCAR,0.3,1,Copula-NDI-F,LR,0.8341232227488152,0.8140670501128037
qsar-biodeg,False,MCAR,0.3,1,Copula-NDI-F,KNN,0.8350710900473934,0.8196765190745344
qsar-biodeg,False,MCAR,0.3,1,Copula-NDI-F,RF,0.8701421800947866,0.8514976881017129
qsar-biodeg,False,MCAR,0.3,1,Copula-NDI-F,SVC,0.8559241706161138,0.8361853369370712
qsar-biodeg,False,MCAR,0.3,2,Mean,LR,0.8265402843601896,0.8038298386385797
qsar-biodeg,False,MCAR,0.3,2,Mean,KNN,0.8189573459715639,0.8024709481192792
qsar-biodeg,False,MCAR,0.3,2,Mean,RF,0.8473933649289099,0.8234973428161443
qsar-biodeg,False,MCAR,0.3,2,Mean,SVC,0.8350710900473933,0.8096227630359975
qsar-biodeg,False,MCAR,0.3,2,NDI-0,LR,0.8255924170616113,0.8039098471732575
qsar-biodeg,False,MCAR,0.3,2,NDI-0,KNN,0.8151658767772512,0.8007962640285772
qsar-biodeg,False,MCAR,0.3,2,NDI-0,RF,0.8341232227488152,0.8090726881962358
qsar-biodeg,False,MCAR,0.3,2,NDI-0,SVC,0.8360189573459715,0.8129430892235459
qsar-biodeg,False,MCAR,0.3,2,NDI-C,LR,0.8293838862559241,0.8084747161017611
qsar-biodeg,False,MCAR,0.3,2,NDI-C,KNN,0.8255924170616113,0.8103625197433614
qsar-biodeg,False,MCAR,0.3,2,NDI-C,RF,0.843601895734597,0.8190789596530876
qsar-biodeg,False,MCAR,0.3,2,NDI-C,SVC,0.8322274881516588,0.8093194046605241
qsar-biodeg,False,MCAR,0.3,2,NDI-S,LR,0.8293838862559241,0.8091801001963214
qsar-biodeg,False,MCAR,0.3,2,NDI-S,KNN,0.8246445497630331,0.8093893174390804
qsar-biodeg,False,MCAR,0.3,2,NDI-S,RF,0.842654028436019,0.8168945389339111
qsar-biodeg,False,MCAR,0.3,2,NDI-S,SVC,0.8360189573459715,0.8130767543754311
qsar-biodeg,False,MCAR,0.3,2,GaussCM,LR,0.8578199052132701,0.8393810644496181
qsar-biodeg,False,MCAR,0.3,2,GaussCM,KNN,0.8407582938388627,0.8258380870197797
qsar-biodeg,False,MCAR,0.3,2,GaussCM,RF,0.8644549763033174,0.8438737559394722
qsar-biodeg,False,MCAR,0.3,2,GaussCM,SVC,0.8663507109004739,0.847405524595984
qsar-biodeg,False,MCAR,0.3,2,KNN,LR,0.8473933649289099,0.826423107374368
qsar-biodeg,False,MCAR,0.3,2,KNN,KNN,0.852132701421801,0.8371915626179736
qsar-biodeg,False,MCAR,0.3,2,KNN,RF,0.8511848341232227,0.826843187969749
qsar-biodeg,False,MCAR,0.3,2,KNN,SVC,0.8568720379146919,0.8347758793268371
qsar-biodeg,False,MCAR,0.3,2,MICE,LR,0.848341232227488,0.8279834076982568
qsar-biodeg,False,MCAR,0.3,2,MICE,KNN,0.8473933649289099,0.8329908748267159
qsar-biodeg,False,MCAR,0.3,2,MICE,RF,0.8606635071090046,0.8389563682881457
qsar-biodeg,False,MCAR,0.3,2,MICE,SVC,0.8635071090047394,0.8441680755749325
qsar-biodeg,False,MCAR,0.3,2,MissForest,LR,0.8597156398104264,0.8412110316393833
qsar-biodeg,False,MCAR,0.3,2,MissForest,KNN,0.8511848341232229,0.8357541931291685
qsar-biodeg,False,MCAR,0.3,2,MissForest,RF,0.8606635071090046,0.8381156843661971
qsar-biodeg,False,MCAR,0.3,2,MissForest,SVC,0.8691943127962085,0.8503793589886666
qsar-biodeg,False,MCAR,0.3,2,SoftImpute,LR,0.8464454976303317,0.8273778452870919
qsar-biodeg,False,MCAR,0.3,2,SoftImpute,KNN,0.8407582938388625,0.8251350185428221
qsar-biodeg,False,MCAR,0.3,2,SoftImpute,RF,0.8606635071090046,0.8387433618851606
qsar-biodeg,False,MCAR,0.3,2,SoftImpute,SVC,0.8540284360189574,0.8324298476987376
qsar-biodeg,False,MCAR,0.3,2,GAIN,LR,0.8341232227488152,0.8123112121384706
qsar-biodeg,False,MCAR,0.3,2,GAIN,KNN,0.8255924170616113,0.8085128952149162
qsar-biodeg,False,MCAR,0.3,2,GAIN,RF,0.8445497630331754,0.8190638022219441
qsar-biodeg,False,MCAR,0.3,2,GAIN,SVC,0.8492890995260665,0.8282383548362228
qsar-biodeg,False,MCAR,0.3,2,NDI-F1,LR,0.8274881516587678,0.8068707265409865
qsar-biodeg,False,MCAR,0.3,2,NDI-F1,KNN,0.8085308056872037,0.7941422161046485
qsar-biodeg,False,MCAR,0.3,2,NDI-F1,RF,0.8293838862559241,0.8020168217539758
qsar-biodeg,False,MCAR,0.3,2,NDI-F1,SVC,0.8417061611374408,0.8197842928550487
qsar-biodeg,False,MCAR,0.3,2,NDI-F-noclip,LR,0.8388625592417063,0.8183212895753252
qsar-biodeg,False,MCAR,0.3,2,NDI-F-noclip,KNN,0.8303317535545023,0.8141727269974712
qsar-biodeg,False,MCAR,0.3,2,NDI-F-noclip,RF,0.8530805687203792,0.8289946696651558
qsar-biodeg,False,MCAR,0.3,2,NDI-F-noclip,SVC,0.8549763033175355,0.8343523387742062
qsar-biodeg,False,MCAR,0.3,2,NDI-F,LR,0.852132701421801,0.8335601903316258
qsar-biodeg,False,MCAR,0.3,2,NDI-F,KNN,0.8341232227488152,0.8182824452519017
qsar-biodeg,False,MCAR,0.3,2,NDI-F,RF,0.8473933649289099,0.8222939162788754
qsar-biodeg,False,MCAR,0.3,2,NDI-F,SVC,0.8540284360189574,0.8328555106049915
qsar-biodeg,False,MCAR,0.3,2,Copula-NDI-F,LR,0.8454976303317535,0.8263025997200175
qsar-biodeg,False,MCAR,0.3,2,Copula-NDI-F,KNN,0.8417061611374408,0.8251596205713154
qsar-biodeg,False,MCAR,0.3,2,Copula-NDI-F,RF,0.8473933649289099,0.8238605731287519
qsar-biodeg,False,MCAR,0.3,2,Copula-NDI-F,SVC,0.8492890995260665,0.8259903695739366
qsar-biodeg,False,MAR,0.3,0,Mean,LR,0.8360189573459715,0.814790944148014
qsar-biodeg,False,MAR,0.3,0,Mean,KNN,0.8132701421800947,0.7957964362915751
qsar-biodeg,False,MAR,0.3,0,Mean,RF,0.837914691943128,0.8137842960835522
qsar-biodeg,False,MAR,0.3,0,Mean,SVC,0.8436018957345972,0.8209378949495107
qsar-biodeg,False,MAR,0.3,0,NDI-0,LR,0.8303317535545023,0.8080517247096373
qsar-biodeg,False,MAR,0.3,0,NDI-0,KNN,0.8123222748815166,0.7959533222266678
qsar-biodeg,False,MAR,0.3,0,NDI-0,RF,0.8407582938388625,0.8168188380957725
qsar-biodeg,False,MAR,0.3,0,NDI-0,SVC,0.8379146919431278,0.814258726618242
qsar-biodeg,False,MAR,0.3,0,NDI-C,LR,0.8350710900473934,0.8142801098829962
qsar-biodeg,False,MAR,0.3,0,NDI-C,KNN,0.8322274881516588,0.8167290667644792
qsar-biodeg,False,MAR,0.3,0,NDI-C,RF,0.8492890995260665,0.8250750722530453
qsar-biodeg,False,MAR,0.3,0,NDI-C,SVC,0.8502369668246444,0.8281946663485712
qsar-biodeg,False,MAR,0.3,0,NDI-S,LR,0.8350710900473934,0.8143182158731619
qsar-biodeg,False,MAR,0.3,0,NDI-S,KNN,0.8293838862559241,0.8129680940753253
qsar-biodeg,False,MAR,0.3,0,NDI-S,RF,0.8530805687203792,0.8292606830607125
qsar-biodeg,False,MAR,0.3,0,NDI-S,SVC,0.8492890995260662,0.8278548197876127
qsar-biodeg,False,MAR,0.3,0,GaussCM,LR,0.842654028436019,0.8233304313265737
qsar-biodeg,False,MAR,0.3,0,GaussCM,KNN,0.8417061611374408,0.827113616706213
qsar-biodeg,False,MAR,0.3,0,GaussCM,RF,0.8549763033175356,0.8326484469225622
qsar-biodeg,False,MAR,0.3,0,GaussCM,SVC,0.8549763033175355,0.8343759783701017
qsar-biodeg,False,MAR,0.3,0,KNN,LR,0.8530805687203792,0.8350790815447706
qsar-biodeg,False,MAR,0.3,0,KNN,KNN,0.8350710900473933,0.8201481061279475
qsar-biodeg,False,MAR,0.3,0,KNN,RF,0.8568720379146919,0.8362611769370909
qsar-biodeg,False,MAR,0.3,0,KNN,SVC,0.8587677725118483,0.8373859649864
qsar-biodeg,False,MAR,0.3,0,MICE,LR,0.8597156398104266,0.8424417539593316
qsar-biodeg,False,MAR,0.3,0,MICE,KNN,0.8473933649289099,0.8317063110009435
qsar-biodeg,False,MAR,0.3,0,MICE,RF,0.8530805687203792,0.8304084692137093
qsar-biodeg,False,MAR,0.3,0,MICE,SVC,0.8710900473933648,0.8521771336360203
qsar-biodeg,False,MAR,0.3,0,MissForest,LR,0.8530805687203792,0.8334972893883943
qsar-biodeg,False,MAR,0.3,0,MissForest,KNN,0.8436018957345972,0.8280790459055245
qsar-biodeg,False,MAR,0.3,0,MissForest,RF,0.8511848341232227,0.8297909631805964
qsar-biodeg,False,MAR,0.3,0,MissForest,SVC,0.8578199052132701,0.8373987805738403
qsar-biodeg,False,MAR,0.3,0,SoftImpute,LR,0.8502369668246447,0.8316507309730172
qsar-biodeg,False,MAR,0.3,0,SoftImpute,KNN,0.8407582938388625,0.8244308929661095
qsar-biodeg,False,MAR,0.3,0,SoftImpute,RF,0.8606635071090046,0.8378476448886705
qsar-biodeg,False,MAR,0.3,0,SoftImpute,SVC,0.8530805687203792,0.8316468472787811
qsar-biodeg,False,MAR,0.3,0,GAIN,LR,0.8398104265402843,0.819266624769659
qsar-biodeg,False,MAR,0.3,0,GAIN,KNN,0.8360189573459718,0.8202926256070363
qsar-biodeg,False,MAR,0.3,0,GAIN,RF,0.8502369668246444,0.8268084215289621
qsar-biodeg,False,MAR,0.3,0,GAIN,SVC,0.8464454976303317,0.8232127499363354
qsar-biodeg,False,MAR,0.3,0,NDI-F1,LR,0.8255924170616116,0.802994438809608
qsar-biodeg,False,MAR,0.3,0,NDI-F1,KNN,0.8246445497630331,0.809569954416814
qsar-biodeg,False,MAR,0.3,0,NDI-F1,RF,0.848341232227488,0.8245825551527535
qsar-biodeg,False,MAR,0.3,0,NDI-F1,SVC,0.837914691943128,0.8148026297774574
qsar-biodeg,False,MAR,0.3,0,NDI-F-noclip,LR,0.852132701421801,0.8321487434674388
qsar-biodeg,False,MAR,0.3,0,NDI-F-noclip,KNN,0.8483412322274881,0.8346484774847289
qsar-biodeg,False,MAR,0.3,0,NDI-F-noclip,RF,0.8559241706161137,0.8332774152665449
qsar-biodeg,False,MAR,0.3,0,NDI-F-noclip,SVC,0.8549763033175355,0.8339094712594864
qsar-biodeg,False,MAR,0.3,0,NDI-F,LR,0.8464454976303317,0.8261871291016847
qsar-biodeg,False,MAR,0.3,0,NDI-F,KNN,0.8483412322274881,0.8340697369690975
qsar-biodeg,False,MAR,0.3,0,NDI-F,RF,0.8483412322274881,0.824559966184057
qsar-biodeg,False,MAR,0.3,0,NDI-F,SVC,0.8540284360189574,0.8336493849263109
qsar-biodeg,False,MAR,0.3,0,Copula-NDI-F,LR,0.8388625592417063,0.8184383738165726
qsar-biodeg,False,MAR,0.3,0,Copula-NDI-F,KNN,0.8341232227488151,0.818652560227919
qsar-biodeg,False,MAR,0.3,0,Copula-NDI-F,RF,0.852132701421801,0.8316670519746024
qsar-biodeg,False,MAR,0.3,0,Copula-NDI-F,SVC,0.8549763033175355,0.832319593571542
qsar-biodeg,False,MAR,0.3,0,MIWAE,LR,0.8436018957345972,0.8239555826088081
qsar-biodeg,False,MAR,0.3,0,MIWAE,KNN,0.8331753554502368,0.8171988953837207
qsar-biodeg,False,MAR,0.3,0,MIWAE,RF,0.8436018957345972,0.8196176116780152
qsar-biodeg,False,MAR,0.3,0,MIWAE,SVC,0.8606635071090046,0.8393256932766328
qsar-biodeg,False,MAR,0.3,0,Sinkhorn,LR,0.8616113744075828,0.8440610248184278
qsar-biodeg,False,MAR,0.3,0,Sinkhorn,KNN,0.8473933649289098,0.8313720563351147
qsar-biodeg,False,MAR,0.3,0,Sinkhorn,RF,0.8625592417061612,0.8413000502586424
qsar-biodeg,False,MAR,0.3,0,Sinkhorn,SVC,0.8654028436018958,0.8448823247450303
qsar-biodeg,False,MAR,0.3,0,ReMasker,LR,0.8350710900473933,0.8129645582049964
qsar-biodeg,False,MAR,0.3,0,ReMasker,KNN,0.8312796208530806,0.8158782646265909
qsar-biodeg,False,MAR,0.3,0,ReMasker,RF,0.8436018957345972,0.8180574323889479
qsar-biodeg,False,MAR,0.3,0,ReMasker,SVC,0.8511848341232227,0.8279689489535207
qsar-biodeg,False,MAR,0.3,1,Mean,LR,0.833175355450237,0.8111328217801633
qsar-biodeg,False,MAR,0.3,1,Mean,KNN,0.8227488151658768,0.805879303706958
qsar-biodeg,False,MAR,0.3,1,Mean,RF,0.833175355450237,0.806562881526595
qsar-biodeg,False,MAR,0.3,1,Mean,SVC,0.8445497630331753,0.8218742024682344
qsar-biodeg,False,MAR,0.3,1,NDI-0,LR,0.8502369668246444,0.8305855684019552
qsar-biodeg,False,MAR,0.3,1,NDI-0,KNN,0.8161137440758294,0.799823640989557
qsar-biodeg,False,MAR,0.3,1,NDI-0,RF,0.8341232227488152,0.8085156907780717
qsar-biodeg,False,MAR,0.3,1,NDI-0,SVC,0.8511848341232227,0.8298575110500032
qsar-biodeg,False,MAR,0.3,1,NDI-C,LR,0.8312796208530806,0.8102547409246205
qsar-biodeg,False,MAR,0.3,1,NDI-C,KNN,0.8274881516587677,0.8094906712368924
qsar-biodeg,False,MAR,0.3,1,NDI-C,RF,0.8293838862559241,0.8049048582545328
qsar-biodeg,False,MAR,0.3,1,NDI-C,SVC,0.8540284360189574,0.8328616818761381
qsar-biodeg,False,MAR,0.3,1,NDI-S,LR,0.833175355450237,0.8121606839769043
qsar-biodeg,False,MAR,0.3,1,NDI-S,KNN,0.8265402843601896,0.8088284358762049
qsar-biodeg,False,MAR,0.3,1,NDI-S,RF,0.8246445497630333,0.7967969776752716
qsar-biodeg,False,MAR,0.3,1,NDI-S,SVC,0.8549763033175356,0.8345723851693304
qsar-biodeg,False,MAR,0.3,1,GaussCM,LR,0.8388625592417063,0.8190849123070517
qsar-biodeg,False,MAR,0.3,1,GaussCM,KNN,0.8379146919431278,0.8206540153773126
qsar-biodeg,False,MAR,0.3,1,GaussCM,RF,0.8407582938388625,0.8161263083132452
qsar-biodeg,False,MAR,0.3,1,GaussCM,SVC,0.8644549763033176,0.8447005880216343
qsar-biodeg,False,MAR,0.3,1,KNN,LR,0.8492890995260665,0.8313633662412027
qsar-biodeg,False,MAR,0.3,1,KNN,KNN,0.8445497630331754,0.8275363221054868
qsar-biodeg,False,MAR,0.3,1,KNN,RF,0.8530805687203792,0.8318272653488166
qsar-biodeg,False,MAR,0.3,1,KNN,SVC,0.8644549763033176,0.8469871984532293
qsar-biodeg,False,MAR,0.3,1,MICE,LR,0.8540284360189574,0.8352802933197522
qsar-biodeg,False,MAR,0.3,1,MICE,KNN,0.8360189573459715,0.8183950292530261
qsar-biodeg,False,MAR,0.3,1,MICE,RF,0.8530805687203792,0.8309569011909191
qsar-biodeg,False,MAR,0.3,1,MICE,SVC,0.8549763033175356,0.8329810103074748
qsar-biodeg,False,MAR,0.3,1,MissForest,LR,0.8492890995260665,0.8319302992383942
qsar-biodeg,False,MAR,0.3,1,MissForest,KNN,0.8350710900473934,0.8155819337621171
qsar-biodeg,False,MAR,0.3,1,MissForest,RF,0.8530805687203792,0.8310181462652851
qsar-biodeg,False,MAR,0.3,1,MissForest,SVC,0.8739336492890996,0.8563228250496246
qsar-biodeg,False,MAR,0.3,1,SoftImpute,LR,0.8417061611374408,0.8224860348138444
qsar-biodeg,False,MAR,0.3,1,SoftImpute,KNN,0.8369668246445497,0.8201938588155737
qsar-biodeg,False,MAR,0.3,1,SoftImpute,RF,0.8483412322274881,0.825212069035287
qsar-biodeg,False,MAR,0.3,1,SoftImpute,SVC,0.8691943127962085,0.8495408337275874
qsar-biodeg,False,MAR,0.3,1,GAIN,LR,0.8436018957345972,0.8238122104225185
qsar-biodeg,False,MAR,0.3,1,GAIN,KNN,0.8293838862559243,0.8122168771123377
qsar-biodeg,False,MAR,0.3,1,GAIN,RF,0.8502369668246444,0.8267686264226872
qsar-biodeg,False,MAR,0.3,1,GAIN,SVC,0.8587677725118483,0.8393835852366365
qsar-biodeg,False,MAR,0.3,1,NDI-F1,LR,0.8369668246445497,0.8167259706969402
qsar-biodeg,False,MAR,0.3,1,NDI-F1,KNN,0.8255924170616113,0.8105191657277665
qsar-biodeg,False,MAR,0.3,1,NDI-F1,RF,0.8369668246445497,0.8121872235493701
qsar-biodeg,False,MAR,0.3,1,NDI-F1,SVC,0.8540284360189574,0.8329248671407704
qsar-biodeg,False,MAR,0.3,1,NDI-F-noclip,LR,0.8341232227488152,0.8148162121359913
qsar-biodeg,False,MAR,0.3,1,NDI-F-noclip,KNN,0.8293838862559241,0.8118001081615007
qsar-biodeg,False,MAR,0.3,1,NDI-F-noclip,RF,0.8483412322274881,0.825677670511563
qsar-biodeg,False,MAR,0.3,1,NDI-F-noclip,SVC,0.8654028436018958,0.8454950442515325
qsar-biodeg,False,MAR,0.3,1,NDI-F,LR,0.8407582938388625,0.8218479083287716
qsar-biodeg,False,MAR,0.3,1,NDI-F,KNN,0.8284360189573459,0.8108392879269866
qsar-biodeg,False,MAR,0.3,1,NDI-F,RF,0.8492890995260665,0.8263107036040521
qsar-biodeg,False,MAR,0.3,1,NDI-F,SVC,0.8635071090047394,0.8435318651671675
qsar-biodeg,False,MAR,0.3,1,Copula-NDI-F,LR,0.8445497630331754,0.8261287131601124
qsar-biodeg,False,MAR,0.3,1,Copula-NDI-F,KNN,0.8227488151658768,0.8056799177106171
qsar-biodeg,False,MAR,0.3,1,Copula-NDI-F,RF,0.852132701421801,0.8301394135101205
qsar-biodeg,False,MAR,0.3,1,Copula-NDI-F,SVC,0.8672985781990521,0.8488020711623653
qsar-biodeg,False,MAR,0.3,2,Mean,LR,0.8492890995260662,0.8288564486354799
qsar-biodeg,False,MAR,0.3,2,Mean,KNN,0.8180094786729859,0.8023357431485284
qsar-biodeg,False,MAR,0.3,2,Mean,RF,0.8559241706161137,0.8320046837605423
qsar-biodeg,False,MAR,0.3,2,Mean,SVC,0.8578199052132701,0.8376546522232932
qsar-biodeg,False,MAR,0.3,2,NDI-0,LR,0.8473933649289099,0.8270317969420123
qsar-biodeg,False,MAR,0.3,2,NDI-0,KNN,0.8265402843601896,0.8113705415247388
qsar-biodeg,False,MAR,0.3,2,NDI-0,RF,0.8464454976303319,0.8222741011082432
qsar-biodeg,False,MAR,0.3,2,NDI-0,SVC,0.8568720379146919,0.8353319045770858
qsar-biodeg,False,MAR,0.3,2,NDI-C,LR,0.8549763033175355,0.834924972537304
qsar-biodeg,False,MAR,0.3,2,NDI-C,KNN,0.8341232227488151,0.8194615565997839
qsar-biodeg,False,MAR,0.3,2,NDI-C,RF,0.842654028436019,0.8177799629545144
qsar-biodeg,False,MAR,0.3,2,NDI-C,SVC,0.8606635071090046,0.8397090522183326
qsar-biodeg,False,MAR,0.3,2,NDI-S,LR,0.8559241706161137,0.8362856342272611
qsar-biodeg,False,MAR,0.3,2,NDI-S,KNN,0.8322274881516588,0.8177107878864934
qsar-biodeg,False,MAR,0.3,2,NDI-S,RF,0.8454976303317536,0.8209140415926601
qsar-biodeg,False,MAR,0.3,2,NDI-S,SVC,0.8616113744075828,0.8411659830183738
qsar-biodeg,False,MAR,0.3,2,GaussCM,LR,0.8492890995260662,0.8276364762090382
qsar-biodeg,False,MAR,0.3,2,GaussCM,KNN,0.8559241706161137,0.8402082805494142
qsar-biodeg,False,MAR,0.3,2,GaussCM,RF,0.8578199052132701,0.8360435506257916
qsar-biodeg,False,MAR,0.3,2,GaussCM,SVC,0.8691943127962085,0.8488188354411248
qsar-biodeg,False,MAR,0.3,2,KNN,LR,0.8483412322274881,0.8287735659412979
qsar-biodeg,False,MAR,0.3,2,KNN,KNN,0.8369668246445497,0.8188753303196614
qsar-biodeg,False,MAR,0.3,2,KNN,RF,0.8483412322274881,0.8264929461204666
qsar-biodeg,False,MAR,0.3,2,KNN,SVC,0.8635071090047394,0.8439287749498968
qsar-biodeg,False,MAR,0.3,2,MICE,LR,0.8644549763033176,0.8461408818142457
qsar-biodeg,False,MAR,0.3,2,MICE,KNN,0.852132701421801,0.8357478069443051
qsar-biodeg,False,MAR,0.3,2,MICE,RF,0.8644549763033176,0.8437745779733623
qsar-biodeg,False,MAR,0.3,2,MICE,SVC,0.8635071090047394,0.8433408688515847
qsar-biodeg,False,MAR,0.3,2,MissForest,LR,0.8654028436018958,0.8467861068187368
qsar-biodeg,False,MAR,0.3,2,MissForest,KNN,0.8483412322274881,0.8321910495983292
qsar-biodeg,False,MAR,0.3,2,MissForest,RF,0.866350710900474,0.8465506384789595
qsar-biodeg,False,MAR,0.3,2,MissForest,SVC,0.871090047393365,0.8507941031322879
qsar-biodeg,False,MAR,0.3,2,SoftImpute,LR,0.8568720379146919,0.8370474543205045
qsar-biodeg,False,MAR,0.3,2,SoftImpute,KNN,0.8398104265402843,0.8242760877906716
qsar-biodeg,False,MAR,0.3,2,SoftImpute,RF,0.8549763033175356,0.8312898240764381
qsar-biodeg,False,MAR,0.3,2,SoftImpute,SVC,0.8616113744075828,0.8404180016035369
qsar-biodeg,False,MAR,0.3,2,GAIN,LR,0.8597156398104266,0.8413541819927703
qsar-biodeg,False,MAR,0.3,2,GAIN,KNN,0.8388625592417063,0.8228879176524231
qsar-biodeg,False,MAR,0.3,2,GAIN,RF,0.8597156398104266,0.8370244749507905
qsar-biodeg,False,MAR,0.3,2,GAIN,SVC,0.8597156398104266,0.839330766623225
qsar-biodeg,False,MAR,0.3,2,NDI-F1,LR,0.852132701421801,0.8313632308881251
qsar-biodeg,False,MAR,0.3,2,NDI-F1,KNN,0.8293838862559241,0.8164230031578477
qsar-biodeg,False,MAR,0.3,2,NDI-F1,RF,0.8454976303317536,0.8211231069637052
qsar-biodeg,False,MAR,0.3,2,NDI-F1,SVC,0.8568720379146919,0.8358615252887128
qsar-biodeg,False,MAR,0.3,2,NDI-F-noclip,LR,0.8530805687203792,0.8327526554065848
qsar-biodeg,False,MAR,0.3,2,NDI-F-noclip,KNN,0.8436018957345972,0.828058406651364
qsar-biodeg,False,MAR,0.3,2,NDI-F-noclip,RF,0.8597156398104266,0.8387564960339301
qsar-biodeg,False,MAR,0.3,2,NDI-F-noclip,SVC,0.8644549763033176,0.8432990306261029
qsar-biodeg,False,MAR,0.3,2,NDI-F,LR,0.8625592417061612,0.8446168223781705
qsar-biodeg,False,MAR,0.3,2,NDI-F,KNN,0.8388625592417063,0.8229500202562207
qsar-biodeg,False,MAR,0.3,2,NDI-F,RF,0.8644549763033174,0.8440691743939951
qsar-biodeg,False,MAR,0.3,2,NDI-F,SVC,0.8644549763033176,0.8440728365536352
qsar-biodeg,False,MAR,0.3,2,Copula-NDI-F,LR,0.8616113744075828,0.8441369614260334
qsar-biodeg,False,MAR,0.3,2,Copula-NDI-F,KNN,0.842654028436019,0.8248165909203247
qsar-biodeg,False,MAR,0.3,2,Copula-NDI-F,RF,0.8559241706161137,0.8341317388334802
qsar-biodeg,False,MAR,0.3,2,Copula-NDI-F,SVC,0.8644549763033176,0.8434085911023607
qsar-biodeg,False,MNAR,0.3,0,Mean,LR,0.8189573459715641,0.7946935211976561
qsar-biodeg,False,MNAR,0.3,0,Mean,KNN,0.7990521327014217,0.7824336667863281
qsar-biodeg,False,MNAR,0.3,0,Mean,RF,0.8350710900473933,0.8102115344306997
qsar-biodeg,False,MNAR,0.3,0,Mean,SVC,0.8293838862559241,0.8038930465120693
qsar-biodeg,False,MNAR,0.3,0,NDI-0,LR,0.837914691943128,0.8163372180384645
qsar-biodeg,False,MNAR,0.3,0,NDI-0,KNN,0.7990521327014218,0.7832510557806744
qsar-biodeg,False,MNAR,0.3,0,NDI-0,RF,0.8303317535545023,0.8032934490116984
qsar-biodeg,False,MNAR,0.3,0,NDI-0,SVC,0.8445497630331753,0.8221485099028352
qsar-biodeg,False,MNAR,0.3,0,NDI-C,LR,0.8322274881516588,0.8095247721995662
qsar-biodeg,False,MNAR,0.3,0,NDI-C,KNN,0.8350710900473933,0.818662253332324
qsar-biodeg,False,MNAR,0.3,0,NDI-C,RF,0.8322274881516588,0.8064820746901663
qsar-biodeg,False,MNAR,0.3,0,NDI-C,SVC,0.8445497630331753,0.8222984610549668
qsar-biodeg,False,MNAR,0.3,0,NDI-S,LR,0.8341232227488152,0.8113934847796689
qsar-biodeg,False,MNAR,0.3,0,NDI-S,KNN,0.823696682464455,0.807361397457187
qsar-biodeg,False,MNAR,0.3,0,NDI-S,RF,0.8369668246445497,0.8119720046710454
qsar-biodeg,False,MNAR,0.3,0,NDI-S,SVC,0.837914691943128,0.8145848886520494
qsar-biodeg,False,MNAR,0.3,0,GaussCM,LR,0.8360189573459715,0.8138956995729159
qsar-biodeg,False,MNAR,0.3,0,GaussCM,KNN,0.8284360189573461,0.812972695701184
qsar-biodeg,False,MNAR,0.3,0,GaussCM,RF,0.8445497630331754,0.8194576784215529
qsar-biodeg,False,MNAR,0.3,0,GaussCM,SVC,0.8625592417061612,0.8423737776842547
qsar-biodeg,False,MNAR,0.3,0,KNN,LR,0.8436018957345972,0.8221994851467747
qsar-biodeg,False,MNAR,0.3,0,KNN,KNN,0.8417061611374408,0.8242213428140038
qsar-biodeg,False,MNAR,0.3,0,KNN,RF,0.8502369668246444,0.8270696227080006
qsar-biodeg,False,MNAR,0.3,0,KNN,SVC,0.8559241706161137,0.835080579046458
qsar-biodeg,False,MNAR,0.3,0,MICE,LR,0.8322274881516588,0.8103523585651174
qsar-biodeg,False,MNAR,0.3,0,MICE,KNN,0.8464454976303319,0.8312404780124728
qsar-biodeg,False,MNAR,0.3,0,MICE,RF,0.8597156398104264,0.8389943522376437
qsar-biodeg,False,MNAR,0.3,0,MICE,SVC,0.8663507109004739,0.8473773988026767
qsar-biodeg,False,MNAR,0.3,0,MissForest,LR,0.8606635071090046,0.8429225191634966
qsar-biodeg,False,MNAR,0.3,0,MissForest,KNN,0.8606635071090046,0.8446289545681939
qsar-biodeg,False,MNAR,0.3,0,MissForest,RF,0.8597156398104266,0.837989985595294
qsar-biodeg,False,MNAR,0.3,0,MissForest,SVC,0.871090047393365,0.8525723894825727
qsar-biodeg,False,MNAR,0.3,0,SoftImpute,LR,0.833175355450237,0.8120417239753357
qsar-biodeg,False,MNAR,0.3,0,SoftImpute,KNN,0.8369668246445497,0.8204860076759161
qsar-biodeg,False,MNAR,0.3,0,SoftImpute,RF,0.8464454976303317,0.8224038757207625
qsar-biodeg,False,MNAR,0.3,0,SoftImpute,SVC,0.8473933649289099,0.8244929573941171
qsar-biodeg,False,MNAR,0.3,0,GAIN,LR,0.8502369668246444,0.8310895208955044
qsar-biodeg,False,MNAR,0.3,0,GAIN,KNN,0.8199052132701421,0.8011288694904998
qsar-biodeg,False,MNAR,0.3,0,GAIN,RF,0.838862559241706,0.8141765961403656
qsar-biodeg,False,MNAR,0.3,0,GAIN,SVC,0.8492890995260665,0.8280434695979071
qsar-biodeg,False,MNAR,0.3,0,NDI-F1,LR,0.8274881516587678,0.8031975442551754
qsar-biodeg,False,MNAR,0.3,0,NDI-F1,KNN,0.8151658767772512,0.799803914409253
qsar-biodeg,False,MNAR,0.3,0,NDI-F1,RF,0.8293838862559241,0.8030901664372992
qsar-biodeg,False,MNAR,0.3,0,NDI-F1,SVC,0.8350710900473933,0.810951241135348
qsar-biodeg,False,MNAR,0.3,0,NDI-F-noclip,LR,0.8293838862559241,0.8065021934474981
qsar-biodeg,False,MNAR,0.3,0,NDI-F-noclip,KNN,0.842654028436019,0.824865822436084
qsar-biodeg,False,MNAR,0.3,0,NDI-F-noclip,RF,0.8492890995260665,0.826162585437206
qsar-biodeg,False,MNAR,0.3,0,NDI-F-noclip,SVC,0.8502369668246447,0.8286825757903541
qsar-biodeg,False,MNAR,0.3,0,NDI-F,LR,0.8445497630331753,0.8244050726930137
qsar-biodeg,False,MNAR,0.3,0,NDI-F,KNN,0.837914691943128,0.8200423810912459
qsar-biodeg,False,MNAR,0.3,0,NDI-F,RF,0.8492890995260662,0.8245033835353487
qsar-biodeg,False,MNAR,0.3,0,NDI-F,SVC,0.852132701421801,0.8308254886925825
qsar-biodeg,False,MNAR,0.3,0,Copula-NDI-F,LR,0.8502369668246447,0.8310459348618655
qsar-biodeg,False,MNAR,0.3,0,Copula-NDI-F,KNN,0.8436018957345972,0.8262601719789482
qsar-biodeg,False,MNAR,0.3,0,Copula-NDI-F,RF,0.852132701421801,0.8287800261569112
qsar-biodeg,False,MNAR,0.3,0,Copula-NDI-F,SVC,0.8635071090047394,0.8440282334640454
qsar-biodeg,False,MNAR,0.3,0,MIWAE,LR,0.8578199052132701,0.838903197394365
qsar-biodeg,False,MNAR,0.3,0,MIWAE,KNN,0.8360189573459718,0.8204378909810284
qsar-biodeg,False,MNAR,0.3,0,MIWAE,RF,0.8417061611374408,0.816845586168173
qsar-biodeg,False,MNAR,0.3,0,MIWAE,SVC,0.8530805687203792,0.8304363177350711
qsar-biodeg,False,MNAR,0.3,0,Sinkhorn,LR,0.8625592417061612,0.8460416808881345
qsar-biodeg,False,MNAR,0.3,0,Sinkhorn,KNN,0.8511848341232227,0.8328555015440997
qsar-biodeg,False,MNAR,0.3,0,Sinkhorn,RF,0.8597156398104266,0.8393592867455887
qsar-biodeg,False,MNAR,0.3,0,Sinkhorn,SVC,0.8644549763033176,0.8446074230441984
qsar-biodeg,False,MNAR,0.3,0,ReMasker,LR,0.838862559241706,0.8170109715369147
qsar-biodeg,False,MNAR,0.3,0,ReMasker,KNN,0.8369668246445497,0.8189953276532904
qsar-biodeg,False,MNAR,0.3,0,ReMasker,RF,0.8454976303317536,0.8218900842125765
qsar-biodeg,False,MNAR,0.3,0,ReMasker,SVC,0.8540284360189574,0.8342893508510375
qsar-biodeg,False,MNAR,0.3,1,Mean,LR,0.8312796208530806,0.8083535216533043
qsar-biodeg,False,MNAR,0.3,1,Mean,KNN,0.8170616113744075,0.7986911586321713
qsar-biodeg,False,MNAR,0.3,1,Mean,RF,0.8341232227488152,0.807266621414616
qsar-biodeg,False,MNAR,0.3,1,Mean,SVC,0.8540284360189572,0.8329579988417143
qsar-biodeg,False,MNAR,0.3,1,NDI-0,LR,0.8483412322274881,0.8286910479525277
qsar-biodeg,False,MNAR,0.3,1,NDI-0,KNN,0.8113744075829384,0.7952788331474443
qsar-biodeg,False,MNAR,0.3,1,NDI-0,RF,0.838862559241706,0.8113350303249802
qsar-biodeg,False,MNAR,0.3,1,NDI-0,SVC,0.8464454976303317,0.823746903742047
qsar-biodeg,False,MNAR,0.3,1,NDI-C,LR,0.833175355450237,0.8123602771853442
qsar-biodeg,False,MNAR,0.3,1,NDI-C,KNN,0.8284360189573461,0.8120874750887765
qsar-biodeg,False,MNAR,0.3,1,NDI-C,RF,0.8417061611374408,0.8157560923186145
qsar-biodeg,False,MNAR,0.3,1,NDI-C,SVC,0.8549763033175355,0.833956913023467
qsar-biodeg,False,MNAR,0.3,1,NDI-S,LR,0.8322274881516588,0.8115218895268658
qsar-biodeg,False,MNAR,0.3,1,NDI-S,KNN,0.8360189573459715,0.8199685420468675
qsar-biodeg,False,MNAR,0.3,1,NDI-S,RF,0.8549763033175356,0.8304416026926287
qsar-biodeg,False,MNAR,0.3,1,NDI-S,SVC,0.852132701421801,0.830032400008178
qsar-biodeg,False,MNAR,0.3,1,GaussCM,LR,0.842654028436019,0.8227657125218168
qsar-biodeg,False,MNAR,0.3,1,GaussCM,KNN,0.8407582938388625,0.8254907736427105
qsar-biodeg,False,MNAR,0.3,1,GaussCM,RF,0.8502369668246447,0.825031935854002
qsar-biodeg,False,MNAR,0.3,1,GaussCM,SVC,0.871090047393365,0.8520805891275398
qsar-biodeg,False,MNAR,0.3,1,KNN,LR,0.837914691943128,0.816028970332422
qsar-biodeg,False,MNAR,0.3,1,KNN,KNN,0.8274881516587678,0.8129820642302983
qsar-biodeg,False,MNAR,0.3,1,KNN,RF,0.8530805687203792,0.8291116868920133
qsar-biodeg,False,MNAR,0.3,1,KNN,SVC,0.8559241706161137,0.8345949775848716
qsar-biodeg,False,MNAR,0.3,1,MICE,LR,0.8445497630331754,0.8223902931742749
qsar-biodeg,False,MNAR,0.3,1,MICE,KNN,0.8521327014218011,0.8347593983250168
qsar-biodeg,False,MNAR,0.3,1,MICE,RF,0.8568720379146921,0.8332548986838131
qsar-biodeg,False,MNAR,0.3,1,MICE,SVC,0.8644549763033176,0.8440865091567165
qsar-biodeg,False,MNAR,0.3,1,MissForest,LR,0.8473933649289099,0.827569803110942
qsar-biodeg,False,MNAR,0.3,1,MissForest,KNN,0.8464454976303317,0.8294485359032178
qsar-biodeg,False,MNAR,0.3,1,MissForest,RF,0.8578199052132701,0.8364317533890496
qsar-biodeg,False,MNAR,0.3,1,MissForest,SVC,0.8682464454976303,0.8482692039828011
qsar-biodeg,False,MNAR,0.3,1,SoftImpute,LR,0.8445497630331754,0.8252634550115129
qsar-biodeg,False,MNAR,0.3,1,SoftImpute,KNN,0.8502369668246444,0.8337897259631086
qsar-biodeg,False,MNAR,0.3,1,SoftImpute,RF,0.852132701421801,0.8271890407895117
qsar-biodeg,False,MNAR,0.3,1,SoftImpute,SVC,0.8635071090047394,0.8431646506519851
qsar-biodeg,False,MNAR,0.3,1,GAIN,LR,0.8417061611374408,0.8214518647829179
qsar-biodeg,False,MNAR,0.3,1,GAIN,KNN,0.8303317535545023,0.813674905319013
qsar-biodeg,False,MNAR,0.3,1,GAIN,RF,0.8540284360189574,0.8303356009885634
qsar-biodeg,False,MNAR,0.3,1,GAIN,SVC,0.8568720379146919,0.8344775762118204
qsar-biodeg,False,MNAR,0.3,1,NDI-F1,LR,0.8312796208530806,0.8093176380840055
qsar-biodeg,False,MNAR,0.3,1,NDI-F1,KNN,0.8274881516587678,0.8130895257328007
qsar-biodeg,False,MNAR,0.3,1,NDI-F1,RF,0.842654028436019,0.8176433964135956
qsar-biodeg,False,MNAR,0.3,1,NDI-F1,SVC,0.848341232227488,0.8264926182054744
qsar-biodeg,False,MNAR,0.3,1,NDI-F-noclip,LR,0.842654028436019,0.823101603968318
qsar-biodeg,False,MNAR,0.3,1,NDI-F-noclip,KNN,0.833175355450237,0.8153708555837913
qsar-biodeg,False,MNAR,0.3,1,NDI-F-noclip,RF,0.8578199052132701,0.832960262453988
qsar-biodeg,False,MNAR,0.3,1,NDI-F-noclip,SVC,0.8606635071090046,0.839407385663869
qsar-biodeg,False,MNAR,0.3,1,NDI-F,LR,0.8464454976303317,0.826841398263432
qsar-biodeg,False,MNAR,0.3,1,NDI-F,KNN,0.833175355450237,0.8155593635332072
qsar-biodeg,False,MNAR,0.3,1,NDI-F,RF,0.8578199052132701,0.8341393784360408
qsar-biodeg,False,MNAR,0.3,1,NDI-F,SVC,0.8616113744075828,0.8412857670822012
qsar-biodeg,False,MNAR,0.3,1,Copula-NDI-F,LR,0.852132701421801,0.8337640191886996
qsar-biodeg,False,MNAR,0.3,1,Copula-NDI-F,KNN,0.8350710900473933,0.818036878936842
qsar-biodeg,False,MNAR,0.3,1,Copula-NDI-F,RF,0.8483412322274881,0.824965128900079
qsar-biodeg,False,MNAR,0.3,1,Copula-NDI-F,SVC,0.8540284360189572,0.8314004896115712
qsar-biodeg,False,MNAR,0.3,2,Mean,LR,0.8303317535545023,0.8082171621496779
qsar-biodeg,False,MNAR,0.3,2,Mean,KNN,0.8303317535545023,0.8144418179492755
qsar-biodeg,False,MNAR,0.3,2,Mean,RF,0.8502369668246444,0.8247421419290621
qsar-biodeg,False,MNAR,0.3,2,Mean,SVC,0.8445497630331754,0.8226538627400091
qsar-biodeg,False,MNAR,0.3,2,NDI-0,LR,0.8369668246445497,0.8161993126147365
qsar-biodeg,False,MNAR,0.3,2,NDI-0,KNN,0.8350710900473933,0.819311870889916
qsar-biodeg,False,MNAR,0.3,2,NDI-0,RF,0.8350710900473933,0.8083837629496538
qsar-biodeg,False,MNAR,0.3,2,NDI-0,SVC,0.8502369668246444,0.8285886304569392
qsar-biodeg,False,MNAR,0.3,2,NDI-C,LR,0.8436018957345972,0.8222554420108803
qsar-biodeg,False,MNAR,0.3,2,NDI-C,KNN,0.8322274881516588,0.8164485641345282
qsar-biodeg,False,MNAR,0.3,2,NDI-C,RF,0.8502369668246447,0.8264260807573193
qsar-biodeg,False,MNAR,0.3,2,NDI-C,SVC,0.8530805687203792,0.8308142762424835
qsar-biodeg,False,MNAR,0.3,2,NDI-S,LR,0.8417061611374408,0.8203376255905418
qsar-biodeg,False,MNAR,0.3,2,NDI-S,KNN,0.8350710900473933,0.8199771388084172
qsar-biodeg,False,MNAR,0.3,2,NDI-S,RF,0.8398104265402843,0.8130903844912079
qsar-biodeg,False,MNAR,0.3,2,NDI-S,SVC,0.8578199052132701,0.8360906619243114
qsar-biodeg,False,MNAR,0.3,2,GaussCM,LR,0.8502369668246447,0.8290205668669473
qsar-biodeg,False,MNAR,0.3,2,GaussCM,KNN,0.8293838862559243,0.8135331326177002
qsar-biodeg,False,MNAR,0.3,2,GaussCM,RF,0.848341232227488,0.8225481210447263
qsar-biodeg,False,MNAR,0.3,2,GaussCM,SVC,0.8559241706161138,0.834043351384976
qsar-biodeg,False,MNAR,0.3,2,KNN,LR,0.8587677725118483,0.8385375754125173
qsar-biodeg,False,MNAR,0.3,2,KNN,KNN,0.8436018957345972,0.8301457229771296
qsar-biodeg,False,MNAR,0.3,2,KNN,RF,0.852132701421801,0.8283384992000465
qsar-biodeg,False,MNAR,0.3,2,KNN,SVC,0.8682464454976303,0.8481596567390628
qsar-biodeg,False,MNAR,0.3,2,MICE,LR,0.8511848341232227,0.832146604611707
qsar-biodeg,False,MNAR,0.3,2,MICE,KNN,0.8502369668246447,0.8350618240182124
qsar-biodeg,False,MNAR,0.3,2,MICE,RF,0.8597156398104264,0.8366122853210995
qsar-biodeg,False,MNAR,0.3,2,MICE,SVC,0.8691943127962085,0.8500277512865348
qsar-biodeg,False,MNAR,0.3,2,MissForest,LR,0.852132701421801,0.8345986738655485
qsar-biodeg,False,MNAR,0.3,2,MissForest,KNN,0.8492890995260665,0.8331031070331685
qsar-biodeg,False,MNAR,0.3,2,MissForest,RF,0.8568720379146919,0.8341569488522254
qsar-biodeg,False,MNAR,0.3,2,MissForest,SVC,0.8568720379146919,0.8369298037886107
qsar-biodeg,False,MNAR,0.3,2,SoftImpute,LR,0.8436018957345972,0.8230326239804813
qsar-biodeg,False,MNAR,0.3,2,SoftImpute,KNN,0.8398104265402845,0.8254062174949037
qsar-biodeg,False,MNAR,0.3,2,SoftImpute,RF,0.8568720379146919,0.8327478051286047
qsar-biodeg,False,MNAR,0.3,2,SoftImpute,SVC,0.8644549763033176,0.8443115849383475
qsar-biodeg,False,MNAR,0.3,2,GAIN,LR,0.8473933649289099,0.8288765902663325
qsar-biodeg,False,MNAR,0.3,2,GAIN,KNN,0.8388625592417063,0.8237745187484304
qsar-biodeg,False,MNAR,0.3,2,GAIN,RF,0.8483412322274881,0.8235142758313927
qsar-biodeg,False,MNAR,0.3,2,GAIN,SVC,0.872037914691943,0.854066585889945
qsar-biodeg,False,MNAR,0.3,2,NDI-F1,LR,0.8473933649289099,0.826337800890751
qsar-biodeg,False,MNAR,0.3,2,NDI-F1,KNN,0.8274881516587678,0.8114022081337573
qsar-biodeg,False,MNAR,0.3,2,NDI-F1,RF,0.8492890995260665,0.8242657850917752
qsar-biodeg,False,MNAR,0.3,2,NDI-F1,SVC,0.8549763033175355,0.8333219151748832
qsar-biodeg,False,MNAR,0.3,2,NDI-F-noclip,LR,0.8454976303317535,0.8252694073849796
qsar-biodeg,False,MNAR,0.3,2,NDI-F-noclip,KNN,0.8322274881516588,0.8167283718720644
qsar-biodeg,False,MNAR,0.3,2,NDI-F-noclip,RF,0.8559241706161137,0.8325332857164156
qsar-biodeg,False,MNAR,0.3,2,NDI-F-noclip,SVC,0.8625592417061612,0.8417860042028777
qsar-biodeg,False,MNAR,0.3,2,NDI-F,LR,0.8492890995260665,0.8292507570288619
qsar-biodeg,False,MNAR,0.3,2,NDI-F,KNN,0.8483412322274881,0.8338685478039329
qsar-biodeg,False,MNAR,0.3,2,NDI-F,RF,0.8530805687203792,0.8275258178867284
qsar-biodeg,False,MNAR,0.3,2,NDI-F,SVC,0.8720379146919433,0.8531952977164072
qsar-biodeg,False,MNAR,0.3,2,Copula-NDI-F,LR,0.8540284360189574,0.8347900692382499
qsar-biodeg,False,MNAR,0.3,2,Copula-NDI-F,KNN,0.8417061611374408,0.8263043023060627
qsar-biodeg,False,MNAR,0.3,2,Copula-NDI-F,RF,0.8606635071090046,0.8385882736248622
qsar-biodeg,False,MNAR,0.3,2,Copula-NDI-F,SVC,0.8597156398104266,0.8403798374667533
wine-quality-red,False,MCAR,0.3,0,Mean,LR,0.5565830721003134,0.2553377980905649
wine-quality-red,False,MCAR,0.3,0,Mean,KNN,0.5309541536050156,0.2361790487663213
wine-quality-red,False,MCAR,0.3,0,Mean,RF,0.5728761755485893,0.2554186165343508
wine-quality-red,False,MCAR,0.3,0,Mean,SVC,0.5841007053291536,0.2496545030358564
wine-quality-red,False,MCAR,0.3,0,NDI-0,LR,0.5490693573667712,0.24596963547422632
wine-quality-red,False,MCAR,0.3,0,NDI-0,KNN,0.5222080721003135,0.2309459801779512
wine-quality-red,False,MCAR,0.3,0,NDI-0,RF,0.5872570532915361,0.25966797945339415
wine-quality-red,False,MCAR,0.3,0,NDI-0,SVC,0.5741105015673982,0.24078133700151944
wine-quality-red,False,MCAR,0.3,0,NDI-C,LR,0.5622100313479624,0.28500798453683907
wine-quality-red,False,MCAR,0.3,0,NDI-C,KNN,0.539717868338558,0.25204186408187046
wine-quality-red,False,MCAR,0.3,0,NDI-C,RF,0.5916359717868338,0.27211982921725236
wine-quality-red,False,MCAR,0.3,0,NDI-C,SVC,0.5891085423197493,0.26254120234039785
wine-quality-red,False,MCAR,0.3,0,NDI-S,LR,0.5590811128526646,0.26349017881044834
wine-quality-red,False,MCAR,0.3,0,NDI-S,KNN,0.5353448275862069,0.2513179794952622
wine-quality-red,False,MCAR,0.3,0,NDI-S,RF,0.5866222570532915,0.2709483052385988
wine-quality-red,False,MCAR,0.3,0,NDI-S,SVC,0.590360501567398,0.2604173598618394
wine-quality-red,False,MCAR,0.3,0,GaussCM,LR,0.56282131661442,0.26306512492096257
wine-quality-red,False,MCAR,0.3,0,GaussCM,KNN,0.5415889498432602,0.2513534650561119
wine-quality-red,False,MCAR,0.3,0,GaussCM,RF,0.5866183385579937,0.2652498827272263
wine-quality-red,False,MCAR,0.3,0,GaussCM,SVC,0.5897433385579938,0.26202451364851514
wine-quality-red,False,MCAR,0.3,0,KNN,LR,0.558467868338558,0.2628704624356498
wine-quality-red,False,MCAR,0.3,0,KNN,KNN,0.5465987460815047,0.253089534129848
wine-quality-red,False,MCAR,0.3,0,KNN,RF,0.5816046238244514,0.26456387406313386
wine-quality-red,False,MCAR,0.3,0,KNN,SVC,0.5753507053291536,0.25026869898694815
wine-quality-red,False,MCAR,0.3,0,MICE,LR,0.5646963166144201,0.2624976009608435
wine-quality-red,False,MCAR,0.3,0,MICE,KNN,0.5409521943573667,0.24778301283872523
wine-quality-red,False,MCAR,0.3,0,MICE,RF,0.5834855015673981,0.2642007568072785
wine-quality-red,False,MCAR,0.3,0,MICE,SVC,0.5828467868338558,0.25992664150248523
wine-quality-red,False,MCAR,0.3,0,MissForest,LR,0.5828585423197492,0.29881496136477587
wine-quality-red,False,MCAR,0.3,0,MissForest,KNN,0.568487460815047,0.2717902635034385
wine-quality-red,False,MCAR,0.3,0,MissForest,RF,0.6116359717868338,0.28547811246038646
wine-quality-red,False,MCAR,0.3,0,MissForest,SVC,0.601007053291536,0.26828749417473396
wine-quality-red,False,MCAR,0.3,0,SoftImpute,LR,0.5647021943573668,0.26605516389472206
wine-quality-red,False,MCAR,0.3,0,SoftImpute,KNN,0.5447237460815046,0.2522413701447125
wine-quality-red,False,MCAR,0.3,0,SoftImpute,RF,0.6028702978056426,0.2753661308142459
wine-quality-red,False,MCAR,0.3,0,SoftImpute,SVC,0.5872335423197492,0.25692072691240314
wine-quality-red,False,MCAR,0.3,0,GAIN,LR,0.5615909090909091,0.2550491646977234
wine-quality-red,False,MCAR,0.3,0,GAIN,KNN,0.5190869905956114,0.23519535248678416
wine-quality-red,False,MCAR,0.3,0,GAIN,RF,0.5766085423197492,0.26029137296129534
wine-quality-red,False,MCAR,0.3,0,GAIN,SVC,0.5791007053291535,0.252392523326678
wine-quality-red,False,MCAR,0.3,0,NDI-F1,LR,0.5584619905956113,0.2638754671247133
wine-quality-red,False,MCAR,0.3,0,NDI-F1,KNN,0.5303232758620691,0.23860513623289523
wine-quality-red,False,MCAR,0.3,0,NDI-F1,RF,0.5809874608150472,0.2589022175806487
wine-quality-red,False,MCAR,0.3,0,NDI-F1,SVC,0.5878585423197492,0.24952973024440067
wine-quality-red,False,MCAR,0.3,0,NDI-F-noclip,LR,0.5565811128526645,0.2599639329333737
wine-quality-red,False,MCAR,0.3,0,NDI-F-noclip,KNN,0.5334521943573668,0.25668237843517827
wine-quality-red,False,MCAR,0.3,0,NDI-F-noclip,RF,0.5935050940438871,0.2725442599948142
wine-quality-red,False,MCAR,0.3,0,NDI-F-noclip,SVC,0.5953683385579938,0.26767782955002817
wine-quality-red,False,MCAR,0.3,0,NDI-F,LR,0.5572061128526646,0.2651349352736924
wine-quality-red,False,MCAR,0.3,0,NDI-F,KNN,0.5353291536050157,0.257304363288147
wine-quality-red,False,MCAR,0.3,0,NDI-F,RF,0.5941320532915361,0.27117070557594175
wine-quality-red,False,MCAR,0.3,0,NDI-F,SVC,0.5953683385579938,0.26766857177489045
wine-quality-red,False,MCAR,0.3,0,Copula-NDI-F,LR,0.5597159090909091,0.26092751758200317
wine-quality-red,False,MCAR,0.3,0,Copula-NDI-F,KNN,0.5365967868338558,0.25429361375944703
wine-quality-red,False,MCAR,0.3,0,Copula-NDI-F,RF,0.596007053291536,0.276346453575022
wine-quality-red,False,MCAR,0.3,0,Copula-NDI-F,SVC,0.5828683385579938,0.25164248272777645
wine-quality-red,False,MCAR,0.3,0,MIWAE,LR,0.5678271943573667,0.26836698006483933
wine-quality-red,False,MCAR,0.3,0,MIWAE,KNN,0.541590909090909,0.2533174229065611
wine-quality-red,False,MCAR,0.3,0,MIWAE,RF,0.6078781347962383,0.2877723678845337
wine-quality-red,False,MCAR,0.3,0,MIWAE,SVC,0.6009992163009404,0.2710013361293457
wine-quality-red,False,MCAR,0.3,0,Sinkhorn,LR,0.5697119905956114,0.2745639552187715
wine-quality-red,False,MCAR,0.3,0,Sinkhorn,KNN,0.5522276645768025,0.26805422345829577
wine-quality-red,False,MCAR,0.3,0,Sinkhorn,RF,0.6116418495297806,0.2863419957644602
wine-quality-red,False,MCAR,0.3,0,Sinkhorn,SVC,0.5878467868338559,0.2601968569061369
wine-quality-red,False,MCAR,0.3,0,HyperImpute,LR,0.5866144200626959,0.27994227940961014
wine-quality-red,False,MCAR,0.3,0,HyperImpute,KNN,0.5491026645768025,0.268635577970788
wine-quality-red,False,MCAR,0.3,0,HyperImpute,RF,0.6091555642633228,0.2876407112583932
wine-quality-red,False,MCAR,0.3,0,HyperImpute,SVC,0.6060129310344827,0.2715298179075149
wine-quality-red,False,MCAR,0.3,0,ReMasker,LR,0.575967868338558,0.2852320639357634
wine-quality-red,False,MCAR,0.3,0,ReMasker,KNN,0.5328467868338558,0.24828725812578498
wine-quality-red,False,MCAR,0.3,0,ReMasker,RF,0.6022472570532915,0.27966014895682123
wine-quality-red,False,MCAR,0.3,0,ReMasker,SVC,0.5997452978056426,0.2665155609274799
wine-quality-red,False,MCAR,0.3,1,Mean,LR,0.5441007053291536,0.23795876904180108
wine-quality-red,False,MCAR,0.3,1,Mean,KNN,0.5390948275862069,0.2365709386669567
wine-quality-red,False,MCAR,0.3,1,Mean,RF,0.590991379310345,0.2689033846870615
wine-quality-red,False,MCAR,0.3,1,Mean,SVC,0.5653742163009405,0.2345208443819272
wine-quality-red,False,MCAR,0.3,1,NDI-0,LR,0.5384757053291536,0.2297202326418975
wine-quality-red,False,MCAR,0.3,1,NDI-0,KNN,0.5209580721003134,0.2270408404278029
wine-quality-red,False,MCAR,0.3,1,NDI-0,RF,0.5791124608150471,0.25959514239690035
wine-quality-red,False,MCAR,0.3,1,NDI-0,SVC,0.5659776645768024,0.21200656835961168
wine-quality-red,False,MCAR,0.3,1,NDI-C,LR,0.5653800940438871,0.2705637304991975
wine-quality-red,False,MCAR,0.3,1,NDI-C,KNN,0.5528585423197492,0.25806817432322715
wine-quality-red,False,MCAR,0.3,1,NDI-C,RF,0.5885070532915361,0.269420864946453
wine-quality-red,False,MCAR,0.3,1,NDI-C,SVC,0.5872688087774295,0.2551395364549064
wine-quality-red,False,MCAR,0.3,1,NDI-S,LR,0.559741379310345,0.2658611143926135
wine-quality-red,False,MCAR,0.3,1,NDI-S,KNN,0.5516046238244513,0.25567591161954506
wine-quality-red,False,MCAR,0.3,1,NDI-S,RF,0.5922590125391849,0.2687940435637375
wine-quality-red,False,MCAR,0.3,1,NDI-S,SVC,0.5841300940438872,0.24965278785647244
wine-quality-red,False,MCAR,0.3,1,GaussCM,LR,0.5728938087774295,0.25160765925643397
wine-quality-red,False,MCAR,0.3,1,GaussCM,KNN,0.5578761755485894,0.26073297588252276
wine-quality-red,False,MCAR,0.3,1,GaussCM,RF,0.5878800940438871,0.27040883947090616
wine-quality-red,False,MCAR,0.3,1,GaussCM,SVC,0.5929094827586207,0.26426383582021307
wine-quality-red,False,MCAR,0.3,1,KNN,LR,0.5503546238244514,0.2462627958965867
wine-quality-red,False,MCAR,0.3,1,KNN,KNN,0.5472413793103448,0.25556619165688466
wine-quality-red,False,MCAR,0.3,1,KNN,RF,0.5847492163009405,0.2682924180732883
wine-quality-red,False,MCAR,0.3,1,KNN,SVC,0.5572237460815048,0.23645878595432754
wine-quality-red,False,MCAR,0.3,1,MICE,LR,0.5628702978056426,0.24406944708302847
wine-quality-red,False,MCAR,0.3,1,MICE,KNN,0.5516222570532916,0.25998504112576815
wine-quality-red,False,MCAR,0.3,1,MICE,RF,0.5960188087774295,0.27578665001489705
wine-quality-red,False,MCAR,0.3,1,MICE,SVC,0.5966575235109717,0.26680692400176514
wine-quality-red,False,MCAR,0.3,1,MissForest,LR,0.5785148902821315,0.28607085878503496
wine-quality-red,False,MCAR,0.3,1,MissForest,KNN,0.5678663793103448,0.26547909802185277
wine-quality-red,False,MCAR,0.3,1,MissForest,RF,0.6079055642633229,0.2866898731112501
wine-quality-red,False,MCAR,0.3,1,MissForest,SVC,0.5860129310344828,0.25831480976690135
wine-quality-red,False,MCAR,0.3,1,SoftImpute,LR,0.5634972570532915,0.24647639609183863
wine-quality-red,False,MCAR,0.3,1,SoftImpute,KNN,0.5484541536050157,0.2545499411699011
wine-quality-red,False,MCAR,0.3,1,SoftImpute,RF,0.5953840125391849,0.2745392378580054
wine-quality-red,False,MCAR,0.3,1,SoftImpute,SVC,0.5897648902821316,0.25706445299445635
wine-quality-red,False,MCAR,0.3,1,GAIN,LR,0.5647472570532915,0.2651043471916338
wine-quality-red,False,MCAR,0.3,1,GAIN,KNN,0.5347021943573667,0.251781577826488
wine-quality-red,False,MCAR,0.3,1,GAIN,RF,0.5972550940438871,0.2779952590081972
wine-quality-red,False,MCAR,0.3,1,GAIN,SVC,0.5822609717868338,0.24795611327879769
wine-quality-red,False,MCAR,0.3,1,NDI-F1,LR,0.5603761755485894,0.26521852448814653
wine-quality-red,False,MCAR,0.3,1,NDI-F1,KNN,0.5422198275862069,0.23937904761298548
wine-quality-red,False,MCAR,0.3,1,NDI-F1,RF,0.5922492163009404,0.2639091484086121
wine-quality-red,False,MCAR,0.3,1,NDI-F1,SVC,0.5728722570532915,0.2264542173185191
wine-quality-red,False,MCAR,0.3,1,NDI-F-noclip,LR,0.5685109717868339,0.27573844382420526
wine-quality-red,False,MCAR,0.3,1,NDI-F-noclip,KNN,0.5534815830721003,0.26428499372560466
wine-quality-red,False,MCAR,0.3,1,NDI-F-noclip,RF,0.5947746865203761,0.2810918278190866
wine-quality-red,False,MCAR,0.3,1,NDI-F-noclip,SVC,0.5847668495297806,0.2547839084076092
wine-quality-red,False,MCAR,0.3,1,NDI-F,LR,0.5697609717868338,0.2762213150045941
wine-quality-red,False,MCAR,0.3,1,NDI-F,KNN,0.5559835423197492,0.2661575145713509
wine-quality-red,False,MCAR,0.3,1,NDI-F,RF,0.5891477272727272,0.269156203844756
wine-quality-red,False,MCAR,0.3,1,NDI-F,SVC,0.5860168495297807,0.2561889810701438
wine-quality-red,False,MCAR,0.3,1,Copula-NDI-F,LR,0.576632053291536,0.27596618957681873
wine-quality-red,False,MCAR,0.3,1,Copula-NDI-F,KNN,0.5515987460815047,0.2582257912069876
wine-quality-red,False,MCAR,0.3,1,Copula-NDI-F,RF,0.5941202978056426,0.27976972594142807
wine-quality-red,False,MCAR,0.3,1,Copula-NDI-F,SVC,0.5872707680250784,0.2598504499801041
wine-quality-red,False,MCAR,0.3,2,Mean,LR,0.5634678683385579,0.27334810211157706
wine-quality-red,False,MCAR,0.3,2,Mean,KNN,0.5090732758620689,0.23482055696168275
wine-quality-red,False,MCAR,0.3,2,Mean,RF,0.5897452978056427,0.2670914422221471
wine-quality-red,False,MCAR,0.3,2,Mean,SVC,0.5822394200626959,0.24596901966856083
wine-quality-red,False,MCAR,0.3,2,NDI-0,LR,0.5665948275862069,0.29175960607799195
wine-quality-red,False,MCAR,0.3,2,NDI-0,KNN,0.5078036833855799,0.22585178797587324
wine-quality-red,False,MCAR,0.3,2,NDI-0,RF,0.5766007053291536,0.25473370084020475
wine-quality-red,False,MCAR,0.3,2,NDI-0,SVC,0.5772355015673981,0.24554179933252676
wine-quality-red,False,MCAR,0.3,2,NDI-C,LR,0.5753507053291536,0.2846870638820593
wine-quality-red,False,MCAR,0.3,2,NDI-C,KNN,0.5334580721003135,0.2520989129027893
wine-quality-red,False,MCAR,0.3,2,NDI-C,RF,0.5822296238244513,0.26191598201762656
wine-quality-red,False,MCAR,0.3,2,NDI-C,SVC,0.589737460815047,0.25894047769453565
wine-quality-red,False,MCAR,0.3,2,NDI-S,LR,0.5703526645768024,0.3002078036274779
wine-quality-red,False,MCAR,0.3,2,NDI-S,KNN,0.5272061128526646,0.2451720930499896
wine-quality-red,False,MCAR,0.3,2,NDI-S,RF,0.5903683385579936,0.26697673013737516
wine-quality-red,False,MCAR,0.3,2,NDI-S,SVC,0.590991379310345,0.2649150858443419
wine-quality-red,False,MCAR,0.3,2,GaussCM,LR,0.5659737460815047,0.28059631380939404
wine-quality-red,False,MCAR,0.3,2,GaussCM,KNN,0.5459698275862068,0.25962954455854453
wine-quality-red,False,MCAR,0.3,2,GaussCM,RF,0.5834796238244515,0.26537179907496644
wine-quality-red,False,MCAR,0.3,2,GaussCM,SVC,0.5947472570532915,0.2663161834360054
wine-quality-red,False,MCAR,0.3,2,KNN,LR,0.5678467868338558,0.30067250170203563
wine-quality-red,False,MCAR,0.3,2,KNN,KNN,0.5265732758620689,0.24446330141561073
wine-quality-red,False,MCAR,0.3,2,KNN,RF,0.597884012539185,0.27387691571361483
wine-quality-red,False,MCAR,0.3,2,KNN,SVC,0.5784933385579937,0.25280466554268416
wine-quality-red,False,MCAR,0.3,2,MICE,LR,0.5647217868338558,0.2782693036546849
wine-quality-red,False,MCAR,0.3,2,MICE,KNN,0.5240752351097179,0.2426300021145563
wine-quality-red,False,MCAR,0.3,2,MICE,RF,0.5822159090909091,0.26565568867820155
wine-quality-red,False,MCAR,0.3,2,MICE,SVC,0.5803702978056425,0.2569207568669146
wine-quality-red,False,MCAR,0.3,2,MissForest,LR,0.5703526645768024,0.3075479286576711
wine-quality-red,False,MCAR,0.3,2,MissForest,KNN,0.5372021943573667,0.2585789522972186
wine-quality-red,False,MCAR,0.3,2,MissForest,RF,0.6072472570532914,0.28421644621423625
wine-quality-red,False,MCAR,0.3,2,MissForest,SVC,0.6034933385579937,0.2760028461243833
wine-quality-red,False,MCAR,0.3,2,SoftImpute,LR,0.5659717868338558,0.2973159881052536
wine-quality-red,False,MCAR,0.3,2,SoftImpute,KNN,0.5171943573667712,0.24205465106992768
wine-quality-red,False,MCAR,0.3,2,SoftImpute,RF,0.5922394200626959,0.2722194625247055
wine-quality-red,False,MCAR,0.3,2,SoftImpute,SVC,0.5872413793103448,0.26248798162251846
wine-quality-red,False,MCAR,0.3,2,GAIN,LR,0.5703369905956113,0.298867743857757
wine-quality-red,False,MCAR,0.3,2,GAIN,KNN,0.5184345611285266,0.24541490327327103
wine-quality-red,False,MCAR,0.3,2,GAIN,RF,0.5822257053291536,0.2647470533068616
wine-quality-red,False,MCAR,0.3,2,GAIN,SVC,0.5784815830721003,0.25524506533290686
wine-quality-red,False,MCAR,0.3,2,NDI-F1,LR,0.5734717868338558,0.28065186889541777
wine-quality-red,False,MCAR,0.3,2,NDI-F1,KNN,0.5234561128526646,0.23811882395996542
wine-quality-red,False,MCAR,0.3,2,NDI-F1,RF,0.5822335423197492,0.26292115586999265
wine-quality-red,False,MCAR,0.3,2,NDI-F1,SVC,0.579737460815047,0.2530994584049739
wine-quality-red,False,MCAR,0.3,2,NDI-F-noclip,LR,0.5778565830721003,0.2909174960004066
wine-quality-red,False,MCAR,0.3,2,NDI-F-noclip,KNN,0.5353330721003134,0.25865135491127444
wine-quality-red,False,MCAR,0.3,2,NDI-F-noclip,RF,0.5791085423197492,0.26693467015564243
wine-quality-red,False,MCAR,0.3,2,NDI-F-noclip,SVC,0.5847413793103449,0.26543243435610114
wine-quality-red,False,MCAR,0.3,2,NDI-F,LR,0.579737460815047,0.31447159802379837
wine-quality-red,False,MCAR,0.3,2,NDI-F,KNN,0.5359600313479623,0.2586950466467485
wine-quality-red,False,MCAR,0.3,2,NDI-F,RF,0.5728507053291536,0.264286730212466
wine-quality-red,False,MCAR,0.3,2,NDI-F,SVC,0.5847413793103449,0.26543243435610114
wine-quality-red,False,MCAR,0.3,2,Copula-NDI-F,LR,0.5722335423197492,0.306498452745477
wine-quality-red,False,MCAR,0.3,2,Copula-NDI-F,KNN,0.5365673981191221,0.24912743925839798
wine-quality-red,False,MCAR,0.3,2,Copula-NDI-F,RF,0.5891183385579938,0.2710710052443974
wine-quality-red,False,MCAR,0.3,2,Copula-NDI-F,SVC,0.5866183385579937,0.26547978407022826
wine-quality-red,False,MAR,0.3,0,Mean,LR,0.5547139498432603,0.24537129442739253
wine-quality-red,False,MAR,0.3,0,Mean,KNN,0.5378252351097179,0.23888812050562275
wine-quality-red,False,MAR,0.3,0,Mean,RF,0.6172629310344827,0.2785174502416277
wine-quality-red,False,MAR,0.3,0,Mean,SVC,0.5778389498432602,0.24777386405143634
wine-quality-red,False,MAR,0.3,0,NDI-0,LR,0.5453271943573668,0.23668796650709262
wine-quality-red,False,MAR,0.3,0,NDI-0,KNN,0.5278076018808777,0.23362220821026658
wine-quality-red,False,MAR,0.3,0,NDI-0,RF,0.6022452978056426,0.27176498451699993
wine-quality-red,False,MAR,0.3,0,NDI-0,SVC,0.5790987460815048,0.24145401657468532
wine-quality-red,False,MAR,0.3,0,NDI-C,LR,0.5528350313479624,0.2414354519406443
wine-quality-red,False,MAR,0.3,0,NDI-C,KNN,0.5497159090909091,0.2533774484377697
wine-quality-red,False,MAR,0.3,0,NDI-C,RF,0.6053663793103448,0.27762956904376856
wine-quality-red,False,MAR,0.3,0,NDI-C,SVC,0.5828409090909091,0.25817758209668196
wine-quality-red,False,MAR,0.3,0,NDI-S,LR,0.5522100313479624,0.24196304859370402
wine-quality-red,False,MAR,0.3,0,NDI-S,KNN,0.552842868338558,0.25936587800757516
wine-quality-red,False,MAR,0.3,0,NDI-S,RF,0.6084992163009404,0.2793671725156229
wine-quality-red,False,MAR,0.3,0,NDI-S,SVC,0.5872178683385579,0.26146223988689915
wine-quality-red,False,MAR,0.3,0,GaussCM,LR,0.5528311128526646,0.24647067683679502
wine-quality-red,False,MAR,0.3,0,GaussCM,KNN,0.5522159090909091,0.25089734259819546
wine-quality-red,False,MAR,0.3,0,GaussCM,RF,0.617257053291536,0.3122704659215484
wine-quality-red,False,MAR,0.3,0,GaussCM,SVC,0.590989420062696,0.2653124346236385
wine-quality-red,False,MAR,0.3,0,KNN,LR,0.5503487460815047,0.24108360919052113
wine-quality-red,False,MAR,0.3,0,KNN,KNN,0.5522119905956113,0.2519613818583404
wine-quality-red,False,MAR,0.3,0,KNN,RF,0.6241516457680251,0.28403304264830276
wine-quality-red,False,MAR,0.3,0,KNN,SVC,0.5847296238244514,0.2525884936519387
wine-quality-red,False,MAR,0.3,0,MICE,LR,0.5497139498432602,0.24695087367298388
wine-quality-red,False,MAR,0.3,0,MICE,KNN,0.5678428683385579,0.2701498499515805
wine-quality-red,False,MAR,0.3,0,MICE,RF,0.621009012539185,0.30463620020322096
wine-quality-red,False,MAR,0.3,0,MICE,SVC,0.5997472570532916,0.26687968115776267
wine-quality-red,False,MAR,0.3,0,MissForest,LR,0.5759737460815046,0.25758676252237633
wine-quality-red,False,MAR,0.3,0,MissForest,KNN,0.557842868338558,0.25689419738515396
wine-quality-red,False,MAR,0.3,0,MissForest,RF,0.6341614420062697,0.3167582776385134
wine-quality-red,False,MAR,0.3,0,MissForest,SVC,0.5934796238244514,0.26026438176339056
wine-quality-red,False,MAR,0.3,0,SoftImpute,LR,0.5547159090909091,0.2443537332881983
wine-quality-red,False,MAR,0.3,0,SoftImpute,KNN,0.5465889498432601,0.24699942216663287
wine-quality-red,False,MAR,0.3,0,SoftImpute,RF,0.6078742163009404,0.28057029727538046
wine-quality-red,False,MAR,0.3,0,SoftImpute,SVC,0.5897276645768025,0.26164013752951387
wine-quality-red,False,MAR,0.3,0,GAIN,LR,0.5497041536050157,0.23649691633627162
wine-quality-red,False,MAR,0.3,0,GAIN,KNN,0.5459639498432602,0.24988638659800327
wine-quality-red,False,MAR,0.3,0,GAIN,RF,0.5991222570532916,0.2766545255024385
wine-quality-red,False,MAR,0.3,0,GAIN,SVC,0.5741046238244515,0.2511947084702265
wine-quality-red,False,MAR,0.3,0,NDI-F1,LR,0.5547100313479623,0.24083739558599165
wine-quality-red,False,MAR,0.3,0,NDI-F1,KNN,0.5584600313479624,0.2521866722742877
wine-quality-red,False,MAR,0.3,0,NDI-F1,RF,0.6016281347962382,0.2710861109776255
wine-quality-red,False,MAR,0.3,0,NDI-F1,SVC,0.5872100313479625,0.25862509351853735
wine-quality-red,False,MAR,0.3,0,NDI-F-noclip,LR,0.5553271943573668,0.23976731716477007
wine-quality-red,False,MAR,0.3,0,NDI-F-noclip,KNN,0.5459561128526647,0.2493887117272026
wine-quality-red,False,MAR,0.3,0,NDI-F-noclip,RF,0.6204016457680251,0.28540753269201546
wine-quality-red,False,MAR,0.3,0,NDI-F-noclip,SVC,0.5884776645768024,0.26496856920100365
wine-quality-red,False,MAR,0.3,0,NDI-F,LR,0.5553252351097179,0.24076071557261894
wine-quality-red,False,MAR,0.3,0,NDI-F,KNN,0.5428271943573668,0.24827627490543006
wine-quality-red,False,MAR,0.3,0,NDI-F,RF,0.6310246865203762,0.3006393441208655
wine-quality-red,False,MAR,0.3,0,NDI-F,SVC,0.5866026645768024,0.2644447828821929
wine-quality-red,False,MAR,0.3,0,Copula-NDI-F,LR,0.5659776645768024,0.25156558997480427
wine-quality-red,False,MAR,0.3,0,Copula-NDI-F,KNN,0.5615850313479622,0.25935406035834857
wine-quality-red,False,MAR,0.3,0,Copula-NDI-F,RF,0.6135109717868339,0.30112451076087526
wine-quality-red,False,MAR,0.3,0,Copula-NDI-F,SVC,0.591610501567398,0.26621614601939697
wine-quality-red,False,MAR,0.3,0,MIWAE,LR,0.5615967868338558,0.25300266786042913
wine-quality-red,False,MAR,0.3,0,MIWAE,KNN,0.5703409090909092,0.2675068453185627
wine-quality-red,False,MAR,0.3,0,MIWAE,RF,0.6172668495297805,0.3008416723469991
wine-quality-red,False,MAR,0.3,0,MIWAE,SVC,0.604114420062696,0.2736057352607447
wine-quality-red,False,MAR,0.3,0,Sinkhorn,LR,0.5791046238244514,0.24889902670803807
wine-quality-red,False,MAR,0.3,0,Sinkhorn,KNN,0.5622257053291536,0.2591670248618936
wine-quality-red,False,MAR,0.3,0,Sinkhorn,RF,0.6191516457680251,0.2906044998101155
wine-quality-red,False,MAR,0.3,0,Sinkhorn,SVC,0.5934815830721003,0.25904154310416844
wine-quality-red,False,MAR,0.3,0,HyperImpute,LR,0.555323275862069,0.2693325149416983
wine-quality-red,False,MAR,0.3,0,HyperImpute,KNN,0.5528389498432602,0.25976479120566104
wine-quality-red,False,MAR,0.3,0,HyperImpute,RF,0.6003605015673982,0.2698525358153735
wine-quality-red,False,MAR,0.3,0,HyperImpute,SVC,0.5959913793103448,0.26509408064442874
wine-quality-red,False,MAR,0.3,0,ReMasker,LR,0.5722315830721004,0.25162036351958494
wine-quality-red,False,MAR,0.3,0,ReMasker,KNN,0.565969827586207,0.2656763364471371
wine-quality-red,False,MAR,0.3,0,ReMasker,RF,0.6216418495297805,0.2884783438224544
wine-quality-red,False,MAR,0.3,0,ReMasker,SVC,0.6047492163009405,0.272849050573377
wine-quality-red,False,MAR,0.3,1,Mean,LR,0.5609972570532916,0.2310847415140272
wine-quality-red,False,MAR,0.3,1,Mean,KNN,0.5372080721003135,0.23297234670505956
wine-quality-red,False,MAR,0.3,1,Mean,RF,0.6097570532915361,0.27643480144809757
wine-quality-red,False,MAR,0.3,1,Mean,SVC,0.5772413793103448,0.2233993631620843
wine-quality-red,False,MAR,0.3,1,NDI-0,LR,0.5516085423197492,0.22506234454576898
wine-quality-red,False,MAR,0.3,1,NDI-0,KNN,0.5228291536050157,0.22712279427000626
wine-quality-red,False,MAR,0.3,1,NDI-0,RF,0.5928605015673981,0.25825825052000767
wine-quality-red,False,MAR,0.3,1,NDI-0,SVC,0.5653605015673981,0.21229832094465584
wine-quality-red,False,MAR,0.3,1,NDI-C,LR,0.5622433385579937,0.23721729935609512
wine-quality-red,False,MAR,0.3,1,NDI-C,KNN,0.5428409090909091,0.24571038066148207
wine-quality-red,False,MAR,0.3,1,NDI-C,RF,0.6078702978056427,0.2649985204686162
wine-quality-red,False,MAR,0.3,1,NDI-C,SVC,0.5841281347962382,0.24141197533980896
wine-quality-red,False,MAR,0.3,1,NDI-S,LR,0.561614420062696,0.2365231505377618
wine-quality-red,False,MAR,0.3,1,NDI-S,KNN,0.5259541536050156,0.22254161287826682
wine-quality-red,False,MAR,0.3,1,NDI-S,RF,0.6035011755485893,0.2666272593968597
wine-quality-red,False,MAR,0.3,1,NDI-S,SVC,0.5872609717868339,0.23574813388733876
wine-quality-red,False,MAR,0.3,1,GaussCM,LR,0.5659835423197492,0.2472549787118047
wine-quality-red,False,MAR,0.3,1,GaussCM,KNN,0.5528624608150471,0.2573719326857379
wine-quality-red,False,MAR,0.3,1,GaussCM,RF,0.6159992163009405,0.2833488035404137
wine-quality-red,False,MAR,0.3,1,GaussCM,SVC,0.5960148902821316,0.2608857691480938
wine-quality-red,False,MAR,0.3,1,KNN,LR,0.5516065830721003,0.23759362666345796
wine-quality-red,False,MAR,0.3,1,KNN,KNN,0.5434639498432602,0.24746318110811694
wine-quality-red,False,MAR,0.3,1,KNN,RF,0.5928761755485893,0.26782561122554116
wine-quality-red,False,MAR,0.3,1,KNN,SVC,0.5753781347962381,0.22892507429919898
wine-quality-red,False,MAR,0.3,1,MICE,LR,0.5691163793103449,0.2484454493512621
wine-quality-red,False,MAR,0.3,1,MICE,KNN,0.5472276645768025,0.25224454664853213
wine-quality-red,False,MAR,0.3,1,MICE,RF,0.6103859717868338,0.2812078303535948
wine-quality-red,False,MAR,0.3,1,MICE,SVC,0.5916261755485894,0.2552996755598663
wine-quality-red,False,MAR,0.3,1,MissForest,LR,0.5766202978056427,0.2591368661307819
wine-quality-red,False,MAR,0.3,1,MissForest,KNN,0.5672335423197492,0.2694184728620423
wine-quality-red,False,MAR,0.3,1,MissForest,RF,0.6297688087774295,0.29603563380485864
wine-quality-red,False,MAR,0.3,1,MissForest,SVC,0.604776645768025,0.26925755956912556
wine-quality-red,False,MAR,0.3,1,SoftImpute,LR,0.5603683385579937,0.23703235332029243
wine-quality-red,False,MAR,0.3,1,SoftImpute,KNN,0.5309521943573667,0.23403340126130096
wine-quality-red,False,MAR,0.3,1,SoftImpute,RF,0.619134012539185,0.2755886300601177
wine-quality-red,False,MAR,0.3,1,SoftImpute,SVC,0.588509012539185,0.2432925336744456
wine-quality-red,False,MAR,0.3,1,GAIN,LR,0.5653781347962382,0.24099400137989418
wine-quality-red,False,MAR,0.3,1,GAIN,KNN,0.5434600313479624,0.24771095264073817
wine-quality-red,False,MAR,0.3,1,GAIN,RF,0.607882053291536,0.27832742429677026
wine-quality-red,False,MAR,0.3,1,GAIN,SVC,0.5878781347962383,0.2396222531842352
wine-quality-red,False,MAR,0.3,1,NDI-F1,LR,0.5591124608150471,0.23434669514156314
wine-quality-red,False,MAR,0.3,1,NDI-F1,KNN,0.5322021943573668,0.226550743685408
wine-quality-red,False,MAR,0.3,1,NDI-F1,RF,0.5978663793103449,0.2604835104291118
wine-quality-red,False,MAR,0.3,1,NDI-F1,SVC,0.5760031347962382,0.22156611165106943
wine-quality-red,False,MAR,0.3,1,NDI-F-noclip,LR,0.5684992163009406,0.24879501070928423
wine-quality-red,False,MAR,0.3,1,NDI-F-noclip,KNN,0.5515791536050157,0.26584910536825057
wine-quality-red,False,MAR,0.3,1,NDI-F-noclip,RF,0.6210168495297806,0.28870817824390593
wine-quality-red,False,MAR,0.3,1,NDI-F-noclip,SVC,0.5866242163009404,0.2500051075186929
wine-quality-red,False,MAR,0.3,1,NDI-F,LR,0.5691242163009405,0.24990095582642305
wine-quality-red,False,MAR,0.3,1,NDI-F,KNN,0.5503271943573667,0.2646923651250005
wine-quality-red,False,MAR,0.3,1,NDI-F,RF,0.6178918495297807,0.28685855420543194
wine-quality-red,False,MAR,0.3,1,NDI-F,SVC,0.5866242163009404,0.2500051075186929
wine-quality-red,False,MAR,0.3,1,Copula-NDI-F,LR,0.5741222570532916,0.2505485472851844
wine-quality-red,False,MAR,0.3,1,Copula-NDI-F,KNN,0.5566105015673981,0.2660913036437559
wine-quality-red,False,MAR,0.3,1,Copula-NDI-F,RF,0.620384012539185,0.2951188423903871
wine-quality-red,False,MAR,0.3,1,Copula-NDI-F,SVC,0.5941320532915361,0.25328876703228936
wine-quality-red,False,MAR,0.3,2,Mean,LR,0.5528409090909091,0.2777451381789038
wine-quality-red,False,MAR,0.3,2,Mean,KNN,0.5409619905956113,0.25425376211828565
wine-quality-red,False,MAR,0.3,2,Mean,RF,0.6003526645768025,0.2820975705086377
wine-quality-red,False,MAR,0.3,2,Mean,SVC,0.585987460815047,0.23934997425176713
wine-quality-red,False,MAR,0.3,2,NDI-0,LR,0.5465948275862068,0.2765187688190205
wine-quality-red,False,MAR,0.3,2,NDI-0,KNN,0.5453330721003133,0.25287502861050526
wine-quality-red,False,MAR,0.3,2,NDI-0,RF,0.597237460815047,0.27140122105768966
wine-quality-red,False,MAR,0.3,2,NDI-0,SVC,0.584114420062696,0.23229865102663977
wine-quality-red,False,MAR,0.3,2,NDI-C,LR,0.5666085423197493,0.2681794826585923
wine-quality-red,False,MAR,0.3,2,NDI-C,KNN,0.5471923981191222,0.24937923437612972
wine-quality-red,False,MAR,0.3,2,NDI-C,RF,0.6022433385579937,0.2822652553031498
wine-quality-red,False,MAR,0.3,2,NDI-C,SVC,0.5747374608150471,0.23859779823552288
wine-quality-red,False,MAR,0.3,2,NDI-S,LR,0.5678526645768025,0.2669349057646659
wine-quality-red,False,MAR,0.3,2,NDI-S,KNN,0.5640889498432602,0.2748274182797407
wine-quality-red,False,MAR,0.3,2,NDI-S,RF,0.6109972570532914,0.2873846560079897
wine-quality-red,False,MAR,0.3,2,NDI-S,SVC,0.577237460815047,0.23680355495444597
wine-quality-red,False,MAR,0.3,2,GaussCM,LR,0.5672335423197492,0.24414158306864447
wine-quality-red,False,MAR,0.3,2,GaussCM,KNN,0.5640869905956113,0.2745661441568411
wine-quality-red,False,MAR,0.3,2,GaussCM,RF,0.604737460815047,0.2807527742715958
wine-quality-red,False,MAR,0.3,2,GaussCM,SVC,0.5841242163009406,0.24133553971259553
wine-quality-red,False,MAR,0.3,2,KNN,LR,0.5659776645768024,0.27139333418524314
wine-quality-red,False,MAR,0.3,2,KNN,KNN,0.5278271943573667,0.25025467789565037
wine-quality-red,False,MAR,0.3,2,KNN,RF,0.5997276645768025,0.2843352070269167
wine-quality-red,False,MAR,0.3,2,KNN,SVC,0.571590909090909,0.24739611416220503
wine-quality-red,False,MAR,0.3,2,MICE,LR,0.5772472570532916,0.24814901617640372
wine-quality-red,False,MAR,0.3,2,MICE,KNN,0.5640771943573668,0.27685871254987865
wine-quality-red,False,MAR,0.3,2,MICE,RF,0.5991163793103448,0.27703927019283575
wine-quality-red,False,MAR,0.3,2,MICE,SVC,0.5947609717868338,0.2532814544229447
wine-quality-red,False,MAR,0.3,2,MissForest,LR,0.5728585423197491,0.27762392230305927
wine-quality-red,False,MAR,0.3,2,MissForest,KNN,0.5578369905956113,0.26496712208328443
wine-quality-red,False,MAR,0.3,2,MissForest,RF,0.6028761755485894,0.27736966868116225
wine-quality-red,False,MAR,0.3,2,MissForest,SVC,0.5916281347962383,0.25231327697814276
wine-quality-red,False,MAR,0.3,2,SoftImpute,LR,0.5641046238244514,0.272559312558219
wine-quality-red,False,MAR,0.3,2,SoftImpute,KNN,0.5547041536050157,0.26230743059518613
wine-quality-red,False,MAR,0.3,2,SoftImpute,RF,0.6034874608150471,0.28042316601051526
wine-quality-red,False,MAR,0.3,2,SoftImpute,SVC,0.5816300940438871,0.2364895016883959
wine-quality-red,False,MAR,0.3,2,GAIN,LR,0.5497413793103448,0.2590368674741207
wine-quality-red,False,MAR,0.3,2,GAIN,KNN,0.5522061128526646,0.26271662639073
wine-quality-red,False,MAR,0.3,2,GAIN,RF,0.5953742163009405,0.2768098530462314
wine-quality-red,False,MAR,0.3,2,GAIN,SVC,0.5634815830721003,0.2188725486880287
wine-quality-red,False,MAR,0.3,2,NDI-F1,LR,0.5659796238244514,0.26900626415482476
wine-quality-red,False,MAR,0.3,2,NDI-F1,KNN,0.550325235109718,0.2588930576528769
wine-quality-red,False,MAR,0.3,2,NDI-F1,RF,0.5997531347962382,0.2822258007389834
wine-quality-red,False,MAR,0.3,2,NDI-F1,SVC,0.5834855015673981,0.24303003684114258
wine-quality-red,False,MAR,0.3,2,NDI-F-noclip,LR,0.564739420062696,0.24478373045676988
wine-quality-red,False,MAR,0.3,2,NDI-F-noclip,KNN,0.5428193573667712,0.26734311087440826
wine-quality-red,False,MAR,0.3,2,NDI-F-noclip,RF,0.5934874608150471,0.2763142300668079
wine-quality-red,False,MAR,0.3,2,NDI-F-noclip,SVC,0.5772433385579937,0.23146660774426162
wine-quality-red,False,MAR,0.3,2,NDI-F,LR,0.564112460815047,0.2454820374731185
wine-quality-red,False,MAR,0.3,2,NDI-F,KNN,0.5396904388714734,0.2637136435115811
wine-quality-red,False,MAR,0.3,2,NDI-F,RF,0.5872394200626959,0.27023249590550685
wine-quality-red,False,MAR,0.3,2,NDI-F,SVC,0.5797413793103449,0.23511531230151364
wine-quality-red,False,MAR,0.3,2,Copula-NDI-F,LR,0.5609835423197492,0.24318855426585428
wine-quality-red,False,MAR,0.3,2,Copula-NDI-F,KNN,0.5434541536050157,0.2618394429963033
wine-quality-red,False,MAR,0.3,2,Copula-NDI-F,RF,0.604110501567398,0.28412345044915444
wine-quality-red,False,MAR,0.3,2,Copula-NDI-F,SVC,0.5734776645768024,0.22819223528309376
wine-quality-red,False,MNAR,0.3,0,Mean,LR,0.5703467868338559,0.2852532476831789
wine-quality-red,False,MNAR,0.3,0,Mean,KNN,0.554737460815047,0.2754971541381027
wine-quality-red,False,MNAR,0.3,0,Mean,RF,0.6279094827586207,0.2982910247378311
wine-quality-red,False,MNAR,0.3,0,Mean,SVC,0.5853663793103449,0.2663543394105242
wine-quality-red,False,MNAR,0.3,0,NDI-0,LR,0.5653409090909091,0.26312278336112155
wine-quality-red,False,MNAR,0.3,0,NDI-0,KNN,0.5309698275862068,0.2582872959437517
wine-quality-red,False,MNAR,0.3,0,NDI-0,RF,0.6241594827586207,0.2984272782427291
wine-quality-red,False,MNAR,0.3,0,NDI-0,SVC,0.5803624608150469,0.26612220119993774
wine-quality-red,False,MNAR,0.3,0,NDI-C,LR,0.5697355015673982,0.2874772846669796
wine-quality-red,False,MNAR,0.3,0,NDI-C,KNN,0.5647511755485893,0.27355864845545563
wine-quality-red,False,MNAR,0.3,0,NDI-C,RF,0.6241692789968653,0.30968151124425647
wine-quality-red,False,MNAR,0.3,0,NDI-C,SVC,0.6010109717868339,0.27818560887392824
wine-quality-red,False,MNAR,0.3,0,NDI-S,LR,0.5722315830721004,0.29100828869960055
wine-quality-red,False,MNAR,0.3,0,NDI-S,KNN,0.5503526645768024,0.26767123458147235
wine-quality-red,False,MNAR,0.3,0,NDI-S,RF,0.6285423197492163,0.3151218423492883
wine-quality-red,False,MNAR,0.3,0,NDI-S,SVC,0.601005094043887,0.2767701158935293
wine-quality-red,False,MNAR,0.3,0,GaussCM,LR,0.5697374608150471,0.26772727002088786
wine-quality-red,False,MNAR,0.3,0,GaussCM,KNN,0.5428565830721003,0.2633011889821432
wine-quality-red,False,MNAR,0.3,0,GaussCM,RF,0.616653605015674,0.3077590526066553
wine-quality-red,False,MNAR,0.3,0,GaussCM,SVC,0.5897472570532916,0.2713629735053168
wine-quality-red,False,MNAR,0.3,0,KNN,LR,0.566612460815047,0.2812185637094634
wine-quality-red,False,MNAR,0.3,0,KNN,KNN,0.5441046238244513,0.25910241016526403
wine-quality-red,False,MNAR,0.3,0,KNN,RF,0.6197864420062695,0.29479777742101543
wine-quality-red,False,MNAR,0.3,0,KNN,SVC,0.599132053291536,0.2726812320352082
wine-quality-red,False,MNAR,0.3,0,MICE,LR,0.570364420062696,0.26457118439095895
wine-quality-red,False,MNAR,0.3,0,MICE,KNN,0.5516281347962383,0.2694582027312953
wine-quality-red,False,MNAR,0.3,0,MICE,RF,0.6341692789968653,0.30504628434304415
wine-quality-red,False,MNAR,0.3,0,MICE,SVC,0.596007053291536,0.27826085351055274
wine-quality-red,False,MNAR,0.3,0,MissForest,LR,0.5759894200626959,0.2704572903149531
wine-quality-red,False,MNAR,0.3,0,MissForest,KNN,0.5572413793103449,0.26733643746101715
wine-quality-red,False,MNAR,0.3,0,MissForest,RF,0.619776645768025,0.2929861891908453
wine-quality-red,False,MNAR,0.3,0,MissForest,SVC,0.5928918495297806,0.26692128849448554
wine-quality-red,False,MNAR,0.3,0,SoftImpute,LR,0.5678507053291535,0.2672835270436866
wine-quality-red,False,MNAR,0.3,0,SoftImpute,KNN,0.5547315830721004,0.2690239048520282
wine-quality-red,False,MNAR,0.3,0,SoftImpute,RF,0.6185364420062697,0.29462967035573306
wine-quality-red,False,MNAR,0.3,0,SoftImpute,SVC,0.6003879310344827,0.27691238202287993
wine-quality-red,False,MNAR,0.3,0,GAIN,LR,0.5666163793103449,0.262271916935108
wine-quality-red,False,MNAR,0.3,0,GAIN,KNN,0.5309698275862068,0.2558332021289874
wine-quality-red,False,MNAR,0.3,0,GAIN,RF,0.6129016457680251,0.2949987730939637
wine-quality-red,False,MNAR,0.3,0,GAIN,SVC,0.5878742163009404,0.2673332813973179
wine-quality-red,False,MNAR,0.3,0,NDI-F1,LR,0.5684737460815047,0.2892712266842718
wine-quality-red,False,MNAR,0.3,0,NDI-F1,KNN,0.5478605015673981,0.26405953395641435
wine-quality-red,False,MNAR,0.3,0,NDI-F1,RF,0.6172688087774294,0.29674842362488757
wine-quality-red,False,MNAR,0.3,0,NDI-F1,SVC,0.5953781347962382,0.2708903167477582
wine-quality-red,False,MNAR,0.3,0,NDI-F-noclip,LR,0.5766144200626959,0.26907542637051945
wine-quality-red,False,MNAR,0.3,0,NDI-F-noclip,KNN,0.5553663793103448,0.26396048639520203
wine-quality-red,False,MNAR,0.3,0,NDI-F-noclip,RF,0.6297688087774295,0.32553825213103366
wine-quality-red,False,MNAR,0.3,0,NDI-F-noclip,SVC,0.6016359717868338,0.277280943694978
wine-quality-red,False,MNAR,0.3,0,NDI-F,LR,0.5759894200626959,0.26874464687377897
wine-quality-red,False,MNAR,0.3,0,NDI-F,KNN,0.5566183385579937,0.26511730460128646
wine-quality-red,False,MNAR,0.3,0,NDI-F,RF,0.6316477272727272,0.32775318388189467
wine-quality-red,False,MNAR,0.3,0,NDI-F,SVC,0.6035109717868339,0.27863515899235125
wine-quality-red,False,MNAR,0.3,0,Copula-NDI-F,LR,0.5722335423197491,0.26209579865053345
wine-quality-red,False,MNAR,0.3,0,Copula-NDI-F,KNN,0.561614420062696,0.266426670617843
wine-quality-red,False,MNAR,0.3,0,Copula-NDI-F,RF,0.6178977272727273,0.31925694972861773
wine-quality-red,False,MNAR,0.3,0,Copula-NDI-F,SVC,0.596634012539185,0.27339791277066966
wine-quality-red,False,MNAR,0.3,0,MIWAE,LR,0.5678507053291536,0.2696699410493285
wine-quality-red,False,MNAR,0.3,0,MIWAE,KNN,0.532823275862069,0.2529795226330206
wine-quality-red,False,MNAR,0.3,0,MIWAE,RF,0.6122629310344828,0.3065881904634499
wine-quality-red,False,MNAR,0.3,0,MIWAE,SVC,0.5897492163009405,0.2733838687123819
wine-quality-red,False,MNAR,0.3,0,Sinkhorn,LR,0.5797413793103449,0.29369453193566125
wine-quality-red,False,MNAR,0.3,0,Sinkhorn,KNN,0.5553644200626959,0.2700066013055162
wine-quality-red,False,MNAR,0.3,0,Sinkhorn,RF,0.6260364420062696,0.31555041594201827
wine-quality-red,False,MNAR,0.3,0,Sinkhorn,SVC,0.5960031347962382,0.2753161566184933
wine-quality-red,False,MNAR,0.3,0,HyperImpute,LR,0.5753663793103448,0.26538754839388223
wine-quality-red,False,MNAR,0.3,0,HyperImpute,KNN,0.5409835423197492,0.25994785421922656
wine-quality-red,False,MNAR,0.3,0,HyperImpute,RF,0.631653605015674,0.30621749718054087
wine-quality-red,False,MNAR,0.3,0,HyperImpute,SVC,0.5853683385579938,0.26999054811093803
wine-quality-red,False,MNAR,0.3,0,ReMasker,LR,0.5728585423197493,0.2890669207007611
wine-quality-red,False,MNAR,0.3,0,ReMasker,KNN,0.554735501567398,0.2701529896182847
wine-quality-red,False,MNAR,0.3,0,ReMasker,RF,0.6191712382445141,0.2918435013647753
wine-quality-red,False,MNAR,0.3,0,ReMasker,SVC,0.5853761755485893,0.26719714233969005
wine-quality-red,False,MNAR,0.3,1,Mean,LR,0.5591163793103447,0.2748135153246639
wine-quality-red,False,MNAR,0.3,1,Mean,KNN,0.5034580721003135,0.22040353144856026
wine-quality-red,False,MNAR,0.3,1,Mean,RF,0.5785031347962382,0.26049775462758995
wine-quality-red,False,MNAR,0.3,1,Mean,SVC,0.5728800940438872,0.23847971741160628
wine-quality-red,False,MNAR,0.3,1,NDI-0,LR,0.5591202978056427,0.2759483311779188
wine-quality-red,False,MNAR,0.3,1,NDI-0,KNN,0.5147315830721004,0.22517490003669302
wine-quality-red,False,MNAR,0.3,1,NDI-0,RF,0.5847629310344827,0.2596126532724248
wine-quality-red,False,MNAR,0.3,1,NDI-0,SVC,0.5797590125391849,0.24250824710947133
wine-quality-red,False,MNAR,0.3,1,NDI-C,LR,0.5647413793103448,0.2617536137223033
wine-quality-red,False,MNAR,0.3,1,NDI-C,KNN,0.5178369905956114,0.24370122652157825
wine-quality-red,False,MNAR,0.3,1,NDI-C,RF,0.5972707680250784,0.276373708980688
wine-quality-red,False,MNAR,0.3,1,NDI-C,SVC,0.5822531347962382,0.2562109570955475
wine-quality-red,False,MNAR,0.3,1,NDI-S,LR,0.5597452978056425,0.2568614000197553
wine-quality-red,False,MNAR,0.3,1,NDI-S,KNN,0.5172296238244514,0.23956263620295037
wine-quality-red,False,MNAR,0.3,1,NDI-S,RF,0.5841300940438872,0.26138549494755026
wine-quality-red,False,MNAR,0.3,1,NDI-S,SVC,0.5772472570532916,0.24541605377308592
wine-quality-red,False,MNAR,0.3,1,GaussCM,LR,0.5722609717868339,0.29090041309124165
wine-quality-red,False,MNAR,0.3,1,GaussCM,KNN,0.5297217868338558,0.24896368346429262
wine-quality-red,False,MNAR,0.3,1,GaussCM,RF,0.6028918495297806,0.28541922592641594
wine-quality-red,False,MNAR,0.3,1,GaussCM,SVC,0.5866418495297806,0.25933599141864166
wine-quality-red,False,MNAR,0.3,1,KNN,LR,0.576007053291536,0.28355028893606365
wine-quality-red,False,MNAR,0.3,1,KNN,KNN,0.5340869905956114,0.25333267524417385
wine-quality-red,False,MNAR,0.3,1,KNN,RF,0.5885011755485894,0.26294252899167947
wine-quality-red,False,MNAR,0.3,1,KNN,SVC,0.5778781347962383,0.25287951272266057
wine-quality-red,False,MNAR,0.3,1,MICE,LR,0.5741379310344827,0.27774040708422876
wine-quality-red,False,MNAR,0.3,1,MICE,KNN,0.535987460815047,0.25202758265212677
wine-quality-red,False,MNAR,0.3,1,MICE,RF,0.592884012539185,0.278170293599321
wine-quality-red,False,MNAR,0.3,1,MICE,SVC,0.5860207680250784,0.2500745098454885
wine-quality-red,False,MNAR,0.3,1,MissForest,LR,0.5816496865203762,0.29834861271149726
wine-quality-red,False,MNAR,0.3,1,MissForest,KNN,0.5541007053291536,0.26809993976203383
wine-quality-red,False,MNAR,0.3,1,MissForest,RF,0.626026645768025,0.2980391045177876
wine-quality-red,False,MNAR,0.3,1,MissForest,SVC,0.5966320532915361,0.2639412317122879
wine-quality-red,False,MNAR,0.3,1,SoftImpute,LR,0.5553663793103448,0.2758154745236521
wine-quality-red,False,MNAR,0.3,1,SoftImpute,KNN,0.5222061128526646,0.24496869200584265
wine-quality-red,False,MNAR,0.3,1,SoftImpute,RF,0.5935168495297806,0.27335567796718674
wine-quality-red,False,MNAR,0.3,1,SoftImpute,SVC,0.5734992163009405,0.24291483365406644
wine-quality-red,False,MNAR,0.3,1,GAIN,LR,0.5703859717868338,0.2850148051963447
wine-quality-red,False,MNAR,0.3,1,GAIN,KNN,0.523467868338558,0.24409351421503506
wine-quality-red,False,MNAR,0.3,1,GAIN,RF,0.5991477272727272,0.2785766243395836
wine-quality-red,False,MNAR,0.3,1,GAIN,SVC,0.5728722570532916,0.24500818879044842
wine-quality-red,False,MNAR,0.3,1,NDI-F1,LR,0.5659992163009405,0.2802247992811503
wine-quality-red,False,MNAR,0.3,1,NDI-F1,KNN,0.5047041536050157,0.22082908451140834
wine-quality-red,False,MNAR,0.3,1,NDI-F1,RF,0.5972609717868338,0.275104496088892
wine-quality-red,False,MNAR,0.3,1,NDI-F1,SVC,0.5772609717868338,0.23956106707349853
wine-quality-red,False,MNAR,0.3,1,NDI-F-noclip,LR,0.574134012539185,0.29620369351525644
wine-quality-red,False,MNAR,0.3,1,NDI-F-noclip,KNN,0.5340830721003135,0.2590059045117462
wine-quality-red,False,MNAR,0.3,1,NDI-F-noclip,RF,0.5985246865203763,0.2808173847109462
wine-quality-red,False,MNAR,0.3,1,NDI-F-noclip,SVC,0.5753742163009405,0.2531631503400095
wine-quality-red,False,MNAR,0.3,1,NDI-F,LR,0.574134012539185,0.29620369351525644
wine-quality-red,False,MNAR,0.3,1,NDI-F,KNN,0.5353311128526645,0.2594047970791803
wine-quality-red,False,MNAR,0.3,1,NDI-F,RF,0.5916496865203762,0.27618616910248783
wine-quality-red,False,MNAR,0.3,1,NDI-F,SVC,0.5753761755485893,0.2522494110218272
wine-quality-red,False,MNAR,0.3,1,Copula-NDI-F,LR,0.5747668495297806,0.2913141566712919
wine-quality-red,False,MNAR,0.3,1,Copula-NDI-F,KNN,0.5246963166144201,0.2556778958150603
wine-quality-red,False,MNAR,0.3,1,Copula-NDI-F,RF,0.5903898902821316,0.277016799604242
wine-quality-red,False,MNAR,0.3,1,Copula-NDI-F,SVC,0.5747511755485893,0.2501814426244834
wine-quality-red,False,MNAR,0.3,2,Mean,LR,0.5647452978056426,0.2747802132824252
wine-quality-red,False,MNAR,0.3,2,Mean,KNN,0.5309639498432601,0.24052596703560053
wine-quality-red,False,MNAR,0.3,2,Mean,RF,0.6053761755485894,0.2789499682254989
wine-quality-red,False,MNAR,0.3,2,Mean,SVC,0.5853742163009404,0.24019791333461277
wine-quality-red,False,MNAR,0.3,2,NDI-0,LR,0.5622433385579937,0.25367125135373303
wine-quality-red,False,MNAR,0.3,2,NDI-0,KNN,0.5272100313479624,0.24359325733395218
wine-quality-red,False,MNAR,0.3,2,NDI-0,RF,0.5972550940438871,0.26516862979694833
wine-quality-red,False,MNAR,0.3,2,NDI-0,SVC,0.5822570532915361,0.23321636290271314
wine-quality-red,False,MNAR,0.3,2,NDI-C,LR,0.5722472570532915,0.27868539303815554
wine-quality-red,False,MNAR,0.3,2,NDI-C,KNN,0.5578644200626959,0.255309674234221
wine-quality-red,False,MNAR,0.3,2,NDI-C,RF,0.6028898902821316,0.27165028278526065
wine-quality-red,False,MNAR,0.3,2,NDI-C,SVC,0.5809972570532915,0.23532177041202734
wine-quality-red,False,MNAR,0.3,2,NDI-S,LR,0.5678683385579937,0.2740417197928694
wine-quality-red,False,MNAR,0.3,2,NDI-S,KNN,0.5540967868338559,0.25568097356789965
wine-quality-red,False,MNAR,0.3,2,NDI-S,RF,0.5922492163009404,0.26901508762531107
wine-quality-red,False,MNAR,0.3,2,NDI-S,SVC,0.5878761755485893,0.24367446241280372
wine-quality-red,False,MNAR,0.3,2,GaussCM,LR,0.5728702978056426,0.28356040200871024
wine-quality-red,False,MNAR,0.3,2,GaussCM,KNN,0.5534776645768025,0.25540348893959985
wine-quality-red,False,MNAR,0.3,2,GaussCM,RF,0.5966300940438871,0.27416314214737053
wine-quality-red,False,MNAR,0.3,2,GaussCM,SVC,0.5891320532915361,0.25120148014486887
wine-quality-red,False,MNAR,0.3,2,KNN,LR,0.5690987460815047,0.27028226338668404
wine-quality-red,False,MNAR,0.3,2,KNN,KNN,0.5503389498432602,0.2630250906671618
wine-quality-red,False,MNAR,0.3,2,KNN,RF,0.5941183385579938,0.26528996128627913
wine-quality-red,False,MNAR,0.3,2,KNN,SVC,0.579114420062696,0.24469809495405634
wine-quality-red,False,MNAR,0.3,2,MICE,LR,0.5734972570532915,0.24581722298802328
wine-quality-red,False,MNAR,0.3,2,MICE,KNN,0.5440909090909091,0.242028576981728
wine-quality-red,False,MNAR,0.3,2,MICE,RF,0.6041281347962382,0.2770256929981288
wine-quality-red,False,MNAR,0.3,2,MICE,SVC,0.5872550940438871,0.24195729467313268
wine-quality-red,False,MNAR,0.3,2,MissForest,LR,0.5791163793103449,0.2850001309820793
wine-quality-red,False,MNAR,0.3,2,MissForest,KNN,0.5609463166144202,0.2680543485897971
wine-quality-red,False,MNAR,0.3,2,MissForest,RF,0.6235148902821317,0.28643510636152875
wine-quality-red,False,MNAR,0.3,2,MissForest,SVC,0.6003957680250783,0.26924713130706984
wine-quality-red,False,MNAR,0.3,2,SoftImpute,LR,0.5734933385579938,0.2849105810749993
wine-quality-red,False,MNAR,0.3,2,SoftImpute,KNN,0.549719827586207,0.2546626129005841
wine-quality-red,False,MNAR,0.3,2,SoftImpute,RF,0.5966242163009405,0.2726925157941254
wine-quality-red,False,MNAR,0.3,2,SoftImpute,SVC,0.5822531347962382,0.24455966125655887
wine-quality-red,False,MNAR,0.3,2,GAIN,LR,0.570362460815047,0.28274403633158796
wine-quality-red,False,MNAR,0.3,2,GAIN,KNN,0.5509776645768024,0.2634407722339415
wine-quality-red,False,MNAR,0.3,2,GAIN,RF,0.5822570532915361,0.2639196429549501
wine-quality-red,False,MNAR,0.3,2,GAIN,SVC,0.584755094043887,0.25440682954947913
wine-quality-red,False,MNAR,0.3,2,NDI-F1,LR,0.5634913793103449,0.26931691393026574
wine-quality-red,False,MNAR,0.3,2,NDI-F1,KNN,0.5422217868338558,0.2427012800224171
wine-quality-red,False,MNAR,0.3,2,NDI-F1,RF,0.6028742163009405,0.2758612542671946
wine-quality-red,False,MNAR,0.3,2,NDI-F1,SVC,0.5803761755485893,0.22694549775394424
wine-quality-red,False,MNAR,0.3,2,NDI-F-noclip,LR,0.5684874608150471,0.2824781896941285
wine-quality-red,False,MNAR,0.3,2,NDI-F-noclip,KNN,0.5497198275862069,0.2574467339632327
wine-quality-red,False,MNAR,0.3,2,NDI-F-noclip,RF,0.6003879310344826,0.2758022433721206
wine-quality-red,False,MNAR,0.3,2,NDI-F-noclip,SVC,0.5766222570532914,0.2466587378298181
wine-quality-red,False,MNAR,0.3,2,NDI-F,LR,0.5678605015673981,0.28153171068568766
wine-quality-red,False,MNAR,0.3,2,NDI-F,KNN,0.5497198275862069,0.2574467339632327
wine-quality-red,False,MNAR,0.3,2,NDI-F,RF,0.6022688087774295,0.27672042772265115
wine-quality-red,False,MNAR,0.3,2,NDI-F,SVC,0.5772472570532916,0.2477970673953253
wine-quality-red,False,MNAR,0.3,2,Copula-NDI-F,LR,0.5691105015673981,0.2765854328488059
wine-quality-red,False,MNAR,0.3,2,Copula-NDI-F,KNN,0.5478565830721004,0.2632279890702342
wine-quality-red,False,MNAR,0.3,2,Copula-NDI-F,RF,0.5928761755485893,0.2707274923313455
wine-quality-red,False,MNAR,0.3,2,Copula-NDI-F,SVC,0.5885011755485894,0.25815856024061345
segment,False,MCAR,0.3,0,Mean,LR,0.7929999999999999,0.7941358821463291
segment,False,MCAR,0.3,0,Mean,KNN,0.8055,0.8042899338133095
segment,False,MCAR,0.3,0,Mean,RF,0.923,0.9229255193372993
segment,False,MCAR,0.3,0,Mean,SVC,0.8334999999999999,0.8340303980379339
segment,False,MCAR,0.3,0,NDI-0,LR,0.78,0.7807396167991887
segment,False,MCAR,0.3,0,NDI-0,KNN,0.8184999999999999,0.8173212885574934
segment,False,MCAR,0.3,0,NDI-0,RF,0.8949999999999999,0.8948998000886863
segment,False,MCAR,0.3,0,NDI-0,SVC,0.8305,0.8313604269160242
segment,False,MCAR,0.3,0,NDI-C,LR,0.8234999999999999,0.8249069634141784
segment,False,MCAR,0.3,0,NDI-C,KNN,0.8455,0.8439510394388096
segment,False,MCAR,0.3,0,NDI-C,RF,0.9135,0.9136928015912098
segment,False,MCAR,0.3,0,NDI-C,SVC,0.8284999999999998,0.8292924307407361
segment,False,MCAR,0.3,0,NDI-S,LR,0.8220000000000001,0.8234765379885127
segment,False,MCAR,0.3,0,NDI-S,KNN,0.8390000000000001,0.8372233520211214
segment,False,MCAR,0.3,0,NDI-S,RF,0.916,0.9160601798722185
segment,False,MCAR,0.3,0,NDI-S,SVC,0.8324999999999999,0.8336038932396193
segment,False,MCAR,0.3,0,GaussCM,LR,0.8465,0.847290968742335
segment,False,MCAR,0.3,0,GaussCM,KNN,0.8550000000000001,0.8531082762476446
segment,False,MCAR,0.3,0,GaussCM,RF,0.9195,0.919380470965619
segment,False,MCAR,0.3,0,GaussCM,SVC,0.852,0.8520158464017161
segment,False,MCAR,0.3,0,KNN,LR,0.8865000000000001,0.8869781551380035
segment,False,MCAR,0.3,0,KNN,KNN,0.8835000000000001,0.8827854812947159
segment,False,MCAR,0.3,0,KNN,RF,0.9189999999999999,0.9191988628534563
segment,False,MCAR,0.3,0,KNN,SVC,0.891,0.8913569598017773
segment,False,MCAR,0.3,0,MICE,LR,0.852,0.8532745683714416
segment,False,MCAR,0.3,0,MICE,KNN,0.8560000000000001,0.8553812697514335
segment,False,MCAR,0.3,0,MICE,RF,0.9269999999999999,0.9269989493042399
segment,False,MCAR,0.3,0,MICE,SVC,0.8554999999999999,0.8568099953973229
segment,False,MCAR,0.3,0,MissForest,LR,0.9135,0.913796592682993
segment,False,MCAR,0.3,0,MissForest,KNN,0.9164999999999999,0.9154359074795451
segment,False,MCAR,0.3,0,MissForest,RF,0.9490000000000001,0.9492211532103022
segment,False,MCAR,0.3,0,MissForest,SVC,0.9155000000000001,0.9153174948203626
segment,False,MCAR,0.3,0,SoftImpute,LR,0.852,0.8537487795907296
segment,False,MCAR,0.3,0,SoftImpute,KNN,0.859,0.8575188134069831
segment,False,MCAR,0.3,0,SoftImpute,RF,0.9255000000000001,0.9257233918399008
segment,False,MCAR,0.3,0,SoftImpute,SVC,0.85,0.8513869346943667
segment,False,MCAR,0.3,0,GAIN,LR,0.8085000000000001,0.8084648331795992
segment,False,MCAR,0.3,0,GAIN,KNN,0.845,0.8434880842727981
segment,False,MCAR,0.3,0,GAIN,RF,0.9149999999999998,0.9153281924233211
segment,False,MCAR,0.3,0,GAIN,SVC,0.834,0.8337086516247701
segment,False,MCAR,0.3,0,NDI-F1,LR,0.828,0.8296080747636031
segment,False,MCAR,0.3,0,NDI-F1,KNN,0.841,0.8388671134759502
segment,False,MCAR,0.3,0,NDI-F1,RF,0.9289999999999999,0.9289959560216413
segment,False,MCAR,0.3,0,NDI-F1,SVC,0.833,0.8339444824512041
segment,False,MCAR,0.3,0,NDI-F-noclip,LR,0.8300000000000001,0.83097501694005
segment,False,MCAR,0.3,0,NDI-F-noclip,KNN,0.852,0.8504550844655794
segment,False,MCAR,0.3,0,NDI-F-noclip,RF,0.9145000000000001,0.914492023011929
segment,False,MCAR,0.3,0,NDI-F-noclip,SVC,0.8379999999999999,0.8386410460734239
segment,False,MCAR,0.3,0,NDI-F,LR,0.8295,0.8304949898461572
segment,False,MCAR,0.3,0,NDI-F,KNN,0.8530000000000001,0.8515053346850314
segment,False,MCAR,0.3,0,NDI-F,RF,0.9179999999999999,0.9178871905983025
segment,False,MCAR,0.3,0,NDI-F,SVC,0.837,0.8376654511620553
segment,False,MCAR,0.3,0,Copula-NDI-F,LR,0.8470000000000001,0.8482379031966255
segment,False,MCAR,0.3,0,Copula-NDI-F,KNN,0.8695,0.868334685340038
segment,False,MCAR,0.3,0,Copula-NDI-F,RF,0.9209999999999999,0.9210180470905522
segment,False,MCAR,0.3,0,Copula-NDI-F,SVC,0.857,0.8574995051903083
segment,False,MCAR,0.3,0,MIWAE,LR,0.8825,0.8823828253905297
segment,False,MCAR,0.3,0,MIWAE,KNN,0.8765000000000001,0.8756616014361336
segment,False,MCAR,0.3,0,MIWAE,RF,0.9235000000000001,0.923865398890993
segment,False,MCAR,0.3,0,MIWAE,SVC,0.884,0.8847608638735748
segment,False,MCAR,0.3,0,Sinkhorn,LR,0.8789999999999999,0.8799178664501403
segment,False,MCAR,0.3,0,Sinkhorn,KNN,0.8724999999999999,0.8716778783387168
segment,False,MCAR,0.3,0,Sinkhorn,RF,0.9315000000000001,0.9317867914269513
segment,False,MCAR,0.3,0,Sinkhorn,SVC,0.8634999999999999,0.8635340385485399
segment,False,MCAR,0.3,0,HyperImpute,LR,0.8850000000000001,0.885784765084491
segment,False,MCAR,0.3,0,HyperImpute,KNN,0.881,0.8799242869750188
segment,False,MCAR,0.3,0,HyperImpute,RF,0.9339999999999999,0.9342122595291602
segment,False,MCAR,0.3,0,HyperImpute,SVC,0.8789999999999999,0.8799306673751255
segment,False,MCAR,0.3,0,ReMasker,LR,0.9015000000000001,0.9012223808160224
segment,False,MCAR,0.3,0,ReMasker,KNN,0.9055,0.9034698657693576
segment,False,MCAR,0.3,0,ReMasker,RF,0.9260000000000002,0.9259915670673993
segment,False,MCAR,0.3,0,ReMasker,SVC,0.9025000000000001,0.9013607346274789
segment,False,MCAR,0.3,1,Mean,LR,0.796,0.797015384977155
segment,False,MCAR,0.3,1,Mean,KNN,0.8019999999999999,0.8003615281202118
segment,False,MCAR,0.3,1,Mean,RF,0.9120000000000001,0.9119542762564817
segment,False,MCAR,0.3,1,Mean,SVC,0.833,0.8333918994784757
segment,False,MCAR,0.3,1,NDI-0,LR,0.792,0.7921370163907238
segment,False,MCAR,0.3,1,NDI-0,KNN,0.8100000000000002,0.8079465100692186
segment,False,MCAR,0.3,1,NDI-0,RF,0.8934999999999998,0.8937022112923687
segment,False,MCAR,0.3,1,NDI-0,SVC,0.836,0.8369031527866986
segment,False,MCAR,0.3,1,NDI-C,LR,0.8215,0.8231106961742178
segment,False,MCAR,0.3,1,NDI-C,KNN,0.8404999999999999,0.8387902405960703
segment,False,MCAR,0.3,1,NDI-C,RF,0.9095000000000001,0.9094931678118675
segment,False,MCAR,0.3,1,NDI-C,SVC,0.834,0.8345779268412332
segment,False,MCAR,0.3,1,NDI-S,LR,0.8225,0.8236665484847867
segment,False,MCAR,0.3,1,NDI-S,KNN,0.833,0.8309768274985269
segment,False,MCAR,0.3,1,NDI-S,RF,0.9045,0.9046254191518995
segment,False,MCAR,0.3,1,NDI-S,SVC,0.836,0.8365843729489957
segment,False,MCAR,0.3,1,GaussCM,LR,0.841,0.8424997156369137
segment,False,MCAR,0.3,1,GaussCM,KNN,0.8585,0.8568453479194995
segment,False,MCAR,0.3,1,GaussCM,RF,0.909,0.9090707746580404
segment,False,MCAR,0.3,1,GaussCM,SVC,0.8545,0.8552875906653664
segment,False,MCAR,0.3,1,KNN,LR,0.8699999999999999,0.8699447011039941
segment,False,MCAR,0.3,1,KNN,KNN,0.8724999999999999,0.8713564611176675
segment,False,MCAR,0.3,1,KNN,RF,0.9275,0.9274725297516664
segment,False,MCAR,0.3,1,KNN,SVC,0.8789999999999999,0.8785503198149547
segment,False,MCAR,0.3,1,MICE,LR,0.8614999999999998,0.8624811388809442
segment,False,MCAR,0.3,1,MICE,KNN,0.859,0.857360756494101
segment,False,MCAR,0.3,1,MICE,RF,0.9125,0.9125789321708426
segment,False,MCAR,0.3,1,MICE,SVC,0.868,0.8688024079428137
segment,False,MCAR,0.3,1,MissForest,LR,0.9115,0.9114032223694254
segment,False,MCAR,0.3,1,MissForest,KNN,0.917,0.9163077260509634
segment,False,MCAR,0.3,1,MissForest,RF,0.9494999999999999,0.9496114078819934
segment,False,MCAR,0.3,1,MissForest,SVC,0.9120000000000001,0.9115408446322212
segment,False,MCAR,0.3,1,SoftImpute,LR,0.8479999999999999,0.8499547057470422
segment,False,MCAR,0.3,1,SoftImpute,KNN,0.861,0.8593841483707146
segment,False,MCAR,0.3,1,SoftImpute,RF,0.9195,0.9194887415596661
segment,False,MCAR,0.3,1,SoftImpute,SVC,0.8574999999999999,0.8594859012426997
segment,False,MCAR,0.3,1,GAIN,LR,0.8140000000000001,0.81479090665433
segment,False,MCAR,0.3,1,GAIN,KNN,0.8320000000000001,0.8289960710895035
segment,False,MCAR,0.3,1,GAIN,RF,0.906,0.9057765857625768
segment,False,MCAR,0.3,1,GAIN,SVC,0.8320000000000001,0.8315607039017413
segment,False,MCAR,0.3,1,NDI-F1,LR,0.8244999999999999,0.8255318874973169
segment,False,MCAR,0.3,1,NDI-F1,KNN,0.834,0.8319043452795875
segment,False,MCAR,0.3,1,NDI-F1,RF,0.9145,0.9143810006496771
segment,False,MCAR,0.3,1,NDI-F1,SVC,0.8414999999999999,0.8419889042478615
segment,False,MCAR,0.3,1,NDI-F-noclip,LR,0.8295,0.8312237652390051
segment,False,MCAR,0.3,1,NDI-F-noclip,KNN,0.842,0.8402987430446048
segment,False,MCAR,0.3,1,NDI-F-noclip,RF,0.9104999999999999,0.9101715854428652
segment,False,MCAR,0.3,1,NDI-F-noclip,SVC,0.8470000000000001,0.8473062910877669
segment,False,MCAR,0.3,1,NDI-F,LR,0.8290000000000001,0.8306305309498242
segment,False,MCAR,0.3,1,NDI-F,KNN,0.8425,0.8410175101656246
segment,False,MCAR,0.3,1,NDI-F,RF,0.9115,0.911215727458818
segment,False,MCAR,0.3,1,NDI-F,SVC,0.8470000000000001,0.8469360138432048
segment,False,MCAR,0.3,1,Copula-NDI-F,LR,0.8524999999999998,0.8538158154757175
segment,False,MCAR,0.3,1,Copula-NDI-F,KNN,0.8714999999999999,0.8705706565154114
segment,False,MCAR,0.3,1,Copula-NDI-F,RF,0.9285,0.9284570975679063
segment,False,MCAR,0.3,1,Copula-NDI-F,SVC,0.8560000000000001,0.8563799492598587
segment,False,MCAR,0.3,2,Mean,LR,0.7889999999999999,0.7895491755239183
segment,False,MCAR,0.3,2,Mean,KNN,0.8020000000000002,0.8003626796484834
segment,False,MCAR,0.3,2,Mean,RF,0.9120000000000001,0.9121654310187809
segment,False,MCAR,0.3,2,Mean,SVC,0.8320000000000001,0.832662888775024
segment,False,MCAR,0.3,2,NDI-0,LR,0.785,0.7845976835761407
segment,False,MCAR,0.3,2,NDI-0,KNN,0.8175000000000001,0.8160201834735386
segment,False,MCAR,0.3,2,NDI-0,RF,0.8915000000000001,0.8915544788581699
segment,False,MCAR,0.3,2,NDI-0,SVC,0.8320000000000001,0.8330292636743393
segment,False,MCAR,0.3,2,NDI-C,LR,0.8195,0.8204595069434886
segment,False,MCAR,0.3,2,NDI-C,KNN,0.8385,0.8373911669090361
segment,False,MCAR,0.3,2,NDI-C,RF,0.916,0.9162472933192649
segment,False,MCAR,0.3,2,NDI-C,SVC,0.834,0.8357355104105035
segment,False,MCAR,0.3,2,NDI-S,LR,0.82,0.8209498693649373
segment,False,MCAR,0.3,2,NDI-S,KNN,0.8385,0.836971068853234
segment,False,MCAR,0.3,2,NDI-S,RF,0.9164999999999999,0.9166234091973857
segment,False,MCAR,0.3,2,NDI-S,SVC,0.8354999999999999,0.8373751833949225
segment,False,MCAR,0.3,2,GaussCM,LR,0.842,0.8425597420582023
segment,False,MCAR,0.3,2,GaussCM,KNN,0.859,0.8576928480376766
segment,False,MCAR,0.3,2,GaussCM,RF,0.9195,0.9192647078723315
segment,False,MCAR,0.3,2,GaussCM,SVC,0.8554999999999999,0.8561907074888511
segment,False,MCAR,0.3,2,KNN,LR,0.8825,0.8831413135781488
segment,False,MCAR,0.3,2,KNN,KNN,0.8879999999999999,0.887512924760097
segment,False,MCAR,0.3,2,KNN,RF,0.9279999999999999,0.9284269799287665
segment,False,MCAR,0.3,2,KNN,SVC,0.8875,0.887541080806543
segment,False,MCAR,0.3,2,MICE,LR,0.8470000000000001,0.8476736342411275
segment,False,MCAR,0.3,2,MICE,KNN,0.8550000000000001,0.8537355155071908
segment,False,MCAR,0.3,2,MICE,RF,0.914,0.9140339342705566
segment,False,MCAR,0.3,2,MICE,SVC,0.8540000000000001,0.8559158922641517
segment,False,MCAR,0.3,2,MissForest,LR,0.917,0.917082214803495
segment,False,MCAR,0.3,2,MissForest,KNN,0.9164999999999999,0.9158903104666599
segment,False,MCAR,0.3,2,MissForest,RF,0.9480000000000001,0.9482607544624312
segment,False,MCAR,0.3,2,MissForest,SVC,0.916,0.915808247925589
segment,False,MCAR,0.3,2,SoftImpute,LR,0.844,0.8449443719280765
segment,False,MCAR,0.3,2,SoftImpute,KNN,0.8540000000000001,0.852882873637277
segment,False,MCAR,0.3,2,SoftImpute,RF,0.925,0.9251294573964282
segment,False,MCAR,0.3,2,SoftImpute,SVC,0.8530000000000001,0.8547702027449284
segment,False,MCAR,0.3,2,GAIN,LR,0.8150000000000001,0.8153253706949546
segment,False,MCAR,0.3,2,GAIN,KNN,0.8414999999999999,0.8405563666689065
segment,False,MCAR,0.3,2,GAIN,RF,0.9035,0.9038356699229183
segment,False,MCAR,0.3,2,GAIN,SVC,0.8385,0.8389028395313556
segment,False,MCAR,0.3,2,NDI-F1,LR,0.826,0.8274619059500111
segment,False,MCAR,0.3,2,NDI-F1,KNN,0.829,0.8267239276610775
segment,False,MCAR,0.3,2,NDI-F1,RF,0.9239999999999998,0.92403471062213
segment,False,MCAR,0.3,2,NDI-F1,SVC,0.8324999999999999,0.8346749198769894
segment,False,MCAR,0.3,2,NDI-F-noclip,LR,0.8355,0.8364485407546338
segment,False,MCAR,0.3,2,NDI-F-noclip,KNN,0.8425,0.8409575775389329
segment,False,MCAR,0.3,2,NDI-F-noclip,RF,0.9185000000000001,0.9183288463077579
segment,False,MCAR,0.3,2,NDI-F-noclip,SVC,0.845,0.846020026858995
segment,False,MCAR,0.3,2,NDI-F,LR,0.8385,0.8393288898230633
segment,False,MCAR,0.3,2,NDI-F,KNN,0.8470000000000001,0.8456188564123621
segment,False,MCAR,0.3,2,NDI-F,RF,0.9164999999999999,0.916262082134577
segment,False,MCAR,0.3,2,NDI-F,SVC,0.8469999999999999,0.8477598986747561
segment,False,MCAR,0.3,2,Copula-NDI-F,LR,0.8575000000000002,0.8586171595156158
segment,False,MCAR,0.3,2,Copula-NDI-F,KNN,0.861,0.8600021449986632
segment,False,MCAR,0.3,2,Copula-NDI-F,RF,0.9125,0.9119926844542781
segment,False,MCAR,0.3,2,Copula-NDI-F,SVC,0.8649999999999999,0.8654556678191415
segment,False,MAR,0.3,0,Mean,LR,0.8035,0.8034543129694146
segment,False,MAR,0.3,0,Mean,KNN,0.82,0.8185761403872339
segment,False,MAR,0.3,0,Mean,RF,0.9285,0.9285035584134324
segment,False,MAR,0.3,0,Mean,SVC,0.8379999999999999,0.8372092038037573
segment,False,MAR,0.3,0,NDI-0,LR,0.791,0.791261754555107
segment,False,MAR,0.3,0,NDI-0,KNN,0.8254999999999999,0.8244924022754325
segment,False,MAR,0.3,0,NDI-0,RF,0.916,0.9161828026033602
segment,False,MAR,0.3,0,NDI-0,SVC,0.8380000000000001,0.8368477729933833
segment,False,MAR,0.3,0,NDI-C,LR,0.8135000000000001,0.8154847376722791
segment,False,MAR,0.3,0,NDI-C,KNN,0.8535,0.8517460236909754
segment,False,MAR,0.3,0,NDI-C,RF,0.9219999999999999,0.9216776143163375
segment,False,MAR,0.3,0,NDI-C,SVC,0.8489999999999999,0.8483021332731632
segment,False,MAR,0.3,0,NDI-S,LR,0.818,0.8197976438626906
segment,False,MAR,0.3,0,NDI-S,KNN,0.8520000000000001,0.8507118393265358
segment,False,MAR,0.3,0,NDI-S,RF,0.9199999999999999,0.9199870059101777
segment,False,MAR,0.3,0,NDI-S,SVC,0.8455,0.8445287848056363
segment,False,MAR,0.3,0,GaussCM,LR,0.826,0.8281305307667715
segment,False,MAR,0.3,0,GaussCM,KNN,0.853,0.8497449850197952
segment,False,MAR,0.3,0,GaussCM,RF,0.9254999999999999,0.9251428181957972
segment,False,MAR,0.3,0,GaussCM,SVC,0.857,0.855924999731147
segment,False,MAR,0.3,0,KNN,LR,0.877,0.8767917424985854
segment,False,MAR,0.3,0,KNN,KNN,0.893,0.892183840254366
segment,False,MAR,0.3,0,KNN,RF,0.925,0.9250674520833003
segment,False,MAR,0.3,0,KNN,SVC,0.8875,0.886336778392787
segment,False,MAR,0.3,0,MICE,LR,0.853,0.8541840624892286
segment,False,MAR,0.3,0,MICE,KNN,0.8790000000000001,0.8781983436080717
segment,False,MAR,0.3,0,MICE,RF,0.923,0.9231442589807981
segment,False,MAR,0.3,0,MICE,SVC,0.8805,0.8809413875158194
segment,False,MAR,0.3,0,MissForest,LR,0.8975,0.897925379038546
segment,False,MAR,0.3,0,MissForest,KNN,0.9099999999999999,0.9094434827734215
segment,False,MAR,0.3,0,MissForest,RF,0.9355,0.9356942194004272
segment,False,MAR,0.3,0,MissForest,SVC,0.9045,0.904279422955024
segment,False,MAR,0.3,0,SoftImpute,LR,0.8244999999999999,0.8265472283925513
segment,False,MAR,0.3,0,SoftImpute,KNN,0.8634999999999999,0.8622964387792219
segment,False,MAR,0.3,0,SoftImpute,RF,0.9324999999999999,0.9323789476517363
segment,False,MAR,0.3,0,SoftImpute,SVC,0.86,0.8599682916174183
segment,False,MAR,0.3,0,GAIN,LR,0.8059999999999998,0.8072188233096227
segment,False,MAR,0.3,0,GAIN,KNN,0.86,0.8583405400246246
segment,False,MAR,0.3,0,GAIN,RF,0.9205,0.9209403225233039
segment,False,MAR,0.3,0,GAIN,SVC,0.8400000000000001,0.8391368343035763
segment,False,MAR,0.3,0,NDI-F1,LR,0.8160000000000001,0.8180230293592631
segment,False,MAR,0.3,0,NDI-F1,KNN,0.8485000000000001,0.8454779345418574
segment,False,MAR,0.3,0,NDI-F1,RF,0.9275,0.927423204095783
segment,False,MAR,0.3,0,NDI-F1,SVC,0.8459999999999999,0.8449362043156647
segment,False,MAR,0.3,0,NDI-F-noclip,LR,0.8154999999999999,0.8173905647221801
segment,False,MAR,0.3,0,NDI-F-noclip,KNN,0.8545,0.8531762081291973
segment,False,MAR,0.3,0,NDI-F-noclip,RF,0.916,0.9156739795328935
segment,False,MAR,0.3,0,NDI-F-noclip,SVC,0.8550000000000001,0.8539350690681428
segment,False,MAR,0.3,0,NDI-F,LR,0.8145000000000001,0.8162361897036015
segment,False,MAR,0.3,0,NDI-F,KNN,0.857,0.8559065581290601
segment,False,MAR,0.3,0,NDI-F,RF,0.9215,0.9212174981369475
segment,False,MAR,0.3,0,NDI-F,SVC,0.8540000000000001,0.8530047545933902
segment,False,MAR,0.3,0,Copula-NDI-F,LR,0.8385,0.8395886236643018
segment,False,MAR,0.3,0,Copula-NDI-F,KNN,0.8685,0.8675016256726945
segment,False,MAR,0.3,0,Copula-NDI-F,RF,0.9185000000000001,0.9182069026071474
segment,False,MAR,0.3,0,Copula-NDI-F,SVC,0.8709999999999999,0.871258981159993
segment,False,MAR,0.3,0,MIWAE,LR,0.8644999999999999,0.8650063978268143
segment,False,MAR,0.3,0,MIWAE,KNN,0.8675,0.8662047170701852
segment,False,MAR,0.3,0,MIWAE,RF,0.922,0.9217352613980273
segment,False,MAR,0.3,0,MIWAE,SVC,0.8724999999999999,0.8729837660933818
segment,False,MAR,0.3,0,Sinkhorn,LR,0.8725000000000002,0.8735835239080192
segment,False,MAR,0.3,0,Sinkhorn,KNN,0.8859999999999999,0.8861058961685654
segment,False,MAR,0.3,0,Sinkhorn,RF,0.925,0.9250571948145738
segment,False,MAR,0.3,0,Sinkhorn,SVC,0.882,0.8825619631179761
segment,False,MAR,0.3,0,HyperImpute,LR,0.8859999999999999,0.8867408318466641
segment,False,MAR,0.3,0,HyperImpute,KNN,0.8885,0.887642581368058
segment,False,MAR,0.3,0,HyperImpute,RF,0.9285,0.9286497216671139
segment,False,MAR,0.3,0,HyperImpute,SVC,0.8895,0.8894566009258129
segment,False,MAR,0.3,0,ReMasker,LR,0.898,0.8979788954297538
segment,False,MAR,0.3,0,ReMasker,KNN,0.9019999999999999,0.9007752968821732
segment,False,MAR,0.3,0,ReMasker,RF,0.9305,0.9305618699610475
segment,False,MAR,0.3,0,ReMasker,SVC,0.9045,0.904136510309262
segment,False,MAR,0.3,1,Mean,LR,0.909,0.9088931638750047
segment,False,MAR,0.3,1,Mean,KNN,0.893,0.8905677968834362
segment,False,MAR,0.3,1,Mean,RF,0.9585000000000001,0.9585442730771458
segment,False,MAR,0.3,1,Mean,SVC,0.921,0.9208391543172137
segment,False,MAR,0.3,1,NDI-0,LR,0.9095000000000001,0.9091117859707735
segment,False,MAR,0.3,1,NDI-0,KNN,0.8875,0.8854351515530018
segment,False,MAR,0.3,1,NDI-0,RF,0.9585000000000001,0.9584179704596171
segment,False,MAR,0.3,1,NDI-0,SVC,0.9205,0.9203314895460277
segment,False,MAR,0.3,1,NDI-C,LR,0.9135,0.9132862714211456
segment,False,MAR,0.3,1,NDI-C,KNN,0.9055,0.9042048660692771
segment,False,MAR,0.3,1,NDI-C,RF,0.9575000000000001,0.9575369736176128
segment,False,MAR,0.3,1,NDI-C,SVC,0.9195,0.9189363299626698
segment,False,MAR,0.3,1,NDI-S,LR,0.915,0.9146819527145444
segment,False,MAR,0.3,1,NDI-S,KNN,0.909,0.9073376288592498
segment,False,MAR,0.3,1,NDI-S,RF,0.9584999999999999,0.958601603208493
segment,False,MAR,0.3,1,NDI-S,SVC,0.9219999999999999,0.9217238610765787
segment,False,MAR,0.3,1,GaussCM,LR,0.9109999999999999,0.9109534079676559
segment,False,MAR,0.3,1,GaussCM,KNN,0.9030000000000001,0.9016312565964275
segment,False,MAR,0.3,1,GaussCM,RF,0.9574999999999999,0.9574408841297283
segment,False,MAR,0.3,1,GaussCM,SVC,0.9185000000000001,0.9183877496618937
segment,False,MAR,0.3,1,KNN,LR,0.9289999999999999,0.9285748513159666
segment,False,MAR,0.3,1,KNN,KNN,0.9259999999999999,0.9250781387918063
segment,False,MAR,0.3,1,KNN,RF,0.9674999999999999,0.9673713554132372
segment,False,MAR,0.3,1,KNN,SVC,0.9349999999999998,0.9347604003707362
segment,False,MAR,0.3,1,MICE,LR,0.925,0.9247485139231977
segment,False,MAR,0.3,1,MICE,KNN,0.9209999999999999,0.9200925346180785
segment,False,MAR,0.3,1,MICE,RF,0.9625,0.9626396268632537
segment,False,MAR,0.3,1,MICE,SVC,0.9235,0.9231583814112463
segment,False,MAR,0.3,1,MissForest,LR,0.9280000000000002,0.9276930967656772
segment,False,MAR,0.3,1,MissForest,KNN,0.9255000000000001,0.9247621072319134
segment,False,MAR,0.3,1,MissForest,RF,0.966,0.9660495890273234
segment,False,MAR,0.3,1,MissForest,SVC,0.9295,0.9295111651849716
segment,False,MAR,0.3,1,SoftImpute,LR,0.915,0.914974011088043
segment,False,MAR,0.3,1,SoftImpute,KNN,0.9115,0.910242233885017
segment,False,MAR,0.3,1,SoftImpute,RF,0.9549999999999998,0.9551058185887664
segment,False,MAR,0.3,1,SoftImpute,SVC,0.922,0.9217708385844153
segment,False,MAR,0.3,1,GAIN,LR,0.9120000000000001,0.9118893145031729
segment,False,MAR,0.3,1,GAIN,KNN,0.9155,0.9150840201804018
segment,False,MAR,0.3,1,GAIN,RF,0.9564999999999999,0.9565534338656828
segment,False,MAR,0.3,1,GAIN,SVC,0.9184999999999999,0.9188258740063191
segment,False,MAR,0.3,1,NDI-F1,LR,0.913,0.912846950052382
segment,False,MAR,0.3,1,NDI-F1,KNN,0.9105000000000001,0.908903087841702
segment,False,MAR,0.3,1,NDI-F1,RF,0.9594999999999999,0.9595398128770594
segment,False,MAR,0.3,1,NDI-F1,SVC,0.9199999999999999,0.9196850912593998
segment,False,MAR,0.3,1,NDI-F-noclip,LR,0.9184999999999999,0.9183246713016404
segment,False,MAR,0.3,1,NDI-F-noclip,KNN,0.905,0.9035416877520707
segment,False,MAR,0.3,1,NDI-F-noclip,RF,0.9540000000000001,0.9540524160889327
segment,False,MAR,0.3,1,NDI-F-noclip,SVC,0.9205,0.920125569152801
segment,False,MAR,0.3,1,NDI-F,LR,0.917,0.916879940764284
segment,False,MAR,0.3,1,NDI-F,KNN,0.9030000000000001,0.9016457917933272
segment,False,MAR,0.3,1,NDI-F,RF,0.9555,0.9555515450081353
segment,False,MAR,0.3,1,NDI-F,SVC,0.9195,0.9191181948192432
segment,False,MAR,0.3,1,Copula-NDI-F,LR,0.9209999999999999,0.9211262418486015
segment,False,MAR,0.3,1,Copula-NDI-F,KNN,0.9255000000000001,0.9246736951350494
segment,False,MAR,0.3,1,Copula-NDI-F,RF,0.9545,0.9544736496395607
segment,False,MAR,0.3,1,Copula-NDI-F,SVC,0.9259999999999999,0.9257059477820212
segment,False,MAR,0.3,2,Mean,LR,0.857,0.8565382844038381
segment,False,MAR,0.3,2,Mean,KNN,0.8360000000000001,0.8321995920369865
segment,False,MAR,0.3,2,Mean,RF,0.9465,0.9462438464113072
segment,False,MAR,0.3,2,Mean,SVC,0.8625,0.8614363796632813
segment,False,MAR,0.3,2,NDI-0,LR,0.8539999999999999,0.8535310761579437
segment,False,MAR,0.3,2,NDI-0,KNN,0.85,0.8473116884647454
segment,False,MAR,0.3,2,NDI-0,RF,0.9359999999999999,0.9356157787177108
segment,False,MAR,0.3,2,NDI-0,SVC,0.8719999999999999,0.8718240644627334
segment,False,MAR,0.3,2,NDI-C,LR,0.8724999999999999,0.8724356156801084
segment,False,MAR,0.3,2,NDI-C,KNN,0.882,0.8808906974633472
segment,False,MAR,0.3,2,NDI-C,RF,0.9435,0.9432142500840037
segment,False,MAR,0.3,2,NDI-C,SVC,0.8764999999999998,0.8765022140307771
segment,False,MAR,0.3,2,NDI-S,LR,0.8705,0.8706231672009646
segment,False,MAR,0.3,2,NDI-S,KNN,0.8765000000000001,0.8750575380407716
segment,False,MAR,0.3,2,NDI-S,RF,0.9435,0.9433574154001159
segment,False,MAR,0.3,2,NDI-S,SVC,0.877,0.8766134863040815
segment,False,MAR,0.3,2,GaussCM,LR,0.8805,0.8808464011456303
segment,False,MAR,0.3,2,GaussCM,KNN,0.8800000000000001,0.8787991772490541
segment,False,MAR,0.3,2,GaussCM,RF,0.9455,0.9452397455023377
segment,False,MAR,0.3,2,GaussCM,SVC,0.8750000000000002,0.8761099094486076
segment,False,MAR,0.3,2,KNN,LR,0.9179999999999999,0.9173712874121133
segment,False,MAR,0.3,2,KNN,KNN,0.908,0.907075547342609
segment,False,MAR,0.3,2,KNN,RF,0.9584999999999999,0.9584103244892269
segment,False,MAR,0.3,2,KNN,SVC,0.917,0.915980066912876
segment,False,MAR,0.3,2,MICE,LR,0.909,0.9094178553763823
segment,False,MAR,0.3,2,MICE,KNN,0.893,0.8922511700787267
segment,False,MAR,0.3,2,MICE,RF,0.9555,0.9554701830997343
segment,False,MAR,0.3,2,MICE,SVC,0.908,0.9093805028579848
segment,False,MAR,0.3,2,MissForest,LR,0.9259999999999999,0.9257471740092713
segment,False,MAR,0.3,2,MissForest,KNN,0.916,0.9152700535826291
segment,False,MAR,0.3,2,MissForest,RF,0.9605,0.960563025204463
segment,False,MAR,0.3,2,MissForest,SVC,0.9255000000000001,0.9255152907523735
segment,False,MAR,0.3,2,SoftImpute,LR,0.8880000000000001,0.8887958086834742
segment,False,MAR,0.3,2,SoftImpute,KNN,0.8825000000000001,0.8814349749788987
segment,False,MAR,0.3,2,SoftImpute,RF,0.9504999999999999,0.9505025524192368
segment,False,MAR,0.3,2,SoftImpute,SVC,0.8795,0.8809948798060787
segment,False,MAR,0.3,2,GAIN,LR,0.868,0.8683543227543753
segment,False,MAR,0.3,2,GAIN,KNN,0.868,0.8665486760552307
segment,False,MAR,0.3,2,GAIN,RF,0.9395,0.9392070663624598
segment,False,MAR,0.3,2,GAIN,SVC,0.8644999999999999,0.8648811065528772
segment,False,MAR,0.3,2,NDI-F1,LR,0.8705,0.8706620183715567
segment,False,MAR,0.3,2,NDI-F1,KNN,0.8705,0.8684394048121057
segment,False,MAR,0.3,2,NDI-F1,RF,0.9460000000000001,0.9458739718783109
segment,False,MAR,0.3,2,NDI-F1,SVC,0.8744999999999999,0.8747700409873758
segment,False,MAR,0.3,2,NDI-F-noclip,LR,0.877,0.8775264539120469
segment,False,MAR,0.3,2,NDI-F-noclip,KNN,0.884,0.8827983494137774
segment,False,MAR,0.3,2,NDI-F-noclip,RF,0.9414999999999999,0.9411593167914672
segment,False,MAR,0.3,2,NDI-F-noclip,SVC,0.876,0.8764761412538767
segment,False,MAR,0.3,2,NDI-F,LR,0.8775000000000001,0.8780652972003333
segment,False,MAR,0.3,2,NDI-F,KNN,0.8835000000000001,0.8823971287972684
segment,False,MAR,0.3,2,NDI-F,RF,0.9455,0.9452179225268595
segment,False,MAR,0.3,2,NDI-F,SVC,0.8765000000000001,0.8769909115058212
segment,False,MAR,0.3,2,Copula-NDI-F,LR,0.8800000000000001,0.880257651499724
segment,False,MAR,0.3,2,Copula-NDI-F,KNN,0.8939999999999999,0.8934385424726706
segment,False,MAR,0.3,2,Copula-NDI-F,RF,0.9460000000000001,0.9458040166379605
segment,False,MAR,0.3,2,Copula-NDI-F,SVC,0.8915000000000001,0.8918243801577661
segment,False,MNAR,0.3,0,Mean,LR,0.853,0.8540045548091758
segment,False,MNAR,0.3,0,Mean,KNN,0.8215,0.8158780925507225
segment,False,MNAR,0.3,0,Mean,RF,0.9215,0.9218345568289056
segment,False,MNAR,0.3,0,Mean,SVC,0.867,0.8674922959187781
segment,False,MNAR,0.3,0,NDI-0,LR,0.85,0.8506818370250897
segment,False,MNAR,0.3,0,NDI-0,KNN,0.843,0.8400610852672571
segment,False,MNAR,0.3,0,NDI-0,RF,0.907,0.9069606229634131
segment,False,MNAR,0.3,0,NDI-0,SVC,0.866,0.8666767383319683
segment,False,MNAR,0.3,0,NDI-C,LR,0.8540000000000001,0.8544049985252695
segment,False,MNAR,0.3,0,NDI-C,KNN,0.8375,0.8348051881656382
segment,False,MNAR,0.3,0,NDI-C,RF,0.908,0.9084264556405628
segment,False,MNAR,0.3,0,NDI-C,SVC,0.8620000000000001,0.8623069426137413
segment,False,MNAR,0.3,0,NDI-S,LR,0.8535,0.8543389431733155
segment,False,MNAR,0.3,0,NDI-S,KNN,0.8435,0.8401138750375686
segment,False,MNAR,0.3,0,NDI-S,RF,0.914,0.9146505889416797
segment,False,MNAR,0.3,0,NDI-S,SVC,0.8685,0.868632235793668
segment,False,MNAR,0.3,0,GaussCM,LR,0.851,0.849238868093791
segment,False,MNAR,0.3,0,GaussCM,KNN,0.836,0.8298210016191012
segment,False,MNAR,0.3,0,GaussCM,RF,0.9010000000000001,0.9008228498385554
segment,False,MNAR,0.3,0,GaussCM,SVC,0.8615,0.8588772006647016
segment,False,MNAR,0.3,0,KNN,LR,0.8835,0.8826135693432835
segment,False,MNAR,0.3,0,KNN,KNN,0.8790000000000001,0.8765672441803058
segment,False,MNAR,0.3,0,KNN,RF,0.922,0.9216118700422827
segment,False,MNAR,0.3,0,KNN,SVC,0.8895,0.8885788938900324
segment,False,MNAR,0.3,0,MICE,LR,0.8889999999999999,0.8889347800878715
segment,False,MNAR,0.3,0,MICE,KNN,0.8815,0.8792553263590005
segment,False,MNAR,0.3,0,MICE,RF,0.9269999999999999,0.9270795804884461
segment,False,MNAR,0.3,0,MICE,SVC,0.8869999999999999,0.8875291272535512
segment,False,MNAR,0.3,0,MissForest,LR,0.9205,0.9201865437888177
segment,False,MNAR,0.3,0,MissForest,KNN,0.9209999999999999,0.9198914566576182
segment,False,MNAR,0.3,0,MissForest,RF,0.9570000000000001,0.9569733751375626
segment,False,MNAR,0.3,0,MissForest,SVC,0.9285,0.92784124965492
segment,False,MNAR,0.3,0,SoftImpute,LR,0.877,0.8773184282555266
segment,False,MNAR,0.3,0,SoftImpute,KNN,0.873,0.8712268906927149
segment,False,MNAR,0.3,0,SoftImpute,RF,0.93,0.9301700407920691
segment,False,MNAR,0.3,0,SoftImpute,SVC,0.8879999999999999,0.8882959468678593
segment,False,MNAR,0.3,0,GAIN,LR,0.8649999999999999,0.8652879827342005
segment,False,MNAR,0.3,0,GAIN,KNN,0.8705000000000002,0.8687463460481842
segment,False,MNAR,0.3,0,GAIN,RF,0.9259999999999999,0.926367055982799
segment,False,MNAR,0.3,0,GAIN,SVC,0.8795,0.8802579812575763
segment,False,MNAR,0.3,0,NDI-F1,LR,0.8634999999999999,0.8640803103779637
segment,False,MNAR,0.3,0,NDI-F1,KNN,0.851,0.8487275408309861
segment,False,MNAR,0.3,0,NDI-F1,RF,0.922,0.9223411026138686
segment,False,MNAR,0.3,0,NDI-F1,SVC,0.8790000000000001,0.878984730226429
segment,False,MNAR,0.3,0,NDI-F-noclip,LR,0.8554999999999999,0.8551094243736233
segment,False,MNAR,0.3,0,NDI-F-noclip,KNN,0.8644999999999999,0.8627221753935084
segment,False,MNAR,0.3,0,NDI-F-noclip,RF,0.9109999999999999,0.9110445146754461
segment,False,MNAR,0.3,0,NDI-F-noclip,SVC,0.8765000000000001,0.8756206444081472
segment,False,MNAR,0.3,0,NDI-F,LR,0.8545,0.8541042151077226
segment,False,MNAR,0.3,0,NDI-F,KNN,0.866,0.8642842393728891
segment,False,MNAR,0.3,0,NDI-F,RF,0.9125,0.9125165543721974
segment,False,MNAR,0.3,0,NDI-F,SVC,0.8765000000000001,0.8754735826111325
segment,False,MNAR,0.3,0,Copula-NDI-F,LR,0.868,0.8675942404235958
segment,False,MNAR,0.3,0,Copula-NDI-F,KNN,0.8809999999999999,0.8792431119373403
segment,False,MNAR,0.3,0,Copula-NDI-F,RF,0.9195,0.918928286490209
segment,False,MNAR,0.3,0,Copula-NDI-F,SVC,0.8870000000000001,0.8861671363155731
segment,False,MNAR,0.3,0,MIWAE,LR,0.8905000000000001,0.8905831005727812
segment,False,MNAR,0.3,0,MIWAE,KNN,0.8864999999999998,0.8844431555416217
segment,False,MNAR,0.3,0,MIWAE,RF,0.9305,0.9306303145564854
segment,False,MNAR,0.3,0,MIWAE,SVC,0.8885,0.8884244840268959
segment,False,MNAR,0.3,0,Sinkhorn,LR,0.8995000000000001,0.899681399597173
segment,False,MNAR,0.3,0,Sinkhorn,KNN,0.9,0.8990620286063127
segment,False,MNAR,0.3,0,Sinkhorn,RF,0.9355,0.9356701093305929
segment,False,MNAR,0.3,0,Sinkhorn,SVC,0.906,0.9058041892657954
segment,False,MNAR,0.3,0,HyperImpute,LR,0.907,0.9072635681871246
segment,False,MNAR,0.3,0,HyperImpute,KNN,0.907,0.9055071786213077
segment,False,MNAR,0.3,0,HyperImpute,RF,0.9355,0.935592221285822
segment,False,MNAR,0.3,0,HyperImpute,SVC,0.9059999999999999,0.9058016230306535
segment,False,MNAR,0.3,0,ReMasker,LR,0.909,0.9083033954318326
segment,False,MNAR,0.3,0,ReMasker,KNN,0.9135000000000002,0.9118576488111817
segment,False,MNAR,0.3,0,ReMasker,RF,0.932,0.931789620319937
segment,False,MNAR,0.3,0,ReMasker,SVC,0.9129999999999999,0.9118044523586635
segment,False,MNAR,0.3,1,Mean,LR,0.8109999999999999,0.8112783888539585
segment,False,MNAR,0.3,1,Mean,KNN,0.7935,0.7882812777205823
segment,False,MNAR,0.3,1,Mean,RF,0.9295,0.929433824461392
segment,False,MNAR,0.3,1,Mean,SVC,0.8375,0.8353513383582337
segment,False,MNAR,0.3,1,NDI-0,LR,0.8205,0.8195526355992383
segment,False,MNAR,0.3,1,NDI-0,KNN,0.8314999999999999,0.8274708473630954
segment,False,MNAR,0.3,1,NDI-0,RF,0.9029999999999999,0.9025318956746897
segment,False,MNAR,0.3,1,NDI-0,SVC,0.8574999999999999,0.8556022262388527
segment,False,MNAR,0.3,1,NDI-C,LR,0.836,0.8360444962415373
segment,False,MNAR,0.3,1,NDI-C,KNN,0.8430000000000002,0.8398205372447087
segment,False,MNAR,0.3,1,NDI-C,RF,0.9125,0.9122191845272427
segment,False,MNAR,0.3,1,NDI-C,SVC,0.8414999999999999,0.8405484736468634
segment,False,MNAR,0.3,1,NDI-S,LR,0.8274999999999999,0.8279803081598465
segment,False,MNAR,0.3,1,NDI-S,KNN,0.8324999999999999,0.8289548236971186
segment,False,MNAR,0.3,1,NDI-S,RF,0.9185000000000001,0.9182831857283438
segment,False,MNAR,0.3,1,NDI-S,SVC,0.8400000000000001,0.8390838243004062
segment,False,MNAR,0.3,1,GaussCM,LR,0.837,0.8366053461187815
segment,False,MNAR,0.3,1,GaussCM,KNN,0.836,0.8325678182221615
segment,False,MNAR,0.3,1,GaussCM,RF,0.9085000000000001,0.9078982370005055
segment,False,MNAR,0.3,1,GaussCM,SVC,0.8484999999999999,0.847193814027191
segment,False,MNAR,0.3,1,KNN,LR,0.8835,0.8834490298602911
segment,False,MNAR,0.3,1,KNN,KNN,0.8789999999999999,0.8774712130427254
segment,False,MNAR,0.3,1,KNN,RF,0.9235,0.923305111641161
segment,False,MNAR,0.3,1,KNN,SVC,0.8765000000000001,0.8760225844366916
segment,False,MNAR,0.3,1,MICE,LR,0.8775000000000001,0.8775890334938709
segment,False,MNAR,0.3,1,MICE,KNN,0.8625,0.861881569848071
segment,False,MNAR,0.3,1,MICE,RF,0.921,0.9208547531903631
segment,False,MNAR,0.3,1,MICE,SVC,0.8755000000000001,0.875591054683527
segment,False,MNAR,0.3,1,MissForest,LR,0.9195,0.9193279318519709
segment,False,MNAR,0.3,1,MissForest,KNN,0.9199999999999999,0.9189822001549078
segment,False,MNAR,0.3,1,MissForest,RF,0.9475,0.9475681062425905
segment,False,MNAR,0.3,1,MissForest,SVC,0.9184999999999999,0.9182793486425082
segment,False,MNAR,0.3,1,SoftImpute,LR,0.8620000000000001,0.8627957561696504
segment,False,MNAR,0.3,1,SoftImpute,KNN,0.851,0.8483714114026091
segment,False,MNAR,0.3,1,SoftImpute,RF,0.9205,0.9205077925444647
segment,False,MNAR,0.3,1,SoftImpute,SVC,0.8644999999999999,0.8635473685755667
segment,False,MNAR,0.3,1,GAIN,LR,0.866,0.8652387384836235
segment,False,MNAR,0.3,1,GAIN,KNN,0.8705,0.867442182941975
segment,False,MNAR,0.3,1,GAIN,RF,0.9235000000000001,0.9235154982085172
segment,False,MNAR,0.3,1,GAIN,SVC,0.8705,0.8696426381027308
segment,False,MNAR,0.3,1,NDI-F1,LR,0.8385,0.8390853082741767
segment,False,MNAR,0.3,1,NDI-F1,KNN,0.8300000000000001,0.8264657548397516
segment,False,MNAR,0.3,1,NDI-F1,RF,0.915,0.9149703451771574
segment,False,MNAR,0.3,1,NDI-F1,SVC,0.8495000000000001,0.8490326438017981
segment,False,MNAR,0.3,1,NDI-F-noclip,LR,0.85,0.8498029914699247
segment,False,MNAR,0.3,1,NDI-F-noclip,KNN,0.843,0.8394226228458802
segment,False,MNAR,0.3,1,NDI-F-noclip,RF,0.9115,0.9110075768923362
segment,False,MNAR,0.3,1,NDI-F-noclip,SVC,0.8605,0.8586289917565729
segment,False,MNAR,0.3,1,NDI-F,LR,0.852,0.8515976329072249
segment,False,MNAR,0.3,1,NDI-F,KNN,0.8484999999999999,0.8450595729007656
segment,False,MNAR,0.3,1,NDI-F,RF,0.913,0.9124953105382062
segment,False,MNAR,0.3,1,NDI-F,SVC,0.8610000000000001,0.8591388949807094
segment,False,MNAR,0.3,1,Copula-NDI-F,LR,0.859,0.8579722630729915
segment,False,MNAR,0.3,1,Copula-NDI-F,KNN,0.8474999999999999,0.8445710336457752
segment,False,MNAR,0.3,1,Copula-NDI-F,RF,0.9145,0.9141097821418855
segment,False,MNAR,0.3,1,Copula-NDI-F,SVC,0.8559999999999999,0.8550728777649489
segment,False,MNAR,0.3,2,Mean,LR,0.834,0.8336108952085777
segment,False,MNAR,0.3,2,Mean,KNN,0.8324999999999999,0.8264534780877233
segment,False,MNAR,0.3,2,Mean,RF,0.9349999999999999,0.9347770024824971
segment,False,MNAR,0.3,2,Mean,SVC,0.8535,0.8518704134517542
segment,False,MNAR,0.3,2,NDI-0,LR,0.8325000000000001,0.8320004944900907
segment,False,MNAR,0.3,2,NDI-0,KNN,0.849,0.8455466127617246
segment,False,MNAR,0.3,2,NDI-0,RF,0.9145,0.9145830011529513
segment,False,MNAR,0.3,2,NDI-0,SVC,0.8560000000000001,0.8534564745194262
segment,False,MNAR,0.3,2,NDI-C,LR,0.845,0.8440799970086813
segment,False,MNAR,0.3,2,NDI-C,KNN,0.8695,0.8679455230645757
segment,False,MNAR,0.3,2,NDI-C,RF,0.921,0.9212168395458942
segment,False,MNAR,0.3,2,NDI-C,SVC,0.873,0.8709516772339139
segment,False,MNAR,0.3,2,NDI-S,LR,0.844,0.8432974812735269
segment,False,MNAR,0.3,2,NDI-S,KNN,0.8719999999999999,0.8699017372877831
segment,False,MNAR,0.3,2,NDI-S,RF,0.9309999999999998,0.930933776265223
segment,False,MNAR,0.3,2,NDI-S,SVC,0.867,0.8644324525734332
segment,False,MNAR,0.3,2,GaussCM,LR,0.8325000000000001,0.8301495156907579
segment,False,MNAR,0.3,2,GaussCM,KNN,0.8515,0.8485930143300013
segment,False,MNAR,0.3,2,GaussCM,RF,0.9099999999999999,0.9094435354947908
segment,False,MNAR,0.3,2,GaussCM,SVC,0.844,0.840460305841531
segment,False,MNAR,0.3,2,KNN,LR,0.8845000000000001,0.883519433580703
segment,False,MNAR,0.3,2,KNN,KNN,0.889,0.8877889617683519
segment,False,MNAR,0.3,2,KNN,RF,0.93,0.929652221039871
segment,False,MNAR,0.3,2,KNN,SVC,0.8939999999999999,0.8933414901944252
segment,False,MNAR,0.3,2,MICE,LR,0.884,0.8836710715851366
segment,False,MNAR,0.3,2,MICE,KNN,0.8860000000000001,0.8844231125479407
segment,False,MNAR,0.3,2,MICE,RF,0.9355,0.935669340588371
segment,False,MNAR,0.3,2,MICE,SVC,0.8915,0.8920651232751183
segment,False,MNAR,0.3,2,MissForest,LR,0.9179999999999999,0.9172658055488888
segment,False,MNAR,0.3,2,MissForest,KNN,0.9125,0.9117731292360867
segment,False,MNAR,0.3,2,MissForest,RF,0.9525,0.9524638057807145
segment,False,MNAR,0.3,2,MissForest,SVC,0.9135,0.9133834760937607
segment,False,MNAR,0.3,2,SoftImpute,LR,0.86,0.859776197054914
segment,False,MNAR,0.3,2,SoftImpute,KNN,0.8925000000000001,0.8915881156713297
segment,False,MNAR,0.3,2,SoftImpute,RF,0.929,0.9292583216338122
segment,False,MNAR,0.3,2,SoftImpute,SVC,0.8765000000000001,0.8757680322784059
segment,False,MNAR,0.3,2,GAIN,LR,0.8554999999999999,0.854911084594276
segment,False,MNAR,0.3,2,GAIN,KNN,0.882,0.8808008818089004
segment,False,MNAR,0.3,2,GAIN,RF,0.9279999999999999,0.9282479666233755
segment,False,MNAR,0.3,2,GAIN,SVC,0.8865000000000001,0.8862161747099975
segment,False,MNAR,0.3,2,NDI-F1,LR,0.8545,0.8542324018845842
segment,False,MNAR,0.3,2,NDI-F1,KNN,0.877,0.8750065307979126
segment,False,MNAR,0.3,2,NDI-F1,RF,0.9295,0.9298460494578913
segment,False,MNAR,0.3,2,NDI-F1,SVC,0.8735000000000002,0.8725216928660029
segment,False,MNAR,0.3,2,NDI-F-noclip,LR,0.8495000000000001,0.8490261020755507
segment,False,MNAR,0.3,2,NDI-F-noclip,KNN,0.8710000000000001,0.8696342433355102
segment,False,MNAR,0.3,2,NDI-F-noclip,RF,0.923,0.9230724502719843
segment,False,MNAR,0.3,2,NDI-F-noclip,SVC,0.8644999999999999,0.8631618470009897
segment,False,MNAR,0.3,2,NDI-F,LR,0.8474999999999999,0.84676584613307
segment,False,MNAR,0.3,2,NDI-F,KNN,0.869,0.8679011667397578
segment,False,MNAR,0.3,2,NDI-F,RF,0.923,0.9231342645168169
segment,False,MNAR,0.3,2,NDI-F,SVC,0.8644999999999999,0.8632067271760869
segment,False,MNAR,0.3,2,Copula-NDI-F,LR,0.8525,0.8506936597045222
segment,False,MNAR,0.3,2,Copula-NDI-F,KNN,0.874,0.8714557730529293
segment,False,MNAR,0.3,2,Copula-NDI-F,RF,0.9289999999999999,0.9289080312993667
segment,False,MNAR,0.3,2,Copula-NDI-F,SVC,0.859,0.8563657388666757
spambase,False,MCAR,0.3,0,Mean,LR,0.8835000000000001,0.8765839791802342
spambase,False,MCAR,0.3,0,Mean,KNN,0.843,0.8319048335011529
spambase,False,MCAR,0.3,0,Mean,RF,0.8995000000000001,0.8934282950384066
spambase,False,MCAR,0.3,0,Mean,SVC,0.8885,0.8807946561607217
spambase,False,MCAR,0.3,0,NDI-0,LR,0.8875,0.8807241145711326
spambase,False,MCAR,0.3,0,NDI-0,KNN,0.8445,0.8341482138186798
spambase,False,MCAR,0.3,0,NDI-0,RF,0.8895,0.8817570615194107
spambase,False,MCAR,0.3,0,NDI-0,SVC,0.8920000000000001,0.8844723025400425
spambase,False,MCAR,0.3,0,NDI-C,LR,0.8870000000000001,0.8808323127206332
spambase,False,MCAR,0.3,0,NDI-C,KNN,0.859,0.8501163239671448
spambase,False,MCAR,0.3,0,NDI-C,RF,0.8989999999999998,0.8931811217229239
spambase,False,MCAR,0.3,0,NDI-C,SVC,0.8945000000000001,0.8877256362417816
spambase,False,MCAR,0.3,0,NDI-S,LR,0.889,0.8827554114916077
spambase,False,MCAR,0.3,0,NDI-S,KNN,0.859,0.8499416612297225
spambase,False,MCAR,0.3,0,NDI-S,RF,0.897,0.8911029375049917
spambase,False,MCAR,0.3,0,NDI-S,SVC,0.8949999999999999,0.8881282289880705
spambase,False,MCAR,0.3,0,GaussCM,LR,0.8875,0.8813314569460852
spambase,False,MCAR,0.3,0,GaussCM,KNN,0.8655000000000002,0.8573569096495198
spambase,False,MCAR,0.3,0,GaussCM,RF,0.9015000000000001,0.8956584434933639
spambase,False,MCAR,0.3,0,GaussCM,SVC,0.8975000000000002,0.8908682034735926
spambase,False,MCAR,0.3,0,KNN,LR,0.8725000000000002,0.8648511193950773
spambase,False,MCAR,0.3,0,KNN,KNN,0.8505,0.8410661653549241
spambase,False,MCAR,0.3,0,KNN,RF,0.8925000000000001,0.8856116478778917
spambase,False,MCAR,0.3,0,KNN,SVC,0.8745,0.8660586620851735
spambase,False,MCAR,0.3,0,MICE,LR,0.881,0.8742952782826027
spambase,False,MCAR,0.3,0,MICE,KNN,0.8644999999999999,0.8552794771527662
spambase,False,MCAR,0.3,0,MICE,RF,0.8915,0.8851066754133115
spambase,False,MCAR,0.3,0,MICE,SVC,0.891,0.8836859826205072
spambase,False,MCAR,0.3,0,MissForest,LR,0.8989999999999998,0.8932866211590932
spambase,False,MCAR,0.3,0,MissForest,KNN,0.8725000000000002,0.8650828922451673
spambase,False,MCAR,0.3,0,MissForest,RF,0.8945000000000001,0.8887218478392377
spambase,False,MCAR,0.3,0,MissForest,SVC,0.8939999999999999,0.8871109559157999
spambase,False,MCAR,0.3,0,SoftImpute,LR,0.8875,0.8811405971099744
spambase,False,MCAR,0.3,0,SoftImpute,KNN,0.8564999999999999,0.8467892691195793
spambase,False,MCAR,0.3,0,SoftImpute,RF,0.8985000000000001,0.8926993023863471
spambase,False,MCAR,0.3,0,SoftImpute,SVC,0.8955,0.8886209119924331
spambase,False,MCAR,0.3,0,GAIN,LR,0.8880000000000001,0.8817601443398854
spambase,False,MCAR,0.3,0,GAIN,KNN,0.8564999999999999,0.8475404502671186
spambase,False,MCAR,0.3,0,GAIN,RF,0.8955,0.8891636405825996
spambase,False,MCAR,0.3,0,GAIN,SVC,0.8940000000000001,0.886978148270364
spambase,False,MCAR,0.3,0,NDI-F1,LR,0.8869999999999999,0.8802460498818048
spambase,False,MCAR,0.3,0,NDI-F1,KNN,0.8415000000000001,0.8305771516059043
spambase,False,MCAR,0.3,0,NDI-F1,RF,0.8859999999999999,0.8795712177267818
spambase,False,MCAR,0.3,0,NDI-F1,SVC,0.8875,0.8798028682288841
spambase,False,MCAR,0.3,0,NDI-F-noclip,LR,0.8880000000000001,0.882015832672054
spambase,False,MCAR,0.3,0,NDI-F-noclip,KNN,0.8644999999999999,0.8561651805955334
spambase,False,MCAR,0.3,0,NDI-F-noclip,RF,0.8995000000000001,0.8934497047284626
spambase,False,MCAR,0.3,0,NDI-F-noclip,SVC,0.8960000000000001,0.8893071851401342
spambase,False,MCAR,0.3,0,NDI-F,LR,0.8875,0.8814521528356055
spambase,False,MCAR,0.3,0,NDI-F,KNN,0.8640000000000001,0.8557477621081476
spambase,False,MCAR,0.3,0,NDI-F,RF,0.9025000000000001,0.8965026360347721
spambase,False,MCAR,0.3,0,NDI-F,SVC,0.897,0.8904844956738401
spambase,False,MCAR,0.3,0,Copula-NDI-F,LR,0.8895,0.8833184722261475
spambase,False,MCAR,0.3,0,Copula-NDI-F,KNN,0.8550000000000001,0.8453611410820188
spambase,False,MCAR,0.3,0,Copula-NDI-F,RF,0.9109999999999999,0.9060341339765543
spambase,False,MCAR,0.3,0,Copula-NDI-F,SVC,0.893,0.8858644895638308
spambase,False,MCAR,0.3,0,MIWAE,LR,0.8705,0.8627075529378428
spambase,False,MCAR,0.3,0,MIWAE,KNN,0.834,0.8198942051466321
spambase,False,MCAR,0.3,0,MIWAE,RF,0.8945000000000001,0.8883114242965717
spambase,False,MCAR,0.3,0,MIWAE,SVC,0.877,0.8679962792532023
spambase,False,MCAR,0.3,0,Sinkhorn,LR,0.8975,0.8917286498482104
spambase,False,MCAR,0.3,0,Sinkhorn,KNN,0.8594999999999999,0.8510719345990017
spambase,False,MCAR,0.3,0,Sinkhorn,RF,0.9025000000000001,0.896925064450663
spambase,False,MCAR,0.3,0,Sinkhorn,SVC,0.8965,0.8896849643581402
spambase,False,MCAR,0.3,0,HyperImpute,LR,0.8949999999999999,0.8892954300992347
spambase,False,MCAR,0.3,0,HyperImpute,KNN,0.8644999999999999,0.8560037909561116
spambase,False,MCAR,0.3,0,HyperImpute,RF,0.8954999999999999,0.8897522616180297
spambase,False,MCAR,0.3,0,HyperImpute,SVC,0.8905,0.8831394105635777
spambase,False,MCAR,0.3,0,ReMasker,LR,0.897,0.8912612923434183
spambase,False,MCAR,0.3,0,ReMasker,KNN,0.873,0.8646596820097219
spambase,False,MCAR,0.3,0,ReMasker,RF,0.8949999999999999,0.8886723678962365
spambase,False,MCAR,0.3,0,ReMasker,SVC,0.8945000000000001,0.8874514971532361
spambase,False,MCAR,0.3,1,Mean,LR,0.8895,0.8831217312619245
spambase,False,MCAR,0.3,1,Mean,KNN,0.8564999999999999,0.846959718663242
spambase,False,MCAR,0.3,1,Mean,RF,0.9059999999999999,0.9004091536833789
spambase,False,MCAR,0.3,1,Mean,SVC,0.892,0.8845718511032338
spambase,False,MCAR,0.3,1,NDI-0,LR,0.8905,0.8840110383013032
spambase,False,MCAR,0.3,1,NDI-0,KNN,0.861,0.8524215273551977
spambase,False,MCAR,0.3,1,NDI-0,RF,0.892,0.8846882776353165
spambase,False,MCAR,0.3,1,NDI-0,SVC,0.8934999999999998,0.886096252351382
spambase,False,MCAR,0.3,1,NDI-C,LR,0.8924999999999998,0.8863448928154227
spambase,False,MCAR,0.3,1,NDI-C,KNN,0.8709999999999999,0.8628726049322584
spambase,False,MCAR,0.3,1,NDI-C,RF,0.893,0.8871315040706383
spambase,False,MCAR,0.3,1,NDI-C,SVC,0.8969999999999999,0.8902152061274562
spambase,False,MCAR,0.3,1,NDI-S,LR,0.891,0.884785351763077
spambase,False,MCAR,0.3,1,NDI-S,KNN,0.8665,0.8579608970356689
spambase,False,MCAR,0.3,1,NDI-S,RF,0.891,0.8849236389785187
spambase,False,MCAR,0.3,1,NDI-S,SVC,0.8969999999999999,0.8901782803152314
spambase,False,MCAR,0.3,1,GaussCM,LR,0.8859999999999999,0.8797387831533054
spambase,False,MCAR,0.3,1,GaussCM,KNN,0.8640000000000001,0.8548336331929278
spambase,False,MCAR,0.3,1,GaussCM,RF,0.8945000000000001,0.8887810718776027
spambase,False,MCAR,0.3,1,GaussCM,SVC,0.8975,0.8910025721653249
spambase,False,MCAR,0.3,1,KNN,LR,0.8869999999999999,0.8803121023735478
spambase,False,MCAR,0.3,1,KNN,KNN,0.8574999999999999,0.8478565985471473
spambase,False,MCAR,0.3,1,KNN,RF,0.9004999999999999,0.8940901130460389
spambase,False,MCAR,0.3,1,KNN,SVC,0.881,0.8728556497824835
spambase,False,MCAR,0.3,1,MICE,LR,0.8774999999999998,0.8707242904615964
spambase,False,MCAR,0.3,1,MICE,KNN,0.8709999999999999,0.862592804934215
spambase,False,MCAR,0.3,1,MICE,RF,0.889,0.8827623949437609
spambase,False,MCAR,0.3,1,MICE,SVC,0.8915,0.8841963273584348
spambase,False,MCAR,0.3,1,MissForest,LR,0.8995,0.893800775601932
spambase,False,MCAR,0.3,1,MissForest,KNN,0.8800000000000001,0.8731319974383792
spambase,False,MCAR,0.3,1,MissForest,RF,0.9045,0.8990528773302191
spambase,False,MCAR,0.3,1,MissForest,SVC,0.901,0.8948367827060798
spambase,False,MCAR,0.3,1,SoftImpute,LR,0.8915,0.8853989622634874
spambase,False,MCAR,0.3,1,SoftImpute,KNN,0.8605,0.8512091532518301
spambase,False,MCAR,0.3,1,SoftImpute,RF,0.8895,0.8831723192156972
spambase,False,MCAR,0.3,1,SoftImpute,SVC,0.8965,0.8896029612641095
spambase,False,MCAR,0.3,1,GAIN,LR,0.8955,0.8892434389925349
spambase,False,MCAR,0.3,1,GAIN,KNN,0.8745,0.8673088413838295
spambase,False,MCAR,0.3,1,GAIN,RF,0.8945000000000001,0.8885109711847885
spambase,False,MCAR,0.3,1,GAIN,SVC,0.8945000000000001,0.8877708309988719
spambase,False,MCAR,0.3,1,NDI-F1,LR,0.89,0.883650074673103
spambase,False,MCAR,0.3,1,NDI-F1,KNN,0.857,0.8475415682604017
spambase,False,MCAR,0.3,1,NDI-F1,RF,0.89,0.8841795610653771
spambase,False,MCAR,0.3,1,NDI-F1,SVC,0.8925000000000001,0.8851964585395755
spambase,False,MCAR,0.3,1,NDI-F-noclip,LR,0.8879999999999999,0.8818834132698485
spambase,False,MCAR,0.3,1,NDI-F-noclip,KNN,0.874,0.8663267363767471
spambase,False,MCAR,0.3,1,NDI-F-noclip,RF,0.8905000000000001,0.8841691303432704
spambase,False,MCAR,0.3,1,NDI-F-noclip,SVC,0.893,0.8859393883641775
spambase,False,MCAR,0.3,1,NDI-F,LR,0.8895,0.8834661304166908
spambase,False,MCAR,0.3,1,NDI-F,KNN,0.875,0.8672829609436707
spambase,False,MCAR,0.3,1,NDI-F,RF,0.8905,0.8843503301271685
spambase,False,MCAR,0.3,1,NDI-F,SVC,0.8955,0.8886348247571446
spambase,False,MCAR,0.3,1,Copula-NDI-F,LR,0.8975,0.8918328133658966
spambase,False,MCAR,0.3,1,Copula-NDI-F,KNN,0.8634999999999999,0.8555558478090459
spambase,False,MCAR,0.3,1,Copula-NDI-F,RF,0.9105000000000001,0.9057006911306404
spambase,False,MCAR,0.3,1,Copula-NDI-F,SVC,0.893,0.8857021650581594
spambase,False,MCAR,0.3,2,Mean,LR,0.8870000000000001,0.8801881266965887
spambase,False,MCAR,0.3,2,Mean,KNN,0.86,0.8515530617573386
spambase,False,MCAR,0.3,2,Mean,RF,0.906,0.9006437391857576
spambase,False,MCAR,0.3,2,Mean,SVC,0.8859999999999999,0.8783737960533748
spambase,False,MCAR,0.3,2,NDI-0,LR,0.8815,0.8741306927120611
spambase,False,MCAR,0.3,2,NDI-0,KNN,0.8620000000000001,0.8538003274780259
spambase,False,MCAR,0.3,2,NDI-0,RF,0.892,0.8848715530379204
spambase,False,MCAR,0.3,2,NDI-0,SVC,0.8859999999999999,0.8783504058516778
spambase,False,MCAR,0.3,2,NDI-C,LR,0.891,0.8843822184765999
spambase,False,MCAR,0.3,2,NDI-C,KNN,0.8780000000000001,0.8711676647612479
spambase,False,MCAR,0.3,2,NDI-C,RF,0.9055,0.9007358314423672
spambase,False,MCAR,0.3,2,NDI-C,SVC,0.8924999999999998,0.8856687466100471
spambase,False,MCAR,0.3,2,NDI-S,LR,0.8915,0.8852330273260895
spambase,False,MCAR,0.3,2,NDI-S,KNN,0.8739999999999999,0.8666162833444447
spambase,False,MCAR,0.3,2,NDI-S,RF,0.9005000000000001,0.8954712811915817
spambase,False,MCAR,0.3,2,NDI-S,SVC,0.893,0.8861178531178021
spambase,False,MCAR,0.3,2,GaussCM,LR,0.8845000000000001,0.8777384549598688
spambase,False,MCAR,0.3,2,GaussCM,KNN,0.8779999999999999,0.8711574535517776
spambase,False,MCAR,0.3,2,GaussCM,RF,0.9040000000000001,0.8988794078752328
spambase,False,MCAR,0.3,2,GaussCM,SVC,0.889,0.8816166800946039
spambase,False,MCAR,0.3,2,KNN,LR,0.8934999999999998,0.8872701178734117
spambase,False,MCAR,0.3,2,KNN,KNN,0.8605,0.8514008365364283
spambase,False,MCAR,0.3,2,KNN,RF,0.901,0.8948861754069293
spambase,False,MCAR,0.3,2,KNN,SVC,0.8935000000000001,0.8863292474842487
spambase,False,MCAR,0.3,2,MICE,LR,0.8780000000000001,0.8710180619504891
spambase,False,MCAR,0.3,2,MICE,KNN,0.8685,0.8611289814885179
spambase,False,MCAR,0.3,2,MICE,RF,0.9,0.8946971148229451
spambase,False,MCAR,0.3,2,MICE,SVC,0.8865000000000001,0.8795187158584004
spambase,False,MCAR,0.3,2,MissForest,LR,0.9025000000000001,0.8968004333962674
spambase,False,MCAR,0.3,2,MissForest,KNN,0.8835000000000001,0.8772899498585977
spambase,False,MCAR,0.3,2,MissForest,RF,0.913,0.9083410282129318
spambase,False,MCAR,0.3,2,MissForest,SVC,0.8960000000000001,0.8896305199564338
spambase,False,MCAR,0.3,2,SoftImpute,LR,0.891,0.8843696185969044
spambase,False,MCAR,0.3,2,SoftImpute,KNN,0.873,0.8655091413271168
spambase,False,MCAR,0.3,2,SoftImpute,RF,0.9085000000000001,0.9036819806402668
spambase,False,MCAR,0.3,2,SoftImpute,SVC,0.8905,0.8835025416438633
spambase,False,MCAR,0.3,2,GAIN,LR,0.8895000000000002,0.88268324412862
spambase,False,MCAR,0.3,2,GAIN,KNN,0.8705,0.8627590630612149
spambase,False,MCAR,0.3,2,GAIN,RF,0.893,0.8866403628162078
spambase,False,MCAR,0.3,2,GAIN,SVC,0.8895,0.8820661298875422
spambase,False,MCAR,0.3,2,NDI-F1,LR,0.8865000000000001,0.8800118318955503
spambase,False,MCAR,0.3,2,NDI-F1,KNN,0.8595,0.8506325635183426
spambase,False,MCAR,0.3,2,NDI-F1,RF,0.8955,0.8901629024931468
spambase,False,MCAR,0.3,2,NDI-F1,SVC,0.8869999999999999,0.8795541970686427
spambase,False,MCAR,0.3,2,NDI-F-noclip,LR,0.889,0.8823153000121662
spambase,False,MCAR,0.3,2,NDI-F-noclip,KNN,0.8775000000000001,0.8705775612911945
spambase,False,MCAR,0.3,2,NDI-F-noclip,RF,0.9035,0.8985749281186403
spambase,False,MCAR,0.3,2,NDI-F-noclip,SVC,0.892,0.8846096269396636
spambase,False,MCAR,0.3,2,NDI-F,LR,0.891,0.8845590186126792
spambase,False,MCAR,0.3,2,NDI-F,KNN,0.875,0.868009776864932
spambase,False,MCAR,0.3,2,NDI-F,RF,0.9025000000000001,0.8973599791915227
spambase,False,MCAR,0.3,2,NDI-F,SVC,0.8915,0.8840579669776624
spambase,False,MCAR,0.3,2,Copula-NDI-F,LR,0.8925000000000001,0.8861072183988812
spambase,False,MCAR,0.3,2,Copula-NDI-F,KNN,0.8724999999999999,0.8656734746152237
spambase,False,MCAR,0.3,2,Copula-NDI-F,RF,0.9125,0.9076379801825283
spambase,False,MCAR,0.3,2,Copula-NDI-F,SVC,0.8889999999999999,0.8814859839517487
spambase,False,MAR,0.3,0,Mean,LR,0.9015000000000001,0.8955447370967251
spambase,False,MAR,0.3,0,Mean,KNN,0.873,0.8657364858414451
spambase,False,MAR,0.3,0,Mean,RF,0.9199999999999999,0.9150783984912094
spambase,False,MAR,0.3,0,Mean,SVC,0.9029999999999999,0.8963762589355279
spambase,False,MAR,0.3,0,NDI-0,LR,0.9085000000000001,0.9026786639759141
spambase,False,MAR,0.3,0,NDI-0,KNN,0.8699999999999999,0.8629337568346461
spambase,False,MAR,0.3,0,NDI-0,RF,0.9164999999999999,0.9113943235983168
spambase,False,MAR,0.3,0,NDI-0,SVC,0.9040000000000001,0.8973262934794455
spambase,False,MAR,0.3,0,NDI-C,LR,0.9015000000000001,0.895419951333529
spambase,False,MAR,0.3,0,NDI-C,KNN,0.8765000000000001,0.8696721928354944
spambase,False,MAR,0.3,0,NDI-C,RF,0.917,0.9122158026425504
spambase,False,MAR,0.3,0,NDI-C,SVC,0.9045,0.898070319066486
spambase,False,MAR,0.3,0,NDI-S,LR,0.9045,0.8988088518957624
spambase,False,MAR,0.3,0,NDI-S,KNN,0.8745,0.8678815067809313
spambase,False,MAR,0.3,0,NDI-S,RF,0.9195,0.9151514006934647
spambase,False,MAR,0.3,0,NDI-S,SVC,0.9049999999999999,0.8985705452344398
spambase,False,MAR,0.3,0,GaussCM,LR,0.9035,0.8973397613387665
spambase,False,MAR,0.3,0,GaussCM,KNN,0.873,0.866005160669401
spambase,False,MAR,0.3,0,GaussCM,RF,0.916,0.9110587919528473
spambase,False,MAR,0.3,0,GaussCM,SVC,0.9025000000000001,0.8959105305352801
spambase,False,MAR,0.3,0,KNN,LR,0.9009999999999998,0.8957584908668658
spambase,False,MAR,0.3,0,KNN,KNN,0.8644999999999999,0.8565230351908827
spambase,False,MAR,0.3,0,KNN,RF,0.9200000000000002,0.9150475235698974
spambase,False,MAR,0.3,0,KNN,SVC,0.8945000000000001,0.8875840289637258
spambase,False,MAR,0.3,0,MICE,LR,0.8960000000000001,0.8895326701222379
spambase,False,MAR,0.3,0,MICE,KNN,0.8755000000000001,0.8685710959735266
spambase,False,MAR,0.3,0,MICE,RF,0.9180000000000001,0.9131382548422808
spambase,False,MAR,0.3,0,MICE,SVC,0.9019999999999999,0.8956096055779772
spambase,False,MAR,0.3,0,MissForest,LR,0.917,0.9123633413537316
spambase,False,MAR,0.3,0,MissForest,KNN,0.882,0.8760522967842211
spambase,False,MAR,0.3,0,MissForest,RF,0.9175000000000001,0.9126860078479432
spambase,False,MAR,0.3,0,MissForest,SVC,0.9115000000000002,0.9060193399279101
spambase,False,MAR,0.3,0,SoftImpute,LR,0.9029999999999999,0.8971880175965522
spambase,False,MAR,0.3,0,SoftImpute,KNN,0.8719999999999999,0.8651369810786479
spambase,False,MAR,0.3,0,SoftImpute,RF,0.9174999999999999,0.9128349820925361
spambase,False,MAR,0.3,0,SoftImpute,SVC,0.905,0.8986094530241179
spambase,False,MAR,0.3,0,GAIN,LR,0.9039999999999999,0.8980079004100541
spambase,False,MAR,0.3,0,GAIN,KNN,0.874,0.8672435300150075
spambase,False,MAR,0.3,0,GAIN,RF,0.9119999999999999,0.9066415807469477
spambase,False,MAR,0.3,0,GAIN,SVC,0.9045,0.8977870762981766
spambase,False,MAR,0.3,0,NDI-F1,LR,0.9045,0.898667480473901
spambase,False,MAR,0.3,0,NDI-F1,KNN,0.8734999999999999,0.8664576879207863
spambase,False,MAR,0.3,0,NDI-F1,RF,0.9125,0.9075017663814726
spambase,False,MAR,0.3,0,NDI-F1,SVC,0.9029999999999999,0.8963537795938009
spambase,False,MAR,0.3,0,NDI-F-noclip,LR,0.9035,0.8977849814328396
spambase,False,MAR,0.3,0,NDI-F-noclip,KNN,0.8794999999999998,0.8730620566629863
spambase,False,MAR,0.3,0,NDI-F-noclip,RF,0.9175000000000001,0.9127823590414232
spambase,False,MAR,0.3,0,NDI-F-noclip,SVC,0.9029999999999999,0.8963983727592488
spambase,False,MAR,0.3,0,NDI-F,LR,0.9035,0.8976245797050012
spambase,False,MAR,0.3,0,NDI-F,KNN,0.8774999999999998,0.8709794193181855
spambase,False,MAR,0.3,0,NDI-F,RF,0.917,0.9120080944024028
spambase,False,MAR,0.3,0,NDI-F,SVC,0.9055,0.8991880046216647
spambase,False,MAR,0.3,0,Copula-NDI-F,LR,0.9109999999999999,0.9053274792432491
spambase,False,MAR,0.3,0,Copula-NDI-F,KNN,0.8709999999999999,0.8639325860871419
spambase,False,MAR,0.3,0,Copula-NDI-F,RF,0.9265000000000001,0.9223380303517296
spambase,False,MAR,0.3,0,Copula-NDI-F,SVC,0.9030000000000001,0.8962076251689087
spambase,False,MAR,0.3,0,MIWAE,LR,0.9035,0.8974015196009869
spambase,False,MAR,0.3,0,MIWAE,KNN,0.859,0.8490567400598392
spambase,False,MAR,0.3,0,MIWAE,RF,0.9209999999999999,0.916386837390581
spambase,False,MAR,0.3,0,MIWAE,SVC,0.8965,0.8896450120867506
spambase,False,MAR,0.3,0,Sinkhorn,LR,0.9115,0.9064206075772484
spambase,False,MAR,0.3,0,Sinkhorn,KNN,0.8790000000000001,0.8726678425680315
spambase,False,MAR,0.3,0,Sinkhorn,RF,0.9275,0.9231438493473212
spambase,False,MAR,0.3,0,Sinkhorn,SVC,0.909,0.9031269542455839
spambase,False,MAR,0.3,0,HyperImpute,LR,0.9115,0.9064623717865331
spambase,False,MAR,0.3,0,HyperImpute,KNN,0.8779999999999999,0.8718107615939529
spambase,False,MAR,0.3,0,HyperImpute,RF,0.917,0.9124096856153926
spambase,False,MAR,0.3,0,HyperImpute,SVC,0.9095000000000001,0.903542088034515
spambase,False,MAR,0.3,0,ReMasker,LR,0.9109999999999999,0.9063400851532837
spambase,False,MAR,0.3,0,ReMasker,KNN,0.8875,0.8811743741110035
spambase,False,MAR,0.3,0,ReMasker,RF,0.9099999999999999,0.9050324165881369
spambase,False,MAR,0.3,0,ReMasker,SVC,0.9095000000000001,0.9036893833817947
spambase,False,MAR,0.3,1,Mean,LR,0.8734999999999999,0.8657240051366781
spambase,False,MAR,0.3,1,Mean,KNN,0.8554999999999999,0.8463781024406583
spambase,False,MAR,0.3,1,Mean,RF,0.906,0.9001080906829572
spambase,False,MAR,0.3,1,Mean,SVC,0.8800000000000001,0.8712698872006133
spambase,False,MAR,0.3,1,NDI-0,LR,0.8805,0.8725320906189296
spambase,False,MAR,0.3,1,NDI-0,KNN,0.851,0.8419149328841812
spambase,False,MAR,0.3,1,NDI-0,RF,0.884,0.8751597454566147
spambase,False,MAR,0.3,1,NDI-0,SVC,0.883,0.8740700688882284
spambase,False,MAR,0.3,1,NDI-C,LR,0.8734999999999999,0.8654619675077162
spambase,False,MAR,0.3,1,NDI-C,KNN,0.8664999999999999,0.8581106376452754
spambase,False,MAR,0.3,1,NDI-C,RF,0.899,0.8928633228567225
spambase,False,MAR,0.3,1,NDI-C,SVC,0.8860000000000001,0.877632862542441
spambase,False,MAR,0.3,1,NDI-S,LR,0.8745,0.8665568724878779
spambase,False,MAR,0.3,1,NDI-S,KNN,0.8625,0.8538476841517995
spambase,False,MAR,0.3,1,NDI-S,RF,0.8979999999999999,0.8918511112886701
spambase,False,MAR,0.3,1,NDI-S,SVC,0.8825000000000001,0.87398622906511
spambase,False,MAR,0.3,1,GaussCM,LR,0.8644999999999999,0.8552656223018896
spambase,False,MAR,0.3,1,GaussCM,KNN,0.859,0.8505505819794218
spambase,False,MAR,0.3,1,GaussCM,RF,0.8995,0.8933234479448352
spambase,False,MAR,0.3,1,GaussCM,SVC,0.8809999999999999,0.8720389429245197
spambase,False,MAR,0.3,1,KNN,LR,0.8809999999999999,0.8742712068686828
spambase,False,MAR,0.3,1,KNN,KNN,0.8535,0.8438978189740116
spambase,False,MAR,0.3,1,KNN,RF,0.8819999999999999,0.8747459920098937
spambase,False,MAR,0.3,1,KNN,SVC,0.8775000000000001,0.86927703054691
spambase,False,MAR,0.3,1,MICE,LR,0.8644999999999999,0.8556589459554363
spambase,False,MAR,0.3,1,MICE,KNN,0.858,0.849256663291165
spambase,False,MAR,0.3,1,MICE,RF,0.8885,0.8816550406242964
spambase,False,MAR,0.3,1,MICE,SVC,0.8755,0.8661789581717452
spambase,False,MAR,0.3,1,MissForest,LR,0.8875,0.8804010948948594
spambase,False,MAR,0.3,1,MissForest,KNN,0.8720000000000001,0.8655886114520545
spambase,False,MAR,0.3,1,MissForest,RF,0.9024999999999999,0.8969990066777358
spambase,False,MAR,0.3,1,MissForest,SVC,0.8835000000000001,0.8751307525624687
spambase,False,MAR,0.3,1,SoftImpute,LR,0.8714999999999999,0.8631329952375889
spambase,False,MAR,0.3,1,SoftImpute,KNN,0.8554999999999999,0.8465946122586161
spambase,False,MAR,0.3,1,SoftImpute,RF,0.899,0.8926719276120547
spambase,False,MAR,0.3,1,SoftImpute,SVC,0.881,0.8722656386180466
spambase,False,MAR,0.3,1,GAIN,LR,0.8705,0.8620716443179701
spambase,False,MAR,0.3,1,GAIN,KNN,0.85,0.8404953201623508
spambase,False,MAR,0.3,1,GAIN,RF,0.8870000000000001,0.8799150920423819
spambase,False,MAR,0.3,1,GAIN,SVC,0.885,0.8764226519159992
spambase,False,MAR,0.3,1,NDI-F1,LR,0.873,0.8652477846883386
spambase,False,MAR,0.3,1,NDI-F1,KNN,0.853,0.8438897755783973
spambase,False,MAR,0.3,1,NDI-F1,RF,0.9,0.8938848598202366
spambase,False,MAR,0.3,1,NDI-F1,SVC,0.8805,0.8718215676246721
spambase,False,MAR,0.3,1,NDI-F-noclip,LR,0.8765000000000001,0.8683173787121012
spambase,False,MAR,0.3,1,NDI-F-noclip,KNN,0.8594999999999999,0.8511648339007628
spambase,False,MAR,0.3,1,NDI-F-noclip,RF,0.9015000000000001,0.8956360388708704
spambase,False,MAR,0.3,1,NDI-F-noclip,SVC,0.882,0.8732912960832095
spambase,False,MAR,0.3,1,NDI-F,LR,0.876,0.8681862483246118
spambase,False,MAR,0.3,1,NDI-F,KNN,0.86,0.8515699554887546
spambase,False,MAR,0.3,1,NDI-F,RF,0.898,0.8922267333719767
spambase,False,MAR,0.3,1,NDI-F,SVC,0.8815,0.8728653010383045
spambase,False,MAR,0.3,1,Copula-NDI-F,LR,0.8805,0.8724319273375885
spambase,False,MAR,0.3,1,Copula-NDI-F,KNN,0.8560000000000001,0.8471127645710388
spambase,False,MAR,0.3,1,Copula-NDI-F,RF,0.9065,0.9007517120372774
spambase,False,MAR,0.3,1,Copula-NDI-F,SVC,0.8825,0.8735310918313843
spambase,False,MAR,0.3,2,Mean,LR,0.8699999999999999,0.8618975058697522
spambase,False,MAR,0.3,2,Mean,KNN,0.8275,0.8151826631067303
spambase,False,MAR,0.3,2,Mean,RF,0.899,0.8926382012294727
spambase,False,MAR,0.3,2,Mean,SVC,0.875,0.8662212830883785
spambase,False,MAR,0.3,2,NDI-0,LR,0.8724999999999999,0.8642609282220812
spambase,False,MAR,0.3,2,NDI-0,KNN,0.8315000000000001,0.819633138265508
spambase,False,MAR,0.3,2,NDI-0,RF,0.898,0.8910894007471899
spambase,False,MAR,0.3,2,NDI-0,SVC,0.8755000000000001,0.8665326890173587
spambase,False,MAR,0.3,2,NDI-C,LR,0.874,0.8659959651376191
spambase,False,MAR,0.3,2,NDI-C,KNN,0.844,0.8333762812561177
spambase,False,MAR,0.3,2,NDI-C,RF,0.893,0.8870313095245981
spambase,False,MAR,0.3,2,NDI-C,SVC,0.8825,0.8743523792927185
spambase,False,MAR,0.3,2,NDI-S,LR,0.875,0.8670886575268824
spambase,False,MAR,0.3,2,NDI-S,KNN,0.8465,0.8361759700127994
spambase,False,MAR,0.3,2,NDI-S,RF,0.897,0.891097589900087
spambase,False,MAR,0.3,2,NDI-S,SVC,0.8780000000000001,0.8693876139061019
spambase,False,MAR,0.3,2,GaussCM,LR,0.8690000000000001,0.8609428308603493
spambase,False,MAR,0.3,2,GaussCM,KNN,0.8474999999999999,0.8379353219410254
spambase,False,MAR,0.3,2,GaussCM,RF,0.8995000000000001,0.8934038001964784
spambase,False,MAR,0.3,2,GaussCM,SVC,0.8795,0.8710424348458936
spambase,False,MAR,0.3,2,KNN,LR,0.8695,0.8617238977894249
spambase,False,MAR,0.3,2,KNN,KNN,0.8375,0.8274885099788583
spambase,False,MAR,0.3,2,KNN,RF,0.8845000000000001,0.8773025317497327
spambase,False,MAR,0.3,2,KNN,SVC,0.8795,0.871782675387555
spambase,False,MAR,0.3,2,MICE,LR,0.86,0.851344096495143
spambase,False,MAR,0.3,2,MICE,KNN,0.8415000000000001,0.8315708243855706
spambase,False,MAR,0.3,2,MICE,RF,0.8885,0.8811088520096682
spambase,False,MAR,0.3,2,MICE,SVC,0.8805,0.8718174826247402
spambase,False,MAR,0.3,2,MissForest,LR,0.8835000000000001,0.8761154267364459
spambase,False,MAR,0.3,2,MissForest,KNN,0.865,0.8571916350725362
spambase,False,MAR,0.3,2,MissForest,RF,0.897,0.8910147676801229
spambase,False,MAR,0.3,2,MissForest,SVC,0.885,0.8774935366268695
spambase,False,MAR,0.3,2,SoftImpute,LR,0.8775000000000001,0.8694892185622466
spambase,False,MAR,0.3,2,SoftImpute,KNN,0.843,0.8322585501443349
spambase,False,MAR,0.3,2,SoftImpute,RF,0.8965,0.8906592043701629
spambase,False,MAR,0.3,2,SoftImpute,SVC,0.881,0.8728700160358003
spambase,False,MAR,0.3,2,GAIN,LR,0.876,0.8676097878276263
spambase,False,MAR,0.3,2,GAIN,KNN,0.8435,0.8339833219256543
spambase,False,MAR,0.3,2,GAIN,RF,0.8939999999999999,0.8878362256638346
spambase,False,MAR,0.3,2,GAIN,SVC,0.8844999999999998,0.8761500068536044
spambase,False,MAR,0.3,2,NDI-F1,LR,0.8729999999999999,0.8650403587209953
spambase,False,MAR,0.3,2,NDI-F1,KNN,0.8295,0.8173819854247475
spambase,False,MAR,0.3,2,NDI-F1,RF,0.8899999999999999,0.8837022215164246
spambase,False,MAR,0.3,2,NDI-F1,SVC,0.8789999999999999,0.8703870485157251
spambase,False,MAR,0.3,2,NDI-F-noclip,LR,0.8710000000000001,0.8627966481942003
spambase,False,MAR,0.3,2,NDI-F-noclip,KNN,0.8375,0.8265353852086996
spambase,False,MAR,0.3,2,NDI-F-noclip,RF,0.891,0.8839462541235218
spambase,False,MAR,0.3,2,NDI-F-noclip,SVC,0.8815000000000002,0.8732404177953292
spambase,False,MAR,0.3,2,NDI-F,LR,0.8699999999999999,0.8618144855585985
spambase,False,MAR,0.3,2,NDI-F,KNN,0.841,0.8303284716293161
spambase,False,MAR,0.3,2,NDI-F,RF,0.8925000000000001,0.8859015069798767
spambase,False,MAR,0.3,2,NDI-F,SVC,0.881,0.8728057776663801
spambase,False,MAR,0.3,2,Copula-NDI-F,LR,0.8780000000000001,0.8705789685644157
spambase,False,MAR,0.3,2,Copula-NDI-F,KNN,0.8400000000000001,0.8306163805466245
spambase,False,MAR,0.3,2,Copula-NDI-F,RF,0.9045,0.8991813773334989
spambase,False,MAR,0.3,2,Copula-NDI-F,SVC,0.8805,0.8720041738202052
spambase,False,MNAR,0.3,0,Mean,LR,0.8825,0.8752981507479637
spambase,False,MNAR,0.3,0,Mean,KNN,0.8445,0.8328270575451553
spambase,False,MNAR,0.3,0,Mean,RF,0.8950000000000001,0.8879568688714465
spambase,False,MNAR,0.3,0,Mean,SVC,0.8865000000000001,0.8787800174411657
spambase,False,MNAR,0.3,0,NDI-0,LR,0.8795,0.8720384990783089
spambase,False,MNAR,0.3,0,NDI-0,KNN,0.843,0.8320160238910163
spambase,False,MNAR,0.3,0,NDI-0,RF,0.891,0.8829018358749874
spambase,False,MNAR,0.3,0,NDI-0,SVC,0.883,0.8749300976522459
spambase,False,MNAR,0.3,0,NDI-C,LR,0.8845000000000001,0.8774468685404793
spambase,False,MNAR,0.3,0,NDI-C,KNN,0.8525,0.8428074414548444
spambase,False,MNAR,0.3,0,NDI-C,RF,0.8950000000000001,0.8889449756434595
spambase,False,MNAR,0.3,0,NDI-C,SVC,0.8880000000000001,0.8805008867145885
spambase,False,MNAR,0.3,0,NDI-S,LR,0.8855000000000001,0.8785997414805402
spambase,False,MNAR,0.3,0,NDI-S,KNN,0.852,0.8417151871466801
spambase,False,MNAR,0.3,0,NDI-S,RF,0.892,0.8857656937412619
spambase,False,MNAR,0.3,0,NDI-S,SVC,0.8875,0.8800681525933042
spambase,False,MNAR,0.3,0,GaussCM,LR,0.8865000000000001,0.8793372640462017
spambase,False,MNAR,0.3,0,GaussCM,KNN,0.849,0.8386276452638091
spambase,False,MNAR,0.3,0,GaussCM,RF,0.898,0.8916597069661286
spambase,False,MNAR,0.3,0,GaussCM,SVC,0.8880000000000001,0.8805581686943015
spambase,False,MNAR,0.3,0,KNN,LR,0.8835,0.8761137482648284
spambase,False,MNAR,0.3,0,KNN,KNN,0.8540000000000001,0.8422504766777683
spambase,False,MNAR,0.3,0,KNN,RF,0.8905,0.8840482349024483
spambase,False,MNAR,0.3,0,KNN,SVC,0.8805,0.8721646564130647
spambase,False,MNAR,0.3,0,MICE,LR,0.877,0.8694114734286214
spambase,False,MNAR,0.3,0,MICE,KNN,0.8564999999999999,0.8468090476285155
spambase,False,MNAR,0.3,0,MICE,RF,0.8995000000000001,0.8929416498157566
spambase,False,MNAR,0.3,0,MICE,SVC,0.8825,0.8748139227380218
spambase,False,MNAR,0.3,0,MissForest,LR,0.8895,0.8825074724268411
spambase,False,MNAR,0.3,0,MissForest,KNN,0.859,0.8500447603754699
spambase,False,MNAR,0.3,0,MissForest,RF,0.8965,0.8903791858992538
spambase,False,MNAR,0.3,0,MissForest,SVC,0.8870000000000001,0.8794327785023869
spambase,False,MNAR,0.3,0,SoftImpute,LR,0.885,0.8780313032698913
spambase,False,MNAR,0.3,0,SoftImpute,KNN,0.8505,0.8400302861623693
spambase,False,MNAR,0.3,0,SoftImpute,RF,0.898,0.8916134533849815
spambase,False,MNAR,0.3,0,SoftImpute,SVC,0.8885,0.8810581256052912
spambase,False,MNAR,0.3,0,GAIN,LR,0.8775000000000001,0.8698804249475225
spambase,False,MNAR,0.3,0,GAIN,KNN,0.8595,0.8505743911578106
spambase,False,MNAR,0.3,0,GAIN,RF,0.8944999999999999,0.8881387037921898
spambase,False,MNAR,0.3,0,GAIN,SVC,0.8844999999999998,0.8768011175037156
spambase,False,MNAR,0.3,0,NDI-F1,LR,0.8855000000000001,0.8784711248989385
spambase,False,MNAR,0.3,0,NDI-F1,KNN,0.8504999999999999,0.8399213950836737
spambase,False,MNAR,0.3,0,NDI-F1,RF,0.892,0.8857864749298647
spambase,False,MNAR,0.3,0,NDI-F1,SVC,0.8875,0.8800054403084678
spambase,False,MNAR,0.3,0,NDI-F-noclip,LR,0.8875,0.8807584439766247
spambase,False,MNAR,0.3,0,NDI-F-noclip,KNN,0.8554999999999999,0.8460311830164915
spambase,False,MNAR,0.3,0,NDI-F-noclip,RF,0.8944999999999999,0.8886234257597152
spambase,False,MNAR,0.3,0,NDI-F-noclip,SVC,0.8885,0.8811361537809341
spambase,False,MNAR,0.3,0,NDI-F,LR,0.8879999999999999,0.8809876867796035
spambase,False,MNAR,0.3,0,NDI-F,KNN,0.8564999999999999,0.8471455397295976
spambase,False,MNAR,0.3,0,NDI-F,RF,0.8945000000000001,0.8883220678588728
spambase,False,MNAR,0.3,0,NDI-F,SVC,0.8879999999999999,0.8805714511744632
spambase,False,MNAR,0.3,0,Copula-NDI-F,LR,0.881,0.8735165270619335
spambase,False,MNAR,0.3,0,Copula-NDI-F,KNN,0.851,0.8411444888071344
spambase,False,MNAR,0.3,0,Copula-NDI-F,RF,0.8954999999999999,0.889004867774425
spambase,False,MNAR,0.3,0,Copula-NDI-F,SVC,0.882,0.8737740919676739
spambase,False,MNAR,0.3,0,MIWAE,LR,0.8744999999999999,0.8652370927995368
spambase,False,MNAR,0.3,0,MIWAE,KNN,0.8460000000000001,0.8329765030919576
spambase,False,MNAR,0.3,0,MIWAE,RF,0.8949999999999999,0.8887979899859497
spambase,False,MNAR,0.3,0,MIWAE,SVC,0.8765000000000001,0.8664622816961088
spambase,False,MNAR,0.3,0,Sinkhorn,LR,0.8880000000000001,0.8808876253425701
spambase,False,MNAR,0.3,0,Sinkhorn,KNN,0.858,0.8488752275021625
spambase,False,MNAR,0.3,0,Sinkhorn,RF,0.898,0.8917008071016574
spambase,False,MNAR,0.3,0,Sinkhorn,SVC,0.8859999999999999,0.8778969946084654
spambase,False,MNAR,0.3,0,HyperImpute,LR,0.8889999999999999,0.8820264882408632
spambase,False,MNAR,0.3,0,HyperImpute,KNN,0.8640000000000001,0.8546872888868975
spambase,False,MNAR,0.3,0,HyperImpute,RF,0.8939999999999999,0.8877015229578504
spambase,False,MNAR,0.3,0,HyperImpute,SVC,0.8865000000000001,0.8787954655028118
spambase,False,MNAR,0.3,0,ReMasker,LR,0.8945000000000001,0.8881877284465611
spambase,False,MNAR,0.3,0,ReMasker,KNN,0.8625,0.8531409586312204
spambase,False,MNAR,0.3,0,ReMasker,RF,0.9035,0.8981400368480561
spambase,False,MNAR,0.3,0,ReMasker,SVC,0.891,0.8838369633678157
spambase,False,MNAR,0.3,1,Mean,LR,0.8800000000000001,0.8721269805299456
spambase,False,MNAR,0.3,1,Mean,KNN,0.8364999999999998,0.8252925947446481
spambase,False,MNAR,0.3,1,Mean,RF,0.8889999999999999,0.8818434364381147
spambase,False,MNAR,0.3,1,Mean,SVC,0.8805,0.8715193477915223
spambase,False,MNAR,0.3,1,NDI-0,LR,0.8859999999999999,0.8784116182377378
spambase,False,MNAR,0.3,1,NDI-0,KNN,0.844,0.8341951279141961
spambase,False,MNAR,0.3,1,NDI-0,RF,0.8855000000000001,0.8775159380560433
spambase,False,MNAR,0.3,1,NDI-0,SVC,0.8755,0.8660826789747681
spambase,False,MNAR,0.3,1,NDI-C,LR,0.8855000000000001,0.8780079604363676
spambase,False,MNAR,0.3,1,NDI-C,KNN,0.8480000000000001,0.8379584347278796
spambase,False,MNAR,0.3,1,NDI-C,RF,0.8940000000000001,0.8877241205698905
spambase,False,MNAR,0.3,1,NDI-C,SVC,0.8799999999999999,0.8710769530475784
spambase,False,MNAR,0.3,1,NDI-S,LR,0.881,0.8732273443635152
spambase,False,MNAR,0.3,1,NDI-S,KNN,0.8480000000000001,0.8378929072938449
spambase,False,MNAR,0.3,1,NDI-S,RF,0.8925000000000001,0.8858672582268292
spambase,False,MNAR,0.3,1,NDI-S,SVC,0.8809999999999999,0.8722325868382257
spambase,False,MNAR,0.3,1,GaussCM,LR,0.8855000000000001,0.8776296245936216
spambase,False,MNAR,0.3,1,GaussCM,KNN,0.8474999999999999,0.837028231460111
spambase,False,MNAR,0.3,1,GaussCM,RF,0.892,0.8855275643621059
spambase,False,MNAR,0.3,1,GaussCM,SVC,0.8795,0.870722865778111
spambase,False,MNAR,0.3,1,KNN,LR,0.877,0.8691310623045109
spambase,False,MNAR,0.3,1,KNN,KNN,0.8460000000000001,0.8353480561801732
spambase,False,MNAR,0.3,1,KNN,RF,0.8835000000000001,0.8757923916303179
spambase,False,MNAR,0.3,1,KNN,SVC,0.8735000000000002,0.8640312625790962
spambase,False,MNAR,0.3,1,MICE,LR,0.8805,0.8725549365492842
spambase,False,MNAR,0.3,1,MICE,KNN,0.845,0.8345425600240286
spambase,False,MNAR,0.3,1,MICE,RF,0.881,0.8738810786080577
spambase,False,MNAR,0.3,1,MICE,SVC,0.8830000000000002,0.8745406923793302
spambase,False,MNAR,0.3,1,MissForest,LR,0.8885,0.8811729969340061
spambase,False,MNAR,0.3,1,MissForest,KNN,0.8615,0.8540174772719835
spambase,False,MNAR,0.3,1,MissForest,RF,0.892,0.8855198321804958
spambase,False,MNAR,0.3,1,MissForest,SVC,0.883,0.8748518911898391
spambase,False,MNAR,0.3,1,SoftImpute,LR,0.8845000000000001,0.8764636269717225
spambase,False,MNAR,0.3,1,SoftImpute,KNN,0.8470000000000001,0.836087373883909
spambase,False,MNAR,0.3,1,SoftImpute,RF,0.8925000000000001,0.8859842513489685
spambase,False,MNAR,0.3,1,SoftImpute,SVC,0.8799999999999999,0.8712550328858744
spambase,False,MNAR,0.3,1,GAIN,LR,0.8845000000000001,0.8771065910403291
spambase,False,MNAR,0.3,1,GAIN,KNN,0.851,0.8406052412916571
spambase,False,MNAR,0.3,1,GAIN,RF,0.8855000000000001,0.8785575554680835
spambase,False,MNAR,0.3,1,GAIN,SVC,0.875,0.866175727569631
spambase,False,MNAR,0.3,1,NDI-F1,LR,0.884,0.8763606476791237
spambase,False,MNAR,0.3,1,NDI-F1,KNN,0.8425,0.8317840704909344
spambase,False,MNAR,0.3,1,NDI-F1,RF,0.8855000000000001,0.8788030730538864
spambase,False,MNAR,0.3,1,NDI-F1,SVC,0.8800000000000001,0.8711340185508953
spambase,False,MNAR,0.3,1,NDI-F-noclip,LR,0.8800000000000001,0.8721348473890164
spambase,False,MNAR,0.3,1,NDI-F-noclip,KNN,0.8494999999999999,0.8398562799053988
spambase,False,MNAR,0.3,1,NDI-F-noclip,RF,0.889,0.8823724963062555
spambase,False,MNAR,0.3,1,NDI-F-noclip,SVC,0.8795,0.8707401772273787
spambase,False,MNAR,0.3,1,NDI-F,LR,0.8830000000000002,0.8754128615499909
spambase,False,MNAR,0.3,1,NDI-F,KNN,0.8470000000000001,0.8373127421450249
spambase,False,MNAR,0.3,1,NDI-F,RF,0.8949999999999999,0.8884903586161347
spambase,False,MNAR,0.3,1,NDI-F,SVC,0.8809999999999999,0.8722500826608617
spambase,False,MNAR,0.3,1,Copula-NDI-F,LR,0.8854999999999998,0.8780143917090435
spambase,False,MNAR,0.3,1,Copula-NDI-F,KNN,0.8400000000000001,0.8291534344324949
spambase,False,MNAR,0.3,1,Copula-NDI-F,RF,0.9035,0.8981899364998768
spambase,False,MNAR,0.3,1,Copula-NDI-F,SVC,0.8789999999999999,0.8702495836984101
spambase,False,MNAR,0.3,2,Mean,LR,0.8724999999999999,0.8650450690931878
spambase,False,MNAR,0.3,2,Mean,KNN,0.8425,0.8316500153319902
spambase,False,MNAR,0.3,2,Mean,RF,0.898,0.8910166928996819
spambase,False,MNAR,0.3,2,Mean,SVC,0.8710000000000001,0.862960137988901
spambase,False,MNAR,0.3,2,NDI-0,LR,0.8699999999999999,0.862149697574565
spambase,False,MNAR,0.3,2,NDI-0,KNN,0.8390000000000001,0.8294671612874212
spambase,False,MNAR,0.3,2,NDI-0,RF,0.884,0.8748241584130978
spambase,False,MNAR,0.3,2,NDI-0,SVC,0.877,0.869271615035327
spambase,False,MNAR,0.3,2,NDI-C,LR,0.8734999999999999,0.8662113162119678
spambase,False,MNAR,0.3,2,NDI-C,KNN,0.8495000000000001,0.8401485225253438
spambase,False,MNAR,0.3,2,NDI-C,RF,0.898,0.8921152333729646
spambase,False,MNAR,0.3,2,NDI-C,SVC,0.8764999999999998,0.8686802701365494
spambase,False,MNAR,0.3,2,NDI-S,LR,0.8719999999999999,0.8645182575540495
spambase,False,MNAR,0.3,2,NDI-S,KNN,0.8484999999999999,0.8389063848875168
spambase,False,MNAR,0.3,2,NDI-S,RF,0.8939999999999999,0.8878197029453373
spambase,False,MNAR,0.3,2,NDI-S,SVC,0.8764999999999998,0.8685852371861251
spambase,False,MNAR,0.3,2,GaussCM,LR,0.869,0.8610572294751009
spambase,False,MNAR,0.3,2,GaussCM,KNN,0.8574999999999999,0.8485878069078323
spambase,False,MNAR,0.3,2,GaussCM,RF,0.9019999999999999,0.8962586907793023
spambase,False,MNAR,0.3,2,GaussCM,SVC,0.8779999999999999,0.8702772988535404
spambase,False,MNAR,0.3,2,KNN,LR,0.8639999999999999,0.8559146154788138
spambase,False,MNAR,0.3,2,KNN,KNN,0.8379999999999999,0.8273589520161636
spambase,False,MNAR,0.3,2,KNN,RF,0.8795,0.8714008201893794
spambase,False,MNAR,0.3,2,KNN,SVC,0.867,0.8580760771277699
spambase,False,MNAR,0.3,2,MICE,LR,0.873,0.865452961802054
spambase,False,MNAR,0.3,2,MICE,KNN,0.858,0.8489098502842622
spambase,False,MNAR,0.3,2,MICE,RF,0.8925000000000001,0.8856611372326052
spambase,False,MNAR,0.3,2,MICE,SVC,0.8755000000000001,0.8671000919848362
spambase,False,MNAR,0.3,2,MissForest,LR,0.8815000000000002,0.8747854142703051
spambase,False,MNAR,0.3,2,MissForest,KNN,0.857,0.8487155470786394
spambase,False,MNAR,0.3,2,MissForest,RF,0.899,0.8931241438584545
spambase,False,MNAR,0.3,2,MissForest,SVC,0.883,0.8756783950672199
spambase,False,MNAR,0.3,2,SoftImpute,LR,0.8760000000000001,0.8686224688058852
spambase,False,MNAR,0.3,2,SoftImpute,KNN,0.8535,0.8444898198927483
spambase,False,MNAR,0.3,2,SoftImpute,RF,0.8995,0.8937096194867437
spambase,False,MNAR,0.3,2,SoftImpute,SVC,0.8774999999999998,0.8697818092106766
spambase,False,MNAR,0.3,2,GAIN,LR,0.8765000000000001,0.8696408703580634
spambase,False,MNAR,0.3,2,GAIN,KNN,0.844,0.8344143073546653
spambase,False,MNAR,0.3,2,GAIN,RF,0.8919999999999998,0.8858215687204885
spambase,False,MNAR,0.3,2,GAIN,SVC,0.876,0.8684802409751494
spambase,False,MNAR,0.3,2,NDI-F1,LR,0.874,0.866643747550324
spambase,False,MNAR,0.3,2,NDI-F1,KNN,0.8475000000000001,0.8371758695713399
spambase,False,MNAR,0.3,2,NDI-F1,RF,0.8825,0.8755864165599668
spambase,False,MNAR,0.3,2,NDI-F1,SVC,0.8744999999999999,0.8666313259775353
spambase,False,MNAR,0.3,2,NDI-F-noclip,LR,0.874,0.8665370269054137
spambase,False,MNAR,0.3,2,NDI-F-noclip,KNN,0.8554999999999999,0.8464559284332323
spambase,False,MNAR,0.3,2,NDI-F-noclip,RF,0.901,0.8953614984933106
spambase,False,MNAR,0.3,2,NDI-F-noclip,SVC,0.8795,0.8717107807663325
spambase,False,MNAR,0.3,2,NDI-F,LR,0.8729999999999999,0.8656022342861551
spambase,False,MNAR,0.3,2,NDI-F,KNN,0.8550000000000001,0.8459630236430862
spambase,False,MNAR,0.3,2,NDI-F,RF,0.8965,0.8907207888822846
spambase,False,MNAR,0.3,2,NDI-F,SVC,0.8795,0.8718291358216469
spambase,False,MNAR,0.3,2,Copula-NDI-F,LR,0.8765000000000001,0.8692829881318304
spambase,False,MNAR,0.3,2,Copula-NDI-F,KNN,0.8405000000000001,0.8309279765293223
spambase,False,MNAR,0.3,2,Copula-NDI-F,RF,0.9055,0.8994993895523887
spambase,False,MNAR,0.3,2,Copula-NDI-F,SVC,0.8695,0.8610701520474098
MagicTelescope,False,MCAR,0.3,0,Mean,LR,0.761,0.7092973007407375
MagicTelescope,False,MCAR,0.3,0,Mean,KNN,0.755,0.7032414077239204
MagicTelescope,False,MCAR,0.3,0,Mean,RF,0.7955,0.760737627776532
MagicTelescope,False,MCAR,0.3,0,Mean,SVC,0.7785,0.7234721963931378
MagicTelescope,False,MCAR,0.3,0,NDI-0,LR,0.7515,0.6967722551376487
MagicTelescope,False,MCAR,0.3,0,NDI-0,KNN,0.7375,0.6793106600040624
MagicTelescope,False,MCAR,0.3,0,NDI-0,RF,0.789,0.7505988884399069
MagicTelescope,False,MCAR,0.3,0,NDI-0,SVC,0.7695,0.7096701877231734
MagicTelescope,False,MCAR,0.3,0,NDI-C,LR,0.773,0.7267303319124703
MagicTelescope,False,MCAR,0.3,0,NDI-C,KNN,0.7535000000000001,0.7034782649292767
MagicTelescope,False,MCAR,0.3,0,NDI-C,RF,0.7985,0.7634581960529965
MagicTelescope,False,MCAR,0.3,0,NDI-C,SVC,0.7955,0.748826762616425
MagicTelescope,False,MCAR,0.3,0,NDI-S,LR,0.7729999999999999,0.7260538845099669
MagicTelescope,False,MCAR,0.3,0,NDI-S,KNN,0.757,0.7082550306763592
MagicTelescope,False,MCAR,0.3,0,NDI-S,RF,0.7955,0.7610035996105013
MagicTelescope,False,MCAR,0.3,0,NDI-S,SVC,0.792,0.7438029339468079
MagicTelescope,False,MCAR,0.3,0,GaussCM,LR,0.7725,0.7248112222536194
MagicTelescope,False,MCAR,0.3,0,GaussCM,KNN,0.7505,0.699060302872298
MagicTelescope,False,MCAR,0.3,0,GaussCM,RF,0.7985,0.7631109265523561
MagicTelescope,False,MCAR,0.3,0,GaussCM,SVC,0.7935000000000001,0.746444466808546
MagicTelescope,False,MCAR,0.3,0,KNN,LR,0.75,0.695890770015162
MagicTelescope,False,MCAR,0.3,0,KNN,KNN,0.731,0.6719941382313419
MagicTelescope,False,MCAR,0.3,0,KNN,RF,0.7825,0.7463887166275756
MagicTelescope,False,MCAR,0.3,0,KNN,SVC,0.7764999999999999,0.7218222246084905
MagicTelescope,False,MCAR,0.3,0,MICE,LR,0.7729999999999999,0.7248685729186274
MagicTelescope,False,MCAR,0.3,0,MICE,KNN,0.763,0.7123994498184636
MagicTelescope,False,MCAR,0.3,0,MICE,RF,0.8085000000000001,0.7740143981071579
MagicTelescope,False,MCAR,0.3,0,MICE,SVC,0.7955,0.7491740502900964
MagicTelescope,False,MCAR,0.3,0,MissForest,LR,0.7735,0.7291333171718559
MagicTelescope,False,MCAR,0.3,0,MissForest,KNN,0.7745,0.7305120667763979
MagicTelescope,False,MCAR,0.3,0,MissForest,RF,0.8055,0.7731355702333037
MagicTelescope,False,MCAR,0.3,0,MissForest,SVC,0.8035,0.7619594272376313
MagicTelescope,False,MCAR,0.3,0,SoftImpute,LR,0.7709999999999999,0.7226416484456673
MagicTelescope,False,MCAR,0.3,0,SoftImpute,KNN,0.7609999999999999,0.7129025985653559
MagicTelescope,False,MCAR,0.3,0,SoftImpute,RF,0.7985,0.7634962860165235
MagicTelescope,False,MCAR,0.3,0,SoftImpute,SVC,0.79,0.7408057624503421
MagicTelescope,False,MCAR,0.3,0,GAIN,LR,0.7625,0.7122106267798665
MagicTelescope,False,MCAR,0.3,0,GAIN,KNN,0.7500000000000001,0.6960120794334043
MagicTelescope,False,MCAR,0.3,0,GAIN,RF,0.792,0.755829434246059
MagicTelescope,False,MCAR,0.3,0,GAIN,SVC,0.788,0.7387094973382521
MagicTelescope,False,MCAR,0.3,0,NDI-F1,LR,0.7615000000000001,0.7124791915709093
MagicTelescope,False,MCAR,0.3,0,NDI-F1,KNN,0.7535000000000001,0.701107134893174
MagicTelescope,False,MCAR,0.3,0,NDI-F1,RF,0.8025,0.7688632123184206
MagicTelescope,False,MCAR,0.3,0,NDI-F1,SVC,0.789,0.7381027232968138
MagicTelescope,False,MCAR,0.3,0,NDI-F-noclip,LR,0.774,0.7267917979221618
MagicTelescope,False,MCAR,0.3,0,NDI-F-noclip,KNN,0.7585000000000001,0.7102052033781167
MagicTelescope,False,MCAR,0.3,0,NDI-F-noclip,RF,0.7929999999999999,0.754945967537439
MagicTelescope,False,MCAR,0.3,0,NDI-F-noclip,SVC,0.7965,0.7482920414832439
MagicTelescope,False,MCAR,0.3,0,NDI-F,LR,0.7755000000000001,0.7289241411079989
MagicTelescope,False,MCAR,0.3,0,NDI-F,KNN,0.756,0.7079181399850153
MagicTelescope,False,MCAR,0.3,0,NDI-F,RF,0.792,0.7540512518596261
MagicTelescope,False,MCAR,0.3,0,NDI-F,SVC,0.797,0.749054442821584
MagicTelescope,False,MCAR,0.3,0,Copula-NDI-F,LR,0.7645,0.7123100333324992
MagicTelescope,False,MCAR,0.3,0,Copula-NDI-F,KNN,0.76,0.7120623536191834
MagicTelescope,False,MCAR,0.3,0,Copula-NDI-F,RF,0.7939999999999999,0.7579953876408915
MagicTelescope,False,MCAR,0.3,0,Copula-NDI-F,SVC,0.7954999999999999,0.7453833360431743
MagicTelescope,False,MCAR,0.3,0,MIWAE,LR,0.774,0.7301211452973503
MagicTelescope,False,MCAR,0.3,0,MIWAE,KNN,0.7615000000000001,0.7125891550115058
MagicTelescope,False,MCAR,0.3,0,MIWAE,RF,0.798,0.7652045928796921
MagicTelescope,False,MCAR,0.3,0,MIWAE,SVC,0.8015000000000001,0.7573426635248811
MagicTelescope,False,MCAR,0.3,0,Sinkhorn,LR,0.769,0.7217091453767491
MagicTelescope,False,MCAR,0.3,0,Sinkhorn,KNN,0.764,0.7189764332666635
MagicTelescope,False,MCAR,0.3,0,Sinkhorn,RF,0.7965,0.763167361610827
MagicTelescope,False,MCAR,0.3,0,Sinkhorn,SVC,0.7975,0.7502290435609211
MagicTelescope,False,MCAR,0.3,0,HyperImpute,LR,0.7785,0.7341427306713603
MagicTelescope,False,MCAR,0.3,0,HyperImpute,KNN,0.759,0.7093808961664895
MagicTelescope,False,MCAR,0.3,0,HyperImpute,RF,0.8065,0.7737975789871941
MagicTelescope,False,MCAR,0.3,0,HyperImpute,SVC,0.8039999999999999,0.759859429040891
MagicTelescope,False,MCAR,0.3,0,ReMasker,LR,0.7779999999999999,0.7342159850252035
MagicTelescope,False,MCAR,0.3,0,ReMasker,KNN,0.7615000000000001,0.7140700635811067
MagicTelescope,False,MCAR,0.3,0,ReMasker,RF,0.806,0.774082249969225
MagicTelescope,False,MCAR,0.3,0,ReMasker,SVC,0.8055,0.7642195263798015
MagicTelescope,False,MCAR,0.3,1,Mean,LR,0.7529999999999999,0.6988544088903856
MagicTelescope,False,MCAR,0.3,1,Mean,KNN,0.7535000000000001,0.7045856334789729
MagicTelescope,False,MCAR,0.3,1,Mean,RF,0.7975000000000001,0.7624455461523446
MagicTelescope,False,MCAR,0.3,1,Mean,SVC,0.7805,0.7208548265279006
MagicTelescope,False,MCAR,0.3,1,NDI-0,LR,0.7434999999999999,0.6889438566766302
MagicTelescope,False,MCAR,0.3,1,NDI-0,KNN,0.748,0.6965032109515953
MagicTelescope,False,MCAR,0.3,1,NDI-0,RF,0.7855,0.7494959193400274
MagicTelescope,False,MCAR,0.3,1,NDI-0,SVC,0.7695000000000001,0.7076280355466924
MagicTelescope,False,MCAR,0.3,1,NDI-C,LR,0.7629999999999999,0.713683241840319
MagicTelescope,False,MCAR,0.3,1,NDI-C,KNN,0.762,0.7147397752552476
MagicTelescope,False,MCAR,0.3,1,NDI-C,RF,0.7990000000000002,0.7661100360904781
MagicTelescope,False,MCAR,0.3,1,NDI-C,SVC,0.8,0.7520798557940115
MagicTelescope,False,MCAR,0.3,1,NDI-S,LR,0.7625,0.7112289168887082
MagicTelescope,False,MCAR,0.3,1,NDI-S,KNN,0.7595,0.7114754292196632
MagicTelescope,False,MCAR,0.3,1,NDI-S,RF,0.7965,0.763969315283173
MagicTelescope,False,MCAR,0.3,1,NDI-S,SVC,0.7949999999999999,0.7438955871865188
MagicTelescope,False,MCAR,0.3,1,GaussCM,LR,0.7635,0.7127340001609884
MagicTelescope,False,MCAR,0.3,1,GaussCM,KNN,0.7595,0.7087406671475852
MagicTelescope,False,MCAR,0.3,1,GaussCM,RF,0.8065000000000001,0.7733368241590574
MagicTelescope,False,MCAR,0.3,1,GaussCM,SVC,0.7979999999999999,0.750689070341191
MagicTelescope,False,MCAR,0.3,1,KNN,LR,0.7449999999999999,0.6894593107934629
MagicTelescope,False,MCAR,0.3,1,KNN,KNN,0.752,0.7031624054979307
MagicTelescope,False,MCAR,0.3,1,KNN,RF,0.7834999999999999,0.747334221700668
MagicTelescope,False,MCAR,0.3,1,KNN,SVC,0.768,0.7127135539131052
MagicTelescope,False,MCAR,0.3,1,MICE,LR,0.7655000000000001,0.7146061854095513
MagicTelescope,False,MCAR,0.3,1,MICE,KNN,0.7769999999999999,0.7288896814887688
MagicTelescope,False,MCAR,0.3,1,MICE,RF,0.7965,0.7613170004356689
MagicTelescope,False,MCAR,0.3,1,MICE,SVC,0.8015000000000001,0.7546599520969631
MagicTelescope,False,MCAR,0.3,1,MissForest,LR,0.772,0.7270662916675553
MagicTelescope,False,MCAR,0.3,1,MissForest,KNN,0.773,0.728222496889076
MagicTelescope,False,MCAR,0.3,1,MissForest,RF,0.8074999999999999,0.7758954918152898
MagicTelescope,False,MCAR,0.3,1,MissForest,SVC,0.807,0.7669833298175475
MagicTelescope,False,MCAR,0.3,1,SoftImpute,LR,0.7619999999999999,0.7089225618140889
MagicTelescope,False,MCAR,0.3,1,SoftImpute,KNN,0.752,0.7013396703591099
MagicTelescope,False,MCAR,0.3,1,SoftImpute,RF,0.8039999999999999,0.7714381313730992
MagicTelescope,False,MCAR,0.3,1,SoftImpute,SVC,0.7965,0.747144461105502
MagicTelescope,False,MCAR,0.3,1,GAIN,LR,0.7545000000000001,0.700277249284895
MagicTelescope,False,MCAR,0.3,1,GAIN,KNN,0.7615,0.7080996300332456
MagicTelescope,False,MCAR,0.3,1,GAIN,RF,0.7915,0.7551156851060208
MagicTelescope,False,MCAR,0.3,1,GAIN,SVC,0.788,0.734659649704134
MagicTelescope,False,MCAR,0.3,1,NDI-F1,LR,0.7635,0.713564828621854
MagicTelescope,False,MCAR,0.3,1,NDI-F1,KNN,0.7575000000000001,0.7062331081371583
MagicTelescope,False,MCAR,0.3,1,NDI-F1,RF,0.8009999999999999,0.7667623068931141
MagicTelescope,False,MCAR,0.3,1,NDI-F1,SVC,0.7925,0.7417314814067959
MagicTelescope,False,MCAR,0.3,1,NDI-F-noclip,LR,0.7635000000000001,0.7130751276485795
MagicTelescope,False,MCAR,0.3,1,NDI-F-noclip,KNN,0.7515000000000001,0.6977664811782021
MagicTelescope,False,MCAR,0.3,1,NDI-F-noclip,RF,0.8089999999999999,0.7767230275269553
MagicTelescope,False,MCAR,0.3,1,NDI-F-noclip,SVC,0.7939999999999999,0.7438862317233308
MagicTelescope,False,MCAR,0.3,1,NDI-F,LR,0.7629999999999999,0.712660323148234
MagicTelescope,False,MCAR,0.3,1,NDI-F,KNN,0.7535000000000001,0.7003362241351814
MagicTelescope,False,MCAR,0.3,1,NDI-F,RF,0.806,0.7734968620257454
MagicTelescope,False,MCAR,0.3,1,NDI-F,SVC,0.7935000000000001,0.7433971968031811
MagicTelescope,False,MCAR,0.3,1,Copula-NDI-F,LR,0.7565000000000001,0.7024803062351583
MagicTelescope,False,MCAR,0.3,1,Copula-NDI-F,KNN,0.753,0.6967405477342781
MagicTelescope,False,MCAR,0.3,1,Copula-NDI-F,RF,0.799,0.7623303387617149
MagicTelescope,False,MCAR,0.3,1,Copula-NDI-F,SVC,0.7925,0.7402567396615257
MagicTelescope,False,MCAR,0.3,2,Mean,LR,0.7619999999999999,0.7114140078925615
MagicTelescope,False,MCAR,0.3,2,Mean,KNN,0.7464999999999999,0.6983794608205881
MagicTelescope,False,MCAR,0.3,2,Mean,RF,0.7929999999999999,0.7560623623548549
MagicTelescope,False,MCAR,0.3,2,Mean,SVC,0.7815,0.7296583153315019
MagicTelescope,False,MCAR,0.3,2,NDI-0,LR,0.7555000000000001,0.7054827082192208
MagicTelescope,False,MCAR,0.3,2,NDI-0,KNN,0.7375,0.6827438251564927
MagicTelescope,False,MCAR,0.3,2,NDI-0,RF,0.773,0.7322567622681395
MagicTelescope,False,MCAR,0.3,2,NDI-0,SVC,0.776,0.724273597481637
MagicTelescope,False,MCAR,0.3,2,NDI-C,LR,0.7709999999999999,0.7243526721527063
MagicTelescope,False,MCAR,0.3,2,NDI-C,KNN,0.7505,0.6978413073099432
MagicTelescope,False,MCAR,0.3,2,NDI-C,RF,0.7975,0.7620794783272045
MagicTelescope,False,MCAR,0.3,2,NDI-C,SVC,0.7965,0.7483425645416188
MagicTelescope,False,MCAR,0.3,2,NDI-S,LR,0.7735,0.7254782287248845
MagicTelescope,False,MCAR,0.3,2,NDI-S,KNN,0.7515000000000001,0.699437314073857
MagicTelescope,False,MCAR,0.3,2,NDI-S,RF,0.786,0.7500186460210516
MagicTelescope,False,MCAR,0.3,2,NDI-S,SVC,0.796,0.7479125337228835
MagicTelescope,False,MCAR,0.3,2,GaussCM,LR,0.7769999999999999,0.7309005976488164
MagicTelescope,False,MCAR,0.3,2,GaussCM,KNN,0.743,0.6893675256345155
MagicTelescope,False,MCAR,0.3,2,GaussCM,RF,0.7835,0.7444443119422022
MagicTelescope,False,MCAR,0.3,2,GaussCM,SVC,0.7965,0.7498184152663729
MagicTelescope,False,MCAR,0.3,2,KNN,LR,0.7585,0.7090449030211519
MagicTelescope,False,MCAR,0.3,2,KNN,KNN,0.7484999999999999,0.695185621811819
MagicTelescope,False,MCAR,0.3,2,KNN,RF,0.7799999999999999,0.7429344899614543
MagicTelescope,False,MCAR,0.3,2,KNN,SVC,0.782,0.7326761611770374
MagicTelescope,False,MCAR,0.3,2,MICE,LR,0.7725,0.7251102553269189
MagicTelescope,False,MCAR,0.3,2,MICE,KNN,0.748,0.6978396100456028
MagicTelescope,False,MCAR,0.3,2,MICE,RF,0.783,0.7435450653311003
MagicTelescope,False,MCAR,0.3,2,MICE,SVC,0.794,0.7449856256093275
MagicTelescope,False,MCAR,0.3,2,MissForest,LR,0.7765,0.7325203503129665
MagicTelescope,False,MCAR,0.3,2,MissForest,KNN,0.7555,0.7079898775463294
MagicTelescope,False,MCAR,0.3,2,MissForest,RF,0.8,0.7658410267424658
MagicTelescope,False,MCAR,0.3,2,MissForest,SVC,0.8,0.7567423824452515
MagicTelescope,False,MCAR,0.3,2,SoftImpute,LR,0.77,0.7227013489628692
MagicTelescope,False,MCAR,0.3,2,SoftImpute,KNN,0.7555000000000001,0.7063349546445773
MagicTelescope,False,MCAR,0.3,2,SoftImpute,RF,0.7859999999999999,0.7484605542024291
MagicTelescope,False,MCAR,0.3,2,SoftImpute,SVC,0.7905,0.7424461382687466
MagicTelescope,False,MCAR,0.3,2,GAIN,LR,0.7710000000000001,0.7236289404217563
MagicTelescope,False,MCAR,0.3,2,GAIN,KNN,0.7535000000000001,0.7030093631423253
MagicTelescope,False,MCAR,0.3,2,GAIN,RF,0.7915,0.7543083385622752
MagicTelescope,False,MCAR,0.3,2,GAIN,SVC,0.7895,0.7440220893624483
MagicTelescope,False,MCAR,0.3,2,NDI-F1,LR,0.7715,0.7241587678819827
MagicTelescope,False,MCAR,0.3,2,NDI-F1,KNN,0.751,0.7001801485722043
MagicTelescope,False,MCAR,0.3,2,NDI-F1,RF,0.7945,0.7576619878693289
MagicTelescope,False,MCAR,0.3,2,NDI-F1,SVC,0.7905,0.7435726330597275
MagicTelescope,False,MCAR,0.3,2,NDI-F-noclip,LR,0.776,0.7289769686900248
MagicTelescope,False,MCAR,0.3,2,NDI-F-noclip,KNN,0.7555000000000001,0.7019332273230925
MagicTelescope,False,MCAR,0.3,2,NDI-F-noclip,RF,0.7875,0.7480811927102338
MagicTelescope,False,MCAR,0.3,2,NDI-F-noclip,SVC,0.7985,0.7521054705290595
MagicTelescope,False,MCAR,0.3,2,NDI-F,LR,0.7765,0.7293002025535908
MagicTelescope,False,MCAR,0.3,2,NDI-F,KNN,0.7575000000000001,0.7049350062017634
MagicTelescope,False,MCAR,0.3,2,NDI-F,RF,0.7875,0.7480642805206519
MagicTelescope,False,MCAR,0.3,2,NDI-F,SVC,0.7985,0.7523912087376032
MagicTelescope,False,MCAR,0.3,2,Copula-NDI-F,LR,0.7625,0.7089396354414135
MagicTelescope,False,MCAR,0.3,2,Copula-NDI-F,KNN,0.7415,0.682419083313021
MagicTelescope,False,MCAR,0.3,2,Copula-NDI-F,RF,0.781,0.7385625563414846
MagicTelescope,False,MCAR,0.3,2,Copula-NDI-F,SVC,0.7905,0.7396397386446054
MagicTelescope,False,MAR,0.3,0,Mean,LR,0.7425,0.6813758759817933
MagicTelescope,False,MAR,0.3,0,Mean,KNN,0.7344999999999999,0.6785480878857666
MagicTelescope,False,MAR,0.3,0,Mean,RF,0.7819999999999999,0.7431132943021709
MagicTelescope,False,MAR,0.3,0,Mean,SVC,0.772,0.7082669244947941
MagicTelescope,False,MAR,0.3,0,NDI-0,LR,0.744,0.6822011216211681
MagicTelescope,False,MAR,0.3,0,NDI-0,KNN,0.7295,0.6709121166820433
MagicTelescope,False,MAR,0.3,0,NDI-0,RF,0.784,0.7440961870158669
MagicTelescope,False,MAR,0.3,0,NDI-0,SVC,0.7655,0.6964386603447349
MagicTelescope,False,MAR,0.3,0,NDI-C,LR,0.748,0.6883023549083663
MagicTelescope,False,MAR,0.3,0,NDI-C,KNN,0.7435,0.6922160767446379
MagicTelescope,False,MAR,0.3,0,NDI-C,RF,0.7899999999999999,0.7529226230466908
MagicTelescope,False,MAR,0.3,0,NDI-C,SVC,0.7705,0.70766615590932
MagicTelescope,False,MAR,0.3,0,NDI-S,LR,0.757,0.6976023925988413
MagicTelescope,False,MAR,0.3,0,NDI-S,KNN,0.7364999999999999,0.6842164470966592
MagicTelescope,False,MAR,0.3,0,NDI-S,RF,0.7875,0.7482664018175499
MagicTelescope,False,MAR,0.3,0,NDI-S,SVC,0.7729999999999999,0.7116832149803726
MagicTelescope,False,MAR,0.3,0,GaussCM,LR,0.7529999999999999,0.6919140336155625
MagicTelescope,False,MAR,0.3,0,GaussCM,KNN,0.732,0.6817987957978666
MagicTelescope,False,MAR,0.3,0,GaussCM,RF,0.7975,0.7622319431080282
MagicTelescope,False,MAR,0.3,0,GaussCM,SVC,0.7775,0.7190471043003814
MagicTelescope,False,MAR,0.3,0,KNN,LR,0.7505,0.6962420074928048
MagicTelescope,False,MAR,0.3,0,KNN,KNN,0.7535000000000001,0.701725536944895
MagicTelescope,False,MAR,0.3,0,KNN,RF,0.79,0.7531104095306592
MagicTelescope,False,MAR,0.3,0,KNN,SVC,0.774,0.7141347346319963
MagicTelescope,False,MAR,0.3,0,MICE,LR,0.749,0.6901616767165333
MagicTelescope,False,MAR,0.3,0,MICE,KNN,0.7464999999999999,0.690039380267309
MagicTelescope,False,MAR,0.3,0,MICE,RF,0.7945,0.7538408231804848
MagicTelescope,False,MAR,0.3,0,MICE,SVC,0.776,0.7099574245337749
MagicTelescope,False,MAR,0.3,0,MissForest,LR,0.7645,0.7131380060567118
MagicTelescope,False,MAR,0.3,0,MissForest,KNN,0.7645,0.7149078963159348
MagicTelescope,False,MAR,0.3,0,MissForest,RF,0.8009999999999999,0.7666890775440508
MagicTelescope,False,MAR,0.3,0,MissForest,SVC,0.7949999999999999,0.7477944752185027
MagicTelescope,False,MAR,0.3,0,SoftImpute,LR,0.7505,0.6908406271367682
MagicTelescope,False,MAR,0.3,0,SoftImpute,KNN,0.73,0.6759844691110152
MagicTelescope,False,MAR,0.3,0,SoftImpute,RF,0.7955,0.7563743920887148
MagicTelescope,False,MAR,0.3,0,SoftImpute,SVC,0.7745000000000001,0.7116070418918626
MagicTelescope,False,MAR,0.3,0,GAIN,LR,0.748,0.688523646386473
MagicTelescope,False,MAR,0.3,0,GAIN,KNN,0.7310000000000001,0.6721055631770156
MagicTelescope,False,MAR,0.3,0,GAIN,RF,0.7924999999999999,0.7568083187299165
MagicTelescope,False,MAR,0.3,0,GAIN,SVC,0.7769999999999999,0.7174616329140088
MagicTelescope,False,MAR,0.3,0,NDI-F1,LR,0.7529999999999999,0.6927071413466427
MagicTelescope,False,MAR,0.3,0,NDI-F1,KNN,0.7365,0.6841688721961693
MagicTelescope,False,MAR,0.3,0,NDI-F1,RF,0.7844999999999999,0.743072463849155
MagicTelescope,False,MAR,0.3,0,NDI-F1,SVC,0.775,0.7126604607752406
MagicTelescope,False,MAR,0.3,0,NDI-F-noclip,LR,0.7505,0.6889506020277969
MagicTelescope,False,MAR,0.3,0,NDI-F-noclip,KNN,0.7354999999999999,0.6781648154453153
MagicTelescope,False,MAR,0.3,0,NDI-F-noclip,RF,0.796,0.756797705408145
MagicTelescope,False,MAR,0.3,0,NDI-F-noclip,SVC,0.776,0.7168835456526418
MagicTelescope,False,MAR,0.3,0,NDI-F,LR,0.7545,0.6946941084863427
MagicTelescope,False,MAR,0.3,0,NDI-F,KNN,0.735,0.6773548667346748
MagicTelescope,False,MAR,0.3,0,NDI-F,RF,0.792,0.7522524658401949
MagicTelescope,False,MAR,0.3,0,NDI-F,SVC,0.777,0.7186152650562783
MagicTelescope,False,MAR,0.3,0,Copula-NDI-F,LR,0.743,0.6821846974734417
MagicTelescope,False,MAR,0.3,0,Copula-NDI-F,KNN,0.744,0.6871736100886484
MagicTelescope,False,MAR,0.3,0,Copula-NDI-F,RF,0.797,0.7588440802835787
MagicTelescope,False,MAR,0.3,0,Copula-NDI-F,SVC,0.781,0.7237901760140316
MagicTelescope,False,MAR,0.3,0,MIWAE,LR,0.758,0.7064028721935346
MagicTelescope,False,MAR,0.3,0,MIWAE,KNN,0.7594999999999998,0.7084993728985355
MagicTelescope,False,MAR,0.3,0,MIWAE,RF,0.8,0.7657018774420258
MagicTelescope,False,MAR,0.3,0,MIWAE,SVC,0.784,0.7321341675309034
MagicTelescope,False,MAR,0.3,0,Sinkhorn,LR,0.755,0.7011761058105173
MagicTelescope,False,MAR,0.3,0,Sinkhorn,KNN,0.7369999999999999,0.68492471439343
MagicTelescope,False,MAR,0.3,0,Sinkhorn,RF,0.7945,0.7587981008431314
MagicTelescope,False,MAR,0.3,0,Sinkhorn,SVC,0.7775,0.7201229936122076
MagicTelescope,False,MAR,0.3,0,HyperImpute,LR,0.763,0.7125277343940117
MagicTelescope,False,MAR,0.3,0,HyperImpute,KNN,0.7590000000000001,0.7106173653399288
MagicTelescope,False,MAR,0.3,0,HyperImpute,RF,0.7995,0.7640576639999281
MagicTelescope,False,MAR,0.3,0,HyperImpute,SVC,0.799,0.7535211494768694
MagicTelescope,False,MAR,0.3,0,ReMasker,LR,0.758,0.7060682670900672
MagicTelescope,False,MAR,0.3,0,ReMasker,KNN,0.7615000000000001,0.7130176808508393
MagicTelescope,False,MAR,0.3,0,ReMasker,RF,0.7914999999999999,0.7536921195067114
MagicTelescope,False,MAR,0.3,0,ReMasker,SVC,0.7895000000000001,0.7379499874680543
MagicTelescope,False,MAR,0.3,1,Mean,LR,0.773,0.7340268077557426
MagicTelescope,False,MAR,0.3,1,Mean,KNN,0.7835,0.7410494728125224
MagicTelescope,False,MAR,0.3,1,Mean,RF,0.807,0.7763574685602977
MagicTelescope,False,MAR,0.3,1,Mean,SVC,0.8065,0.7673892004312112
MagicTelescope,False,MAR,0.3,1,NDI-0,LR,0.7725,0.7337550102853162
MagicTelescope,False,MAR,0.3,1,NDI-0,KNN,0.78,0.7364557307060042
MagicTelescope,False,MAR,0.3,1,NDI-0,RF,0.807,0.7767938976558668
MagicTelescope,False,MAR,0.3,1,NDI-0,SVC,0.804,0.7650396444822222
MagicTelescope,False,MAR,0.3,1,NDI-C,LR,0.781,0.7435917066610779
MagicTelescope,False,MAR,0.3,1,NDI-C,KNN,0.7725,0.7263739075684924
MagicTelescope,False,MAR,0.3,1,NDI-C,RF,0.7965,0.7644685253497998
MagicTelescope,False,MAR,0.3,1,NDI-C,SVC,0.8019999999999999,0.7618161433381022
MagicTelescope,False,MAR,0.3,1,NDI-S,LR,0.779,0.741711858265667
MagicTelescope,False,MAR,0.3,1,NDI-S,KNN,0.7635,0.7196671161759425
MagicTelescope,False,MAR,0.3,1,NDI-S,RF,0.8039999999999999,0.7731563350552465
MagicTelescope,False,MAR,0.3,1,NDI-S,SVC,0.8074999999999999,0.768783110628705
MagicTelescope,False,MAR,0.3,1,GaussCM,LR,0.7795,0.7408917847612302
MagicTelescope,False,MAR,0.3,1,GaussCM,KNN,0.7755,0.7297395304683874
MagicTelescope,False,MAR,0.3,1,GaussCM,RF,0.805,0.7761700624610111
MagicTelescope,False,MAR,0.3,1,GaussCM,SVC,0.8035,0.7641215588002639
MagicTelescope,False,MAR,0.3,1,KNN,LR,0.7755,0.7369552179770624
MagicTelescope,False,MAR,0.3,1,KNN,KNN,0.77,0.7260948385996663
MagicTelescope,False,MAR,0.3,1,KNN,RF,0.8014999999999999,0.7710663916960863
MagicTelescope,False,MAR,0.3,1,KNN,SVC,0.8105,0.7735260174494684
MagicTelescope,False,MAR,0.3,1,MICE,LR,0.782,0.744048466263302
MagicTelescope,False,MAR,0.3,1,MICE,KNN,0.7775000000000001,0.7326981223729953
MagicTelescope,False,MAR,0.3,1,MICE,RF,0.8015000000000001,0.7717323388586903
MagicTelescope,False,MAR,0.3,1,MICE,SVC,0.8035,0.7603677301621489
MagicTelescope,False,MAR,0.3,1,MissForest,LR,0.7875,0.7519049546160428
MagicTelescope,False,MAR,0.3,1,MissForest,KNN,0.7825,0.7433656985216732
MagicTelescope,False,MAR,0.3,1,MissForest,RF,0.8065,0.7761037592948018
MagicTelescope,False,MAR,0.3,1,MissForest,SVC,0.8125,0.7744767525394944
MagicTelescope,False,MAR,0.3,1,SoftImpute,LR,0.7775,0.7400736908172261
MagicTelescope,False,MAR,0.3,1,SoftImpute,KNN,0.775,0.7300142269338672
MagicTelescope,False,MAR,0.3,1,SoftImpute,RF,0.8030000000000002,0.7730255998391888
MagicTelescope,False,MAR,0.3,1,SoftImpute,SVC,0.8089999999999999,0.7707267809418227
MagicTelescope,False,MAR,0.3,1,GAIN,LR,0.7769999999999999,0.7376073743862512
MagicTelescope,False,MAR,0.3,1,GAIN,KNN,0.768,0.7243941943954206
MagicTelescope,False,MAR,0.3,1,GAIN,RF,0.798,0.7661043766689009
MagicTelescope,False,MAR,0.3,1,GAIN,SVC,0.8005000000000001,0.7601457013977685
MagicTelescope,False,MAR,0.3,1,NDI-F1,LR,0.7815,0.7450120382391547
MagicTelescope,False,MAR,0.3,1,NDI-F1,KNN,0.768,0.7226019214538622
MagicTelescope,False,MAR,0.3,1,NDI-F1,RF,0.8015000000000001,0.7718421256494284
MagicTelescope,False,MAR,0.3,1,NDI-F1,SVC,0.8,0.7587518571470269
MagicTelescope,False,MAR,0.3,1,NDI-F-noclip,LR,0.7775000000000001,0.738426203533422
MagicTelescope,False,MAR,0.3,1,NDI-F-noclip,KNN,0.7785,0.7355958853723852
MagicTelescope,False,MAR,0.3,1,NDI-F-noclip,RF,0.808,0.7782506086381685
MagicTelescope,False,MAR,0.3,1,NDI-F-noclip,SVC,0.8065,0.7673971874862736
MagicTelescope,False,MAR,0.3,1,NDI-F,LR,0.7785,0.7396629082915585
MagicTelescope,False,MAR,0.3,1,NDI-F,KNN,0.783,0.7408017706446814
MagicTelescope,False,MAR,0.3,1,NDI-F,RF,0.8035,0.773359359779136
MagicTelescope,False,MAR,0.3,1,NDI-F,SVC,0.8069999999999998,0.7674097940102771
MagicTelescope,False,MAR,0.3,1,Copula-NDI-F,LR,0.774,0.7348634525394052
MagicTelescope,False,MAR,0.3,1,Copula-NDI-F,KNN,0.7775000000000001,0.7291324886945578
MagicTelescope,False,MAR,0.3,1,Copula-NDI-F,RF,0.798,0.7675120336314097
MagicTelescope,False,MAR,0.3,1,Copula-NDI-F,SVC,0.805,0.7655998328946867
MagicTelescope,False,MAR,0.3,2,Mean,LR,0.7494999999999999,0.6884298447403004
MagicTelescope,False,MAR,0.3,2,Mean,KNN,0.7355,0.6786597981539493
MagicTelescope,False,MAR,0.3,2,Mean,RF,0.7765000000000001,0.735582455749828
MagicTelescope,False,MAR,0.3,2,Mean,SVC,0.77,0.7094529734781123
MagicTelescope,False,MAR,0.3,2,NDI-0,LR,0.7445,0.682993941462053
MagicTelescope,False,MAR,0.3,2,NDI-0,KNN,0.7415,0.6891804981222412
MagicTelescope,False,MAR,0.3,2,NDI-0,RF,0.7699999999999999,0.729308634825632
MagicTelescope,False,MAR,0.3,2,NDI-0,SVC,0.771,0.7098129755629261
MagicTelescope,False,MAR,0.3,2,NDI-C,LR,0.755,0.698458572213458
MagicTelescope,False,MAR,0.3,2,NDI-C,KNN,0.7485,0.692683894767652
MagicTelescope,False,MAR,0.3,2,NDI-C,RF,0.7905,0.753343284351001
MagicTelescope,False,MAR,0.3,2,NDI-C,SVC,0.7905,0.7436201262418722
MagicTelescope,False,MAR,0.3,2,NDI-S,LR,0.7545,0.6962223019562984
MagicTelescope,False,MAR,0.3,2,NDI-S,KNN,0.7495,0.6936367116012689
MagicTelescope,False,MAR,0.3,2,NDI-S,RF,0.7825,0.7434923104829472
MagicTelescope,False,MAR,0.3,2,NDI-S,SVC,0.7925,0.7450769323658535
MagicTelescope,False,MAR,0.3,2,GaussCM,LR,0.735,0.666114976280451
MagicTelescope,False,MAR,0.3,2,GaussCM,KNN,0.7434999999999999,0.6859582660149709
MagicTelescope,False,MAR,0.3,2,GaussCM,RF,0.7875,0.7475252160340535
MagicTelescope,False,MAR,0.3,2,GaussCM,SVC,0.787,0.734142510595975
MagicTelescope,False,MAR,0.3,2,KNN,LR,0.747,0.6879065945327834
MagicTelescope,False,MAR,0.3,2,KNN,KNN,0.746,0.6837987257507046
MagicTelescope,False,MAR,0.3,2,KNN,RF,0.766,0.721953117276658
MagicTelescope,False,MAR,0.3,2,KNN,SVC,0.7685000000000001,0.7066720062130594
MagicTelescope,False,MAR,0.3,2,MICE,LR,0.7404999999999999,0.6764466460527061
MagicTelescope,False,MAR,0.3,2,MICE,KNN,0.7409999999999999,0.6784956864726679
MagicTelescope,False,MAR,0.3,2,MICE,RF,0.78,0.7388004153668806
MagicTelescope,False,MAR,0.3,2,MICE,SVC,0.7849999999999999,0.7295591452862619
MagicTelescope,False,MAR,0.3,2,MissForest,LR,0.7675000000000001,0.7222261003903327
MagicTelescope,False,MAR,0.3,2,MissForest,KNN,0.759,0.7073688119271115
MagicTelescope,False,MAR,0.3,2,MissForest,RF,0.7865,0.7491477534051759
MagicTelescope,False,MAR,0.3,2,MissForest,SVC,0.7925,0.7453479416841118
MagicTelescope,False,MAR,0.3,2,SoftImpute,LR,0.756,0.6959532628138468
MagicTelescope,False,MAR,0.3,2,SoftImpute,KNN,0.7464999999999999,0.6904002893608806
MagicTelescope,False,MAR,0.3,2,SoftImpute,RF,0.7845,0.7454621753093195
MagicTelescope,False,MAR,0.3,2,SoftImpute,SVC,0.786,0.7343568098668657
MagicTelescope,False,MAR,0.3,2,GAIN,LR,0.7545,0.6960734987242659
MagicTelescope,False,MAR,0.3,2,GAIN,KNN,0.748,0.6927276132854108
MagicTelescope,False,MAR,0.3,2,GAIN,RF,0.788,0.748215220027981
MagicTelescope,False,MAR,0.3,2,GAIN,SVC,0.784,0.729626788630777
MagicTelescope,False,MAR,0.3,2,NDI-F1,LR,0.7545,0.6984672541284012
MagicTelescope,False,MAR,0.3,2,NDI-F1,KNN,0.7459999999999999,0.6905174164130872
MagicTelescope,False,MAR,0.3,2,NDI-F1,RF,0.7845,0.7461688400790532
MagicTelescope,False,MAR,0.3,2,NDI-F1,SVC,0.7945,0.7471803102298065
MagicTelescope,False,MAR,0.3,2,NDI-F-noclip,LR,0.7405,0.6754103095539868
MagicTelescope,False,MAR,0.3,2,NDI-F-noclip,KNN,0.7555000000000001,0.7018416157393494
MagicTelescope,False,MAR,0.3,2,NDI-F-noclip,RF,0.775,0.7334743458445363
MagicTelescope,False,MAR,0.3,2,NDI-F-noclip,SVC,0.788,0.7365912795657967
MagicTelescope,False,MAR,0.3,2,NDI-F,LR,0.741,0.6766035083333085
MagicTelescope,False,MAR,0.3,2,NDI-F,KNN,0.756,0.7035244507794707
MagicTelescope,False,MAR,0.3,2,NDI-F,RF,0.779,0.7396237481635091
MagicTelescope,False,MAR,0.3,2,NDI-F,SVC,0.7895000000000001,0.7391996997947072
MagicTelescope,False,MAR,0.3,2,Copula-NDI-F,LR,0.724,0.6509373654818142
MagicTelescope,False,MAR,0.3,2,Copula-NDI-F,KNN,0.7395,0.6782410563412216
MagicTelescope,False,MAR,0.3,2,Copula-NDI-F,RF,0.7825,0.7405934968500614
MagicTelescope,False,MAR,0.3,2,Copula-NDI-F,SVC,0.783,0.7291249566905124
MagicTelescope,False,MNAR,0.3,0,Mean,LR,0.768,0.7209173966863014
MagicTelescope,False,MNAR,0.3,0,Mean,KNN,0.7605,0.7095497333260012
MagicTelescope,False,MNAR,0.3,0,Mean,RF,0.8055,0.7724327642037471
MagicTelescope,False,MNAR,0.3,0,Mean,SVC,0.792,0.744756552343385
MagicTelescope,False,MNAR,0.3,0,NDI-0,LR,0.756,0.7050414019118485
MagicTelescope,False,MNAR,0.3,0,NDI-0,KNN,0.7459999999999999,0.6954648536264818
MagicTelescope,False,MNAR,0.3,0,NDI-0,RF,0.7975000000000001,0.7627007291827578
MagicTelescope,False,MNAR,0.3,0,NDI-0,SVC,0.783,0.735064642847338
MagicTelescope,False,MNAR,0.3,0,NDI-C,LR,0.776,0.7326310568359167
MagicTelescope,False,MNAR,0.3,0,NDI-C,KNN,0.77,0.7222368805995844
MagicTelescope,False,MNAR,0.3,0,NDI-C,RF,0.8014999999999999,0.7672741282864065
MagicTelescope,False,MNAR,0.3,0,NDI-C,SVC,0.7995,0.7549984541432779
MagicTelescope,False,MNAR,0.3,0,NDI-S,LR,0.7715,0.7278282472905696
MagicTelescope,False,MNAR,0.3,0,NDI-S,KNN,0.768,0.7206513892014929
MagicTelescope,False,MNAR,0.3,0,NDI-S,RF,0.8009999999999999,0.766793683485653
MagicTelescope,False,MNAR,0.3,0,NDI-S,SVC,0.7985,0.7559007025770579
MagicTelescope,False,MNAR,0.3,0,GaussCM,LR,0.777,0.7358969638813349
MagicTelescope,False,MNAR,0.3,0,GaussCM,KNN,0.7645000000000001,0.7133085598453703
MagicTelescope,False,MNAR,0.3,0,GaussCM,RF,0.7945,0.7589973381081272
MagicTelescope,False,MNAR,0.3,0,GaussCM,SVC,0.7975,0.7513536069776781
MagicTelescope,False,MNAR,0.3,0,KNN,LR,0.756,0.7085769016255796
MagicTelescope,False,MNAR,0.3,0,KNN,KNN,0.7390000000000001,0.6857970798994988
MagicTelescope,False,MNAR,0.3,0,KNN,RF,0.7705,0.7301188197744852
MagicTelescope,False,MNAR,0.3,0,KNN,SVC,0.7795,0.7324974333303762
MagicTelescope,False,MNAR,0.3,0,MICE,LR,0.7675000000000001,0.7224466641171341
MagicTelescope,False,MNAR,0.3,0,MICE,KNN,0.782,0.7380227116656933
MagicTelescope,False,MNAR,0.3,0,MICE,RF,0.8020000000000002,0.7655825804795008
MagicTelescope,False,MNAR,0.3,0,MICE,SVC,0.792,0.7431589623311242
MagicTelescope,False,MNAR,0.3,0,MissForest,LR,0.772,0.7305930368737482
MagicTelescope,False,MNAR,0.3,0,MissForest,KNN,0.767,0.7234951161688923
MagicTelescope,False,MNAR,0.3,0,MissForest,RF,0.8055,0.7733985889390657
MagicTelescope,False,MNAR,0.3,0,MissForest,SVC,0.8039999999999999,0.7644577757311954
MagicTelescope,False,MNAR,0.3,0,SoftImpute,LR,0.772,0.7272207432045935
MagicTelescope,False,MNAR,0.3,0,SoftImpute,KNN,0.77,0.7222078036079759
MagicTelescope,False,MNAR,0.3,0,SoftImpute,RF,0.8109999999999999,0.7813005409420786
MagicTelescope,False,MNAR,0.3,0,SoftImpute,SVC,0.7985,0.7549000572386658
MagicTelescope,False,MNAR,0.3,0,GAIN,LR,0.7645,0.721320885700477
MagicTelescope,False,MNAR,0.3,0,GAIN,KNN,0.7735,0.7270591420419582
MagicTelescope,False,MNAR,0.3,0,GAIN,RF,0.8099999999999999,0.7797904157640911
MagicTelescope,False,MNAR,0.3,0,GAIN,SVC,0.8019999999999999,0.7600939637030242
MagicTelescope,False,MNAR,0.3,0,NDI-F1,LR,0.7635,0.7179510909337845
MagicTelescope,False,MNAR,0.3,0,NDI-F1,KNN,0.7535000000000001,0.7006141116794156
MagicTelescope,False,MNAR,0.3,0,NDI-F1,RF,0.808,0.7760478862890812
MagicTelescope,False,MNAR,0.3,0,NDI-F1,SVC,0.797,0.7521297401589356
MagicTelescope,False,MNAR,0.3,0,NDI-F-noclip,LR,0.7669999999999999,0.723556605876151
MagicTelescope,False,MNAR,0.3,0,NDI-F-noclip,KNN,0.7674999999999998,0.7207239825502743
MagicTelescope,False,MNAR,0.3,0,NDI-F-noclip,RF,0.8,0.7660233184546849
MagicTelescope,False,MNAR,0.3,0,NDI-F-noclip,SVC,0.8019999999999999,0.7577455508990638
MagicTelescope,False,MNAR,0.3,0,NDI-F,LR,0.7665,0.7234353612371855
MagicTelescope,False,MNAR,0.3,0,NDI-F,KNN,0.7665,0.7192490567858638
MagicTelescope,False,MNAR,0.3,0,NDI-F,RF,0.8009999999999999,0.7672602927352231
MagicTelescope,False,MNAR,0.3,0,NDI-F,SVC,0.8019999999999999,0.7577455508990638
MagicTelescope,False,MNAR,0.3,0,Copula-NDI-F,LR,0.767,0.7231868503231859
MagicTelescope,False,MNAR,0.3,0,Copula-NDI-F,KNN,0.7645,0.7147666454033093
MagicTelescope,False,MNAR,0.3,0,Copula-NDI-F,RF,0.8065000000000001,0.7742762211228098
MagicTelescope,False,MNAR,0.3,0,Copula-NDI-F,SVC,0.804,0.7632932487022503
MagicTelescope,False,MNAR,0.3,0,MIWAE,LR,0.7635000000000001,0.7197829539958152
MagicTelescope,False,MNAR,0.3,0,MIWAE,KNN,0.756,0.7104280902226686
MagicTelescope,False,MNAR,0.3,0,MIWAE,RF,0.8005000000000001,0.7707161401006539
MagicTelescope,False,MNAR,0.3,0,MIWAE,SVC,0.798,0.7562856841408123
MagicTelescope,False,MNAR,0.3,0,Sinkhorn,LR,0.7775000000000001,0.7376940585363574
MagicTelescope,False,MNAR,0.3,0,Sinkhorn,KNN,0.7665,0.7219650165825667
MagicTelescope,False,MNAR,0.3,0,Sinkhorn,RF,0.8130000000000001,0.7839774406778031
MagicTelescope,False,MNAR,0.3,0,Sinkhorn,SVC,0.808,0.7698866085461525
MagicTelescope,False,MNAR,0.3,0,HyperImpute,LR,0.768,0.7263745305489648
MagicTelescope,False,MNAR,0.3,0,HyperImpute,KNN,0.7745,0.7323857714845128
MagicTelescope,False,MNAR,0.3,0,HyperImpute,RF,0.8039999999999999,0.7736553769298297
MagicTelescope,False,MNAR,0.3,0,HyperImpute,SVC,0.8019999999999999,0.761585517177244
MagicTelescope,False,MNAR,0.3,0,ReMasker,LR,0.7755,0.7353419313890278
MagicTelescope,False,MNAR,0.3,0,ReMasker,KNN,0.7689999999999999,0.727151132637875
MagicTelescope,False,MNAR,0.3,0,ReMasker,RF,0.808,0.7757507437339726
MagicTelescope,False,MNAR,0.3,0,ReMasker,SVC,0.8119999999999999,0.7742807104512686
MagicTelescope,False,MNAR,0.3,1,Mean,LR,0.7585,0.7102004424401012
MagicTelescope,False,MNAR,0.3,1,Mean,KNN,0.7705,0.7232159503667284
MagicTelescope,False,MNAR,0.3,1,Mean,RF,0.8119999999999999,0.7807703182247987
MagicTelescope,False,MNAR,0.3,1,Mean,SVC,0.8025,0.7607892201804229
MagicTelescope,False,MNAR,0.3,1,NDI-0,LR,0.752,0.7014733264133721
MagicTelescope,False,MNAR,0.3,1,NDI-0,KNN,0.7685000000000001,0.7188924963718577
MagicTelescope,False,MNAR,0.3,1,NDI-0,RF,0.797,0.7626586864713363
MagicTelescope,False,MNAR,0.3,1,NDI-0,SVC,0.795,0.7521968383379549
MagicTelescope,False,MNAR,0.3,1,NDI-C,LR,0.7729999999999999,0.7318006665050529
MagicTelescope,False,MNAR,0.3,1,NDI-C,KNN,0.777,0.7322080418995128
MagicTelescope,False,MNAR,0.3,1,NDI-C,RF,0.8194999999999999,0.7922280719417996
MagicTelescope,False,MNAR,0.3,1,NDI-C,SVC,0.812,0.7746403232045079
MagicTelescope,False,MNAR,0.3,1,NDI-S,LR,0.7695000000000001,0.7281273648646142
MagicTelescope,False,MNAR,0.3,1,NDI-S,KNN,0.7789999999999999,0.733141658806022
MagicTelescope,False,MNAR,0.3,1,NDI-S,RF,0.8125,0.7824710179407652
MagicTelescope,False,MNAR,0.3,1,NDI-S,SVC,0.8105,0.7727360179837236
MagicTelescope,False,MNAR,0.3,1,GaussCM,LR,0.7779999999999999,0.7381634428436057
MagicTelescope,False,MNAR,0.3,1,GaussCM,KNN,0.773,0.7276684714944335
MagicTelescope,False,MNAR,0.3,1,GaussCM,RF,0.8125,0.7828577111315936
MagicTelescope,False,MNAR,0.3,1,GaussCM,SVC,0.8139999999999998,0.7778114838458294
MagicTelescope,False,MNAR,0.3,1,KNN,LR,0.7525000000000001,0.705393790933999
MagicTelescope,False,MNAR,0.3,1,KNN,KNN,0.7665,0.7210590710958333
MagicTelescope,False,MNAR,0.3,1,KNN,RF,0.7949999999999999,0.7605946720187695
MagicTelescope,False,MNAR,0.3,1,KNN,SVC,0.798,0.7570442353066308
MagicTelescope,False,MNAR,0.3,1,MICE,LR,0.7735,0.7314366242555841
MagicTelescope,False,MNAR,0.3,1,MICE,KNN,0.77,0.723229023983316
MagicTelescope,False,MNAR,0.3,1,MICE,RF,0.8074999999999999,0.7752474514481555
MagicTelescope,False,MNAR,0.3,1,MICE,SVC,0.8074999999999999,0.7690252977868731
MagicTelescope,False,MNAR,0.3,1,MissForest,LR,0.7815,0.7435979252346828
MagicTelescope,False,MNAR,0.3,1,MissForest,KNN,0.783,0.7431449176089153
MagicTelescope,False,MNAR,0.3,1,MissForest,RF,0.8150000000000001,0.785685127909777
MagicTelescope,False,MNAR,0.3,1,MissForest,SVC,0.8164999999999999,0.7817872850066514
MagicTelescope,False,MNAR,0.3,1,SoftImpute,LR,0.7665000000000001,0.7240821811287148
MagicTelescope,False,MNAR,0.3,1,SoftImpute,KNN,0.7785,0.7320385549338674
MagicTelescope,False,MNAR,0.3,1,SoftImpute,RF,0.8184999999999999,0.788822682937335
MagicTelescope,False,MNAR,0.3,1,SoftImpute,SVC,0.8164999999999999,0.7806083834725088
MagicTelescope,False,MNAR,0.3,1,GAIN,LR,0.766,0.7225905310690365
MagicTelescope,False,MNAR,0.3,1,GAIN,KNN,0.7685,0.7214239952332842
MagicTelescope,False,MNAR,0.3,1,GAIN,RF,0.8145,0.7860238708495355
MagicTelescope,False,MNAR,0.3,1,GAIN,SVC,0.8145,0.77813498533569
MagicTelescope,False,MNAR,0.3,1,NDI-F1,LR,0.7695,0.7263996008624233
MagicTelescope,False,MNAR,0.3,1,NDI-F1,KNN,0.7715000000000001,0.722273170517051
MagicTelescope,False,MNAR,0.3,1,NDI-F1,RF,0.8119999999999999,0.7821258141703
MagicTelescope,False,MNAR,0.3,1,NDI-F1,SVC,0.8174999999999999,0.7798097944960485
MagicTelescope,False,MNAR,0.3,1,NDI-F-noclip,LR,0.777,0.737640994210337
MagicTelescope,False,MNAR,0.3,1,NDI-F-noclip,KNN,0.778,0.7354205865444838
MagicTelescope,False,MNAR,0.3,1,NDI-F-noclip,RF,0.8084999999999999,0.7778495506034778
MagicTelescope,False,MNAR,0.3,1,NDI-F-noclip,SVC,0.8175000000000001,0.7824087574480212
MagicTelescope,False,MNAR,0.3,1,NDI-F,LR,0.7755000000000001,0.7359280775463335
MagicTelescope,False,MNAR,0.3,1,NDI-F,KNN,0.7775000000000001,0.7349139816553765
MagicTelescope,False,MNAR,0.3,1,NDI-F,RF,0.8099999999999999,0.7795831598521208
MagicTelescope,False,MNAR,0.3,1,NDI-F,SVC,0.8169999999999998,0.7816845580654256
MagicTelescope,False,MNAR,0.3,1,Copula-NDI-F,LR,0.7685000000000001,0.7270552861798054
MagicTelescope,False,MNAR,0.3,1,Copula-NDI-F,KNN,0.78,0.7376150276903686
MagicTelescope,False,MNAR,0.3,1,Copula-NDI-F,RF,0.8045,0.7724820686099205
MagicTelescope,False,MNAR,0.3,1,Copula-NDI-F,SVC,0.8185,0.7829806952489621
MagicTelescope,False,MNAR,0.3,2,Mean,LR,0.7495,0.6887610207356156
MagicTelescope,False,MNAR,0.3,2,Mean,KNN,0.7495,0.6997470300425304
MagicTelescope,False,MNAR,0.3,2,Mean,RF,0.7955,0.7608662951677035
MagicTelescope,False,MNAR,0.3,2,Mean,SVC,0.7775000000000001,0.7142354633188968
MagicTelescope,False,MNAR,0.3,2,NDI-0,LR,0.7415,0.6790653936335049
MagicTelescope,False,MNAR,0.3,2,NDI-0,KNN,0.7344999999999999,0.6791923884608874
MagicTelescope,False,MNAR,0.3,2,NDI-0,RF,0.7785,0.7386058066397319
MagicTelescope,False,MNAR,0.3,2,NDI-0,SVC,0.77,0.7026013086149236
MagicTelescope,False,MNAR,0.3,2,NDI-C,LR,0.7485,0.6898918550808448
MagicTelescope,False,MNAR,0.3,2,NDI-C,KNN,0.7389999999999999,0.6855042412711722
MagicTelescope,False,MNAR,0.3,2,NDI-C,RF,0.7685000000000001,0.7239881680190062
MagicTelescope,False,MNAR,0.3,2,NDI-C,SVC,0.7649999999999999,0.6902971135045265
MagicTelescope,False,MNAR,0.3,2,NDI-S,LR,0.753,0.6935956723857861
MagicTelescope,False,MNAR,0.3,2,NDI-S,KNN,0.7445,0.6930120281730829
MagicTelescope,False,MNAR,0.3,2,NDI-S,RF,0.7745,0.7330249505589039
MagicTelescope,False,MNAR,0.3,2,NDI-S,SVC,0.769,0.6975332511842185
MagicTelescope,False,MNAR,0.3,2,GaussCM,LR,0.7424999999999999,0.6752452553546411
MagicTelescope,False,MNAR,0.3,2,GaussCM,KNN,0.7350000000000001,0.6736975427699532
MagicTelescope,False,MNAR,0.3,2,GaussCM,RF,0.7685,0.7259593731615993
MagicTelescope,False,MNAR,0.3,2,GaussCM,SVC,0.7689999999999999,0.6998864205091111
MagicTelescope,False,MNAR,0.3,2,KNN,LR,0.74,0.6765732390926421
MagicTelescope,False,MNAR,0.3,2,KNN,KNN,0.7404999999999999,0.687253844655339
MagicTelescope,False,MNAR,0.3,2,KNN,RF,0.7795,0.7398365754329356
MagicTelescope,False,MNAR,0.3,2,KNN,SVC,0.776,0.7163199624001372
MagicTelescope,False,MNAR,0.3,2,MICE,LR,0.743,0.6779550892343896
MagicTelescope,False,MNAR,0.3,2,MICE,KNN,0.7425,0.6867786077966288
MagicTelescope,False,MNAR,0.3,2,MICE,RF,0.7954999999999999,0.7584758434328303
MagicTelescope,False,MNAR,0.3,2,MICE,SVC,0.7749999999999999,0.710977598696646
MagicTelescope,False,MNAR,0.3,2,MissForest,LR,0.7615000000000001,0.707449491311502
MagicTelescope,False,MNAR,0.3,2,MissForest,KNN,0.7695000000000001,0.7219639978387475
MagicTelescope,False,MNAR,0.3,2,MissForest,RF,0.798,0.7612679692263647
MagicTelescope,False,MNAR,0.3,2,MissForest,SVC,0.7965000000000001,0.7467926659415189
MagicTelescope,False,MNAR,0.3,2,SoftImpute,LR,0.753,0.6945247746661343
MagicTelescope,False,MNAR,0.3,2,SoftImpute,KNN,0.744,0.6886744176988078
MagicTelescope,False,MNAR,0.3,2,SoftImpute,RF,0.7725,0.7304802490290659
MagicTelescope,False,MNAR,0.3,2,SoftImpute,SVC,0.7715,0.7036546005940214
MagicTelescope,False,MNAR,0.3,2,GAIN,LR,0.7505,0.6907464721040097
MagicTelescope,False,MNAR,0.3,2,GAIN,KNN,0.7474999999999999,0.6929163520562442
MagicTelescope,False,MNAR,0.3,2,GAIN,RF,0.7865,0.7498616731424295
MagicTelescope,False,MNAR,0.3,2,GAIN,SVC,0.7790000000000001,0.7153391491019193
MagicTelescope,False,MNAR,0.3,2,NDI-F1,LR,0.7484999999999999,0.6882118337722929
MagicTelescope,False,MNAR,0.3,2,NDI-F1,KNN,0.7394999999999999,0.6874198738975189
MagicTelescope,False,MNAR,0.3,2,NDI-F1,RF,0.7809999999999999,0.7427983040023267
MagicTelescope,False,MNAR,0.3,2,NDI-F1,SVC,0.769,0.6990864271582156
MagicTelescope,False,MNAR,0.3,2,NDI-F-noclip,LR,0.75,0.6906190326829608
MagicTelescope,False,MNAR,0.3,2,NDI-F-noclip,KNN,0.734,0.6771400004421244
MagicTelescope,False,MNAR,0.3,2,NDI-F-noclip,RF,0.778,0.73494587795267
MagicTelescope,False,MNAR,0.3,2,NDI-F-noclip,SVC,0.7665,0.6944930196403424
MagicTelescope,False,MNAR,0.3,2,NDI-F,LR,0.75,0.6909660049871761
MagicTelescope,False,MNAR,0.3,2,NDI-F,KNN,0.7344999999999999,0.6779305030241304
MagicTelescope,False,MNAR,0.3,2,NDI-F,RF,0.7735,0.7293698011325145
MagicTelescope,False,MNAR,0.3,2,NDI-F,SVC,0.7670000000000001,0.695344440271439
MagicTelescope,False,MNAR,0.3,2,Copula-NDI-F,LR,0.7424999999999999,0.6780199074939246
MagicTelescope,False,MNAR,0.3,2,Copula-NDI-F,KNN,0.7309999999999999,0.6730088203113352
MagicTelescope,False,MNAR,0.3,2,Copula-NDI-F,RF,0.7775000000000001,0.7298808335998752
MagicTelescope,False,MNAR,0.3,2,Copula-NDI-F,SVC,0.7709999999999999,0.7009973282029877
iris,False,none,0.0,0,COMPLETE,LR,0.96,0.9597984861142755
iris,False,none,0.0,0,COMPLETE,KNN,0.9533333333333335,0.9531151110098477
iris,False,none,0.0,0,COMPLETE,RF,0.9400000000000001,0.9396470975418343
iris,False,none,0.0,0,COMPLETE,SVC,0.9533333333333334,0.9532664995822892
iris,False,none,0.0,1,COMPLETE,LR,0.9666666666666668,0.9665831244778612
iris,False,none,0.0,1,COMPLETE,KNN,0.9533333333333334,0.95328320802005
iris,False,none,0.0,1,COMPLETE,RF,0.9533333333333334,0.95314852788537
iris,False,none,0.0,1,COMPLETE,SVC,0.96,0.9597306397306398
iris,False,none,0.0,2,COMPLETE,LR,0.9533333333333334,0.9528395584015452
iris,False,none,0.0,2,COMPLETE,KNN,0.9533333333333334,0.9528729752770673
iris,False,none,0.0,2,COMPLETE,RF,0.9466666666666667,0.9455221386800334
iris,False,none,0.0,2,COMPLETE,SVC,0.96,0.9598319029897977
wine,False,none,0.0,0,COMPLETE,LR,0.9831746031746033,0.9825707307860967
wine,False,none,0.0,0,COMPLETE,KNN,0.9607936507936508,0.9604678973196819
wine,False,none,0.0,0,COMPLETE,RF,0.9719047619047618,0.9727260903284132
wine,False,none,0.0,0,COMPLETE,SVC,0.9830158730158731,0.9828893289541571
wine,False,none,0.0,1,COMPLETE,LR,0.9831746031746033,0.9825707307860967
wine,False,none,0.0,1,COMPLETE,KNN,0.9606349206349206,0.9614999477455619
wine,False,none,0.0,1,COMPLETE,RF,0.9831746031746033,0.9832425508214981
wine,False,none,0.0,1,COMPLETE,SVC,0.9885714285714287,0.9879499860058466
wine,False,none,0.0,2,COMPLETE,LR,0.9774603174603176,0.977192416847091
wine,False,none,0.0,2,COMPLETE,KNN,0.9722222222222221,0.9729176502509838
wine,False,none,0.0,2,COMPLETE,RF,0.9776190476190475,0.9784779850427027
wine,False,none,0.0,2,COMPLETE,SVC,0.9831746031746033,0.9833512372190402
glass,False,none,0.0,0,COMPLETE,LR,0.6292682926829268,0.5002268287268287
glass,False,none,0.0,0,COMPLETE,KNN,0.6829268292682927,0.5515171208102242
glass,False,none,0.0,0,COMPLETE,RF,0.7951219512195122,0.7349796531918236
glass,False,none,0.0,0,COMPLETE,SVC,0.7170731707317073,0.5663646094575887
glass,False,none,0.0,1,COMPLETE,LR,0.6292682926829268,0.5095579092514576
glass,False,none,0.0,1,COMPLETE,KNN,0.6487804878048781,0.5185675466094704
glass,False,none,0.0,1,COMPLETE,RF,0.8048780487804879,0.7307159194161419
glass,False,none,0.0,1,COMPLETE,SVC,0.7219512195121951,0.5985316112490098
glass,False,none,0.0,2,COMPLETE,LR,0.6390243902439025,0.526089661972015
glass,False,none,0.0,2,COMPLETE,KNN,0.6634146341463415,0.5639455806629217
glass,False,none,0.0,2,COMPLETE,RF,0.775609756097561,0.7419665341419905
glass,False,none,0.0,2,COMPLETE,SVC,0.7073170731707318,0.6102897680284205
ecoli,False,none,0.0,0,COMPLETE,LR,0.8867599067599066,0.8538668055939214
ecoli,False,none,0.0,0,COMPLETE,KNN,0.8533333333333333,0.7995023596937261
ecoli,False,none,0.0,0,COMPLETE,RF,0.88993006993007,0.853307828339292
ecoli,False,none,0.0,0,COMPLETE,SVC,0.8806526806526807,0.8289965525673267
ecoli,False,none,0.0,1,COMPLETE,LR,0.8747319347319348,0.8363567732973742
ecoli,False,none,0.0,1,COMPLETE,KNN,0.8684848484848485,0.8089085583317793
ecoli,False,none,0.0,1,COMPLETE,RF,0.8806993006993007,0.8407642233208914
ecoli,False,none,0.0,1,COMPLETE,SVC,0.8808391608391609,0.8387058601903975
ecoli,False,none,0.0,2,COMPLETE,LR,0.892913752913753,0.8553924488894508
ecoli,False,none,0.0,2,COMPLETE,KNN,0.8775291375291376,0.8366360382398031
ecoli,False,none,0.0,2,COMPLETE,RF,0.8653146853146854,0.8087115108833375
ecoli,False,none,0.0,2,COMPLETE,SVC,0.8775291375291374,0.8281844718370142
ionosphere,False,none,0.0,0,COMPLETE,LR,0.8775050301810865,0.8612169428150855
ionosphere,False,none,0.0,0,COMPLETE,KNN,0.8462374245472837,0.8140791312708743
ionosphere,False,none,0.0,0,COMPLETE,RF,0.9374245472837022,0.9305633993059736
ionosphere,False,none,0.0,0,COMPLETE,SVC,0.9402012072434609,0.9327334347693095
ionosphere,False,none,0.0,1,COMPLETE,LR,0.8803219315895372,0.8631586746214959
ionosphere,False,none,0.0,1,COMPLETE,KNN,0.8459959758551309,0.8130479360132865
ionosphere,False,none,0.0,1,COMPLETE,RF,0.9373038229376258,0.9311434915767652
ionosphere,False,none,0.0,1,COMPLETE,SVC,0.9429778672032194,0.9364930116403294
ionosphere,False,none,0.0,2,COMPLETE,LR,0.8888933601609658,0.8725176536532372
ionosphere,False,none,0.0,2,COMPLETE,KNN,0.8403219315895372,0.8067159271223951
ionosphere,False,none,0.0,2,COMPLETE,RF,0.9372635814889335,0.9309813845630316
ionosphere,False,none,0.0,2,COMPLETE,SVC,0.9458350100603623,0.9400869213850231
wdbc,False,none,0.0,0,COMPLETE,LR,0.9789163173420278,0.9773020234006606
wdbc,False,none,0.0,0,COMPLETE,KNN,0.9648812296227295,0.9616664088662061
wdbc,False,none,0.0,0,COMPLETE,RF,0.9648812296227295,0.9622303777665359
wdbc,False,none,0.0,0,COMPLETE,SVC,0.9771464058376029,0.9754690866495663
wdbc,False,none,0.0,1,COMPLETE,LR,0.9789318428815401,0.9772000899541313
wdbc,False,none,0.0,1,COMPLETE,KNN,0.9683434249340165,0.9656840338498702
wdbc,False,none,0.0,1,COMPLETE,RF,0.9543083372147182,0.9508656068831863
wdbc,False,none,0.0,1,COMPLETE,SVC,0.9771619313771154,0.9754766274598271
wdbc,False,none,0.0,2,COMPLETE,LR,0.9789318428815401,0.9772110735972742
wdbc,False,none,0.0,2,COMPLETE,KNN,0.9613569321533924,0.9579504202648721
wdbc,False,none,0.0,2,COMPLETE,RF,0.9596180717279925,0.9565249191003143
wdbc,False,none,0.0,2,COMPLETE,SVC,0.9771774569166277,0.9753586114358372
diabetes,False,none,0.0,0,COMPLETE,LR,0.7747984042101688,0.738047216636777
diabetes,False,none,0.0,0,COMPLETE,KNN,0.7396231219760632,0.6972919946732044
diabetes,False,none,0.0,0,COMPLETE,RF,0.7448264154146507,0.7080023390490306
diabetes,False,none,0.0,0,COMPLETE,SVC,0.7644003055767762,0.724272281485888
diabetes,False,none,0.0,1,COMPLETE,LR,0.7694762753586283,0.7312234713935021
diabetes,False,none,0.0,1,COMPLETE,KNN,0.7265002970885324,0.6906724841597888
diabetes,False,none,0.0,1,COMPLETE,RF,0.7681521093285799,0.7367179109723005
diabetes,False,none,0.0,1,COMPLETE,SVC,0.7524828113063409,0.712962003064552
diabetes,False,none,0.0,2,COMPLETE,LR,0.7747389865036924,0.7370275135307132
diabetes,False,none,0.0,2,COMPLETE,KNN,0.7279178338001867,0.6845448200325758
diabetes,False,none,0.0,2,COMPLETE,RF,0.7642899584076055,0.7318871120877102
diabetes,False,none,0.0,2,COMPLETE,SVC,0.7604447839741957,0.7206039688459374
vehicle,False,none,0.0,0,COMPLETE,LR,0.7895509919944309,0.7871240055637854
vehicle,False,none,0.0,0,COMPLETE,KNN,0.7092446919596241,0.6969422585039021
vehicle,False,none,0.0,0,COMPLETE,RF,0.7446780368952315,0.7387743899657226
vehicle,False,none,0.0,0,COMPLETE,SVC,0.7730247128437174,0.7685112703129343
vehicle,False,none,0.0,1,COMPLETE,LR,0.7907553080403759,0.7888553536093907
vehicle,False,none,0.0,1,COMPLETE,KNN,0.7222067525234945,0.7114527163369964
vehicle,False,none,0.0,1,COMPLETE,RF,0.7635851026801254,0.7587847295892358
vehicle,False,none,0.0,1,COMPLETE,SVC,0.7682701009397842,0.7636788856151341
vehicle,False,none,0.0,2,COMPLETE,LR,0.7979115906717716,0.7960508450046572
vehicle,False,none,0.0,2,COMPLETE,KNN,0.7163035154890359,0.7055899204787693
vehicle,False,none,0.0,2,COMPLETE,RF,0.7470797076226939,0.7413530191517863
vehicle,False,none,0.0,2,COMPLETE,SVC,0.7565402018795683,0.7517664296019055
yeast,False,none,0.0,0,COMPLETE,LR,0.5889372423270729,0.5208352570533947
yeast,False,none,0.0,0,COMPLETE,KNN,0.5496953733394412,0.5179497579323424
yeast,False,none,0.0,0,COMPLETE,RF,0.6064956481905635,0.5370802039117506
yeast,False,none,0.0,0,COMPLETE,SVC,0.5855497022446174,0.5323142880721734
yeast,False,none,0.0,1,COMPLETE,LR,0.5855313788364636,0.5064517843236815
yeast,False,none,0.0,1,COMPLETE,KNN,0.5693128721942282,0.5154908304128033
yeast,False,none,0.0,1,COMPLETE,RF,0.6112276683463124,0.5315796450077098
yeast,False,none,0.0,1,COMPLETE,SVC,0.5997343105817683,0.5337391296069554
yeast,False,none,0.0,2,COMPLETE,LR,0.5888731103985341,0.5213134799122325
yeast,False,none,0.0,2,COMPLETE,KNN,0.5523843334860283,0.49838311913397354
yeast,False,none,0.0,2,COMPLETE,RF,0.6166147503435638,0.5392602058991105
yeast,False,none,0.0,2,COMPLETE,SVC,0.5983531836921667,0.5291278365205321
banknote,False,none,0.0,0,COMPLETE,LR,0.9817677504976775,0.9816138311317388
banknote,False,none,0.0,0,COMPLETE,KNN,0.9978128732581288,0.9977875753450218
banknote,False,none,0.0,0,COMPLETE,RF,0.9912541473125416,0.9911511022852135
banknote,False,none,0.0,0,COMPLETE,SVC,1.0,1.0
banknote,False,none,0.0,1,COMPLETE,LR,0.9810484406104845,0.9808780197093293
banknote,False,none,0.0,1,COMPLETE,KNN,0.9985454545454544,0.9985279357644696
banknote,False,none,0.0,1,COMPLETE,RF,0.9941712010617121,0.9941086216502903
banknote,False,none,0.0,1,COMPLETE,SVC,1.0,1.0
banknote,False,none,0.0,2,COMPLETE,LR,0.9810484406104845,0.9808793600624423
banknote,False,none,0.0,2,COMPLETE,KNN,0.9985401459854014,0.9985247402142896
banknote,False,none,0.0,2,COMPLETE,RF,0.9934439283344393,0.9933736028520345
banknote,False,none,0.0,2,COMPLETE,SVC,1.0,1.0
qsar-biodeg,False,none,0.0,0,COMPLETE,LR,0.875829383886256,0.8599897771405459
qsar-biodeg,False,none,0.0,0,COMPLETE,KNN,0.8530805687203792,0.8379691027259936
qsar-biodeg,False,none,0.0,0,COMPLETE,RF,0.8672985781990523,0.848764863033993
qsar-biodeg,False,none,0.0,0,COMPLETE,SVC,0.8824644549763032,0.8660806301579473
qsar-biodeg,False,none,0.0,1,COMPLETE,LR,0.8739336492890996,0.858502975158727
qsar-biodeg,False,none,0.0,1,COMPLETE,KNN,0.8473933649289102,0.8311735422159634
qsar-biodeg,False,none,0.0,1,COMPLETE,RF,0.8672985781990523,0.8466811655101717
qsar-biodeg,False,none,0.0,1,COMPLETE,SVC,0.8796208530805687,0.863419791971183
qsar-biodeg,False,none,0.0,2,COMPLETE,LR,0.8748815165876778,0.8591312739251922
qsar-biodeg,False,none,0.0,2,COMPLETE,KNN,0.8530805687203792,0.836352827255068
qsar-biodeg,False,none,0.0,2,COMPLETE,RF,0.8739336492890996,0.8552847132322359
qsar-biodeg,False,none,0.0,2,COMPLETE,SVC,0.8805687203791468,0.8633255161504032
wine-quality-red,False,none,0.0,0,COMPLETE,LR,0.5934913793103448,0.3044169784651912
wine-quality-red,False,none,0.0,0,COMPLETE,KNN,0.5834835423197492,0.2843941829084323
wine-quality-red,False,none,0.0,0,COMPLETE,RF,0.6904447492163011,0.3611401736129622
wine-quality-red,False,none,0.0,0,COMPLETE,SVC,0.6266457680250783,0.28688306312231904
wine-quality-red,False,none,0.0,1,COMPLETE,LR,0.5947629310344827,0.30097523321932684
wine-quality-red,False,none,0.0,1,COMPLETE,KNN,0.579737460815047,0.28231639463067026
wine-quality-red,False,none,0.0,1,COMPLETE,RF,0.6942006269592477,0.34345209566245105
wine-quality-red,False,none,0.0,1,COMPLETE,SVC,0.6210246865203762,0.28394930314894007
wine-quality-red,False,none,0.0,2,COMPLETE,LR,0.5903742163009406,0.29779721656487623
wine-quality-red,False,none,0.0,2,COMPLETE,KNN,0.5765869905956114,0.27430277026641237
wine-quality-red,False,none,0.0,2,COMPLETE,RF,0.6791771159874609,0.3245819742554021
wine-quality-red,False,none,0.0,2,COMPLETE,SVC,0.611007053291536,0.2800655763338689
segment,False,none,0.0,0,COMPLETE,LR,0.9334999999999999,0.9336719445445472
segment,False,none,0.0,0,COMPLETE,KNN,0.9364999999999999,0.9356796279072818
segment,False,none,0.0,0,COMPLETE,RF,0.9745000000000001,0.9744596290547932
segment,False,none,0.0,0,COMPLETE,SVC,0.9365,0.9362803621948232
segment,False,none,0.0,1,COMPLETE,LR,0.9335000000000001,0.9336621898783692
segment,False,none,0.0,1,COMPLETE,KNN,0.9385,0.9378403407068581
segment,False,none,0.0,1,COMPLETE,RF,0.9735000000000001,0.9735362507328451
segment,False,none,0.0,1,COMPLETE,SVC,0.9375,0.9371421996320148
segment,False,none,0.0,2,COMPLETE,LR,0.9344999999999999,0.9346008739832005
segment,False,none,0.0,2,COMPLETE,KNN,0.9404999999999999,0.939967407996727
segment,False,none,0.0,2,COMPLETE,RF,0.9775,0.9775488620796695
segment,False,none,0.0,2,COMPLETE,SVC,0.9400000000000001,0.9395806359751697
spambase,False,none,0.0,0,COMPLETE,LR,0.9175000000000001,0.9130138133466982
spambase,False,none,0.0,0,COMPLETE,KNN,0.8825000000000001,0.8753612905256736
spambase,False,none,0.0,0,COMPLETE,RF,0.9365,0.9329716397994143
spambase,False,none,0.0,0,COMPLETE,SVC,0.922,0.9175059134867365
spambase,False,none,0.0,1,COMPLETE,LR,0.9149999999999998,0.9104449520488362
spambase,False,none,0.0,1,COMPLETE,KNN,0.8934999999999998,0.8876239221473273
spambase,False,none,0.0,1,COMPLETE,RF,0.9410000000000001,0.9376636411960242
spambase,False,none,0.0,1,COMPLETE,SVC,0.9155,0.9104120967691344
spambase,False,none,0.0,2,COMPLETE,LR,0.9174999999999999,0.9130335579138513
spambase,False,none,0.0,2,COMPLETE,KNN,0.8949999999999999,0.8888056906731225
spambase,False,none,0.0,2,COMPLETE,RF,0.9339999999999999,0.9302952740584978
spambase,False,none,0.0,2,COMPLETE,SVC,0.9189999999999999,0.9142262060568356
MagicTelescope,False,none,0.0,0,COMPLETE,LR,0.7969999999999999,0.7634440114298313
MagicTelescope,False,none,0.0,0,COMPLETE,KNN,0.7995,0.7597254997199472
MagicTelescope,False,none,0.0,0,COMPLETE,RF,0.8525,0.8306914983157444
MagicTelescope,False,none,0.0,0,COMPLETE,SVC,0.8455,0.8175838908285984
MagicTelescope,False,none,0.0,1,COMPLETE,LR,0.7969999999999999,0.7637397162033879
MagicTelescope,False,none,0.0,1,COMPLETE,KNN,0.8109999999999999,0.7747896996122139
MagicTelescope,False,none,0.0,1,COMPLETE,RF,0.8545,0.8326168102234375
MagicTelescope,False,none,0.0,1,COMPLETE,SVC,0.8460000000000001,0.8187481871923081
MagicTelescope,False,none,0.0,2,COMPLETE,LR,0.7955,0.762240786705388
MagicTelescope,False,none,0.0,2,COMPLETE,KNN,0.8025,0.7642489794143297
MagicTelescope,False,none,0.0,2,COMPLETE,RF,0.8480000000000001,0.8255073740147063
MagicTelescope,False,none,0.0,2,COMPLETE,SVC,0.8460000000000001,0.8185346154619113
CKD,True,natural,0.1389,0,Mean,LR,0.9924999999999999,0.9920839319494604
CKD,True,natural,0.1389,0,Mean,KNN,0.9700000000000001,0.9686625331272112
CKD,True,natural,0.1389,0,Mean,RF,0.9949999999999999,0.9946299714717235
CKD,True,natural,0.1389,0,Mean,SVC,1.0,1.0
CKD,True,natural,0.1389,0,NDI-0,LR,0.9925,0.9920160951910695
CKD,True,natural,0.1389,0,NDI-0,KNN,0.9700000000000001,0.9685750662544222
CKD,True,natural,0.1389,0,NDI-0,RF,0.9925,0.9919059255600672
CKD,True,natural,0.1389,0,NDI-0,SVC,0.9925,0.9920160951910695
CKD,True,natural,0.1389,0,NDI-C,LR,0.9875,0.9868173091713169
CKD,True,natural,0.1389,0,NDI-C,KNN,0.9675,0.9661005547276039
CKD,True,natural,0.1389,0,NDI-C,RF,0.9974999999999999,0.9973505547276039
CKD,True,natural,0.1389,0,NDI-C,SVC,0.9875,0.9867850414046682
CKD,True,natural,0.1389,0,NDI-S,LR,0.9875,0.9868173091713169
CKD,True,natural,0.1389,0,NDI-S,KNN,0.9700000000000001,0.9686625331272112
CKD,True,natural,0.1389,0,NDI-S,RF,0.9974999999999999,0.9973505547276039
CKD,True,natural,0.1389,0,NDI-S,SVC,0.9875,0.9867850414046682
CKD,True,natural,0.1389,0,GaussCM,LR,0.9925,0.9920839319494604
CKD,True,natural,0.1389,0,GaussCM,KNN,0.9650000000000001,0.963561755807226
CKD,True,natural,0.1389,0,GaussCM,RF,0.9925,0.9920483629577183
CKD,True,natural,0.1389,0,GaussCM,SVC,0.9875,0.9867850414046682
CKD,True,natural,0.1389,0,KNN,LR,0.985,0.9840677593738812
CKD,True,natural,0.1389,0,KNN,KNN,0.9674999999999999,0.9661933774684804
CKD,True,natural,0.1389,0,KNN,RF,0.9775,0.9759392421454074
CKD,True,natural,0.1389,0,KNN,SVC,0.985,0.9841033283656234
CKD,True,natural,0.1389,0,MICE,LR,0.9925,0.9920839319494604
CKD,True,natural,0.1389,0,MICE,KNN,0.9700000000000001,0.9686625331272112
CKD,True,natural,0.1389,0,MICE,RF,0.9949999999999999,0.9947333772218565
CKD,True,natural,0.1389,0,MICE,SVC,0.99,0.9894344866770644
CKD,True,natural,0.1389,0,MissForest,LR,0.99,0.989466754443713
CKD,True,natural,0.1389,0,MissForest,KNN,0.97,0.9687117996957492
CKD,True,natural,0.1389,0,MissForest,RF,0.99,0.989466754443713
CKD,True,natural,0.1389,0,MissForest,SVC,0.99,0.9894344866770644
CKD,True,natural,0.1389,0,SoftImpute,LR,0.99,0.989466754443713
CKD,True,natural,0.1389,0,SoftImpute,KNN,0.9700000000000001,0.9686625331272112
CKD,True,natural,0.1389,0,SoftImpute,RF,0.9925,0.9920839319494604
CKD,True,natural,0.1389,0,SoftImpute,SVC,0.9875,0.9867850414046682
CKD,True,natural,0.1389,0,GAIN,LR,0.9875,0.9866426040070173
CKD,True,natural,0.1389,0,GAIN,KNN,0.9625,0.9610665130591867
CKD,True,natural,0.1389,0,GAIN,RF,0.99,0.9892209112959289
CKD,True,natural,0.1389,0,GAIN,SVC,0.985,0.98395871594608
CKD,True,natural,0.1389,0,NDI-F1,LR,0.9925,0.9920839319494604
CKD,True,natural,0.1389,0,NDI-F1,KNN,0.9675,0.9661005547276039
CKD,True,natural,0.1389,0,NDI-F1,RF,0.9974999999999999,0.9973505547276039
CKD,True,natural,0.1389,0,NDI-F1,SVC,0.9875,0.9867850414046682
CKD,True,natural,0.1389,0,NDI-F-noclip,LR,0.9925,0.9920839319494604
CKD,True,natural,0.1389,0,NDI-F-noclip,KNN,0.9650000000000001,0.963561755807226
CKD,True,natural,0.1389,0,NDI-F-noclip,RF,0.9949999999999999,0.9947333772218565
CKD,True,natural,0.1389,0,NDI-F-noclip,SVC,0.9875,0.9867850414046682
CKD,True,natural,0.1389,0,NDI-F,LR,0.9925,0.9920839319494604
CKD,True,natural,0.1389,0,NDI-F,KNN,0.9650000000000001,0.963561755807226
CKD,True,natural,0.1389,0,NDI-F,RF,0.9949999999999999,0.9947333772218565
CKD,True,natural,0.1389,0,NDI-F,SVC,0.9875,0.9867850414046682
CKD,True,natural,0.1389,0,Copula-NDI-F,LR,0.99,0.9894344866770644
CKD,True,natural,0.1389,0,Copula-NDI-F,KNN,0.9724999999999999,0.9712245115268183
CKD,True,natural,0.1389,0,Copula-NDI-F,RF,0.9949999999999999,0.9947011094552078
CKD,True,natural,0.1389,0,Copula-NDI-F,SVC,0.9850000000000001,0.9842292436824011
CKD,True,natural,0.1389,0,MIWAE,LR,0.9875,0.9867850414046682
CKD,True,natural,0.1389,0,MIWAE,KNN,0.9724999999999999,0.9712737780953564
CKD,True,natural,0.1389,0,MIWAE,RF,0.9974999999999999,0.9973505547276039
CKD,True,natural,0.1389,0,MIWAE,SVC,0.9875,0.9868464211881485
CKD,True,natural,0.1389,0,Sinkhorn,LR,0.99,0.9894344866770644
CKD,True,natural,0.1389,0,Sinkhorn,KNN,0.975,0.9738125770157342
CKD,True,natural,0.1389,0,Sinkhorn,RF,0.9974999999999999,0.9973505547276039
CKD,True,natural,0.1389,0,Sinkhorn,SVC,0.9875,0.9867850414046682
CKD,True,natural,0.1389,0,HyperImpute,LR,0.9925,0.9920839319494604
CKD,True,natural,0.1389,0,HyperImpute,KNN,0.9700000000000001,0.9687553558680877
CKD,True,natural,0.1389,0,HyperImpute,RF,0.9974999999999999,0.9973505547276039
CKD,True,natural,0.1389,0,HyperImpute,SVC,0.9925,0.9920839319494604
CKD,True,natural,0.1389,0,ReMasker,LR,0.985,0.9841322949071787
CKD,True,natural,0.1389,0,ReMasker,KNN,0.9700000000000001,0.9686011533437309
CKD,True,natural,0.1389,0,ReMasker,RF,0.9949999999999999,0.9946655404634657
CKD,True,natural,0.1389,0,ReMasker,SVC,0.99,0.9894344866770644
CKD,True,natural,0.1389,1,Mean,LR,0.9974999999999999,0.9973505547276039
CKD,True,natural,0.1389,1,Mean,KNN,0.9675,0.9659578887486748
CKD,True,natural,0.1389,1,Mean,RF,0.9899999999999999,0.9892599429434469
CKD,True,natural,0.1389,1,Mean,SVC,0.9924999999999999,0.9920839319494604
CKD,True,natural,0.1389,1,NDI-0,LR,0.99,0.9893666499186734
CKD,True,natural,0.1389,1,NDI-0,KNN,0.9700000000000001,0.9685198671482821
CKD,True,natural,0.1389,1,NDI-0,RF,0.9875,0.9865358970317907
CKD,True,natural,0.1389,1,NDI-0,SVC,0.99,0.9893322071301324
CKD,True,natural,0.1389,1,NDI-C,LR,0.99,0.9894958664605445
CKD,True,natural,0.1389,1,NDI-C,KNN,0.9650000000000001,0.963369823259759
CKD,True,natural,0.1389,1,NDI-C,RF,0.9974999999999999,0.9973505547276039
CKD,True,natural,0.1389,1,NDI-C,SVC,0.9875,0.9868786889547971
CKD,True,natural,0.1389,1,NDI-S,LR,0.99,0.9894958664605445
CKD,True,natural,0.1389,1,NDI-S,KNN,0.9650000000000001,0.963369823259759
CKD,True,natural,0.1389,1,NDI-S,RF,0.9949999999999999,0.9947011094552078
CKD,True,natural,0.1389,1,NDI-S,SVC,0.9875,0.9868786889547971
CKD,True,natural,0.1389,1,GaussCM,LR,0.9925,0.9921453117329406
CKD,True,natural,0.1389,1,GaussCM,KNN,0.9650000000000001,0.9633146241536188
CKD,True,natural,0.1389,1,GaussCM,RF,0.9875,0.9866748717736659
CKD,True,natural,0.1389,1,GaussCM,SVC,0.9875,0.9868786889547971
CKD,True,natural,0.1389,1,KNN,LR,0.9824999999999999,0.9814786450662739
CKD,True,natural,0.1389,1,KNN,KNN,0.96,0.9581645802650958
CKD,True,natural,0.1389,1,KNN,RF,0.9724999999999999,0.9704934867746697
CKD,True,natural,0.1389,1,KNN,SVC,0.9800000000000001,0.978862516379218
CKD,True,natural,0.1389,1,MICE,LR,0.9925,0.9921453117329406
CKD,True,natural,0.1389,1,MICE,KNN,0.9625,0.9607526457540116
CKD,True,natural,0.1389,1,MICE,RF,0.9949999999999999,0.9947333772218565
CKD,True,natural,0.1389,1,MICE,SVC,0.9875,0.9868786889547971
CKD,True,natural,0.1389,1,MissForest,LR,0.99,0.9895833333333334
CKD,True,natural,0.1389,1,MissForest,KNN,0.9675,0.9659318016593662
CKD,True,natural,0.1389,1,MissForest,RF,0.9949999999999999,0.9947333772218565
CKD,True,natural,0.1389,1,MissForest,SVC,0.9875,0.9868786889547971
CKD,True,natural,0.1389,1,SoftImpute,LR,0.9925,0.9921453117329406
CKD,True,natural,0.1389,1,SoftImpute,KNN,0.9650000000000001,0.963369823259759
CKD,True,natural,0.1389,1,SoftImpute,RF,0.9949999999999999,0.9947333772218565
CKD,True,natural,0.1389,1,SoftImpute,SVC,0.9875,0.9868786889547971
CKD,True,natural,0.1389,1,GAIN,LR,0.985,0.9840655843519889
CKD,True,natural,0.1389,1,GAIN,KNN,0.9649999999999999,0.963488733089944
CKD,True,natural,0.1389,1,GAIN,RF,0.99,0.9892209112959289
CKD,True,natural,0.1389,1,GAIN,SVC,0.9850000000000001,0.9839587159460802
CKD,True,natural,0.1389,1,NDI-F1,LR,0.99,0.9894958664605445
CKD,True,natural,0.1389,1,NDI-F1,KNN,0.9674999999999999,0.9660192685321551
CKD,True,natural,0.1389,1,NDI-F1,RF,0.9925,0.9920839319494604
CKD,True,natural,0.1389,1,NDI-F1,SVC,0.9875,0.9868786889547971
CKD,True,natural,0.1389,1,NDI-F-noclip,LR,0.9925,0.9921453117329406
CKD,True,natural,0.1389,1,NDI-F-noclip,KNN,0.9625,0.9607526457540116
CKD,True,natural,0.1389,1,NDI-F-noclip,RF,0.9925,0.9920483629577183
CKD,True,natural,0.1389,1,NDI-F-noclip,SVC,0.9875,0.9868786889547971
CKD,True,natural,0.1389,1,NDI-F,LR,0.9925,0.9921453117329406
CKD,True,natural,0.1389,1,NDI-F,KNN,0.9625,0.9607526457540116
CKD,True,natural,0.1389,1,NDI-F,RF,0.9925,0.9920483629577183
CKD,True,natural,0.1389,1,NDI-F,SVC,0.9875,0.9868786889547971
CKD,True,natural,0.1389,1,Copula-NDI-F,LR,0.9925,0.9921453117329406
CKD,True,natural,0.1389,1,Copula-NDI-F,KNN,0.9675,0.966013087854815
CKD,True,natural,0.1389,1,Copula-NDI-F,RF,0.9974999999999999,0.9973505547276039
CKD,True,natural,0.1389,1,Copula-NDI-F,SVC,0.9875,0.9868173091713169
CKD,True,natural,0.1389,1,MIWAE,LR,0.9875,0.9868108521964063
CKD,True,natural,0.1389,1,MIWAE,KNN,0.9675,0.9659578887486748
CKD,True,natural,0.1389,1,MIWAE,RF,0.9949999999999999,0.9946655404634657
CKD,True,natural,0.1389,1,MIWAE,SVC,0.99,0.989466754443713
CKD,True,natural,0.1389,1,Sinkhorn,LR,0.99,0.9894958664605445
CKD,True,natural,0.1389,1,Sinkhorn,KNN,0.9675,0.9659578887486748
CKD,True,natural,0.1389,1,Sinkhorn,RF,0.9974999999999999,0.9973505547276039
CKD,True,natural,0.1389,1,Sinkhorn,SVC,0.9875,0.9868786889547971
CKD,True,natural,0.1389,1,HyperImpute,LR,0.9925,0.9921453117329406
CKD,True,natural,0.1389,1,HyperImpute,KNN,0.9650000000000001,0.9633146241536188
CKD,True,natural,0.1389,1,HyperImpute,RF,0.9974999999999999,0.9973505547276039
CKD,True,natural,0.1389,1,HyperImpute,SVC,0.99,0.989466754443713
CKD,True,natural,0.1389,1,ReMasker,LR,0.99,0.9894958664605445
CKD,True,natural,0.1389,1,ReMasker,KNN,0.9750000000000002,0.9737251101429454
CKD,True,natural,0.1389,1,ReMasker,RF,0.9949999999999999,0.9947333772218565
CKD,True,natural,0.1389,1,ReMasker,SVC,0.99,0.9894958664605445
CKD,True,natural,0.1389,2,Mean,LR,0.9925,0.9920516641828117
CKD,True,natural,0.1389,2,Mean,KNN,0.97,0.9685459542375907
CKD,True,natural,0.1389,2,Mean,RF,0.9925,0.9919805261993273
CKD,True,natural,0.1389,2,Mean,SVC,0.9949999999999999,0.9947011094552078
CKD,True,natural,0.1389,2,NDI-0,LR,0.9875,0.9867817401795748
CKD,True,natural,0.1389,2,NDI-0,KNN,0.9650000000000001,0.9633959103490677
CKD,True,natural,0.1389,2,NDI-0,RF,0.9875,0.986571466023533
CKD,True,natural,0.1389,2,NDI-0,SVC,0.9924999999999999,0.9920160951910695
CKD,True,natural,0.1389,2,NDI-C,LR,0.9925,0.9920516641828117
CKD,True,natural,0.1389,2,NDI-C,KNN,0.97,0.9685459542375907
CKD,True,natural,0.1389,2,NDI-C,RF,0.9949999999999999,0.9947011094552078
CKD,True,natural,0.1389,2,NDI-C,SVC,0.9875,0.9867850414046682
CKD,True,natural,0.1389,2,NDI-S,LR,0.99,0.9894022189104156
CKD,True,natural,0.1389,2,NDI-S,KNN,0.9675,0.9659578887486748
CKD,True,natural,0.1389,2,NDI-S,RF,1.0,1.0
CKD,True,natural,0.1389,2,NDI-S,SVC,0.9875,0.9867850414046682
CKD,True,natural,0.1389,2,GaussCM,LR,0.9925,0.9920516641828117
CKD,True,natural,0.1389,2,GaussCM,KNN,0.9675,0.9660071553172129
CKD,True,natural,0.1389,2,GaussCM,RF,0.9949999999999999,0.9947011094552078
CKD,True,natural,0.1389,2,GaussCM,SVC,0.9875,0.9867850414046682
CKD,True,natural,0.1389,2,KNN,LR,0.985,0.9839966213903969
CKD,True,natural,0.1389,2,KNN,KNN,0.96,0.9582834900952809
CKD,True,natural,0.1389,2,KNN,RF,0.9775,0.9758348716227555
CKD,True,natural,0.1389,2,KNN,SVC,0.9800000000000001,0.9787622663789021
CKD,True,natural,0.1389,2,MICE,LR,0.9925,0.9920516641828117
CKD,True,natural,0.1389,2,MICE,KNN,0.9650000000000001,0.963419089828297
CKD,True,natural,0.1389,2,MICE,RF,0.9949999999999999,0.9947011094552078
CKD,True,natural,0.1389,2,MICE,SVC,0.9875,0.9867850414046682
CKD,True,natural,0.1389,2,MissForest,LR,0.99,0.9894344866770644
CKD,True,natural,0.1389,2,MissForest,KNN,0.9724999999999999,0.9711631317433381
CKD,True,natural,0.1389,2,MissForest,RF,0.9949999999999999,0.9946655404634657
CKD,True,natural,0.1389,2,MissForest,SVC,0.99,0.9894022189104156
CKD,True,natural,0.1389,2,SoftImpute,LR,0.9925,0.9920516641828117
CKD,True,natural,0.1389,2,SoftImpute,KNN,0.9650000000000001,0.963419089828297
CKD,True,natural,0.1389,2,SoftImpute,RF,0.9925,0.9920516641828117
CKD,True,natural,0.1389,2,SoftImpute,SVC,0.9875,0.9867850414046682
CKD,True,natural,0.1389,2,GAIN,LR,0.9800000000000001,0.9787655676039956
CKD,True,natural,0.1389,2,GAIN,KNN,0.96,0.9582399339229424
CKD,True,natural,0.1389,2,GAIN,RF,0.99,0.9892209112959289
CKD,True,natural,0.1389,2,GAIN,SVC,0.985,0.9840300153602467
CKD,True,natural,0.1389,2,NDI-F1,LR,0.9925,0.9920516641828117
CKD,True,natural,0.1389,2,NDI-F1,KNN,0.9675,0.9660071553172129
CKD,True,natural,0.1389,2,NDI-F1,RF,0.9949999999999999,0.9947011094552078
CKD,True,natural,0.1389,2,NDI-F1,SVC,0.9875,0.9867850414046682
CKD,True,natural,0.1389,2,NDI-F-noclip,LR,0.9925,0.9920516641828117
CKD,True,natural,0.1389,2,NDI-F-noclip,KNN,0.9675,0.9660071553172129
CKD,True,natural,0.1389,2,NDI-F-noclip,RF,0.9949999999999999,0.9947011094552078
CKD,True,natural,0.1389,2,NDI-F-noclip,SVC,0.9875,0.9867850414046682
CKD,True,natural,0.1389,2,NDI-F,LR,0.9925,0.9920516641828117
CKD,True,natural,0.1389,2,NDI-F,KNN,0.9675,0.9660071553172129
CKD,True,natural,0.1389,2,NDI-F,RF,0.9949999999999999,0.9947011094552078
CKD,True,natural,0.1389,2,NDI-F,SVC,0.9875,0.9867850414046682
CKD,True,natural,0.1389,2,Copula-NDI-F,LR,0.99,0.9894344866770644
CKD,True,natural,0.1389,2,Copula-NDI-F,KNN,0.9724999999999999,0.971107932637198
CKD,True,natural,0.1389,2,Copula-NDI-F,RF,0.9925,0.9920516641828117
CKD,True,natural,0.1389,2,Copula-NDI-F,SVC,0.99,0.9894344866770644
CKD,True,natural,0.1389,2,MIWAE,LR,0.99,0.9894344866770644
CKD,True,natural,0.1389,2,MIWAE,KNN,0.9675,0.9659578887486748
CKD,True,natural,0.1389,2,MIWAE,RF,0.99,0.9893677761218745
CKD,True,natural,0.1389,2,MIWAE,SVC,0.99,0.9894022189104156
CKD,True,natural,0.1389,2,Sinkhorn,LR,0.9949999999999999,0.9947011094552078
CKD,True,natural,0.1389,2,Sinkhorn,KNN,0.9675,0.9660071553172129
CKD,True,natural,0.1389,2,Sinkhorn,RF,0.9949999999999999,0.9947011094552078
CKD,True,natural,0.1389,2,Sinkhorn,SVC,0.9925,0.9920516641828117
CKD,True,natural,0.1389,2,HyperImpute,LR,0.9925,0.9920516641828117
CKD,True,natural,0.1389,2,HyperImpute,KNN,0.9724999999999999,0.9711631317433381
CKD,True,natural,0.1389,2,HyperImpute,RF,0.9949999999999999,0.9947011094552078
CKD,True,natural,0.1389,2,HyperImpute,SVC,0.9925,0.9920516641828117
CKD,True,natural,0.1389,2,ReMasker,LR,0.9925,0.9920839319494604
CKD,True,natural,0.1389,2,ReMasker,KNN,0.9750000000000002,0.9737251101429454
CKD,True,natural,0.1389,2,ReMasker,RF,0.9949999999999999,0.9947011094552078
CKD,True,natural,0.1389,2,ReMasker,SVC,0.99,0.9894022189104156
Heart,True,natural,0.0,0,Mean,LR,0.840983606557377,0.8382537438153091
Heart,True,natural,0.0,0,Mean,KNN,0.8145355191256829,0.8125391979947214
Heart,True,natural,0.0,0,Mean,RF,0.7980874316939891,0.7960498670358362
Heart,True,natural,0.0,0,Mean,SVC,0.8179781420765029,0.8156892859928984
Heart,True,natural,0.0,0,NDI-0,LR,0.840983606557377,0.8382537438153091
Heart,True,natural,0.0,0,NDI-0,KNN,0.8145355191256829,0.8125391979947214
Heart,True,natural,0.0,0,NDI-0,RF,0.7980874316939891,0.7960498670358362
Heart,True,natural,0.0,0,NDI-0,SVC,0.8179781420765029,0.8156892859928984
Heart,True,natural,0.0,0,NDI-C,LR,0.840983606557377,0.8382537438153091
Heart,True,natural,0.0,0,NDI-C,KNN,0.8145355191256829,0.8125391979947214
Heart,True,natural,0.0,0,NDI-C,RF,0.7980874316939891,0.7960498670358362
Heart,True,natural,0.0,0,NDI-C,SVC,0.8179781420765029,0.8156892859928984
Heart,True,natural,0.0,0,NDI-S,LR,0.840983606557377,0.8382537438153091
Heart,True,natural,0.0,0,NDI-S,KNN,0.8145355191256829,0.8125391979947214
Heart,True,natural,0.0,0,NDI-S,RF,0.7980874316939891,0.7960498670358362
Heart,True,natural,0.0,0,NDI-S,SVC,0.8179781420765029,0.8156892859928984
Heart,True,natural,0.0,0,GaussCM,LR,0.840983606557377,0.8382537438153091
Heart,True,natural,0.0,0,GaussCM,KNN,0.8145355191256829,0.8125391979947214
Heart,True,natural,0.0,0,GaussCM,RF,0.7980874316939891,0.7960498670358362
Heart,True,natural,0.0,0,GaussCM,SVC,0.8179781420765029,0.8156892859928984
Heart,True,natural,0.0,0,KNN,LR,0.840983606557377,0.8382537438153091
Heart,True,natural,0.0,0,KNN,KNN,0.8145355191256829,0.8125391979947214
Heart,True,natural,0.0,0,KNN,RF,0.7980874316939891,0.7960498670358362
Heart,True,natural,0.0,0,KNN,SVC,0.8179781420765029,0.8156892859928984
Heart,True,natural,0.0,0,MICE,LR,0.840983606557377,0.8382537438153091
Heart,True,natural,0.0,0,MICE,KNN,0.8145355191256829,0.8125391979947214
Heart,True,natural,0.0,0,MICE,RF,0.7980874316939891,0.7960498670358362
Heart,True,natural,0.0,0,MICE,SVC,0.8179781420765029,0.8156892859928984
Heart,True,natural,0.0,0,MissForest,LR,0.840983606557377,0.8382537438153091
Heart,True,natural,0.0,0,MissForest,KNN,0.8145355191256829,0.8125391979947214
Heart,True,natural,0.0,0,MissForest,RF,0.7980874316939891,0.7960498670358362
Heart,True,natural,0.0,0,MissForest,SVC,0.8179781420765029,0.8156892859928984
Heart,True,natural,0.0,0,SoftImpute,LR,0.840983606557377,0.8382537438153091
Heart,True,natural,0.0,0,SoftImpute,KNN,0.8145355191256829,0.8125391979947214
Heart,True,natural,0.0,0,SoftImpute,RF,0.7980874316939891,0.7960498670358362
Heart,True,natural,0.0,0,SoftImpute,SVC,0.8179781420765029,0.8156892859928984
Heart,True,natural,0.0,0,GAIN,LR,0.840983606557377,0.8382537438153091
Heart,True,natural,0.0,0,GAIN,KNN,0.8145355191256829,0.8125391979947214
Heart,True,natural,0.0,0,GAIN,RF,0.7980874316939891,0.7960498670358362
Heart,True,natural,0.0,0,GAIN,SVC,0.8179781420765029,0.8156892859928984
Heart,True,natural,0.0,0,NDI-F1,LR,0.840983606557377,0.8382537438153091
Heart,True,natural,0.0,0,NDI-F1,KNN,0.8145355191256829,0.8125391979947214
Heart,True,natural,0.0,0,NDI-F1,RF,0.7980874316939891,0.7960498670358362
Heart,True,natural,0.0,0,NDI-F1,SVC,0.8179781420765029,0.8156892859928984
Heart,True,natural,0.0,0,NDI-F-noclip,LR,0.840983606557377,0.8382537438153091
Heart,True,natural,0.0,0,NDI-F-noclip,KNN,0.8145355191256829,0.8125391979947214
Heart,True,natural,0.0,0,NDI-F-noclip,RF,0.7980874316939891,0.7960498670358362
Heart,True,natural,0.0,0,NDI-F-noclip,SVC,0.8179781420765029,0.8156892859928984
Heart,True,natural,0.0,0,NDI-F,LR,0.840983606557377,0.8382537438153091
Heart,True,natural,0.0,0,NDI-F,KNN,0.8145355191256829,0.8125391979947214
Heart,True,natural,0.0,0,NDI-F,RF,0.7980874316939891,0.7960498670358362
Heart,True,natural,0.0,0,NDI-F,SVC,0.8179781420765029,0.8156892859928984
Heart,True,natural,0.0,0,Copula-NDI-F,LR,0.840983606557377,0.8382537438153091
Heart,True,natural,0.0,0,Copula-NDI-F,KNN,0.8145355191256829,0.8125391979947214
Heart,True,natural,0.0,0,Copula-NDI-F,RF,0.7980874316939891,0.7960498670358362
Heart,True,natural,0.0,0,Copula-NDI-F,SVC,0.8179781420765029,0.8156892859928984
Heart,True,natural,0.0,0,MIWAE,LR,0.840983606557377,0.8382537438153091
Heart,True,natural,0.0,0,MIWAE,KNN,0.8145355191256829,0.8125391979947214
Heart,True,natural,0.0,0,MIWAE,RF,0.7980874316939891,0.7960498670358362
Heart,True,natural,0.0,0,MIWAE,SVC,0.8179781420765029,0.8156892859928984
Heart,True,natural,0.0,0,Sinkhorn,LR,0.840983606557377,0.8382537438153091
Heart,True,natural,0.0,0,Sinkhorn,KNN,0.8145355191256829,0.8125391979947214
Heart,True,natural,0.0,0,Sinkhorn,RF,0.7980874316939891,0.7960498670358362
Heart,True,natural,0.0,0,Sinkhorn,SVC,0.8179781420765029,0.8156892859928984
Heart,True,natural,0.0,0,HyperImpute,LR,0.840983606557377,0.8382537438153091
Heart,True,natural,0.0,0,HyperImpute,KNN,0.8145355191256829,0.8125391979947214
Heart,True,natural,0.0,0,HyperImpute,RF,0.7980874316939891,0.7960498670358362
Heart,True,natural,0.0,0,HyperImpute,SVC,0.8179781420765029,0.8156892859928984
Heart,True,natural,0.0,0,ReMasker,LR,0.840983606557377,0.8382537438153091
Heart,True,natural,0.0,0,ReMasker,KNN,0.8145355191256829,0.8125391979947214
Heart,True,natural,0.0,0,ReMasker,RF,0.7980874316939891,0.7960498670358362
Heart,True,natural,0.0,0,ReMasker,SVC,0.8179781420765029,0.8156892859928984
Heart,True,natural,0.0,1,Mean,LR,0.8477595628415301,0.8449451071804012
Heart,True,natural,0.0,1,Mean,KNN,0.8312021857923497,0.8285905902182089
Heart,True,natural,0.0,1,Mean,RF,0.7914207650273225,0.7896335086444842
Heart,True,natural,0.0,1,Mean,SVC,0.828032786885246,0.8265757128819263
Heart,True,natural,0.0,1,NDI-0,LR,0.8477595628415301,0.8449451071804012
Heart,True,natural,0.0,1,NDI-0,KNN,0.8312021857923497,0.8285905902182089
Heart,True,natural,0.0,1,NDI-0,RF,0.7914207650273225,0.7896335086444842
Heart,True,natural,0.0,1,NDI-0,SVC,0.828032786885246,0.8265757128819263
Heart,True,natural,0.0,1,NDI-C,LR,0.8477595628415301,0.8449451071804012
Heart,True,natural,0.0,1,NDI-C,KNN,0.8312021857923497,0.8285905902182089
Heart,True,natural,0.0,1,NDI-C,RF,0.7914207650273225,0.7896335086444842
Heart,True,natural,0.0,1,NDI-C,SVC,0.828032786885246,0.8265757128819263
Heart,True,natural,0.0,1,NDI-S,LR,0.8477595628415301,0.8449451071804012
Heart,True,natural,0.0,1,NDI-S,KNN,0.8312021857923497,0.8285905902182089
Heart,True,natural,0.0,1,NDI-S,RF,0.7914207650273225,0.7896335086444842
Heart,True,natural,0.0,1,NDI-S,SVC,0.828032786885246,0.8265757128819263
Heart,True,natural,0.0,1,GaussCM,LR,0.8477595628415301,0.8449451071804012
Heart,True,natural,0.0,1,GaussCM,KNN,0.8312021857923497,0.8285905902182089
Heart,True,natural,0.0,1,GaussCM,RF,0.7914207650273225,0.7896335086444842
Heart,True,natural,0.0,1,GaussCM,SVC,0.828032786885246,0.8265757128819263
Heart,True,natural,0.0,1,KNN,LR,0.8477595628415301,0.8449451071804012
Heart,True,natural,0.0,1,KNN,KNN,0.8312021857923497,0.8285905902182089
Heart,True,natural,0.0,1,KNN,RF,0.7914207650273225,0.7896335086444842
Heart,True,natural,0.0,1,KNN,SVC,0.828032786885246,0.8265757128819263
Heart,True,natural,0.0,1,MICE,LR,0.8477595628415301,0.8449451071804012
Heart,True,natural,0.0,1,MICE,KNN,0.8312021857923497,0.8285905902182089
Heart,True,natural,0.0,1,MICE,RF,0.7914207650273225,0.7896335086444842
Heart,True,natural,0.0,1,MICE,SVC,0.828032786885246,0.8265757128819263
Heart,True,natural,0.0,1,MissForest,LR,0.8477595628415301,0.8449451071804012
Heart,True,natural,0.0,1,MissForest,KNN,0.8312021857923497,0.8285905902182089
Heart,True,natural,0.0,1,MissForest,RF,0.7914207650273225,0.7896335086444842
Heart,True,natural,0.0,1,MissForest,SVC,0.828032786885246,0.8265757128819263
Heart,True,natural,0.0,1,SoftImpute,LR,0.8477595628415301,0.8449451071804012
Heart,True,natural,0.0,1,SoftImpute,KNN,0.8312021857923497,0.8285905902182089
Heart,True,natural,0.0,1,SoftImpute,RF,0.7914207650273225,0.7896335086444842
Heart,True,natural,0.0,1,SoftImpute,SVC,0.828032786885246,0.8265757128819263
Heart,True,natural,0.0,1,GAIN,LR,0.8477595628415301,0.8449451071804012
Heart,True,natural,0.0,1,GAIN,KNN,0.8312021857923497,0.8285905902182089
Heart,True,natural,0.0,1,GAIN,RF,0.7979781420765027,0.7959763488108538
Heart,True,natural,0.0,1,GAIN,SVC,0.828032786885246,0.8265757128819263
Heart,True,natural,0.0,1,NDI-F1,LR,0.8477595628415301,0.8449451071804012
Heart,True,natural,0.0,1,NDI-F1,KNN,0.8312021857923497,0.8285905902182089
Heart,True,natural,0.0,1,NDI-F1,RF,0.7914207650273225,0.7896335086444842
Heart,True,natural,0.0,1,NDI-F1,SVC,0.828032786885246,0.8265757128819263
Heart,True,natural,0.0,1,NDI-F-noclip,LR,0.8477595628415301,0.8449451071804012
Heart,True,natural,0.0,1,NDI-F-noclip,KNN,0.8312021857923497,0.8285905902182089
Heart,True,natural,0.0,1,NDI-F-noclip,RF,0.7914207650273225,0.7896335086444842
Heart,True,natural,0.0,1,NDI-F-noclip,SVC,0.828032786885246,0.8265757128819263
Heart,True,natural,0.0,1,NDI-F,LR,0.8477595628415301,0.8449451071804012
Heart,True,natural,0.0,1,NDI-F,KNN,0.8312021857923497,0.8285905902182089
Heart,True,natural,0.0,1,NDI-F,RF,0.7914207650273225,0.7896335086444842
Heart,True,natural,0.0,1,NDI-F,SVC,0.828032786885246,0.8265757128819263
Heart,True,natural,0.0,1,Copula-NDI-F,LR,0.8477595628415301,0.8449451071804012
Heart,True,natural,0.0,1,Copula-NDI-F,KNN,0.8312021857923497,0.8285905902182089
Heart,True,natural,0.0,1,Copula-NDI-F,RF,0.7914207650273225,0.7896335086444842
Heart,True,natural,0.0,1,Copula-NDI-F,SVC,0.828032786885246,0.8265757128819263
Heart,True,natural,0.0,1,MIWAE,LR,0.8477595628415301,0.8449451071804012
Heart,True,natural,0.0,1,MIWAE,KNN,0.8312021857923497,0.8285905902182089
Heart,True,natural,0.0,1,MIWAE,RF,0.7946994535519126,0.7928062811456149
Heart,True,natural,0.0,1,MIWAE,SVC,0.828032786885246,0.8265757128819263
Heart,True,natural,0.0,1,Sinkhorn,LR,0.8477595628415301,0.8449451071804012
Heart,True,natural,0.0,1,Sinkhorn,KNN,0.8312021857923497,0.8285905902182089
Heart,True,natural,0.0,1,Sinkhorn,RF,0.7914207650273225,0.7896335086444842
Heart,True,natural,0.0,1,Sinkhorn,SVC,0.828032786885246,0.8265757128819263
Heart,True,natural,0.0,1,HyperImpute,LR,0.8477595628415301,0.8449451071804012
Heart,True,natural,0.0,1,HyperImpute,KNN,0.8312021857923497,0.8285905902182089
Heart,True,natural,0.0,1,HyperImpute,RF,0.7914207650273225,0.7896335086444842
Heart,True,natural,0.0,1,HyperImpute,SVC,0.828032786885246,0.8265757128819263
Heart,True,natural,0.0,1,ReMasker,LR,0.8477595628415301,0.8449451071804012
Heart,True,natural,0.0,1,ReMasker,KNN,0.8312021857923497,0.8285905902182089
Heart,True,natural,0.0,1,ReMasker,RF,0.7946994535519126,0.7928062811456149
Heart,True,natural,0.0,1,ReMasker,SVC,0.828032786885246,0.8265757128819263
Heart,True,natural,0.0,2,Mean,LR,0.844535519125683,0.8423510872543997
Heart,True,natural,0.0,2,Mean,KNN,0.82775956284153,0.8250036771903189
Heart,True,natural,0.0,2,Mean,RF,0.7914207650273225,0.7892052914656823
Heart,True,natural,0.0,2,Mean,SVC,0.8114754098360656,0.8084690894086253
Heart,True,natural,0.0,2,NDI-0,LR,0.844535519125683,0.8423510872543997
Heart,True,natural,0.0,2,NDI-0,KNN,0.82775956284153,0.8250036771903189
Heart,True,natural,0.0,2,NDI-0,RF,0.7914207650273225,0.7892052914656823
Heart,True,natural,0.0,2,NDI-0,SVC,0.8114754098360656,0.8084690894086253
Heart,True,natural,0.0,2,NDI-C,LR,0.844535519125683,0.8423510872543997
Heart,True,natural,0.0,2,NDI-C,KNN,0.82775956284153,0.8250036771903189
Heart,True,natural,0.0,2,NDI-C,RF,0.7914207650273225,0.7892052914656823
Heart,True,natural,0.0,2,NDI-C,SVC,0.8114754098360656,0.8084690894086253
Heart,True,natural,0.0,2,NDI-S,LR,0.844535519125683,0.8423510872543997
Heart,True,natural,0.0,2,NDI-S,KNN,0.82775956284153,0.8250036771903189
Heart,True,natural,0.0,2,NDI-S,RF,0.7914207650273225,0.7892052914656823
Heart,True,natural,0.0,2,NDI-S,SVC,0.8114754098360656,0.8084690894086253
Heart,True,natural,0.0,2,GaussCM,LR,0.844535519125683,0.8423510872543997
Heart,True,natural,0.0,2,GaussCM,KNN,0.82775956284153,0.8250036771903189
Heart,True,natural,0.0,2,GaussCM,RF,0.7914207650273225,0.7892052914656823
Heart,True,natural,0.0,2,GaussCM,SVC,0.8114754098360656,0.8084690894086253
Heart,True,natural,0.0,2,KNN,LR,0.844535519125683,0.8423510872543997
Heart,True,natural,0.0,2,KNN,KNN,0.82775956284153,0.8250036771903189
Heart,True,natural,0.0,2,KNN,RF,0.7914207650273225,0.7892052914656823
Heart,True,natural,0.0,2,KNN,SVC,0.8114754098360656,0.8084690894086253
Heart,True,natural,0.0,2,MICE,LR,0.844535519125683,0.8423510872543997
Heart,True,natural,0.0,2,MICE,KNN,0.82775956284153,0.8250036771903189
Heart,True,natural,0.0,2,MICE,RF,0.7914207650273225,0.7892052914656823
Heart,True,natural,0.0,2,MICE,SVC,0.8114754098360656,0.8084690894086253
Heart,True,natural,0.0,2,MissForest,LR,0.844535519125683,0.8423510872543997
Heart,True,natural,0.0,2,MissForest,KNN,0.82775956284153,0.8250036771903189
Heart,True,natural,0.0,2,MissForest,RF,0.7914207650273225,0.7892052914656823
Heart,True,natural,0.0,2,MissForest,SVC,0.8114754098360656,0.8084690894086253
Heart,True,natural,0.0,2,SoftImpute,LR,0.844535519125683,0.8423510872543997
Heart,True,natural,0.0,2,SoftImpute,KNN,0.82775956284153,0.8250036771903189
Heart,True,natural,0.0,2,SoftImpute,RF,0.7914207650273225,0.7892052914656823
Heart,True,natural,0.0,2,SoftImpute,SVC,0.8114754098360656,0.8084690894086253
Heart,True,natural,0.0,2,GAIN,LR,0.844535519125683,0.8423510872543997
Heart,True,natural,0.0,2,GAIN,KNN,0.82775956284153,0.8250036771903189
Heart,True,natural,0.0,2,GAIN,RF,0.7881420765027324,0.7858523371922137
Heart,True,natural,0.0,2,GAIN,SVC,0.8114754098360656,0.8084690894086253
Heart,True,natural,0.0,2,NDI-F1,LR,0.844535519125683,0.8423510872543997
Heart,True,natural,0.0,2,NDI-F1,KNN,0.82775956284153,0.8250036771903189
Heart,True,natural,0.0,2,NDI-F1,RF,0.7914207650273225,0.7892052914656823
Heart,True,natural,0.0,2,NDI-F1,SVC,0.8114754098360656,0.8084690894086253
Heart,True,natural,0.0,2,NDI-F-noclip,LR,0.844535519125683,0.8423510872543997
Heart,True,natural,0.0,2,NDI-F-noclip,KNN,0.82775956284153,0.8250036771903189
Heart,True,natural,0.0,2,NDI-F-noclip,RF,0.7914207650273225,0.7892052914656823
Heart,True,natural,0.0,2,NDI-F-noclip,SVC,0.8114754098360656,0.8084690894086253
Heart,True,natural,0.0,2,NDI-F,LR,0.844535519125683,0.8423510872543997
Heart,True,natural,0.0,2,NDI-F,KNN,0.82775956284153,0.8250036771903189
Heart,True,natural,0.0,2,NDI-F,RF,0.7914207650273225,0.7892052914656823
Heart,True,natural,0.0,2,NDI-F,SVC,0.8114754098360656,0.8084690894086253
Heart,True,natural,0.0,2,Copula-NDI-F,LR,0.844535519125683,0.8423510872543997
Heart,True,natural,0.0,2,Copula-NDI-F,KNN,0.82775956284153,0.8250036771903189
Heart,True,natural,0.0,2,Copula-NDI-F,RF,0.7914207650273225,0.7892052914656823
Heart,True,natural,0.0,2,Copula-NDI-F,SVC,0.8114754098360656,0.8084690894086253
Heart,True,natural,0.0,2,MIWAE,LR,0.844535519125683,0.8423510872543997
Heart,True,natural,0.0,2,MIWAE,KNN,0.82775956284153,0.8250036771903189
Heart,True,natural,0.0,2,MIWAE,RF,0.7914207650273225,0.7892052914656823
Heart,True,natural,0.0,2,MIWAE,SVC,0.8114754098360656,0.8084690894086253
Heart,True,natural,0.0,2,Sinkhorn,LR,0.844535519125683,0.8423510872543997
Heart,True,natural,0.0,2,Sinkhorn,KNN,0.82775956284153,0.8250036771903189
Heart,True,natural,0.0,2,Sinkhorn,RF,0.7914207650273225,0.7892052914656823
Heart,True,natural,0.0,2,Sinkhorn,SVC,0.8114754098360656,0.8084690894086253
Heart,True,natural,0.0,2,HyperImpute,LR,0.844535519125683,0.8423510872543997
Heart,True,natural,0.0,2,HyperImpute,KNN,0.82775956284153,0.8250036771903189
Heart,True,natural,0.0,2,HyperImpute,RF,0.7914207650273225,0.7892052914656823
Heart,True,natural,0.0,2,HyperImpute,SVC,0.8114754098360656,0.8084690894086253
Heart,True,natural,0.0,2,ReMasker,LR,0.844535519125683,0.8423510872543997
Heart,True,natural,0.0,2,ReMasker,KNN,0.82775956284153,0.8250036771903189
Heart,True,natural,0.0,2,ReMasker,RF,0.7914207650273225,0.7892052914656823
Heart,True,natural,0.0,2,ReMasker,SVC,0.8114754098360656,0.8084690894086253
Mice,True,natural,0.0168,0,Mean,LR,0.9898148148148149,0.9900281780722221
Mice,True,natural,0.0168,0,Mean,KNN,0.975925925925926,0.975684477909071
Mice,True,natural,0.0168,0,Mean,RF,0.9953703703703702,0.9954191080166275
Mice,True,natural,0.0168,0,Mean,SVC,0.9962962962962962,0.9964362229048831
Mice,True,natural,0.0168,0,NDI-0,LR,0.9888888888888889,0.9889638765201157
Mice,True,natural,0.0168,0,NDI-0,KNN,0.975,0.974925493164335
Mice,True,natural,0.0168,0,NDI-0,RF,0.9925925925925926,0.9925392548427683
Mice,True,natural,0.0168,0,NDI-0,SVC,0.9962962962962962,0.9964362229048831
Mice,True,natural,0.0168,0,NDI-C,LR,0.987037037037037,0.9871560987735813
Mice,True,natural,0.0168,0,NDI-C,KNN,0.9731481481481481,0.9731319616390819
Mice,True,natural,0.0168,0,NDI-C,RF,0.9916666666666666,0.9918564041617188
Mice,True,natural,0.0168,0,NDI-C,SVC,0.9962962962962962,0.9964362229048831
Mice,True,natural,0.0168,0,NDI-S,LR,0.987037037037037,0.9871560987735813
Mice,True,natural,0.0168,0,NDI-S,KNN,0.9731481481481481,0.9731319616390819
Mice,True,natural,0.0168,0,NDI-S,RF,0.9925925925925926,0.9927379383405001
Mice,True,natural,0.0168,0,NDI-S,SVC,0.9962962962962962,0.9964362229048831
Mice,True,natural,0.0168,0,GaussCM,LR,0.9907407407407408,0.9909081320097952
Mice,True,natural,0.0168,0,GaussCM,KNN,0.9740740740740741,0.9739877841503912
Mice,True,natural,0.0168,0,GaussCM,RF,0.9925925925925926,0.9928647882347919
Mice,True,natural,0.0168,0,GaussCM,SVC,0.9972222222222221,0.9973172078960374
Mice,True,natural,0.0168,0,KNN,LR,0.9879629629629629,0.9880691199207193
Mice,True,natural,0.0168,0,KNN,KNN,0.9712962962962963,0.9713895000842644
Mice,True,natural,0.0168,0,KNN,RF,0.9944444444444442,0.9947041127699154
Mice,True,natural,0.0168,0,KNN,SVC,0.9972222222222221,0.9973172078960374
Mice,True,natural,0.0168,0,MICE,LR,0.9888888888888889,0.9890822120281374
Mice,True,natural,0.0168,0,MICE,KNN,0.9722222222222223,0.9719859819445938
Mice,True,natural,0.0168,0,MICE,RF,0.9944444444444442,0.994717275370298
Mice,True,natural,0.0168,0,MICE,SVC,0.9972222222222221,0.9973172078960374
Mice,True,natural,0.0168,0,MissForest,LR,0.987037037037037,0.9871753850001699
Mice,True,natural,0.0168,0,MissForest,KNN,0.9722222222222221,0.9721147041840006
Mice,True,natural,0.0168,0,MissForest,RF,0.9935185185185185,0.9937910318025448
Mice,True,natural,0.0168,0,MissForest,SVC,0.9953703703703705,0.99550997933713
Mice,True,natural,0.0168,0,SoftImpute,LR,0.9879629629629629,0.9880300374585211
Mice,True,natural,0.0168,0,SoftImpute,KNN,0.9722222222222221,0.9722056272214037
Mice,True,natural,0.0168,0,SoftImpute,RF,0.9916666666666666,0.9918781908650628
Mice,True,natural,0.0168,0,SoftImpute,SVC,0.9972222222222221,0.9973172078960374
Mice,True,natural,0.0168,0,GAIN,LR,0.9879629629629629,0.9880300374585211
Mice,True,natural,0.0168,0,GAIN,KNN,0.9694444444444444,0.9693867532971794
Mice,True,natural,0.0168,0,GAIN,RF,0.9935185185185185,0.9934765321964163
Mice,True,natural,0.0168,0,GAIN,SVC,0.9972222222222221,0.9973172078960374
Mice,True,natural,0.0168,0,NDI-F1,LR,0.9898148148148149,0.9900281780722221
Mice,True,natural,0.0168,0,NDI-F1,KNN,0.975,0.974657811508337
Mice,True,natural,0.0168,0,NDI-F1,RF,0.9916666666666666,0.9916243627027373
Mice,True,natural,0.0168,0,NDI-F1,SVC,0.9962962962962962,0.9964362229048831
Mice,True,natural,0.0168,0,NDI-F-noclip,LR,0.987037037037037,0.9871113893846097
Mice,True,natural,0.0168,0,NDI-F-noclip,KNN,0.9731481481481481,0.9730369483504843
Mice,True,natural,0.0168,0,NDI-F-noclip,RF,0.9935185185185185,0.9938346679513081
Mice,True,natural,0.0168,0,NDI-F-noclip,SVC,0.9972222222222221,0.9973172078960374
Mice,True,natural,0.0168,0,NDI-F,LR,0.9879629629629629,0.9880034703046727
Mice,True,natural,0.0168,0,NDI-F,KNN,0.9731481481481481,0.9730369483504843
Mice,True,natural,0.0168,0,NDI-F,RF,0.9935185185185185,0.9938346679513081
Mice,True,natural,0.0168,0,NDI-F,SVC,0.9972222222222221,0.9973172078960374
Mice,True,natural,0.0168,0,Copula-NDI-F,LR,0.9898148148148149,0.9898559574401787
Mice,True,natural,0.0168,0,Copula-NDI-F,KNN,0.9722222222222221,0.9721895209950115
Mice,True,natural,0.0168,0,Copula-NDI-F,RF,0.9916666666666666,0.9918490051699604
Mice,True,natural,0.0168,0,Copula-NDI-F,SVC,0.9972222222222221,0.9973172078960374
Mice,True,natural,0.0168,0,MIWAE,LR,0.987037037037037,0.987103793890768
Mice,True,natural,0.0168,0,MIWAE,KNN,0.9731481481481481,0.9730848539917641
Mice,True,natural,0.0168,0,MIWAE,RF,0.9944444444444445,0.994670943553491
Mice,True,natural,0.0168,0,MIWAE,SVC,0.9972222222222221,0.9973172078960374
Mice,True,natural,0.0168,0,Sinkhorn,LR,0.9888888888888889,0.9889695015445185
Mice,True,natural,0.0168,0,Sinkhorn,KNN,0.9703703703703704,0.9704335683558224
Mice,True,natural,0.0168,0,Sinkhorn,RF,0.9944444444444442,0.9946676836428144
Mice,True,natural,0.0168,0,Sinkhorn,SVC,0.9962962962962962,0.9964362229048831
Mice,True,natural,0.0168,0,HyperImpute,LR,0.987037037037037,0.9871435815628606
Mice,True,natural,0.0168,0,HyperImpute,KNN,0.9731481481481481,0.9729946008799404
Mice,True,natural,0.0168,0,HyperImpute,RF,0.9925925925925926,0.992729990161115
Mice,True,natural,0.0168,0,HyperImpute,SVC,0.9972222222222221,0.9973172078960374
Mice,True,natural,0.0168,0,ReMasker,LR,0.9879629629629629,0.988087967365737
Mice,True,natural,0.0168,0,ReMasker,KNN,0.9703703703703704,0.9704060986583833
Mice,True,natural,0.0168,0,ReMasker,RF,0.9916666666666666,0.9918895733781431
Mice,True,natural,0.0168,0,ReMasker,SVC,0.9972222222222221,0.9973172078960374
Mice,True,natural,0.0168,1,Mean,LR,0.9898148148148147,0.989921603264099
Mice,True,natural,0.0168,1,Mean,KNN,0.9805555555555555,0.9803764601766417
Mice,True,natural,0.0168,1,Mean,RF,0.9935185185185185,0.9935247198892287
Mice,True,natural,0.0168,1,Mean,SVC,0.9972222222222221,0.9973172078960374
Mice,True,natural,0.0168,1,NDI-0,LR,0.9907407407407407,0.9907998775322037
Mice,True,natural,0.0168,1,NDI-0,KNN,0.9824074074074073,0.9822636907443915
Mice,True,natural,0.0168,1,NDI-0,RF,0.9962962962962962,0.9961595577485494
Mice,True,natural,0.0168,1,NDI-0,SVC,0.9972222222222221,0.9973172078960374
Mice,True,natural,0.0168,1,NDI-C,LR,0.9907407407407408,0.9907956296523295
Mice,True,natural,0.0168,1,NDI-C,KNN,0.9796296296296296,0.9793914628025406
Mice,True,natural,0.0168,1,NDI-C,RF,0.9962962962962962,0.9961115884489011
Mice,True,natural,0.0168,1,NDI-C,SVC,0.9972222222222221,0.9973172078960374
Mice,True,natural,0.0168,1,NDI-S,LR,0.9907407407407408,0.9907956296523295
Mice,True,natural,0.0168,1,NDI-S,KNN,0.9796296296296296,0.9793914628025406
Mice,True,natural,0.0168,1,NDI-S,RF,0.9962962962962962,0.9961115884489011
Mice,True,natural,0.0168,1,NDI-S,SVC,0.9972222222222221,0.9973172078960374
Mice,True,natural,0.0168,1,GaussCM,LR,0.9916666666666666,0.9917400154552058
Mice,True,natural,0.0168,1,GaussCM,KNN,0.9796296296296297,0.9793817457382346
Mice,True,natural,0.0168,1,GaussCM,RF,0.9925925925925926,0.9929176398729517
Mice,True,natural,0.0168,1,GaussCM,SVC,0.9972222222222221,0.9973172078960374
Mice,True,natural,0.0168,1,KNN,LR,0.9916666666666666,0.991859931204436
Mice,True,natural,0.0168,1,KNN,KNN,0.9787037037037036,0.978636734320518
Mice,True,natural,0.0168,1,KNN,RF,0.9935185185185185,0.9936529738181914
Mice,True,natural,0.0168,1,KNN,SVC,0.9972222222222221,0.9973172078960374
Mice,True,natural,0.0168,1,MICE,LR,0.9898148148148149,0.9897250692110834
Mice,True,natural,0.0168,1,MICE,KNN,0.9787037037037039,0.9783281030885629
Mice,True,natural,0.0168,1,MICE,RF,0.9962962962962962,0.996300875643579
Mice,True,natural,0.0168,1,MICE,SVC,0.9972222222222221,0.9973172078960374
Mice,True,natural,0.0168,1,MissForest,LR,0.9898148148148149,0.9898011413534228
Mice,True,natural,0.0168,1,MissForest,KNN,0.9787037037037039,0.9783831029112534
Mice,True,natural,0.0168,1,MissForest,RF,0.9953703703703702,0.9953876059313835
Mice,True,natural,0.0168,1,MissForest,SVC,0.9962962962962962,0.9963909643282844
Mice,True,natural,0.0168,1,SoftImpute,LR,0.9907407407407408,0.9907956296523295
Mice,True,natural,0.0168,1,SoftImpute,KNN,0.9787037037037039,0.978504544710338
Mice,True,natural,0.0168,1,SoftImpute,RF,0.9953703703703702,0.9952333141807962
Mice,True,natural,0.0168,1,SoftImpute,SVC,0.9972222222222221,0.9973172078960374
Mice,True,natural,0.0168,1,GAIN,LR,0.9898148148148149,0.9897250692110834
Mice,True,natural,0.0168,1,GAIN,KNN,0.9796296296296297,0.9792097233633715
Mice,True,natural,0.0168,1,GAIN,RF,0.9962962962962962,0.9962211708105165
Mice,True,natural,0.0168,1,GAIN,SVC,0.9972222222222221,0.9973172078960374
Mice,True,natural,0.0168,1,NDI-F1,LR,0.9898148148148147,0.989921603264099
Mice,True,natural,0.0168,1,NDI-F1,KNN,0.9814814814814815,0.9812579943554229
Mice,True,natural,0.0168,1,NDI-F1,RF,0.9944444444444445,0.9943931901019427
Mice,True,natural,0.0168,1,NDI-F1,SVC,0.9972222222222221,0.9973172078960374
Mice,True,natural,0.0168,1,NDI-F-noclip,LR,0.9898148148148149,0.9897250692110834
Mice,True,natural,0.0168,1,NDI-F-noclip,KNN,0.9777777777777779,0.9773961209839801
Mice,True,natural,0.0168,1,NDI-F-noclip,RF,0.9944444444444445,0.9943435983744593
Mice,True,natural,0.0168,1,NDI-F-noclip,SVC,0.9972222222222221,0.9973172078960374
Mice,True,natural,0.0168,1,NDI-F,LR,0.9898148148148149,0.9897250692110834
Mice,True,natural,0.0168,1,NDI-F,KNN,0.9777777777777779,0.9773961209839801
Mice,True,natural,0.0168,1,NDI-F,RF,0.9944444444444445,0.9943435983744593
Mice,True,natural,0.0168,1,NDI-F,SVC,0.9972222222222221,0.9973172078960374
Mice,True,natural,0.0168,1,Copula-NDI-F,LR,0.9898148148148149,0.9897250692110834
Mice,True,natural,0.0168,1,Copula-NDI-F,KNN,0.975925925925926,0.9755737785548263
Mice,True,natural,0.0168,1,Copula-NDI-F,RF,0.9935185185185185,0.9935205432905209
Mice,True,natural,0.0168,1,Copula-NDI-F,SVC,0.9972222222222221,0.9973172078960374
Mice,True,natural,0.0168,1,MIWAE,LR,0.9898148148148149,0.9897250692110834
Mice,True,natural,0.0168,1,MIWAE,KNN,0.9768518518518519,0.9766946059794777
Mice,True,natural,0.0168,1,MIWAE,RF,0.9953703703703702,0.9952333141807964
Mice,True,natural,0.0168,1,MIWAE,SVC,0.9972222222222221,0.9973172078960374
Mice,True,natural,0.0168,1,Sinkhorn,LR,0.9898148148148149,0.9899074789703137
Mice,True,natural,0.0168,1,Sinkhorn,KNN,0.9787037037037039,0.9784549997005147
Mice,True,natural,0.0168,1,Sinkhorn,RF,0.9944444444444445,0.994530174846088
Mice,True,natural,0.0168,1,Sinkhorn,SVC,0.9962962962962963,0.9964356737172562
Mice,True,natural,0.0168,1,HyperImpute,LR,0.9898148148148149,0.9897250692110834
Mice,True,natural,0.0168,1,HyperImpute,KNN,0.9787037037037039,0.9783828631956126
Mice,True,natural,0.0168,1,HyperImpute,RF,0.9962962962962962,0.9961115884489011
Mice,True,natural,0.0168,1,HyperImpute,SVC,0.9972222222222221,0.9973172078960374
Mice,True,natural,0.0168,1,ReMasker,LR,0.9898148148148149,0.9899074789703137
Mice,True,natural,0.0168,1,ReMasker,KNN,0.9805555555555555,0.980367804355082
Mice,True,natural,0.0168,1,ReMasker,RF,0.9972222222222221,0.9969931226276824
Mice,True,natural,0.0168,1,ReMasker,SVC,0.9972222222222221,0.9973172078960374
Mice,True,natural,0.0168,2,Mean,LR,0.9907407407407408,0.990800311940153
Mice,True,natural,0.0168,2,Mean,KNN,0.9777777777777779,0.9779069034199763
Mice,True,natural,0.0168,2,Mean,RF,0.9925925925925926,0.9924279249909678
Mice,True,natural,0.0168,2,Mean,SVC,0.9962962962962962,0.9962644320758198
Mice,True,natural,0.0168,2,NDI-0,LR,0.9907407407407408,0.990800311940153
Mice,True,natural,0.0168,2,NDI-0,KNN,0.9796296296296297,0.9797162215361933
Mice,True,natural,0.0168,2,NDI-0,RF,0.9935185185185185,0.9936649645440504
Mice,True,natural,0.0168,2,NDI-0,SVC,0.9962962962962962,0.9962644320758198
Mice,True,natural,0.0168,2,NDI-C,LR,0.9916666666666666,0.9916042994926935
Mice,True,natural,0.0168,2,NDI-C,KNN,0.9740740740740741,0.9742236610297248
Mice,True,natural,0.0168,2,NDI-C,RF,0.9916666666666666,0.9918723473235416
Mice,True,natural,0.0168,2,NDI-C,SVC,0.9962962962962962,0.9962644320758198
Mice,True,natural,0.0168,2,NDI-S,LR,0.9916666666666666,0.9916042994926935
Mice,True,natural,0.0168,2,NDI-S,KNN,0.975925925925926,0.9760996748610689
Mice,True,natural,0.0168,2,NDI-S,RF,0.9916666666666666,0.9919203166231897
Mice,True,natural,0.0168,2,NDI-S,SVC,0.9962962962962962,0.9962644320758198
Mice,True,natural,0.0168,2,GaussCM,LR,0.9898148148148149,0.9896721249639915
Mice,True,natural,0.0168,2,GaussCM,KNN,0.9703703703703704,0.9705264376317408
Mice,True,natural,0.0168,2,GaussCM,RF,0.9916666666666668,0.9920432140815176
Mice,True,natural,0.0168,2,GaussCM,SVC,0.9962962962962962,0.9962644320758198
Mice,True,natural,0.0168,2,KNN,LR,0.9907407407407407,0.9907230829557392
Mice,True,natural,0.0168,2,KNN,KNN,0.9731481481481481,0.9733494156901068
Mice,True,natural,0.0168,2,KNN,RF,0.9944444444444445,0.9947249329452719
Mice,True,natural,0.0168,2,KNN,SVC,0.9962962962962962,0.9962644320758198
Mice,True,natural,0.0168,2,MICE,LR,0.9907407407407407,0.9908235057887202
Mice,True,natural,0.0168,2,MICE,KNN,0.9740740740740741,0.9741627779667736
Mice,True,natural,0.0168,2,MICE,RF,0.9935185185185185,0.9938320473387685
Mice,True,natural,0.0168,2,MICE,SVC,0.9962962962962962,0.9962644320758198
Mice,True,natural,0.0168,2,MissForest,LR,0.9898148148148149,0.9897592042366139
Mice,True,natural,0.0168,2,MissForest,KNN,0.9703703703703704,0.9705269004297046
Mice,True,natural,0.0168,2,MissForest,RF,0.9925925925925926,0.9927671965990352
Mice,True,natural,0.0168,2,MissForest,SVC,0.9962962962962962,0.9962644320758198
Mice,True,natural,0.0168,2,SoftImpute,LR,0.9907407407407407,0.9908235057887202
Mice,True,natural,0.0168,2,SoftImpute,KNN,0.9703703703703704,0.9705169250279727
Mice,True,natural,0.0168,2,SoftImpute,RF,0.9916666666666666,0.9919057052847912
Mice,True,natural,0.0168,2,SoftImpute,SVC,0.9962962962962962,0.9962644320758198
Mice,True,natural,0.0168,2,GAIN,LR,0.9907407407407407,0.9908235057887202
Mice,True,natural,0.0168,2,GAIN,KNN,0.9731481481481483,0.9732503492546869
Mice,True,natural,0.0168,2,GAIN,RF,0.9935185185185185,0.9936344236618158
Mice,True,natural,0.0168,2,GAIN,SVC,0.9962962962962962,0.9962644320758198
Mice,True,natural,0.0168,2,NDI-F1,LR,0.9916666666666666,0.9916681849167484
Mice,True,natural,0.0168,2,NDI-F1,KNN,0.9777777777777779,0.9778621940310046
Mice,True,natural,0.0168,2,NDI-F1,RF,0.9925925925925926,0.9926006629919438
Mice,True,natural,0.0168,2,NDI-F1,SVC,0.9962962962962962,0.9962644320758198
Mice,True,natural,0.0168,2,NDI-F-noclip,LR,0.9888888888888889,0.9888469395128736
Mice,True,natural,0.0168,2,NDI-F-noclip,KNN,0.9703703703703704,0.9704963890098407
Mice,True,natural,0.0168,2,NDI-F-noclip,RF,0.9898148148148149,0.9900961827007254
Mice,True,natural,0.0168,2,NDI-F-noclip,SVC,0.9962962962962962,0.9962644320758198
Mice,True,natural,0.0168,2,NDI-F,LR,0.9888888888888889,0.9888469395128736
Mice,True,natural,0.0168,2,NDI-F,KNN,0.9703703703703704,0.9704963890098407
Mice,True,natural,0.0168,2,NDI-F,RF,0.9898148148148149,0.9900961827007254
Mice,True,natural,0.0168,2,NDI-F,SVC,0.9962962962962962,0.9962644320758198
Mice,True,natural,0.0168,2,Copula-NDI-F,LR,0.9898148148148149,0.9897148124894691
Mice,True,natural,0.0168,2,Copula-NDI-F,KNN,0.9703703703703704,0.9704963890098407
Mice,True,natural,0.0168,2,Copula-NDI-F,RF,0.9907407407407408,0.9908312096769464
Mice,True,natural,0.0168,2,Copula-NDI-F,SVC,0.9962962962962962,0.9962644320758198
Mice,True,natural,0.0168,2,MIWAE,LR,0.9916666666666666,0.9917047223256745
Mice,True,natural,0.0168,2,MIWAE,KNN,0.9712962962962963,0.9713771551695359
Mice,True,natural,0.0168,2,MIWAE,RF,0.9898148148148147,0.9902729210363634
Mice,True,natural,0.0168,2,MIWAE,SVC,0.9962962962962962,0.9962644320758198
Mice,True,natural,0.0168,2,Sinkhorn,LR,0.9916666666666666,0.9916042994926935
Mice,True,natural,0.0168,2,Sinkhorn,KNN,0.9740740740740742,0.9740615919564771
Mice,True,natural,0.0168,2,Sinkhorn,RF,0.9935185185185185,0.9937986893775189
Mice,True,natural,0.0168,2,Sinkhorn,SVC,0.9962962962962962,0.9962644320758198
Mice,True,natural,0.0168,2,HyperImpute,LR,0.9916666666666666,0.9917048084217018
Mice,True,natural,0.0168,2,HyperImpute,KNN,0.9722222222222223,0.9723204005226087
Mice,True,natural,0.0168,2,HyperImpute,RF,0.9925925925925926,0.9927671965990352
Mice,True,natural,0.0168,2,HyperImpute,SVC,0.9962962962962962,0.9962644320758198
Mice,True,natural,0.0168,2,ReMasker,LR,0.9935185185185185,0.9935119508845821
Mice,True,natural,0.0168,2,ReMasker,KNN,0.975,0.975008886915754
Mice,True,natural,0.0168,2,ReMasker,RF,0.9907407407407407,0.991031324116048
Mice,True,natural,0.0168,2,ReMasker,SVC,0.9953703703703702,0.9953715464693165
iris,False,MCAR,0.3,0,EM-FA,LR,0.9,0.8997519645816858
iris,False,MCAR,0.3,0,EM-FA,KNN,0.9,0.8998501899430691
iris,False,MCAR,0.3,0,EM-FA,RF,0.8800000000000001,0.8781238449659503
iris,False,MCAR,0.3,0,EM-FA,SVC,0.9066666666666666,0.9066682451821769
iris,False,MCAR,0.3,0,EM-PPCA,LR,0.9066666666666666,0.9058199892767128
iris,False,MCAR,0.3,0,EM-PPCA,KNN,0.8800000000000001,0.878232704911935
iris,False,MCAR,0.3,0,EM-PPCA,RF,0.8933333333333333,0.8914703625943362
iris,False,MCAR,0.3,0,EM-PPCA,SVC,0.9066666666666666,0.9055820801843147
iris,False,MCAR,0.3,1,EM-FA,LR,0.9533333333333334,0.9533166248955721
iris,False,MCAR,0.3,1,EM-FA,KNN,0.9533333333333334,0.9532497911445279
iris,False,MCAR,0.3,1,EM-FA,RF,0.9400000000000001,0.9402172096908938
iris,False,MCAR,0.3,1,EM-FA,SVC,0.9533333333333334,0.9532497911445279
iris,False,MCAR,0.3,1,EM-PPCA,LR,0.9200000000000002,0.9197650692387533
iris,False,MCAR,0.3,1,EM-PPCA,KNN,0.9066666666666666,0.90643173590542
iris,False,MCAR,0.3,1,EM-PPCA,RF,0.9333333333333333,0.9323186754765702
iris,False,MCAR,0.3,1,EM-PPCA,SVC,0.9266666666666667,0.9264818612187031
iris,False,MCAR,0.3,2,EM-FA,LR,0.9066666666666666,0.9069320359722838
iris,False,MCAR,0.3,2,EM-FA,KNN,0.8933333333333333,0.8938532036257169
iris,False,MCAR,0.3,2,EM-FA,RF,0.8933333333333333,0.8913608616596906
iris,False,MCAR,0.3,2,EM-FA,SVC,0.9199999999999999,0.9207924445695344
iris,False,MCAR,0.3,2,EM-PPCA,LR,0.9000000000000001,0.9010190385934094
iris,False,MCAR,0.3,2,EM-PPCA,KNN,0.9133333333333333,0.913936745814522
iris,False,MCAR,0.3,2,EM-PPCA,RF,0.9066666666666666,0.9070499481025797
iris,False,MCAR,0.3,2,EM-PPCA,SVC,0.9066666666666666,0.9074490289377891
iris,False,MAR,0.3,0,EM-FA,LR,0.9466666666666667,0.946147692463482
iris,False,MAR,0.3,0,EM-FA,KNN,0.9266666666666667,0.9263471810840231
iris,False,MAR,0.3,0,EM-FA,RF,0.9533333333333335,0.9530472646262119
iris,False,MAR,0.3,0,EM-FA,SVC,0.9333333333333333,0.9331151110098478
iris,False,MAR,0.3,0,EM-PPCA,LR,0.9199999999999999,0.919548872180451
iris,False,MAR,0.3,0,EM-PPCA,KNN,0.9333333333333333,0.9331996658312448
iris,False,MAR,0.3,0,EM-PPCA,RF,0.9266666666666667,0.9261060579838343
iris,False,MAR,0.3,0,EM-PPCA,SVC,0.9333333333333333,0.9332163742690058
iris,False,MAR,0.3,1,EM-FA,LR,0.8400000000000001,0.8399339846425592
iris,False,MAR,0.3,1,EM-FA,KNN,0.82,0.8204706799160965
iris,False,MAR,0.3,1,EM-FA,RF,0.7866666666666667,0.7878560036454773
iris,False,MAR,0.3,1,EM-FA,SVC,0.8400000000000001,0.8389649711998615
iris,False,MAR,0.3,1,EM-PPCA,LR,0.78,0.7821533632059947
iris,False,MAR,0.3,1,EM-PPCA,KNN,0.8333333333333333,0.8327038319661823
iris,False,MAR,0.3,1,EM-PPCA,RF,0.78,0.7806997291207818
iris,False,MAR,0.3,1,EM-PPCA,SVC,0.82,0.822104816408222
iris,False,MAR,0.3,2,EM-FA,LR,0.9,0.8991417938786361
iris,False,MAR,0.3,2,EM-FA,KNN,0.8400000000000001,0.8385102232187978
iris,False,MAR,0.3,2,EM-FA,RF,0.8733333333333334,0.8727025991960706
iris,False,MAR,0.3,2,EM-FA,SVC,0.8800000000000001,0.8795540713107007
iris,False,MAR,0.3,2,EM-PPCA,LR,0.8933333333333333,0.8930842257158046
iris,False,MAR,0.3,2,EM-PPCA,KNN,0.8133333333333335,0.8124936848048977
iris,False,MAR,0.3,2,EM-PPCA,RF,0.8933333333333333,0.8926265157844107
iris,False,MAR,0.3,2,EM-PPCA,SVC,0.8866666666666667,0.8866507947514812
iris,False,MNAR,0.3,0,EM-FA,LR,0.9533333333333334,0.9530305561884509
iris,False,MNAR,0.3,0,EM-FA,KNN,0.9133333333333334,0.913336877547404
iris,False,MNAR,0.3,0,EM-FA,RF,0.9266666666666667,0.9263946582724344
iris,False,MNAR,0.3,0,EM-FA,SVC,0.9333333333333333,0.9334715576820839
iris,False,MNAR,0.3,0,EM-PPCA,LR,0.9333333333333333,0.9330223385843255
iris,False,MNAR,0.3,0,EM-PPCA,KNN,0.9200000000000002,0.9201215159109897
iris,False,MNAR,0.3,0,EM-PPCA,RF,0.9066666666666666,0.9063779498346735
iris,False,MNAR,0.3,0,EM-PPCA,SVC,0.9333333333333333,0.9334715576820839
iris,False,MNAR,0.3,1,EM-FA,LR,0.9,0.9001336675020886
iris,False,MNAR,0.3,1,EM-FA,KNN,0.9000000000000001,0.8991383092311885
iris,False,MNAR,0.3,1,EM-FA,RF,0.9199999999999999,0.9198541809068125
iris,False,MNAR,0.3,1,EM-FA,SVC,0.9066666666666666,0.907087921824764
iris,False,MNAR,0.3,1,EM-PPCA,LR,0.9,0.9001336675020886
iris,False,MNAR,0.3,1,EM-PPCA,KNN,0.8933333333333333,0.893738892686261
iris,False,MNAR,0.3,1,EM-PPCA,RF,0.9199999999999999,0.9198541809068125
iris,False,MNAR,0.3,1,EM-PPCA,SVC,0.9133333333333333,0.9137545884914307
iris,False,MNAR,0.3,2,EM-FA,LR,0.9466666666666667,0.946147692463482
iris,False,MNAR,0.3,2,EM-FA,KNN,0.9533333333333334,0.9531819447608921
iris,False,MNAR,0.3,2,EM-FA,RF,0.96,0.9598319029897977
iris,False,MNAR,0.3,2,EM-FA,SVC,0.9533333333333334,0.9531819447608921
iris,False,MNAR,0.3,2,EM-PPCA,LR,0.9400000000000001,0.9397260828839775
iris,False,MNAR,0.3,2,EM-PPCA,KNN,0.9266666666666667,0.9260503631912973
iris,False,MNAR,0.3,2,EM-PPCA,RF,0.9466666666666667,0.9465329991645781
iris,False,MNAR,0.3,2,EM-PPCA,SVC,0.9266666666666665,0.9261214235827238
wine,False,MCAR,0.3,0,EM-FA,LR,0.9607936507936508,0.9618904526272948
wine,False,MCAR,0.3,0,EM-FA,KNN,0.9496825396825397,0.9519111187931515
wine,False,MCAR,0.3,0,EM-FA,RF,0.9604761904761905,0.9610504966119002
wine,False,MCAR,0.3,0,EM-FA,SVC,0.9665079365079364,0.9667668900343802
wine,False,MCAR,0.3,0,EM-PPCA,LR,0.9663492063492063,0.9676784268363215
wine,False,MCAR,0.3,0,EM-PPCA,KNN,0.9493650793650794,0.9512068490314105
wine,False,MCAR,0.3,0,EM-PPCA,RF,0.9661904761904762,0.966402322702071
wine,False,MCAR,0.3,0,EM-PPCA,SVC,0.9495238095238095,0.9511834952594178
wine,False,MCAR,0.3,1,EM-FA,LR,0.9384126984126985,0.9400822638714932
wine,False,MCAR,0.3,1,EM-FA,KNN,0.9268253968253968,0.92822506538296
wine,False,MCAR,0.3,1,EM-FA,RF,0.9496825396825397,0.950706701162597
wine,False,MCAR,0.3,1,EM-FA,SVC,0.9495238095238095,0.9494489721700852
wine,False,MCAR,0.3,1,EM-PPCA,LR,0.9099999999999999,0.9105930580812615
wine,False,MCAR,0.3,1,EM-PPCA,KNN,0.9099999999999999,0.9108686568961168
wine,False,MCAR,0.3,1,EM-PPCA,RF,0.943968253968254,0.944484314148219
wine,False,MCAR,0.3,1,EM-PPCA,SVC,0.9323809523809523,0.9315621393812605
wine,False,MCAR,0.3,2,EM-FA,LR,0.949047619047619,0.950370657282938
wine,False,MCAR,0.3,2,EM-FA,KNN,0.9495238095238095,0.9496640984744301
wine,False,MCAR,0.3,2,EM-FA,RF,0.949047619047619,0.950370657282938
wine,False,MCAR,0.3,2,EM-FA,SVC,0.9604761904761905,0.9604551752785004
wine,False,MCAR,0.3,2,EM-PPCA,LR,0.9438095238095239,0.9455101441768108
wine,False,MCAR,0.3,2,EM-PPCA,KNN,0.943968253968254,0.944794187358905
wine,False,MCAR,0.3,2,EM-PPCA,RF,0.9492063492063492,0.9496628750509177
wine,False,MCAR,0.3,2,EM-PPCA,SVC,0.9604761904761905,0.960902356902357
wine,False,MAR,0.3,0,EM-FA,LR,0.9663492063492063,0.9664888385839149
wine,False,MAR,0.3,0,EM-FA,KNN,0.9720634920634922,0.9729861405650879
wine,False,MAR,0.3,0,EM-FA,RF,0.9774603174603176,0.9779174100124864
wine,False,MAR,0.3,0,EM-FA,SVC,0.9717460317460318,0.9719797123527772
wine,False,MAR,0.3,0,EM-PPCA,LR,0.9663492063492063,0.9667285988236752
wine,False,MAR,0.3,0,EM-PPCA,KNN,0.9665079365079364,0.9664394033516839
wine,False,MAR,0.3,0,EM-PPCA,RF,0.9493650793650794,0.9489299749695901
wine,False,MAR,0.3,0,EM-PPCA,SVC,0.9717460317460318,0.9714717758448408
wine,False,MAR,0.3,1,EM-FA,LR,0.8763492063492064,0.8815985441622622
wine,False,MAR,0.3,1,EM-FA,KNN,0.8988888888888888,0.9014673630463104
wine,False,MAR,0.3,1,EM-FA,RF,0.9271428571428573,0.9309290467230478
wine,False,MAR,0.3,1,EM-FA,SVC,0.9495238095238095,0.9510424576071752
wine,False,MAR,0.3,1,EM-PPCA,LR,0.8707936507936509,0.8738761715823185
wine,False,MAR,0.3,1,EM-PPCA,KNN,0.8933333333333333,0.8967275101063222
wine,False,MAR,0.3,1,EM-PPCA,RF,0.9330158730158731,0.9351390561522864
wine,False,MAR,0.3,1,EM-PPCA,SVC,0.9495238095238095,0.951028890926942
wine,False,MAR,0.3,2,EM-FA,LR,0.9042857142857142,0.9090630849988539
wine,False,MAR,0.3,2,EM-FA,KNN,0.9042857142857142,0.9090133881712829
wine,False,MAR,0.3,2,EM-FA,RF,0.9436507936507936,0.9475316659944346
wine,False,MAR,0.3,2,EM-FA,SVC,0.9265079365079364,0.929870147547309
wine,False,MAR,0.3,2,EM-PPCA,LR,0.8985714285714286,0.9034345801259714
wine,False,MAR,0.3,2,EM-PPCA,KNN,0.8985714285714286,0.9034430823161473
wine,False,MAR,0.3,2,EM-PPCA,RF,0.9212698412698412,0.9256616517753319
wine,False,MAR,0.3,2,EM-PPCA,SVC,0.9207936507936507,0.9238983214302923
wine,False,MNAR,0.3,0,EM-FA,LR,0.9495238095238095,0.9485138549333818
wine,False,MNAR,0.3,0,EM-FA,KNN,0.9382539682539681,0.9393114060325193
wine,False,MNAR,0.3,0,EM-FA,RF,0.943968253968254,0.944139957226151
wine,False,MNAR,0.3,0,EM-FA,SVC,0.9661904761904762,0.9662515915531513
wine,False,MNAR,0.3,0,EM-PPCA,LR,0.9550793650793651,0.9552620359271771
wine,False,MNAR,0.3,0,EM-PPCA,KNN,0.9438095238095237,0.9446139135089398
wine,False,MNAR,0.3,0,EM-PPCA,RF,0.9552380952380952,0.9558407934741873
wine,False,MNAR,0.3,0,EM-PPCA,SVC,0.9717460317460318,0.9714429112372246
wine,False,MNAR,0.3,1,EM-FA,LR,0.943968253968254,0.9444344094871348
wine,False,MNAR,0.3,1,EM-FA,KNN,0.9492063492063492,0.9510584234477026
wine,False,MNAR,0.3,1,EM-FA,RF,0.9493650793650794,0.9511072078689509
wine,False,MNAR,0.3,1,EM-FA,SVC,0.971904761904762,0.9728212301387232
wine,False,MNAR,0.3,1,EM-PPCA,LR,0.9552380952380952,0.9556596081349958
wine,False,MNAR,0.3,1,EM-PPCA,KNN,0.9604761904761905,0.9611786731786733
wine,False,MNAR,0.3,1,EM-PPCA,RF,0.9607936507936508,0.9620187745349036
wine,False,MNAR,0.3,1,EM-PPCA,SVC,0.9719047619047618,0.9726252150001793
wine,False,MNAR,0.3,2,EM-FA,LR,0.9157142857142857,0.9169541394716176
wine,False,MNAR,0.3,2,EM-FA,KNN,0.9382539682539683,0.9404458526472258
wine,False,MNAR,0.3,2,EM-FA,RF,0.9441269841269841,0.9451485368426897
wine,False,MNAR,0.3,2,EM-FA,SVC,0.943968253968254,0.945627028783661
wine,False,MNAR,0.3,2,EM-PPCA,LR,0.9101587301587302,0.9119429318529768
wine,False,MNAR,0.3,2,EM-PPCA,KNN,0.926984126984127,0.9294838372624217
wine,False,MNAR,0.3,2,EM-PPCA,RF,0.9325396825396826,0.9331308543752321
wine,False,MNAR,0.3,2,EM-PPCA,SVC,0.9271428571428573,0.9288216591417374
glass,False,MCAR,0.3,0,EM-FA,LR,0.6,0.4779903232670635
glass,False,MCAR,0.3,0,EM-FA,KNN,0.6536585365853659,0.5383499170426148
glass,False,MCAR,0.3,0,EM-FA,RF,0.7463414634146341,0.6370364863543231
glass,False,MCAR,0.3,0,EM-FA,SVC,0.6634146341463414,0.5534254464402858
glass,False,MCAR,0.3,0,EM-PPCA,LR,0.5853658536585367,0.4559415206768148
glass,False,MCAR,0.3,0,EM-PPCA,KNN,0.6682926829268292,0.5393283325869532
glass,False,MCAR,0.3,0,EM-PPCA,RF,0.7121951219512195,0.6390220792279616
glass,False,MCAR,0.3,0,EM-PPCA,SVC,0.6390243902439025,0.5123423692977446
glass,False,MCAR,0.3,1,EM-FA,LR,0.5707317073170732,0.456155947812298
glass,False,MCAR,0.3,1,EM-FA,KNN,0.5804878048780489,0.4727571137052295
glass,False,MCAR,0.3,1,EM-FA,RF,0.7121951219512196,0.5749592228111753
glass,False,MCAR,0.3,1,EM-FA,SVC,0.6439024390243903,0.5361313793571858
glass,False,MCAR,0.3,1,EM-PPCA,LR,0.526829268292683,0.39652031052113557
glass,False,MCAR,0.3,1,EM-PPCA,KNN,0.5804878048780489,0.4458191115682446
glass,False,MCAR,0.3,1,EM-PPCA,RF,0.6634146341463415,0.44792211488701056
glass,False,MCAR,0.3,1,EM-PPCA,SVC,0.6292682926829268,0.4349276875338582
glass,False,MCAR,0.3,2,EM-FA,LR,0.5121951219512195,0.4120389074772376
glass,False,MCAR,0.3,2,EM-FA,KNN,0.6097560975609756,0.5335741029158487
glass,False,MCAR,0.3,2,EM-FA,RF,0.6780487804878048,0.6183960827172565
glass,False,MCAR,0.3,2,EM-FA,SVC,0.6536585365853659,0.5789190817223273
glass,False,MCAR,0.3,2,EM-PPCA,LR,0.5024390243902439,0.38229653453244594
glass,False,MCAR,0.3,2,EM-PPCA,KNN,0.6195121951219512,0.5575085796253761
glass,False,MCAR,0.3,2,EM-PPCA,RF,0.6292682926829268,0.5555117049954779
glass,False,MCAR,0.3,2,EM-PPCA,SVC,0.6146341463414634,0.49842535295191837
glass,False,MAR,0.3,0,EM-FA,LR,0.6243902439024391,0.5289774956843922
glass,False,MAR,0.3,0,EM-FA,KNN,0.7073170731707317,0.5510613523135607
glass,False,MAR,0.3,0,EM-FA,RF,0.7414634146341463,0.5883132798238471
glass,False,MAR,0.3,0,EM-FA,SVC,0.673170731707317,0.5349857023751546
glass,False,MAR,0.3,0,EM-PPCA,LR,0.6341463414634146,0.4872908481951863
glass,False,MAR,0.3,0,EM-PPCA,KNN,0.6829268292682926,0.532176400580379
glass,False,MAR,0.3,0,EM-PPCA,RF,0.7121951219512195,0.5890083994711592
glass,False,MAR,0.3,0,EM-PPCA,SVC,0.6585365853658536,0.512150379032732
glass,False,MAR,0.3,1,EM-FA,LR,0.526829268292683,0.451885334228382
glass,False,MAR,0.3,1,EM-FA,KNN,0.5902439024390245,0.441312979405711
glass,False,MAR,0.3,1,EM-FA,RF,0.6682926829268292,0.5547996186819717
glass,False,MAR,0.3,1,EM-FA,SVC,0.6487804878048781,0.4794422523446792
glass,False,MAR,0.3,1,EM-PPCA,LR,0.4975609756097561,0.3880544159074105
glass,False,MAR,0.3,1,EM-PPCA,KNN,0.575609756097561,0.4079706295434883
glass,False,MAR,0.3,1,EM-PPCA,RF,0.6585365853658536,0.5030749506769268
glass,False,MAR,0.3,1,EM-PPCA,SVC,0.624390243902439,0.46672212983085026
glass,False,MAR,0.3,2,EM-FA,LR,0.6146341463414634,0.5313351079536908
glass,False,MAR,0.3,2,EM-FA,KNN,0.6829268292682926,0.609404997215545
glass,False,MAR,0.3,2,EM-FA,RF,0.7414634146341463,0.672073217144211
glass,False,MAR,0.3,2,EM-FA,SVC,0.6780487804878049,0.5894384862449379
glass,False,MAR,0.3,2,EM-PPCA,LR,0.6341463414634146,0.5417097648801503
glass,False,MAR,0.3,2,EM-PPCA,KNN,0.6146341463414634,0.5468779864021636
glass,False,MAR,0.3,2,EM-PPCA,RF,0.7268292682926829,0.6552748743655307
glass,False,MAR,0.3,2,EM-PPCA,SVC,0.6780487804878049,0.590626472094214
glass,False,MNAR,0.3,0,EM-FA,LR,0.5853658536585367,0.5027143864990165
glass,False,MNAR,0.3,0,EM-FA,KNN,0.6731707317073171,0.5633978982925851
glass,False,MNAR,0.3,0,EM-FA,RF,0.7170731707317073,0.6460401763731469
glass,False,MNAR,0.3,0,EM-FA,SVC,0.6634146341463415,0.5868354581832842
glass,False,MNAR,0.3,0,EM-PPCA,LR,0.5609756097560976,0.45209377460493083
glass,False,MNAR,0.3,0,EM-PPCA,KNN,0.6731707317073171,0.5562878094566899
glass,False,MNAR,0.3,0,EM-PPCA,RF,0.7024390243902439,0.5971739148475392
glass,False,MNAR,0.3,0,EM-PPCA,SVC,0.6829268292682927,0.5756584344454991
glass,False,MNAR,0.3,1,EM-FA,LR,0.5902439024390245,0.45299603973228264
glass,False,MNAR,0.3,1,EM-FA,KNN,0.6146341463414634,0.5225995523403076
glass,False,MNAR,0.3,1,EM-FA,RF,0.6682926829268293,0.5733510993188412
glass,False,MNAR,0.3,1,EM-FA,SVC,0.6731707317073171,0.5633232200105196
glass,False,MNAR,0.3,1,EM-PPCA,LR,0.5902439024390245,0.4950263584134552
glass,False,MNAR,0.3,1,EM-PPCA,KNN,0.5756097560975609,0.49979638387814135
glass,False,MNAR,0.3,1,EM-PPCA,RF,0.6585365853658537,0.5478505514093749
glass,False,MNAR,0.3,1,EM-PPCA,SVC,0.6439024390243903,0.5009237757952859
glass,False,MNAR,0.3,2,EM-FA,LR,0.5902439024390244,0.45577231700761117
glass,False,MNAR,0.3,2,EM-FA,KNN,0.673170731707317,0.5620517324310427
glass,False,MNAR,0.3,2,EM-FA,RF,0.673170731707317,0.5822741747772173
glass,False,MNAR,0.3,2,EM-FA,SVC,0.6926829268292682,0.6098346341510641
glass,False,MNAR,0.3,2,EM-PPCA,LR,0.6,0.47582830073152654
glass,False,MNAR,0.3,2,EM-PPCA,KNN,0.6390243902439025,0.5342544291408389
glass,False,MNAR,0.3,2,EM-PPCA,RF,0.6780487804878048,0.5763058679671582
glass,False,MNAR,0.3,2,EM-PPCA,SVC,0.6878048780487805,0.5936632605618406
ecoli,False,MCAR,0.3,0,EM-FA,LR,0.804149184149184,0.7508469187649955
ecoli,False,MCAR,0.3,0,EM-FA,KNN,0.7735664335664335,0.6928333609613657
ecoli,False,MCAR,0.3,0,EM-FA,RF,0.7737062937062937,0.6781140109800895
ecoli,False,MCAR,0.3,0,EM-FA,SVC,0.798088578088578,0.7255363131292141
ecoli,False,MCAR,0.3,0,EM-PPCA,LR,0.8071794871794872,0.7520121770000582
ecoli,False,MCAR,0.3,0,EM-PPCA,KNN,0.7674592074592075,0.6978641077901601
ecoli,False,MCAR,0.3,0,EM-PPCA,RF,0.795011655011655,0.7291197595330212
ecoli,False,MCAR,0.3,0,EM-PPCA,SVC,0.8103030303030303,0.7300349642054998
ecoli,False,MCAR,0.3,1,EM-FA,LR,0.8074125874125875,0.7295702484315056
ecoli,False,MCAR,0.3,1,EM-FA,KNN,0.8102097902097902,0.7367813287787477
ecoli,False,MCAR,0.3,1,EM-FA,RF,0.8195337995337993,0.7324793422790039
ecoli,False,MCAR,0.3,1,EM-FA,SVC,0.8256876456876459,0.7475621350232672
ecoli,False,MCAR,0.3,1,EM-PPCA,LR,0.8013053613053612,0.712185270223092
ecoli,False,MCAR,0.3,1,EM-PPCA,KNN,0.798088578088578,0.7201661854904711
ecoli,False,MCAR,0.3,1,EM-PPCA,RF,0.7920279720279719,0.6965942105522277
ecoli,False,MCAR,0.3,1,EM-PPCA,SVC,0.8256876456876456,0.7451555158490815
ecoli,False,MCAR,0.3,2,EM-FA,LR,0.8227039627039627,0.7390335023939143
ecoli,False,MCAR,0.3,2,EM-FA,KNN,0.7827972027972028,0.6783521829836706
ecoli,False,MCAR,0.3,2,EM-FA,RF,0.7798135198135198,0.6650937429867534
ecoli,False,MCAR,0.3,2,EM-FA,SVC,0.801165501165501,0.687891276663539
ecoli,False,MCAR,0.3,2,EM-PPCA,LR,0.8012587412587411,0.6829029234876185
ecoli,False,MCAR,0.3,2,EM-PPCA,KNN,0.7826107226107226,0.6737598799406712
ecoli,False,MCAR,0.3,2,EM-PPCA,RF,0.7736596736596736,0.6432645200165095
ecoli,False,MCAR,0.3,2,EM-PPCA,SVC,0.8041958041958042,0.6823081864831415
ecoli,False,MAR,0.3,0,EM-FA,LR,0.8623776223776224,0.7971883395938614
ecoli,False,MAR,0.3,0,EM-FA,KNN,0.831888111888112,0.7629020768594861
ecoli,False,MAR,0.3,0,EM-FA,RF,0.844055944055944,0.7619348658320664
ecoli,False,MAR,0.3,0,EM-FA,SVC,0.844009324009324,0.7672440313342813
ecoli,False,MAR,0.3,0,EM-PPCA,LR,0.8532867132867132,0.7805761484384302
ecoli,False,MAR,0.3,0,EM-PPCA,KNN,0.8195337995337996,0.7396779800561925
ecoli,False,MAR,0.3,0,EM-PPCA,RF,0.8256876456876456,0.745131848260357
ecoli,False,MAR,0.3,0,EM-PPCA,SVC,0.8319347319347319,0.7575659440968154
ecoli,False,MAR,0.3,1,EM-FA,LR,0.844055944055944,0.811044969817926
ecoli,False,MAR,0.3,1,EM-FA,KNN,0.7983216783216783,0.7445869146524071
ecoli,False,MAR,0.3,1,EM-FA,RF,0.8347785547785549,0.7815889630027627
ecoli,False,MAR,0.3,1,EM-FA,SVC,0.8411188811188811,0.8046947241083237
ecoli,False,MAR,0.3,1,EM-PPCA,LR,0.8441025641025639,0.8011657054978242
ecoli,False,MAR,0.3,1,EM-PPCA,KNN,0.8012587412587413,0.7449885789240321
ecoli,False,MAR,0.3,1,EM-PPCA,RF,0.8318414918414918,0.7706366609417664
ecoli,False,MAR,0.3,1,EM-PPCA,SVC,0.8531934731934732,0.8138289317927218
ecoli,False,MAR,0.3,2,EM-FA,LR,0.7584149184149185,0.6021544585113114
ecoli,False,MAR,0.3,2,EM-FA,KNN,0.7428904428904428,0.6043897529687946
ecoli,False,MAR,0.3,2,EM-FA,RF,0.743123543123543,0.5950386427902945
ecoli,False,MAR,0.3,2,EM-FA,SVC,0.7706293706293706,0.5736592895826674
ecoli,False,MAR,0.3,2,EM-PPCA,LR,0.7644755244755246,0.5830613808594279
ecoli,False,MAR,0.3,2,EM-PPCA,KNN,0.7398135198135198,0.5969493787878559
ecoli,False,MAR,0.3,2,EM-PPCA,RF,0.7337995337995338,0.6024889149010784
ecoli,False,MAR,0.3,2,EM-PPCA,SVC,0.7828438228438228,0.5759348608993494
ecoli,False,MNAR,0.3,0,EM-FA,LR,0.8378554778554779,0.7914266238893063
ecoli,False,MNAR,0.3,0,EM-FA,KNN,0.8197202797202797,0.7736757633631375
ecoli,False,MNAR,0.3,0,EM-FA,RF,0.8196270396270396,0.7676477417430696
ecoli,False,MNAR,0.3,0,EM-FA,SVC,0.838041958041958,0.7807804964391385
ecoli,False,MNAR,0.3,0,EM-PPCA,LR,0.8439627039627041,0.7938462841695904
ecoli,False,MNAR,0.3,0,EM-PPCA,KNN,0.7890909090909091,0.7300482117135021
ecoli,False,MNAR,0.3,0,EM-PPCA,RF,0.8347319347319347,0.7667734298714457
ecoli,False,MNAR,0.3,0,EM-PPCA,SVC,0.8195804195804197,0.7449939622080224
ecoli,False,MNAR,0.3,1,EM-FA,LR,0.7859673659673658,0.6379481054128046
ecoli,False,MNAR,0.3,1,EM-FA,KNN,0.7858741258741258,0.6331725477624579
ecoli,False,MNAR,0.3,1,EM-FA,RF,0.7982284382284381,0.6569877976811195
ecoli,False,MNAR,0.3,1,EM-FA,SVC,0.8104428904428904,0.6482570529772296
ecoli,False,MNAR,0.3,1,EM-PPCA,LR,0.7798601398601399,0.6191165057644806
ecoli,False,MNAR,0.3,1,EM-PPCA,KNN,0.7677389277389277,0.5915786476167149
ecoli,False,MNAR,0.3,1,EM-PPCA,RF,0.7859673659673658,0.6285196662951101
ecoli,False,MNAR,0.3,1,EM-PPCA,SVC,0.8105361305361305,0.6325766917397329
ecoli,False,MNAR,0.3,2,EM-FA,LR,0.8073659673659673,0.740431745670487
ecoli,False,MNAR,0.3,2,EM-FA,KNN,0.7615850815850816,0.677349427662121
ecoli,False,MNAR,0.3,2,EM-FA,RF,0.7797668997668998,0.7152783006324419
ecoli,False,MNAR,0.3,2,EM-FA,SVC,0.8073659673659673,0.7186896983369258
ecoli,False,MNAR,0.3,2,EM-PPCA,LR,0.788997668997669,0.7230209351169923
ecoli,False,MNAR,0.3,2,EM-PPCA,KNN,0.7492773892773893,0.6639257461660433
ecoli,False,MNAR,0.3,2,EM-PPCA,RF,0.7646153846153846,0.6831999628250232
ecoli,False,MNAR,0.3,2,EM-PPCA,SVC,0.7951515151515152,0.698347070360931
ionosphere,False,MCAR,0.3,0,EM-FA,LR,0.8347283702213278,0.8062756342319517
ionosphere,False,MCAR,0.3,0,EM-FA,KNN,0.8205231388329979,0.7771231400122798
ionosphere,False,MCAR,0.3,0,EM-FA,RF,0.9116700201207244,0.9008281958547275
ionosphere,False,MCAR,0.3,0,EM-FA,SVC,0.9231790744466801,0.9138902492893507
ionosphere,False,MCAR,0.3,0,EM-PPCA,LR,0.8404426559356137,0.8117129074352997
ionosphere,False,MCAR,0.3,0,EM-PPCA,KNN,0.823380281690141,0.7801788283680327
ionosphere,False,MCAR,0.3,0,EM-PPCA,RF,0.9117505030181086,0.9012411629555597
ionosphere,False,MCAR,0.3,0,EM-PPCA,SVC,0.9288933601609658,0.920500640902055
ionosphere,False,MCAR,0.3,1,EM-FA,LR,0.8517505030181086,0.8288478714190053
ionosphere,False,MCAR,0.3,1,EM-FA,KNN,0.8403621730382295,0.8060127793758285
ionosphere,False,MCAR,0.3,1,EM-FA,RF,0.928732394366197,0.9221111006694078
ionosphere,False,MCAR,0.3,1,EM-FA,SVC,0.9486921529175051,0.9438006230059772
ionosphere,False,MCAR,0.3,1,EM-PPCA,LR,0.8432595573440643,0.8173909016046237
ionosphere,False,MCAR,0.3,1,EM-PPCA,KNN,0.8403621730382295,0.8058328080383974
ionosphere,False,MCAR,0.3,1,EM-PPCA,RF,0.937344064386318,0.9319026502183277
ionosphere,False,MCAR,0.3,1,EM-PPCA,SVC,0.9515895372233402,0.9470289263198373
ionosphere,False,MCAR,0.3,2,EM-FA,LR,0.8232595573440644,0.793703144940725
ionosphere,False,MCAR,0.3,2,EM-FA,KNN,0.8233400402414487,0.7810446134439353
ionosphere,False,MCAR,0.3,2,EM-FA,RF,0.9173038229376258,0.9088516838544841
ionosphere,False,MCAR,0.3,2,EM-FA,SVC,0.9401609657947686,0.9335469924111394
ionosphere,False,MCAR,0.3,2,EM-PPCA,LR,0.8318712273641851,0.8049024765386804
ionosphere,False,MCAR,0.3,2,EM-PPCA,KNN,0.8261569416498993,0.7850889619246944
ionosphere,False,MCAR,0.3,2,EM-PPCA,RF,0.9173038229376258,0.9086295571969275
ionosphere,False,MCAR,0.3,2,EM-PPCA,SVC,0.9373038229376258,0.9303461301264262
ionosphere,False,MAR,0.3,0,EM-FA,LR,0.8604426559356136,0.8425489718255946
ionosphere,False,MAR,0.3,0,EM-FA,KNN,0.8176659959758551,0.7740841216616833
ionosphere,False,MAR,0.3,0,EM-FA,RF,0.9117505030181086,0.9023939027068405
ionosphere,False,MAR,0.3,0,EM-FA,SVC,0.9288128772635815,0.9195384901060935
ionosphere,False,MAR,0.3,0,EM-PPCA,LR,0.8604426559356136,0.8401854021549232
ionosphere,False,MAR,0.3,0,EM-PPCA,KNN,0.8347686116700201,0.7987549470092248
ionosphere,False,MAR,0.3,0,EM-PPCA,RF,0.9203219315895372,0.9117123046980108
ionosphere,False,MAR,0.3,0,EM-PPCA,SVC,0.9288128772635815,0.9200264314687564
ionosphere,False,MAR,0.3,1,EM-FA,LR,0.8433802816901409,0.8197540223770389
ionosphere,False,MAR,0.3,1,EM-FA,KNN,0.8232595573440644,0.7814238957668392
ionosphere,False,MAR,0.3,1,EM-FA,RF,0.937344064386318,0.9310545416011191
ionosphere,False,MAR,0.3,1,EM-FA,SVC,0.9402012072434609,0.9334147941628108
ionosphere,False,MAR,0.3,1,EM-PPCA,LR,0.8461167002012072,0.8234929095549397
ionosphere,False,MAR,0.3,1,EM-PPCA,KNN,0.8232595573440644,0.7810838787010665
ionosphere,False,MAR,0.3,1,EM-PPCA,RF,0.9232193158953723,0.9162794685497655
ionosphere,False,MAR,0.3,1,EM-PPCA,SVC,0.9402012072434609,0.9334800712360106
ionosphere,False,MAR,0.3,2,EM-FA,LR,0.8203621730382293,0.7922839469289532
ionosphere,False,MAR,0.3,2,EM-FA,KNN,0.8232997987927566,0.7806025861957486
ionosphere,False,MAR,0.3,2,EM-FA,RF,0.9287726358148893,0.9219565725955935
ionosphere,False,MAR,0.3,2,EM-FA,SVC,0.9429778672032194,0.9365283472763639
ionosphere,False,MAR,0.3,2,EM-PPCA,LR,0.8375452716297784,0.8094920873705739
ionosphere,False,MAR,0.3,2,EM-PPCA,KNN,0.8317907444668009,0.7921068243168673
ionosphere,False,MAR,0.3,2,EM-PPCA,RF,0.9230985915492959,0.9160647345255791
ionosphere,False,MAR,0.3,2,EM-PPCA,SVC,0.9344466800804829,0.9267828802935612
ionosphere,False,MNAR,0.3,0,EM-FA,LR,0.9146076458752515,0.904737007758747
ionosphere,False,MNAR,0.3,0,EM-FA,KNN,0.8376659959758552,0.8037838191587202
ionosphere,False,MNAR,0.3,0,EM-FA,RF,0.934486921529175,0.9266598220456874
ionosphere,False,MNAR,0.3,0,EM-FA,SVC,0.9231388329979879,0.9130671203141562
ionosphere,False,MNAR,0.3,0,EM-PPCA,LR,0.9032595573440643,0.8913801774439492
ionosphere,False,MNAR,0.3,0,EM-PPCA,KNN,0.8404828973843058,0.8073616467063125
ionosphere,False,MNAR,0.3,0,EM-PPCA,RF,0.9345674044265595,0.9270942693696986
ionosphere,False,MNAR,0.3,0,EM-PPCA,SVC,0.9316700201207244,0.9232250156839636
ionosphere,False,MNAR,0.3,1,EM-FA,LR,0.9088531187122737,0.897062755513115
ionosphere,False,MNAR,0.3,1,EM-FA,KNN,0.8803219315895372,0.8597691890059235
ionosphere,False,MNAR,0.3,1,EM-FA,RF,0.9288128772635815,0.9222767679096732
ionosphere,False,MNAR,0.3,1,EM-FA,SVC,0.95158953722334,0.9460132864672739
ionosphere,False,MNAR,0.3,1,EM-PPCA,LR,0.9230985915492959,0.9132203543787846
ionosphere,False,MNAR,0.3,1,EM-PPCA,KNN,0.8746478873239436,0.8524819267012514
ionosphere,False,MNAR,0.3,1,EM-PPCA,RF,0.9288128772635815,0.9221261698026313
ionosphere,False,MNAR,0.3,1,EM-PPCA,SVC,0.9487323943661972,0.9426711003194418
ionosphere,False,MNAR,0.3,2,EM-FA,LR,0.8972233400402414,0.882015278717142
ionosphere,False,MNAR,0.3,2,EM-FA,KNN,0.8631790744466802,0.8384701607915893
ionosphere,False,MNAR,0.3,2,EM-FA,RF,0.9372233400402414,0.9307260141514799
ionosphere,False,MNAR,0.3,2,EM-FA,SVC,0.9344064386317907,0.92666686199287
ionosphere,False,MNAR,0.3,2,EM-PPCA,LR,0.8944466800804829,0.8787981222743693
ionosphere,False,MNAR,0.3,2,EM-PPCA,KNN,0.8717102615694167,0.8492851906268546
ionosphere,False,MNAR,0.3,2,EM-PPCA,RF,0.9287726358148893,0.9216977303930314
ionosphere,False,MNAR,0.3,2,EM-PPCA,SVC,0.9344466800804829,0.9267260872391596
wdbc,False,MCAR,0.3,0,EM-FA,LR,0.9701443875174661,0.9677761631794046
wdbc,False,MCAR,0.3,0,EM-FA,KNN,0.9596180717279925,0.9559868601527528
wdbc,False,MCAR,0.3,0,EM-FA,RF,0.9631423691973297,0.9600689937836266
wdbc,False,MCAR,0.3,0,EM-FA,SVC,0.9701443875174661,0.9681184058633703
wdbc,False,MCAR,0.3,0,EM-PPCA,LR,0.9736531594472908,0.9716089825871114
wdbc,False,MCAR,0.3,0,EM-PPCA,KNN,0.9543549138332559,0.9505023946323579
wdbc,False,MCAR,0.3,0,EM-PPCA,RF,0.9578792113025928,0.9543743052753353
wdbc,False,MCAR,0.3,0,EM-PPCA,SVC,0.9718987734823784,0.9697746731529477
wdbc,False,MCAR,0.3,1,EM-FA,LR,0.9701443875174661,0.9678099642652558
wdbc,False,MCAR,0.3,1,EM-FA,KNN,0.9595559695699425,0.9563090276618128
wdbc,False,MCAR,0.3,1,EM-FA,RF,0.9490296537804689,0.9451076153227284
wdbc,False,MCAR,0.3,1,EM-FA,SVC,0.9648501785437045,0.962264943550023
wdbc,False,MCAR,0.3,1,EM-PPCA,LR,0.9683744760130415,0.9660869386301572
wdbc,False,MCAR,0.3,1,EM-PPCA,KNN,0.9560316721006055,0.9525308115479406
wdbc,False,MCAR,0.3,1,EM-PPCA,RF,0.9578015836050303,0.9547125426335809
wdbc,False,MCAR,0.3,1,EM-PPCA,SVC,0.9613258810743673,0.9584902450563361
wdbc,False,MCAR,0.3,2,EM-FA,LR,0.9754075454122031,0.9736234371657145
wdbc,False,MCAR,0.3,2,EM-FA,KNN,0.9648657040832168,0.9620673822037213
wdbc,False,MCAR,0.3,2,EM-FA,RF,0.9507995652848935,0.9469281878347757
wdbc,False,MCAR,0.3,2,EM-FA,SVC,0.9771619313771154,0.9755079362611674
wdbc,False,MCAR,0.3,2,EM-PPCA,LR,0.9789318428815401,0.9771428000514139
wdbc,False,MCAR,0.3,2,EM-PPCA,KNN,0.9630957925787922,0.96015972474495
wdbc,False,MCAR,0.3,2,EM-PPCA,RF,0.9455519329296692,0.9409438922049442
wdbc,False,MCAR,0.3,2,EM-PPCA,SVC,0.971883247942866,0.9698241253510762
wdbc,False,MAR,0.3,0,EM-FA,LR,0.9683744760130415,0.9658289845667534
wdbc,False,MAR,0.3,0,EM-FA,KNN,0.9630802670392796,0.9599740657131589
wdbc,False,MAR,0.3,0,EM-FA,RF,0.9578481602235678,0.9547396695897798
wdbc,False,MAR,0.3,0,EM-FA,SVC,0.9754075454122031,0.9734334946113765
wdbc,False,MAR,0.3,0,EM-PPCA,LR,0.9701288619779536,0.9677425666454788
wdbc,False,MAR,0.3,0,EM-PPCA,KNN,0.95960254618848,0.9560647490237952
wdbc,False,MAR,0.3,0,EM-PPCA,RF,0.9684055270920664,0.9661082859227482
wdbc,False,MAR,0.3,0,EM-PPCA,SVC,0.9683744760130415,0.9659580727350707
wdbc,False,MAR,0.3,1,EM-FA,LR,0.9701443875174661,0.9677526194363854
wdbc,False,MAR,0.3,1,EM-FA,KNN,0.9648191274646795,0.9618493965468297
wdbc,False,MAR,0.3,1,EM-FA,RF,0.9543083372147182,0.9509301436655427
wdbc,False,MAR,0.3,1,EM-FA,SVC,0.9683434249340165,0.9659357984954482
wdbc,False,MAR,0.3,1,EM-PPCA,LR,0.968390001552554,0.9659551613225945
wdbc,False,MAR,0.3,1,EM-PPCA,KNN,0.9613103555348548,0.9582334115390058
wdbc,False,MAR,0.3,1,EM-PPCA,RF,0.9525229001707809,0.9489977107646196
wdbc,False,MAR,0.3,1,EM-PPCA,SVC,0.971852196863841,0.9697260285614661
wdbc,False,MAR,0.3,2,EM-FA,LR,0.9613414066138798,0.9580518708022051
wdbc,False,MAR,0.3,2,EM-FA,KNN,0.9595870206489675,0.9556504980471742
wdbc,False,MAR,0.3,2,EM-FA,RF,0.9596180717279925,0.956461588220461
wdbc,False,MAR,0.3,2,EM-FA,SVC,0.9648191274646795,0.9620485366354679
wdbc,False,MAR,0.3,2,EM-PPCA,LR,0.9630957925787922,0.959946874717857
wdbc,False,MAR,0.3,2,EM-PPCA,KNN,0.9525694767893184,0.9478996701191452
wdbc,False,MAR,0.3,2,EM-PPCA,RF,0.9613414066138798,0.9583497528388172
wdbc,False,MAR,0.3,2,EM-PPCA,SVC,0.9648191274646795,0.9619663924831727
wdbc,False,MNAR,0.3,0,EM-FA,LR,0.9718677224033534,0.9697448233229874
wdbc,False,MNAR,0.3,0,EM-FA,KNN,0.9560937742586555,0.9522007847977649
wdbc,False,MNAR,0.3,0,EM-FA,RF,0.9561092997981679,0.952526436456651
wdbc,False,MNAR,0.3,0,EM-FA,SVC,0.971883247942866,0.969569645616942
wdbc,False,MNAR,0.3,0,EM-PPCA,LR,0.9665890389691041,0.9640871207331386
wdbc,False,MNAR,0.3,0,EM-PPCA,KNN,0.9613569321533924,0.9581126441077494
wdbc,False,MNAR,0.3,0,EM-PPCA,RF,0.9595870206489675,0.9565070119834325
wdbc,False,MNAR,0.3,0,EM-PPCA,SVC,0.9736221083682658,0.9716742760670817
wdbc,False,MNAR,0.3,1,EM-FA,LR,0.968390001552554,0.9659326013053826
wdbc,False,MNAR,0.3,1,EM-FA,KNN,0.9683278993945039,0.9658195466838293
wdbc,False,MNAR,0.3,1,EM-FA,RF,0.9560627231796305,0.9526742022706133
wdbc,False,MNAR,0.3,1,EM-FA,SVC,0.9736376339077782,0.9716058972056107
wdbc,False,MNAR,0.3,1,EM-PPCA,LR,0.9718987734823784,0.9697830384973809
wdbc,False,MNAR,0.3,1,EM-PPCA,KNN,0.9543083372147182,0.9502894899802925
wdbc,False,MNAR,0.3,1,EM-PPCA,RF,0.9560316721006055,0.9526240847027848
wdbc,False,MNAR,0.3,1,EM-PPCA,SVC,0.9683744760130415,0.9658962024825775
wdbc,False,MNAR,0.3,2,EM-FA,LR,0.9648501785437043,0.9621241733620616
wdbc,False,MNAR,0.3,2,EM-FA,KNN,0.9578171091445427,0.9541190594895801
wdbc,False,MNAR,0.3,2,EM-FA,RF,0.9560627231796305,0.9524276263863822
wdbc,False,MNAR,0.3,2,EM-FA,SVC,0.9666045645086168,0.9640286539343075
wdbc,False,MNAR,0.3,2,EM-PPCA,LR,0.968390001552554,0.9658736095933349
wdbc,False,MNAR,0.3,2,EM-PPCA,KNN,0.9578326346840551,0.954241418369633
wdbc,False,MNAR,0.3,2,EM-PPCA,RF,0.9525694767893185,0.9488021987232891
wdbc,False,MNAR,0.3,2,EM-PPCA,SVC,0.9666200900481291,0.9638939673463227
diabetes,False,MCAR,0.3,0,EM-FA,LR,0.7487649605296663,0.7043864924524077
diabetes,False,MCAR,0.3,0,EM-FA,KNN,0.7136236312706901,0.6745983743531647
diabetes,False,MCAR,0.3,0,EM-FA,RF,0.7396061454884985,0.7003963419184593
diabetes,False,MCAR,0.3,0,EM-FA,SVC,0.7357355063237416,0.6803420521287802
diabetes,False,MCAR,0.3,0,EM-PPCA,LR,0.7448943213649096,0.6970028313087168
diabetes,False,MCAR,0.3,0,EM-PPCA,KNN,0.7148714031066973,0.6745132105563573
diabetes,False,MCAR,0.3,0,EM-PPCA,RF,0.726585179526356,0.679527674073084
diabetes,False,MCAR,0.3,0,EM-PPCA,SVC,0.7331550802139037,0.6770562723700404
diabetes,False,MCAR,0.3,1,EM-FA,LR,0.7408454290807233,0.6892459497420628
diabetes,False,MCAR,0.3,1,EM-FA,KNN,0.7005517358458535,0.6557397771923394
diabetes,False,MCAR,0.3,1,EM-FA,RF,0.721347933112639,0.6800879096068094
diabetes,False,MCAR,0.3,1,EM-FA,SVC,0.7317460317460318,0.6779621572144375
diabetes,False,MCAR,0.3,1,EM-PPCA,LR,0.7434598081656906,0.696491212095553
diabetes,False,MCAR,0.3,1,EM-PPCA,KNN,0.708360920125626,0.6657410978249704
diabetes,False,MCAR,0.3,1,EM-PPCA,RF,0.7186996010525423,0.6746786943789405
diabetes,False,MCAR,0.3,1,EM-PPCA,SVC,0.7317290552584671,0.6781440153398874
diabetes,False,MCAR,0.3,2,EM-FA,LR,0.7512605042016807,0.7049174671021292
diabetes,False,MCAR,0.3,2,EM-FA,KNN,0.7096002037178507,0.6589484560585825
diabetes,False,MCAR,0.3,2,EM-FA,RF,0.7538833715304303,0.7143693560057305
diabetes,False,MCAR,0.3,2,EM-FA,SVC,0.7551905610729139,0.7010942705011856
diabetes,False,MCAR,0.3,2,EM-PPCA,LR,0.752559205500382,0.7052348526441132
diabetes,False,MCAR,0.3,2,EM-PPCA,KNN,0.7239538239538239,0.6793699698981797
diabetes,False,MCAR,0.3,2,EM-PPCA,RF,0.7512774806892455,0.7119652339885625
diabetes,False,MCAR,0.3,2,EM-PPCA,SVC,0.752584670231729,0.6971304805896208
diabetes,False,MAR,0.3,0,EM-FA,LR,0.7644172820643409,0.720147706880397
diabetes,False,MAR,0.3,0,EM-FA,KNN,0.6980052627111452,0.6548399893863903
diabetes,False,MAR,0.3,0,EM-FA,RF,0.7396740514387573,0.700259708267227
diabetes,False,MAR,0.3,0,EM-FA,SVC,0.7383923266276208,0.6916129151449364
diabetes,False,MAR,0.3,0,EM-PPCA,LR,0.7617944147355912,0.7176724217349812
diabetes,False,MAR,0.3,0,EM-PPCA,KNN,0.7149308208131737,0.6739415890218254
diabetes,False,MAR,0.3,0,EM-PPCA,RF,0.7188184364654953,0.6777755131903508
diabetes,False,MAR,0.3,0,EM-PPCA,SVC,0.7305746541040659,0.6815613015517654
diabetes,False,MAR,0.3,1,EM-FA,LR,0.7186996010525423,0.6609757673324637
diabetes,False,MAR,0.3,1,EM-FA,KNN,0.7161446396740515,0.6770902962661665
diabetes,False,MAR,0.3,1,EM-FA,RF,0.722544775485952,0.6795920971907657
diabetes,False,MAR,0.3,1,EM-FA,SVC,0.7239283592224769,0.6641094941624619
diabetes,False,MAR,0.3,1,EM-PPCA,LR,0.7173924115100586,0.6600207479204931
diabetes,False,MAR,0.3,1,EM-PPCA,KNN,0.6978949155419745,0.6578465813985698
diabetes,False,MAR,0.3,1,EM-PPCA,RF,0.7226211696799932,0.679909703574462
diabetes,False,MAR,0.3,1,EM-PPCA,SVC,0.7200492318139378,0.6534111054723584
diabetes,False,MAR,0.3,2,EM-FA,LR,0.7395297512944572,0.6852516340294065
diabetes,False,MAR,0.3,2,EM-FA,KNN,0.7278499278499279,0.6778606977085188
diabetes,False,MAR,0.3,2,EM-FA,RF,0.72526950174009,0.6772312193921624
diabetes,False,MAR,0.3,2,EM-FA,SVC,0.7213818860877683,0.6558767459149182
diabetes,False,MAR,0.3,2,EM-PPCA,LR,0.7304303539597659,0.672701093061895
diabetes,False,MAR,0.3,2,EM-PPCA,KNN,0.7252610134963076,0.6711411033994201
diabetes,False,MAR,0.3,2,EM-PPCA,RF,0.7148544266191326,0.6645343012698518
diabetes,False,MAR,0.3,2,EM-PPCA,SVC,0.7252864782276547,0.6602681588142203
diabetes,False,MNAR,0.3,0,EM-FA,LR,0.7149053560818267,0.6527821895114538
diabetes,False,MNAR,0.3,0,EM-FA,KNN,0.6758169934640523,0.6211014598205369
diabetes,False,MNAR,0.3,0,EM-FA,RF,0.7070791953144895,0.6596124730591127
diabetes,False,MNAR,0.3,0,EM-FA,SVC,0.7058483999660471,0.6342764530274665
diabetes,False,MNAR,0.3,0,EM-PPCA,LR,0.7188014599779305,0.6573746307874249
diabetes,False,MNAR,0.3,0,EM-PPCA,KNN,0.6784568372803668,0.6240082589496693
diabetes,False,MNAR,0.3,0,EM-PPCA,RF,0.7188184364654953,0.6728297328837212
diabetes,False,MNAR,0.3,0,EM-PPCA,SVC,0.7136830489771666,0.6427154659951165
diabetes,False,MNAR,0.3,1,EM-FA,LR,0.7082505729564553,0.6470632334138458
diabetes,False,MNAR,0.3,1,EM-FA,KNN,0.7005432476020711,0.6638965742097283
diabetes,False,MNAR,0.3,1,EM-FA,RF,0.7421441303794245,0.7051950147205821
diabetes,False,MNAR,0.3,1,EM-FA,SVC,0.7161021984551396,0.6589961060367097
diabetes,False,MNAR,0.3,1,EM-PPCA,LR,0.7212885154061623,0.6610640673453423
diabetes,False,MNAR,0.3,1,EM-PPCA,KNN,0.7018419489007723,0.6648665808119238
diabetes,False,MNAR,0.3,1,EM-PPCA,RF,0.7421611068669892,0.7033177317144241
diabetes,False,MNAR,0.3,1,EM-PPCA,SVC,0.7095917154740684,0.6502520948718166
diabetes,False,MNAR,0.3,2,EM-FA,LR,0.7590866649690179,0.7185649630791591
diabetes,False,MNAR,0.3,2,EM-FA,KNN,0.7212800271623802,0.6714037225477373
diabetes,False,MNAR,0.3,2,EM-FA,RF,0.7369832781597487,0.6936824394914305
diabetes,False,MNAR,0.3,2,EM-FA,SVC,0.75650623885918,0.705173363089832
diabetes,False,MNAR,0.3,2,EM-PPCA,LR,0.7643239113827349,0.7229617158573778
diabetes,False,MNAR,0.3,2,EM-PPCA,KNN,0.7330362448009508,0.6911155919644415
diabetes,False,MNAR,0.3,2,EM-PPCA,RF,0.7486546133604957,0.7081629882194487
diabetes,False,MNAR,0.3,2,EM-PPCA,SVC,0.7552245140480435,0.7065775651946151
vehicle,False,MCAR,0.3,0,EM-FA,LR,0.732871562826314,0.7293520749199988
vehicle,False,MCAR,0.3,0,EM-FA,KNN,0.6466202575704838,0.6357507970835865
vehicle,False,MCAR,0.3,0,EM-FA,RF,0.6985798816568047,0.6873678792562339
vehicle,False,MCAR,0.3,0,EM-FA,SVC,0.6997772363383223,0.6864902522407152
vehicle,False,MCAR,0.3,0,EM-PPCA,LR,0.6961851722937695,0.6929833211631556
vehicle,False,MCAR,0.3,0,EM-PPCA,KNN,0.6252767142359903,0.6164908293473086
vehicle,False,MCAR,0.3,0,EM-PPCA,RF,0.7068917507831535,0.6979046380795223
vehicle,False,MCAR,0.3,0,EM-PPCA,SVC,0.7056526279150714,0.6960560487577959
vehicle,False,MCAR,0.3,1,EM-FA,LR,0.7067942916811695,0.7036878694510081
vehicle,False,MCAR,0.3,1,EM-FA,KNN,0.651277410372433,0.6438798909824255
vehicle,False,MCAR,0.3,1,EM-FA,RF,0.7080334145492516,0.6994133707902376
vehicle,False,MCAR,0.3,1,EM-FA,SVC,0.7056387051862165,0.6943501299377782
vehicle,False,MCAR,0.3,1,EM-PPCA,LR,0.6796171249564915,0.6764336484017515
vehicle,False,MCAR,0.3,1,EM-PPCA,KNN,0.634709363035155,0.6292687428959207
vehicle,False,MCAR,0.3,1,EM-PPCA,RF,0.6962130177514793,0.6858199478601292
vehicle,False,MCAR,0.3,1,EM-PPCA,SVC,0.6950017403411068,0.6843668525862899
vehicle,False,MCAR,0.3,2,EM-FA,LR,0.6607448659937347,0.6556416080895247
vehicle,False,MCAR,0.3,2,EM-FA,KNN,0.664295161851723,0.6519213591908786
vehicle,False,MCAR,0.3,2,EM-FA,RF,0.6927323355377654,0.6825210665716729
vehicle,False,MCAR,0.3,2,EM-FA,SVC,0.6855690915419421,0.6734056514767999
vehicle,False,MCAR,0.3,2,EM-PPCA,LR,0.6501009397841977,0.6423159183350242
vehicle,False,MCAR,0.3,2,EM-PPCA,KNN,0.6252836756004176,0.6127409673450892
vehicle,False,MCAR,0.3,2,EM-PPCA,RF,0.6749321266968326,0.6643185929753699
vehicle,False,MCAR,0.3,2,EM-PPCA,SVC,0.6867664462234597,0.6749209428592102
vehicle,False,MAR,0.3,0,EM-FA,LR,0.7163104768534633,0.7115342865262904
vehicle,False,MAR,0.3,0,EM-FA,KNN,0.6583988861816916,0.6486949536942946
vehicle,False,MAR,0.3,0,EM-FA,RF,0.7222345979812044,0.7124449380590271
vehicle,False,MAR,0.3,0,EM-FA,SVC,0.7210302819352593,0.707372816161038
vehicle,False,MAR,0.3,0,EM-PPCA,LR,0.6902888966237383,0.683822780872289
vehicle,False,MAR,0.3,0,EM-PPCA,KNN,0.6395057431256526,0.6336564966251401
vehicle,False,MAR,0.3,0,EM-PPCA,RF,0.7021441002436478,0.6930600580213631
vehicle,False,MAR,0.3,0,EM-PPCA,SVC,0.6950087017055343,0.682273748485151
vehicle,False,MAR,0.3,1,EM-FA,LR,0.6714444831186912,0.6646928100128308
vehicle,False,MAR,0.3,1,EM-FA,KNN,0.6394500522102332,0.6300156543357919
vehicle,False,MAR,0.3,1,EM-FA,RF,0.6926418378002089,0.6865407803344136
vehicle,False,MAR,0.3,1,EM-FA,SVC,0.6926975287156283,0.6848792655624122
vehicle,False,MAR,0.3,1,EM-PPCA,LR,0.6442325095718762,0.6364557893477878
vehicle,False,MAR,0.3,1,EM-PPCA,KNN,0.5969300382875043,0.5858468379982482
vehicle,False,MAR,0.3,1,EM-PPCA,RF,0.6642812391228681,0.6582078250472552
vehicle,False,MAR,0.3,1,EM-PPCA,SVC,0.6643230073094326,0.6555311052611644
vehicle,False,MAR,0.3,2,EM-FA,LR,0.7068360598677341,0.69968669171445
vehicle,False,MAR,0.3,2,EM-FA,KNN,0.6690915419422208,0.6550868812328247
vehicle,False,MAR,0.3,2,EM-FA,RF,0.7364288200487294,0.7270921842706883
vehicle,False,MAR,0.3,2,EM-FA,SVC,0.7151131221719457,0.7030324164014055
vehicle,False,MAR,0.3,2,EM-PPCA,LR,0.7080612600069613,0.7017101629149232
vehicle,False,MAR,0.3,2,EM-PPCA,KNN,0.6466272189349113,0.6357944771380863
vehicle,False,MAR,0.3,2,EM-PPCA,RF,0.717542638357118,0.7057148819382691
vehicle,False,MAR,0.3,2,EM-PPCA,SVC,0.7198120431604594,0.7091591897222893
vehicle,False,MNAR,0.3,0,EM-FA,LR,0.685534284719805,0.6779661630554442
vehicle,False,MNAR,0.3,0,EM-FA,KNN,0.6229794639749391,0.6131576816318478
vehicle,False,MNAR,0.3,0,EM-FA,RF,0.6926905673512008,0.6834466154554286
vehicle,False,MNAR,0.3,0,EM-FA,SVC,0.7163452836756005,0.7087273923282107
vehicle,False,MNAR,0.3,0,EM-PPCA,LR,0.6832091890010442,0.6768880135993086
vehicle,False,MNAR,0.3,0,EM-PPCA,KNN,0.6347580925861469,0.6257435366026172
vehicle,False,MNAR,0.3,0,EM-PPCA,RF,0.6808910546467108,0.6724745528156634
vehicle,False,MNAR,0.3,0,EM-PPCA,SVC,0.710400278454577,0.7030047080912629
vehicle,False,MNAR,0.3,1,EM-FA,LR,0.7128158719108946,0.7086996016161183
vehicle,False,MNAR,0.3,1,EM-FA,KNN,0.68795683954055,0.6826157960798855
vehicle,False,MNAR,0.3,1,EM-FA,RF,0.7304629307344239,0.724209778515762
vehicle,False,MNAR,0.3,1,EM-FA,SVC,0.7151340062652279,0.7031228258179143
vehicle,False,MNAR,0.3,1,EM-PPCA,LR,0.6879846849982597,0.6852428526183834
vehicle,False,MNAR,0.3,1,EM-PPCA,KNN,0.6584476157326836,0.6556904818100487
vehicle,False,MNAR,0.3,1,EM-PPCA,RF,0.7210093978419769,0.7142539076906949
vehicle,False,MNAR,0.3,1,EM-PPCA,SVC,0.7151270449008006,0.7070191481010556
vehicle,False,MNAR,0.3,2,EM-FA,LR,0.6855899756352245,0.6791842054346192
vehicle,False,MNAR,0.3,2,EM-FA,KNN,0.6371319178558997,0.6279947995016657
vehicle,False,MNAR,0.3,2,EM-FA,RF,0.6903028193525931,0.6835447847246023
vehicle,False,MNAR,0.3,2,EM-FA,SVC,0.6832509571876088,0.6760903142870394
vehicle,False,MNAR,0.3,2,EM-PPCA,LR,0.6938600765750087,0.6896535301578524
vehicle,False,MNAR,0.3,2,EM-PPCA,KNN,0.6099338670379394,0.6018131389853119
vehicle,False,MNAR,0.3,2,EM-PPCA,RF,0.6844065436825617,0.6759064593711285
vehicle,False,MNAR,0.3,2,EM-PPCA,SVC,0.6702749738948833,0.6605003844641256
yeast,False,MCAR,0.3,0,EM-FA,LR,0.5017040769583142,0.40580369736914135
yeast,False,MCAR,0.3,0,EM-FA,KNN,0.4516674301420064,0.37443978934753364
yeast,False,MCAR,0.3,0,EM-FA,RF,0.5044136509390746,0.38216132722103013
yeast,False,MCAR,0.3,0,EM-FA,SVC,0.5185913879981676,0.42270585827359997
yeast,False,MCAR,0.3,0,EM-PPCA,LR,0.4983142464498396,0.41106006338433804
yeast,False,MCAR,0.3,0,EM-PPCA,KNN,0.4381378836463582,0.3448576479839204
yeast,False,MCAR,0.3,0,EM-PPCA,RF,0.5003664681630784,0.3678352635785544
yeast,False,MCAR,0.3,0,EM-PPCA,SVC,0.5118346312414108,0.405735643342918
yeast,False,MCAR,0.3,1,EM-FA,LR,0.5037036188731104,0.40169572673937426
yeast,False,MCAR,0.3,1,EM-FA,KNN,0.4381241410902428,0.36578375805465674
yeast,False,MCAR,0.3,1,EM-FA,RF,0.4962872194228126,0.3952658041843845
yeast,False,MCAR,0.3,1,EM-FA,SVC,0.4989853412734768,0.3882639025741609
yeast,False,MCAR,0.3,1,EM-PPCA,LR,0.5023591387998168,0.3927163758189464
yeast,False,MCAR,0.3,1,EM-PPCA,KNN,0.43000458085203846,0.3451766943008732
yeast,False,MCAR,0.3,1,EM-PPCA,RF,0.49358451672010994,0.3640596325654767
yeast,False,MCAR,0.3,1,EM-PPCA,SVC,0.4935822262940907,0.38147685298750866
yeast,False,MCAR,0.3,2,EM-FA,LR,0.5097640861200183,0.42391783146691353
yeast,False,MCAR,0.3,2,EM-FA,KNN,0.46247595052679796,0.4155514061774975
yeast,False,MCAR,0.3,2,EM-FA,RF,0.48749656436097116,0.39774025013534575
yeast,False,MCAR,0.3,2,EM-FA,SVC,0.4975996335318369,0.42261126525123593
yeast,False,MCAR,0.3,2,EM-PPCA,LR,0.5077439303710489,0.42232317701072003
yeast,False,MCAR,0.3,2,EM-PPCA,KNN,0.45977324782409534,0.41526378365393385
yeast,False,MCAR,0.3,2,EM-PPCA,RF,0.4949129638112689,0.38836439406435536
yeast,False,MCAR,0.3,2,EM-PPCA,SVC,0.5023453962437012,0.4192224829415109
yeast,False,MAR,0.3,0,EM-FA,LR,0.5172698121850664,0.4441528142155586
yeast,False,MAR,0.3,0,EM-FA,KNN,0.465879523591388,0.414912962309306
yeast,False,MAR,0.3,0,EM-FA,RF,0.4956275767292716,0.42681822093704624
yeast,False,MAR,0.3,0,EM-FA,SVC,0.5172537792029318,0.4379571427908748
yeast,False,MAR,0.3,0,EM-PPCA,LR,0.5199702244617499,0.4458047765275479
yeast,False,MAR,0.3,0,EM-PPCA,KNN,0.4679202931745305,0.41515108415530444
yeast,False,MAR,0.3,0,EM-PPCA,RF,0.5023774622079707,0.44250647790457504
yeast,False,MAR,0.3,0,EM-PPCA,SVC,0.5138685295464956,0.42956783457243003
yeast,False,MAR,0.3,1,EM-FA,LR,0.5010054970224462,0.4248763335154927
yeast,False,MAR,0.3,1,EM-FA,KNN,0.4617956939990838,0.41522915000766486
yeast,False,MAR,0.3,1,EM-FA,RF,0.49560467246907924,0.42621861341983197
yeast,False,MAR,0.3,1,EM-FA,SVC,0.5071003206596427,0.43879936984935436
yeast,False,MAR,0.3,1,EM-PPCA,LR,0.4901855245075584,0.4243458476156931
yeast,False,MAR,0.3,1,EM-PPCA,KNN,0.4617888227210261,0.4037728147352344
yeast,False,MAR,0.3,1,EM-PPCA,RF,0.49019239578561613,0.41209815021143104
yeast,False,MAR,0.3,1,EM-PPCA,SVC,0.5044044892349977,0.4313896082445111
yeast,False,MAR,0.3,2,EM-FA,LR,0.5118094365551993,0.4079338089408949
yeast,False,MAR,0.3,2,EM-FA,KNN,0.4557100320659643,0.3669790297232903
yeast,False,MAR,0.3,2,EM-FA,RF,0.5036944571690334,0.38004911186541124
yeast,False,MAR,0.3,2,EM-FA,SVC,0.5158726523133302,0.3896135315655521
yeast,False,MAR,0.3,2,EM-PPCA,LR,0.5111223087494274,0.3970149932064242
yeast,False,MAR,0.3,2,EM-PPCA,KNN,0.45841044434264766,0.36655383293303545
yeast,False,MAR,0.3,2,EM-PPCA,RF,0.5118117269812185,0.36036109213116385
yeast,False,MAR,0.3,2,EM-PPCA,SVC,0.5057237746220797,0.3721853252949057
yeast,False,MNAR,0.3,0,EM-FA,LR,0.5368666972056803,0.38307029194530406
yeast,False,MNAR,0.3,0,EM-FA,KNN,0.4983371507100321,0.3511432226852805
yeast,False,MNAR,0.3,0,EM-FA,RF,0.5314590013742555,0.3918838225495494
yeast,False,MNAR,0.3,0,EM-FA,SVC,0.5388845625286303,0.3890637401883085
yeast,False,MNAR,0.3,0,EM-PPCA,LR,0.5382134677049931,0.38654843458251664
yeast,False,MNAR,0.3,0,EM-PPCA,KNN,0.5003595968850206,0.35376233904439747
yeast,False,MNAR,0.3,0,EM-PPCA,RF,0.5327920293174531,0.40395459331695915
yeast,False,MNAR,0.3,0,EM-PPCA,SVC,0.5456436097114062,0.39690776819229867
yeast,False,MNAR,0.3,1,EM-FA,LR,0.43744617498854793,0.31345135490547066
yeast,False,MNAR,0.3,1,EM-FA,KNN,0.3982226294090701,0.2769288036756821
yeast,False,MNAR,0.3,1,EM-FA,RF,0.4496220797068255,0.3183106567237452
yeast,False,MNAR,0.3,1,EM-FA,SVC,0.4306917086578103,0.29560322967113956
yeast,False,MNAR,0.3,1,EM-PPCA,LR,0.43001374255611546,0.30841420617483173
yeast,False,MNAR,0.3,1,EM-PPCA,KNN,0.3941731562070545,0.263139204187872
yeast,False,MNAR,0.3,1,EM-PPCA,RF,0.44555657352267525,0.3051757820104328
yeast,False,MNAR,0.3,1,EM-PPCA,SVC,0.4334081539166285,0.3017437110321355
yeast,False,MNAR,0.3,2,EM-FA,LR,0.46854557947778286,0.3190433898468907
yeast,False,MNAR,0.3,2,EM-FA,KNN,0.4225606962895099,0.3119782330978255
yeast,False,MNAR,0.3,2,EM-FA,RF,0.48410902427851576,0.35534087235048456
yeast,False,MNAR,0.3,2,EM-FA,SVC,0.4895098488318827,0.33731334831640547
yeast,False,MNAR,0.3,2,EM-PPCA,LR,0.4678676133760879,0.31543200333847743
yeast,False,MNAR,0.3,2,EM-PPCA,KNN,0.4103847915712323,0.3009670261153046
yeast,False,MNAR,0.3,2,EM-PPCA,RF,0.4888250114521301,0.3597602507584959
yeast,False,MNAR,0.3,2,EM-PPCA,SVC,0.4868025652771416,0.3348890081639486
banknote,False,MCAR,0.3,0,EM-FA,LR,0.8724432647644326,0.8702862987616896
banknote,False,MCAR,0.3,0,EM-FA,KNN,0.8884910418049105,0.8864125555631777
banknote,False,MCAR,0.3,0,EM-FA,RF,0.8906755142667551,0.8885597813177375
banknote,False,MCAR,0.3,0,EM-FA,SVC,0.8863118779031188,0.8829500693825871
banknote,False,MCAR,0.3,0,EM-PPCA,LR,0.8658951559389516,0.8635412657896706
banknote,False,MCAR,0.3,0,EM-PPCA,KNN,0.8804830789648308,0.8782595598555984
banknote,False,MCAR,0.3,0,EM-PPCA,RF,0.8906702057067021,0.888773882323517
banknote,False,MCAR,0.3,0,EM-PPCA,SVC,0.8812130059721299,0.8779978105815835
banknote,False,MCAR,0.3,1,EM-FA,LR,0.8614890510948905,0.858767210152126
banknote,False,MCAR,0.3,1,EM-FA,KNN,0.8862747179827473,0.884549704238945
banknote,False,MCAR,0.3,1,EM-FA,RF,0.8972395487723954,0.8959543773084139
banknote,False,MCAR,0.3,1,EM-FA,SVC,0.8753470471134704,0.8720793432052467
banknote,False,MCAR,0.3,1,EM-PPCA,LR,0.8636814863968147,0.8611774411393165
banknote,False,MCAR,0.3,1,EM-PPCA,KNN,0.8892023888520239,0.8875089902599868
banknote,False,MCAR,0.3,1,EM-PPCA,RF,0.8994160583941605,0.8979437495909307
banknote,False,MCAR,0.3,1,EM-PPCA,SVC,0.8782667551426675,0.8752358133285739
banknote,False,MCAR,0.3,2,EM-FA,LR,0.8483848706038486,0.84580527658976
banknote,False,MCAR,0.3,2,EM-FA,KNN,0.8717186463171865,0.8691574026275639
banknote,False,MCAR,0.3,2,EM-FA,RF,0.8870205706702057,0.8848064943816969
banknote,False,MCAR,0.3,2,EM-FA,SVC,0.8615262110152621,0.8576074069551737
banknote,False,MCAR,0.3,2,EM-PPCA,LR,0.8498420703384207,0.8473123440593311
banknote,False,MCAR,0.3,2,EM-PPCA,KNN,0.8775607166556071,0.8752710989650655
banknote,False,MCAR,0.3,2,EM-PPCA,RF,0.8804698075646981,0.878240405491282
banknote,False,MCAR,0.3,2,EM-PPCA,SVC,0.8637133377571334,0.8600168556641272
banknote,False,MAR,0.3,0,EM-FA,LR,0.8833948241539483,0.8817719259660114
banknote,False,MAR,0.3,0,EM-FA,KNN,0.9366025215660253,0.9358800226695291
banknote,False,MAR,0.3,0,EM-FA,RF,0.9387816854678169,0.9380928218613193
banknote,False,MAR,0.3,0,EM-FA,SVC,0.9103676177836763,0.9091077737685687
banknote,False,MAR,0.3,0,EM-PPCA,LR,0.8833948241539483,0.8818095034057578
banknote,False,MAR,0.3,0,EM-PPCA,KNN,0.930043795620438,0.9291548437904329
banknote,False,MAR,0.3,0,EM-PPCA,RF,0.9351453218314532,0.9343489433024436
banknote,False,MAR,0.3,0,EM-PPCA,SVC,0.9081884538818844,0.9068425129563102
banknote,False,MAR,0.3,1,EM-FA,LR,0.9227551426675514,0.9218070911782374
banknote,False,MAR,0.3,1,EM-FA,KNN,0.9322309223623092,0.9313189500306972
banknote,False,MAR,0.3,1,EM-FA,RF,0.9388029197080291,0.937935541467531
banknote,False,MAR,0.3,1,EM-FA,SVC,0.9358752488387525,0.9349623336532012
banknote,False,MAR,0.3,1,EM-PPCA,LR,0.9205733244857333,0.9194876377143645
banknote,False,MAR,0.3,1,EM-PPCA,KNN,0.9358699402786994,0.9350082363135584
banknote,False,MAR,0.3,1,EM-PPCA,RF,0.9387976111479761,0.9378885292719877
banknote,False,MAR,0.3,1,EM-PPCA,SVC,0.9366051758460519,0.9357173209948509
banknote,False,MAR,0.3,2,EM-FA,LR,0.8411121433311214,0.8395830319567462
banknote,False,MAR,0.3,2,EM-FA,KNN,0.9161804910418049,0.9151666632970539
banknote,False,MAR,0.3,2,EM-FA,RF,0.9220039814200398,0.9210842101746779
banknote,False,MAR,0.3,2,EM-FA,SVC,0.886298606502986,0.8854166932251271
banknote,False,MAR,0.3,2,EM-PPCA,LR,0.8418367617783676,0.8403724361633216
banknote,False,MAR,0.3,2,EM-PPCA,KNN,0.914723291307233,0.9137188198118767
banknote,False,MAR,0.3,2,EM-PPCA,RF,0.9176403450564035,0.9165072246373718
banknote,False,MAR,0.3,2,EM-PPCA,SVC,0.884841406768414,0.8840493820288284
banknote,False,MNAR,0.3,0,EM-FA,LR,0.8702534837425349,0.8681074644885862
banknote,False,MNAR,0.3,0,EM-FA,KNN,0.90964299933643,0.9081605582377137
banknote,False,MNAR,0.3,0,EM-FA,RF,0.9001645653616457,0.8989634290201926
banknote,False,MNAR,0.3,0,EM-FA,SVC,0.8848573324485735,0.8826441307022268
banknote,False,MNAR,0.3,0,EM-PPCA,LR,0.872435301924353,0.8704581176109993
banknote,False,MNAR,0.3,0,EM-PPCA,KNN,0.9081698739216988,0.9066251228855083
banknote,False,MNAR,0.3,0,EM-PPCA,RF,0.903814200398142,0.9023482447714255
banknote,False,MNAR,0.3,0,EM-PPCA,SVC,0.8957823490378235,0.8935121406192028
banknote,False,MNAR,0.3,1,EM-FA,LR,0.8184711347047113,0.8150314174657302
banknote,False,MNAR,0.3,1,EM-FA,KNN,0.8542269409422694,0.8521384397578672
banknote,False,MNAR,0.3,1,EM-FA,RF,0.8637027206370271,0.8617668627292874
banknote,False,MNAR,0.3,1,EM-FA,SVC,0.8461765096217653,0.8414831631609584
banknote,False,MNAR,0.3,1,EM-PPCA,LR,0.8126476443264765,0.8089727663390972
banknote,False,MNAR,0.3,1,EM-PPCA,KNN,0.8585958858659588,0.8567936597417409
banknote,False,MNAR,0.3,1,EM-PPCA,RF,0.8564114134041141,0.854351233994046
banknote,False,MNAR,0.3,1,EM-PPCA,SVC,0.8476496350364963,0.843185448282053
banknote,False,MNAR,0.3,2,EM-FA,LR,0.8534943596549436,0.8508998986334559
banknote,False,MNAR,0.3,2,EM-FA,KNN,0.8935819508958195,0.892621556702224
banknote,False,MNAR,0.3,2,EM-FA,RF,0.8950763105507631,0.8934909441728074
banknote,False,MNAR,0.3,2,EM-FA,SVC,0.8892156602521567,0.8885825209546097
banknote,False,MNAR,0.3,2,EM-PPCA,LR,0.8556788321167883,0.8531202856842025
banknote,False,MNAR,0.3,2,EM-PPCA,KNN,0.8899429329794293,0.8887212494801808
banknote,False,MNAR,0.3,2,EM-PPCA,RF,0.8979800928998009,0.8964721830105798
banknote,False,MNAR,0.3,2,EM-PPCA,SVC,0.8870285335102853,0.8863800624289272
qsar-biodeg,False,MCAR,0.3,0,EM-FA,LR,0.838862559241706,0.81817046015562
qsar-biodeg,False,MCAR,0.3,0,EM-FA,KNN,0.8436018957345972,0.8282416671941114
qsar-biodeg,False,MCAR,0.3,0,EM-FA,RF,0.8540284360189574,0.8318351174199773
qsar-biodeg,False,MCAR,0.3,0,EM-FA,SVC,0.8483412322274881,0.8247517273777618
qsar-biodeg,False,MCAR,0.3,0,EM-PPCA,LR,0.8492890995260662,0.8292225661362316
qsar-biodeg,False,MCAR,0.3,0,EM-PPCA,KNN,0.8322274881516588,0.815010985846445
qsar-biodeg,False,MCAR,0.3,0,EM-PPCA,RF,0.8606635071090049,0.8392395975479253
qsar-biodeg,False,MCAR,0.3,0,EM-PPCA,SVC,0.8568720379146919,0.8355048854673338
qsar-biodeg,False,MCAR,0.3,1,EM-FA,LR,0.8511848341232229,0.8312725948960719
qsar-biodeg,False,MCAR,0.3,1,EM-FA,KNN,0.8341232227488151,0.8183773081338922
qsar-biodeg,False,MCAR,0.3,1,EM-FA,RF,0.8587677725118483,0.83604910320328
qsar-biodeg,False,MCAR,0.3,1,EM-FA,SVC,0.8625592417061612,0.8427846425135204
qsar-biodeg,False,MCAR,0.3,1,EM-PPCA,LR,0.837914691943128,0.8155980698207523
qsar-biodeg,False,MCAR,0.3,1,EM-PPCA,KNN,0.837914691943128,0.8225560910197267
qsar-biodeg,False,MCAR,0.3,1,EM-PPCA,RF,0.8559241706161137,0.8342178006200875
qsar-biodeg,False,MCAR,0.3,1,EM-PPCA,SVC,0.8654028436018957,0.846322832984742
qsar-biodeg,False,MCAR,0.3,2,EM-FA,LR,0.8417061611374408,0.8227449612613296
qsar-biodeg,False,MCAR,0.3,2,EM-FA,KNN,0.8407582938388625,0.8246149627806814
qsar-biodeg,False,MCAR,0.3,2,EM-FA,RF,0.8540284360189574,0.8311429068687748
qsar-biodeg,False,MCAR,0.3,2,EM-FA,SVC,0.8597156398104266,0.8391935595519439
qsar-biodeg,False,MCAR,0.3,2,EM-PPCA,LR,0.842654028436019,0.822776919177455
qsar-biodeg,False,MCAR,0.3,2,EM-PPCA,KNN,0.8360189573459718,0.8210357603184576
qsar-biodeg,False,MCAR,0.3,2,EM-PPCA,RF,0.8502369668246444,0.8272817024306274
qsar-biodeg,False,MCAR,0.3,2,EM-PPCA,SVC,0.852132701421801,0.8308526295393568
qsar-biodeg,False,MAR,0.3,0,EM-FA,LR,0.8464454976303317,0.8263055727903215
qsar-biodeg,False,MAR,0.3,0,EM-FA,KNN,0.8473933649289099,0.8325796201653668
qsar-biodeg,False,MAR,0.3,0,EM-FA,RF,0.85781990521327,0.8361280525814809
qsar-biodeg,False,MAR,0.3,0,EM-FA,SVC,0.8511848341232227,0.8289252832777321
qsar-biodeg,False,MAR,0.3,0,EM-PPCA,LR,0.842654028436019,0.8215913160011359
qsar-biodeg,False,MAR,0.3,0,EM-PPCA,KNN,0.8350710900473934,0.8205814273795765
qsar-biodeg,False,MAR,0.3,0,EM-PPCA,RF,0.8502369668246444,0.827022344800483
qsar-biodeg,False,MAR,0.3,0,EM-PPCA,SVC,0.8549763033175356,0.8331652679574125
qsar-biodeg,False,MAR,0.3,1,EM-FA,LR,0.833175355450237,0.8133475137748916
qsar-biodeg,False,MAR,0.3,1,EM-FA,KNN,0.837914691943128,0.8200894880917042
qsar-biodeg,False,MAR,0.3,1,EM-FA,RF,0.8473933649289099,0.8231425055922659
qsar-biodeg,False,MAR,0.3,1,EM-FA,SVC,0.8616113744075828,0.8417900165431262
qsar-biodeg,False,MAR,0.3,1,EM-PPCA,LR,0.8407582938388625,0.8205545181181092
qsar-biodeg,False,MAR,0.3,1,EM-PPCA,KNN,0.8360189573459715,0.8185681994590437
qsar-biodeg,False,MAR,0.3,1,EM-PPCA,RF,0.8502369668246444,0.827347107561842
qsar-biodeg,False,MAR,0.3,1,EM-PPCA,SVC,0.8654028436018958,0.8465889916748945
qsar-biodeg,False,MAR,0.3,2,EM-FA,LR,0.8549763033175355,0.8353402122411483
qsar-biodeg,False,MAR,0.3,2,EM-FA,KNN,0.8350710900473933,0.8169092881931572
qsar-biodeg,False,MAR,0.3,2,EM-FA,RF,0.8559241706161137,0.833990575981234
qsar-biodeg,False,MAR,0.3,2,EM-FA,SVC,0.8578199052132701,0.8361430877005706
qsar-biodeg,False,MAR,0.3,2,EM-PPCA,LR,0.8549763033175356,0.8351034903518559
qsar-biodeg,False,MAR,0.3,2,EM-PPCA,KNN,0.8322274881516588,0.8150840665430137
qsar-biodeg,False,MAR,0.3,2,EM-PPCA,RF,0.8625592417061612,0.8409528420615239
qsar-biodeg,False,MAR,0.3,2,EM-PPCA,SVC,0.8644549763033176,0.8433862204759605
qsar-biodeg,False,MNAR,0.3,0,EM-FA,LR,0.8483412322274881,0.8278433188187527
qsar-biodeg,False,MNAR,0.3,0,EM-FA,KNN,0.83696682464455,0.8194978860308781
qsar-biodeg,False,MNAR,0.3,0,EM-FA,RF,0.8549763033175356,0.8336537481245202
qsar-biodeg,False,MNAR,0.3,0,EM-FA,SVC,0.8654028436018958,0.8466342462332148
qsar-biodeg,False,MNAR,0.3,0,EM-PPCA,LR,0.8417061611374408,0.8206948443467053
qsar-biodeg,False,MNAR,0.3,0,EM-PPCA,KNN,0.8445497630331754,0.8278884833995065
qsar-biodeg,False,MNAR,0.3,0,EM-PPCA,RF,0.8578199052132701,0.8367520250390796
qsar-biodeg,False,MNAR,0.3,0,EM-PPCA,SVC,0.8625592417061612,0.8417852691832485
qsar-biodeg,False,MNAR,0.3,1,EM-FA,LR,0.8540284360189574,0.8351133450651433
qsar-biodeg,False,MNAR,0.3,1,EM-FA,KNN,0.8511848341232229,0.835165534850079
qsar-biodeg,False,MNAR,0.3,1,EM-FA,RF,0.8540284360189574,0.8308252744811853
qsar-biodeg,False,MNAR,0.3,1,EM-FA,SVC,0.8748815165876778,0.8562394007478357
qsar-biodeg,False,MNAR,0.3,1,EM-PPCA,LR,0.8454976303317536,0.8254879025917475
qsar-biodeg,False,MNAR,0.3,1,EM-PPCA,KNN,0.8369668246445497,0.8210625493385549
qsar-biodeg,False,MNAR,0.3,1,EM-PPCA,RF,0.8483412322274881,0.8249131743025601
qsar-biodeg,False,MNAR,0.3,1,EM-PPCA,SVC,0.8597156398104264,0.8394454919495059
qsar-biodeg,False,MNAR,0.3,2,EM-FA,LR,0.8417061611374408,0.8212034540959042
qsar-biodeg,False,MNAR,0.3,2,EM-FA,KNN,0.8492890995260662,0.8346217760753649
qsar-biodeg,False,MNAR,0.3,2,EM-FA,RF,0.8635071090047394,0.8410089170141797
qsar-biodeg,False,MNAR,0.3,2,EM-FA,SVC,0.8682464454976303,0.8501757430989401
qsar-biodeg,False,MNAR,0.3,2,EM-PPCA,LR,0.852132701421801,0.8337264844617028
qsar-biodeg,False,MNAR,0.3,2,EM-PPCA,KNN,0.8407582938388627,0.8263432479689335
qsar-biodeg,False,MNAR,0.3,2,EM-PPCA,RF,0.8559241706161137,0.8322693038784088
qsar-biodeg,False,MNAR,0.3,2,EM-PPCA,SVC,0.8644549763033176,0.8457869990545575
wine-quality-red,False,MCAR,0.3,0,EM-FA,LR,0.5578369905956113,0.262458079363031
wine-quality-red,False,MCAR,0.3,0,EM-FA,KNN,0.528450235109718,0.24816793550916832
wine-quality-red,False,MCAR,0.3,0,EM-FA,RF,0.5947472570532917,0.2716801298342863
wine-quality-red,False,MCAR,0.3,0,EM-FA,SVC,0.5922472570532916,0.2593567917800442
wine-quality-red,False,MCAR,0.3,0,EM-PPCA,LR,0.5597061128526646,0.2646183198000575
wine-quality-red,False,MCAR,0.3,0,EM-PPCA,KNN,0.5265850313479625,0.2543061549599611
wine-quality-red,False,MCAR,0.3,0,EM-PPCA,RF,0.5841085423197492,0.2640485020261953
wine-quality-red,False,MCAR,0.3,0,EM-PPCA,SVC,0.5978663793103448,0.26999501199282233
wine-quality-red,False,MCAR,0.3,1,EM-FA,LR,0.5710129310344827,0.27217351203212026
wine-quality-red,False,MCAR,0.3,1,EM-FA,KNN,0.5572472570532915,0.2573097818793996
wine-quality-red,False,MCAR,0.3,1,EM-FA,RF,0.6041477272727273,0.2788918663360834
wine-quality-red,False,MCAR,0.3,1,EM-FA,SVC,0.5972766457680251,0.27040936329057896
wine-quality-red,False,MCAR,0.3,1,EM-PPCA,LR,0.5672550940438871,0.26581884204608197
wine-quality-red,False,MCAR,0.3,1,EM-PPCA,KNN,0.5522257053291536,0.25703522154641595
wine-quality-red,False,MCAR,0.3,1,EM-PPCA,RF,0.5910207680250784,0.27106343599145266
wine-quality-red,False,MCAR,0.3,1,EM-PPCA,SVC,0.5866516457680251,0.2598737937167419
wine-quality-red,False,MCAR,0.3,2,EM-FA,LR,0.5709835423197492,0.30317185478721065
wine-quality-red,False,MCAR,0.3,2,EM-FA,KNN,0.5265732758620689,0.24861028799342302
wine-quality-red,False,MCAR,0.3,2,EM-FA,RF,0.5959992163009404,0.2693437810342569
wine-quality-red,False,MCAR,0.3,2,EM-FA,SVC,0.5903702978056427,0.2676871736132762
wine-quality-red,False,MCAR,0.3,2,EM-PPCA,LR,0.5791085423197493,0.311801684035644
wine-quality-red,False,MCAR,0.3,2,EM-PPCA,KNN,0.5397276645768024,0.2549796377614312
wine-quality-red,False,MCAR,0.3,2,EM-PPCA,RF,0.5747296238244515,0.2575100675581352
wine-quality-red,False,MCAR,0.3,2,EM-PPCA,SVC,0.5903722570532915,0.26687482868808043
wine-quality-red,False,MAR,0.3,0,EM-FA,LR,0.5578369905956113,0.24403066633810608
wine-quality-red,False,MAR,0.3,0,EM-FA,KNN,0.5490850313479625,0.25230109110530624
wine-quality-red,False,MAR,0.3,0,EM-FA,RF,0.6116222570532915,0.2820925168798377
wine-quality-red,False,MAR,0.3,0,EM-FA,SVC,0.5934757053291536,0.2633418718256914
wine-quality-red,False,MAR,0.3,0,EM-PPCA,LR,0.5609619905956114,0.24643149400905853
wine-quality-red,False,MAR,0.3,0,EM-PPCA,KNN,0.5340752351097178,0.24734123263436528
wine-quality-red,False,MAR,0.3,0,EM-PPCA,RF,0.6266457680250783,0.2892533650672105
wine-quality-red,False,MAR,0.3,0,EM-PPCA,SVC,0.5915987460815048,0.26459676562570356
wine-quality-red,False,MAR,0.3,1,EM-FA,LR,0.5710011755485893,0.24629761582475482
wine-quality-red,False,MAR,0.3,1,EM-FA,KNN,0.5440830721003135,0.25472340862925347
wine-quality-red,False,MAR,0.3,1,EM-FA,RF,0.6172668495297805,0.2843519002822688
wine-quality-red,False,MAR,0.3,1,EM-FA,SVC,0.5910070532915361,0.252386121071415
wine-quality-red,False,MAR,0.3,1,EM-PPCA,LR,0.5634952978056427,0.23851019103871912
wine-quality-red,False,MAR,0.3,1,EM-PPCA,KNN,0.5465693573667711,0.24608526573148998
wine-quality-red,False,MAR,0.3,1,EM-PPCA,RF,0.6197609717868339,0.28542387778331474
wine-quality-red,False,MAR,0.3,1,EM-PPCA,SVC,0.5866300940438871,0.24560135315163967
wine-quality-red,False,MAR,0.3,2,EM-FA,LR,0.5672335423197492,0.27131163956197646
wine-quality-red,False,MAR,0.3,2,EM-FA,KNN,0.5665987460815047,0.2740203746322841
wine-quality-red,False,MAR,0.3,2,EM-FA,RF,0.599114420062696,0.2859884837921967
wine-quality-red,False,MAR,0.3,2,EM-FA,SVC,0.5872511755485893,0.24610000096889179
wine-quality-red,False,MAR,0.3,2,EM-PPCA,LR,0.567235501567398,0.24639945824458187
wine-quality-red,False,MAR,0.3,2,EM-PPCA,KNN,0.5490771943573668,0.27699793887760765
wine-quality-red,False,MAR,0.3,2,EM-PPCA,RF,0.5947355015673981,0.2712869400921815
wine-quality-red,False,MAR,0.3,2,EM-PPCA,SVC,0.5828722570532916,0.24263741766098193
wine-quality-red,False,MNAR,0.3,0,EM-FA,LR,0.5741065830721003,0.29195827060577
wine-quality-red,False,MNAR,0.3,0,EM-FA,KNN,0.5559874608150471,0.2723758873515865
wine-quality-red,False,MNAR,0.3,0,EM-FA,RF,0.6179016457680251,0.3079293337071547
wine-quality-red,False,MNAR,0.3,0,EM-FA,SVC,0.5928761755485894,0.27411491261125503
wine-quality-red,False,MNAR,0.3,0,EM-PPCA,LR,0.5728546238244514,0.2693738003915545
wine-quality-red,False,MNAR,0.3,0,EM-PPCA,KNN,0.5609992163009404,0.2712487919537937
wine-quality-red,False,MNAR,0.3,0,EM-PPCA,RF,0.6235305642633229,0.29711828394975026
wine-quality-red,False,MNAR,0.3,0,EM-PPCA,SVC,0.6041438087774295,0.2793430855853254
wine-quality-red,False,MNAR,0.3,1,EM-FA,LR,0.5710011755485893,0.26572900461308696
wine-quality-red,False,MNAR,0.3,1,EM-FA,KNN,0.5247257053291536,0.2528204200372775
wine-quality-red,False,MNAR,0.3,1,EM-FA,RF,0.5960129310344827,0.2799947653569858
wine-quality-red,False,MNAR,0.3,1,EM-FA,SVC,0.5797609717868338,0.2582760990182641
wine-quality-red,False,MNAR,0.3,1,EM-PPCA,LR,0.5678761755485893,0.2863305316999777
wine-quality-red,False,MNAR,0.3,1,EM-PPCA,KNN,0.5203252351097178,0.24077299863242435
wine-quality-red,False,MNAR,0.3,1,EM-PPCA,RF,0.5985188087774295,0.27781710739254356
wine-quality-red,False,MNAR,0.3,1,EM-PPCA,SVC,0.5797492163009405,0.2541139473604304
wine-quality-red,False,MNAR,0.3,2,EM-FA,LR,0.5772452978056426,0.2888810305191371
wine-quality-red,False,MNAR,0.3,2,EM-FA,KNN,0.5622198275862068,0.2682643867872406
wine-quality-red,False,MNAR,0.3,2,EM-FA,RF,0.6053820532915359,0.2807110621184731
wine-quality-red,False,MNAR,0.3,2,EM-FA,SVC,0.5828781347962383,0.2548145289108764
wine-quality-red,False,MNAR,0.3,2,EM-PPCA,LR,0.5691183385579938,0.2813898478217884
wine-quality-red,False,MNAR,0.3,2,EM-PPCA,KNN,0.5572315830721004,0.26765257881820076
wine-quality-red,False,MNAR,0.3,2,EM-PPCA,RF,0.5928742163009404,0.2710936212648161
wine-quality-red,False,MNAR,0.3,2,EM-PPCA,SVC,0.5866281347962382,0.25518276582815613
segment,False,MCAR,0.3,0,EM-FA,LR,0.8539999999999999,0.8549487880822294
segment,False,MCAR,0.3,0,EM-FA,KNN,0.8549999999999999,0.8532860664701923
segment,False,MCAR,0.3,0,EM-FA,RF,0.931,0.9313091384539864
segment,False,MCAR,0.3,0,EM-FA,SVC,0.8539999999999999,0.8553427336424676
segment,False,MCAR,0.3,0,EM-PPCA,LR,0.825,0.8267914470685849
segment,False,MCAR,0.3,0,EM-PPCA,KNN,0.8475000000000001,0.8460290482517607
segment,False,MCAR,0.3,0,EM-PPCA,RF,0.9095000000000001,0.9092993376630802
segment,False,MCAR,0.3,0,EM-PPCA,SVC,0.8415000000000001,0.8421654661510181
segment,False,MCAR,0.3,1,EM-FA,LR,0.8504999999999999,0.8517039369764591
segment,False,MCAR,0.3,1,EM-FA,KNN,0.8629999999999999,0.8612554564099499
segment,False,MCAR,0.3,1,EM-FA,RF,0.9275,0.9273150884311102
segment,False,MCAR,0.3,1,EM-FA,SVC,0.8615,0.8627948775842047
segment,False,MCAR,0.3,1,EM-PPCA,LR,0.8275,0.8285417451578695
segment,False,MCAR,0.3,1,EM-PPCA,KNN,0.8414999999999999,0.8399987927900134
segment,False,MCAR,0.3,1,EM-PPCA,RF,0.9005000000000001,0.9006808799758478
segment,False,MCAR,0.3,1,EM-PPCA,SVC,0.8415000000000001,0.8424120774925598
segment,False,MCAR,0.3,2,EM-FA,LR,0.8505,0.8515008688192068
segment,False,MCAR,0.3,2,EM-FA,KNN,0.8620000000000001,0.860912142786986
segment,False,MCAR,0.3,2,EM-FA,RF,0.9315,0.931692678788582
segment,False,MCAR,0.3,2,EM-FA,SVC,0.858,0.8593045946308269
segment,False,MCAR,0.3,2,EM-PPCA,LR,0.8265,0.8270571026278564
segment,False,MCAR,0.3,2,EM-PPCA,KNN,0.8465,0.8448567000238418
segment,False,MCAR,0.3,2,EM-PPCA,RF,0.9095000000000001,0.9093963022455462
segment,False,MCAR,0.3,2,EM-PPCA,SVC,0.8450000000000001,0.8462464195541081
segment,False,MAR,0.3,0,EM-FA,LR,0.8390000000000001,0.8410031557326475
segment,False,MAR,0.3,0,EM-FA,KNN,0.8800000000000001,0.879319487424274
segment,False,MAR,0.3,0,EM-FA,RF,0.9349999999999999,0.9348225352298065
segment,False,MAR,0.3,0,EM-FA,SVC,0.869,0.8693493526087975
segment,False,MAR,0.3,0,EM-PPCA,LR,0.8084999999999999,0.8108439997308254
segment,False,MAR,0.3,0,EM-PPCA,KNN,0.8574999999999999,0.855751888216505
segment,False,MAR,0.3,0,EM-PPCA,RF,0.9135,0.9131496205498966
segment,False,MAR,0.3,0,EM-PPCA,SVC,0.8460000000000001,0.8458259061516141
segment,False,MAR,0.3,1,EM-FA,LR,0.9245000000000001,0.9245060259838838
segment,False,MAR,0.3,1,EM-FA,KNN,0.9244999999999999,0.9237292978912682
segment,False,MAR,0.3,1,EM-FA,RF,0.9639999999999999,0.9641450552126576
segment,False,MAR,0.3,1,EM-FA,SVC,0.9239999999999998,0.9239129259130205
segment,False,MAR,0.3,1,EM-PPCA,LR,0.9135000000000002,0.9133249287278087
segment,False,MAR,0.3,1,EM-PPCA,KNN,0.9135000000000002,0.9124802987098285
segment,False,MAR,0.3,1,EM-PPCA,RF,0.961,0.96103146395954
segment,False,MAR,0.3,1,EM-PPCA,SVC,0.9175000000000001,0.9174231238087762
segment,False,MAR,0.3,2,EM-FA,LR,0.8985,0.8985588968329973
segment,False,MAR,0.3,2,EM-FA,KNN,0.8935000000000001,0.8921900669109574
segment,False,MAR,0.3,2,EM-FA,RF,0.9570000000000001,0.9569585657670293
segment,False,MAR,0.3,2,EM-FA,SVC,0.8975,0.8990192585963983
segment,False,MAR,0.3,2,EM-PPCA,LR,0.874,0.8741282799075712
segment,False,MAR,0.3,2,EM-PPCA,KNN,0.882,0.8805235255516696
segment,False,MAR,0.3,2,EM-PPCA,RF,0.9410000000000001,0.9408829305386195
segment,False,MAR,0.3,2,EM-PPCA,SVC,0.8795,0.879795714484905
segment,False,MNAR,0.3,0,EM-FA,LR,0.8925000000000001,0.8935227552779171
segment,False,MNAR,0.3,0,EM-FA,KNN,0.8945000000000001,0.8931159412132358
segment,False,MNAR,0.3,0,EM-FA,RF,0.9295,0.9296608471250207
segment,False,MNAR,0.3,0,EM-FA,SVC,0.9004999999999999,0.9012268538293867
segment,False,MNAR,0.3,0,EM-PPCA,LR,0.859,0.8591736289569528
segment,False,MNAR,0.3,0,EM-PPCA,KNN,0.869,0.8685702901470341
segment,False,MNAR,0.3,0,EM-PPCA,RF,0.9075,0.907842743786458
segment,False,MNAR,0.3,0,EM-PPCA,SVC,0.8734999999999999,0.8743625037804197
segment,False,MNAR,0.3,1,EM-FA,LR,0.89,0.8909290728942036
segment,False,MNAR,0.3,1,EM-FA,KNN,0.8765000000000001,0.8752133209646263
segment,False,MNAR,0.3,1,EM-FA,RF,0.9359999999999999,0.9361663677270476
segment,False,MNAR,0.3,1,EM-FA,SVC,0.8845000000000001,0.8845943979725119
segment,False,MNAR,0.3,1,EM-PPCA,LR,0.86,0.8599544323389962
segment,False,MNAR,0.3,1,EM-PPCA,KNN,0.8685,0.8672627612452339
segment,False,MNAR,0.3,1,EM-PPCA,RF,0.9165000000000001,0.9162907873083252
segment,False,MNAR,0.3,1,EM-PPCA,SVC,0.8620000000000001,0.8598965770346446
segment,False,MNAR,0.3,2,EM-FA,LR,0.8885,0.8887600066357869
segment,False,MNAR,0.3,2,EM-FA,KNN,0.9015000000000001,0.9006383989737788
segment,False,MNAR,0.3,2,EM-FA,RF,0.9410000000000001,0.9411789960972499
segment,False,MNAR,0.3,2,EM-FA,SVC,0.8955,0.8959530543968223
segment,False,MNAR,0.3,2,EM-PPCA,LR,0.8595,0.8592856009004036
segment,False,MNAR,0.3,2,EM-PPCA,KNN,0.8879999999999999,0.8872543175657881
segment,False,MNAR,0.3,2,EM-PPCA,RF,0.9305,0.9305002608359348
segment,False,MNAR,0.3,2,EM-PPCA,SVC,0.8760000000000001,0.8750948779924311
spambase,False,MCAR,0.3,0,EM-FA,LR,0.8885,0.8823872235492862
spambase,False,MCAR,0.3,0,EM-FA,KNN,0.8595,0.8503464782618895
spambase,False,MCAR,0.3,0,EM-FA,RF,0.9,0.8942139204577488
spambase,False,MCAR,0.3,0,EM-FA,SVC,0.8960000000000001,0.889140981979455
spambase,False,MCAR,0.3,0,EM-PPCA,LR,0.8875,0.8812929980607302
spambase,False,MCAR,0.3,0,EM-PPCA,KNN,0.8640000000000001,0.8553430754304401
spambase,False,MCAR,0.3,0,EM-PPCA,RF,0.899,0.8932028908460691
spambase,False,MCAR,0.3,0,EM-PPCA,SVC,0.8934999999999998,0.8864755269345684
spambase,False,MCAR,0.3,1,EM-FA,LR,0.89,0.8837979241101814
spambase,False,MCAR,0.3,1,EM-FA,KNN,0.8714999999999999,0.8632008766409092
spambase,False,MCAR,0.3,1,EM-FA,RF,0.8870000000000001,0.880598069084402
spambase,False,MCAR,0.3,1,EM-FA,SVC,0.8934999999999998,0.8864065415015281
spambase,False,MCAR,0.3,1,EM-PPCA,LR,0.8875,0.8813187135449752
spambase,False,MCAR,0.3,1,EM-PPCA,KNN,0.8724999999999999,0.8644890023993081
spambase,False,MCAR,0.3,1,EM-PPCA,RF,0.8895,0.8831428675972497
spambase,False,MCAR,0.3,1,EM-PPCA,SVC,0.8949999999999999,0.8880543153533228
spambase,False,MCAR,0.3,2,EM-FA,LR,0.892,0.8856037157392823
spambase,False,MCAR,0.3,2,EM-FA,KNN,0.8714999999999999,0.8640518653728438
spambase,False,MCAR,0.3,2,EM-FA,RF,0.9015000000000001,0.8961256916560767
spambase,False,MCAR,0.3,2,EM-FA,SVC,0.89,0.8828039641984698
spambase,False,MCAR,0.3,2,EM-PPCA,LR,0.8880000000000001,0.881522993569428
spambase,False,MCAR,0.3,2,EM-PPCA,KNN,0.8745,0.8672720562017835
spambase,False,MCAR,0.3,2,EM-PPCA,RF,0.9,0.8946482806652692
spambase,False,MCAR,0.3,2,EM-PPCA,SVC,0.892,0.8850118643137339
spambase,False,MAR,0.3,0,EM-FA,LR,0.9055,0.8994096582337809
spambase,False,MAR,0.3,0,EM-FA,KNN,0.8775000000000001,0.8706866822069619
spambase,False,MAR,0.3,0,EM-FA,RF,0.9195,0.9149422000930667
spambase,False,MAR,0.3,0,EM-FA,SVC,0.9045,0.8982592323949549
spambase,False,MAR,0.3,0,EM-PPCA,LR,0.9035,0.897502060253544
spambase,False,MAR,0.3,0,EM-PPCA,KNN,0.8779999999999999,0.8713462914356864
spambase,False,MAR,0.3,0,EM-PPCA,RF,0.9175000000000001,0.9123238060324061
spambase,False,MAR,0.3,0,EM-PPCA,SVC,0.906,0.8997528572028678
spambase,False,MAR,0.3,1,EM-FA,LR,0.873,0.8647851273896567
spambase,False,MAR,0.3,1,EM-FA,KNN,0.8605,0.8515949032863821
spambase,False,MAR,0.3,1,EM-FA,RF,0.8945000000000001,0.8883202394800958
spambase,False,MAR,0.3,1,EM-FA,SVC,0.8845000000000001,0.8759566504617535
spambase,False,MAR,0.3,1,EM-PPCA,LR,0.8710000000000001,0.8627603699271941
spambase,False,MAR,0.3,1,EM-PPCA,KNN,0.8629999999999999,0.8546110652151728
spambase,False,MAR,0.3,1,EM-PPCA,RF,0.8950000000000001,0.8885284534944923
spambase,False,MAR,0.3,1,EM-PPCA,SVC,0.884,0.8755058559613932
spambase,False,MAR,0.3,2,EM-FA,LR,0.8725000000000002,0.8643599616693673
spambase,False,MAR,0.3,2,EM-FA,KNN,0.844,0.8335923139729257
spambase,False,MAR,0.3,2,EM-FA,RF,0.898,0.8917716874638936
spambase,False,MAR,0.3,2,EM-FA,SVC,0.881,0.8726783936414805
spambase,False,MAR,0.3,2,EM-PPCA,LR,0.873,0.8649176158772598
spambase,False,MAR,0.3,2,EM-PPCA,KNN,0.8425,0.8328587421004823
spambase,False,MAR,0.3,2,EM-PPCA,RF,0.898,0.8920869436391408
spambase,False,MAR,0.3,2,EM-PPCA,SVC,0.8835,0.8756806528204301
spambase,False,MNAR,0.3,0,EM-FA,LR,0.8885,0.8813764772828165
spambase,False,MNAR,0.3,0,EM-FA,KNN,0.8560000000000001,0.8464736909310219
spambase,False,MNAR,0.3,0,EM-FA,RF,0.8949999999999999,0.8886419479488576
spambase,False,MNAR,0.3,0,EM-FA,SVC,0.8885,0.8811030989815141
spambase,False,MNAR,0.3,0,EM-PPCA,LR,0.8855000000000001,0.8786370443016827
spambase,False,MNAR,0.3,0,EM-PPCA,KNN,0.8525,0.8426814420296044
spambase,False,MNAR,0.3,0,EM-PPCA,RF,0.8949999999999999,0.8889378084644557
spambase,False,MNAR,0.3,0,EM-PPCA,SVC,0.8855000000000001,0.877827795146484
spambase,False,MNAR,0.3,1,EM-FA,LR,0.8855000000000001,0.8778463174494917
spambase,False,MNAR,0.3,1,EM-FA,KNN,0.849,0.8387667507345189
spambase,False,MNAR,0.3,1,EM-FA,RF,0.8945000000000001,0.8883620896583342
spambase,False,MNAR,0.3,1,EM-FA,SVC,0.8799999999999999,0.871092394657901
spambase,False,MNAR,0.3,1,EM-PPCA,LR,0.8835000000000001,0.8758850049935367
spambase,False,MNAR,0.3,1,EM-PPCA,KNN,0.8480000000000001,0.8381178120579241
spambase,False,MNAR,0.3,1,EM-PPCA,RF,0.8924999999999998,0.8860967713644031
spambase,False,MNAR,0.3,1,EM-PPCA,SVC,0.8805,0.8717262337219269
spambase,False,MNAR,0.3,2,EM-FA,LR,0.8759999999999998,0.868735606024465
spambase,False,MNAR,0.3,2,EM-FA,KNN,0.8460000000000001,0.8364180146029974
spambase,False,MNAR,0.3,2,EM-FA,RF,0.8985,0.8924608351802064
spambase,False,MNAR,0.3,2,EM-FA,SVC,0.8779999999999999,0.870273066661364
spambase,False,MNAR,0.3,2,EM-PPCA,LR,0.8775000000000002,0.8702987280410405
spambase,False,MNAR,0.3,2,EM-PPCA,KNN,0.851,0.8417127972229382
spambase,False,MNAR,0.3,2,EM-PPCA,RF,0.8969999999999999,0.8907673390172522
spambase,False,MNAR,0.3,2,EM-PPCA,SVC,0.8785000000000001,0.8704403532633076
MagicTelescope,False,MCAR,0.3,0,EM-FA,LR,0.7700000000000001,0.72140727154608
MagicTelescope,False,MCAR,0.3,0,EM-FA,KNN,0.7570000000000001,0.7082711642282018
MagicTelescope,False,MCAR,0.3,0,EM-FA,RF,0.7945,0.7598968469509418
MagicTelescope,False,MCAR,0.3,0,EM-FA,SVC,0.7945000000000001,0.7459794331302468
MagicTelescope,False,MCAR,0.3,0,EM-PPCA,LR,0.774,0.7269326911109426
MagicTelescope,False,MCAR,0.3,0,EM-PPCA,KNN,0.7595000000000001,0.7117256166803723
MagicTelescope,False,MCAR,0.3,0,EM-PPCA,RF,0.793,0.7567683666455605
MagicTelescope,False,MCAR,0.3,0,EM-PPCA,SVC,0.7965,0.7476316177611833
MagicTelescope,False,MCAR,0.3,1,EM-FA,LR,0.7625,0.7119595986734577
MagicTelescope,False,MCAR,0.3,1,EM-FA,KNN,0.759,0.7097802105641033
MagicTelescope,False,MCAR,0.3,1,EM-FA,RF,0.7989999999999999,0.7639622054161814
MagicTelescope,False,MCAR,0.3,1,EM-FA,SVC,0.7955,0.7476415672414072
MagicTelescope,False,MCAR,0.3,1,EM-PPCA,LR,0.7639999999999999,0.7132461078673786
MagicTelescope,False,MCAR,0.3,1,EM-PPCA,KNN,0.7585,0.7067100156554099
MagicTelescope,False,MCAR,0.3,1,EM-PPCA,RF,0.804,0.7693857844548538
MagicTelescope,False,MCAR,0.3,1,EM-PPCA,SVC,0.79,0.7389238766534757
MagicTelescope,False,MCAR,0.3,2,EM-FA,LR,0.7745,0.7266807396253416
MagicTelescope,False,MCAR,0.3,2,EM-FA,KNN,0.7575,0.7049743161466784
MagicTelescope,False,MCAR,0.3,2,EM-FA,RF,0.7895,0.7506505526561977
MagicTelescope,False,MCAR,0.3,2,EM-FA,SVC,0.7985,0.7521909788579207
MagicTelescope,False,MCAR,0.3,2,EM-PPCA,LR,0.7735,0.7265452254987247
MagicTelescope,False,MCAR,0.3,2,EM-PPCA,KNN,0.7455,0.6922927757999842
MagicTelescope,False,MCAR,0.3,2,EM-PPCA,RF,0.789,0.7515748354603089
MagicTelescope,False,MCAR,0.3,2,EM-PPCA,SVC,0.7949999999999999,0.7477096096091367
MagicTelescope,False,MAR,0.3,0,EM-FA,LR,0.7549999999999999,0.6947266668284616
MagicTelescope,False,MAR,0.3,0,EM-FA,KNN,0.7425,0.689853502730473
MagicTelescope,False,MAR,0.3,0,EM-FA,RF,0.7915,0.754097477551486
MagicTelescope,False,MAR,0.3,0,EM-FA,SVC,0.775,0.7155843292907145
MagicTelescope,False,MAR,0.3,0,EM-PPCA,LR,0.7545,0.6942767006482711
MagicTelescope,False,MAR,0.3,0,EM-PPCA,KNN,0.7315,0.6729232309275092
MagicTelescope,False,MAR,0.3,0,EM-PPCA,RF,0.7870000000000001,0.7469043808710251
MagicTelescope,False,MAR,0.3,0,EM-PPCA,SVC,0.7755,0.7151194997398316
MagicTelescope,False,MAR,0.3,1,EM-FA,LR,0.784,0.7474781502073484
MagicTelescope,False,MAR,0.3,1,EM-FA,KNN,0.7735,0.7301877969314887
MagicTelescope,False,MAR,0.3,1,EM-FA,RF,0.8,0.7687331687947211
MagicTelescope,False,MAR,0.3,1,EM-FA,SVC,0.805,0.764798349024572
MagicTelescope,False,MAR,0.3,1,EM-PPCA,LR,0.7795000000000001,0.7409215327101423
MagicTelescope,False,MAR,0.3,1,EM-PPCA,KNN,0.7735000000000001,0.7279933388542189
MagicTelescope,False,MAR,0.3,1,EM-PPCA,RF,0.806,0.7754476466500125
MagicTelescope,False,MAR,0.3,1,EM-PPCA,SVC,0.8039999999999999,0.7641386821558985
MagicTelescope,False,MAR,0.3,2,EM-FA,LR,0.7545,0.6994291302180841
MagicTelescope,False,MAR,0.3,2,EM-FA,KNN,0.742,0.6861936517333327
MagicTelescope,False,MAR,0.3,2,EM-FA,RF,0.7705,0.7289495279836637
MagicTelescope,False,MAR,0.3,2,EM-FA,SVC,0.7895000000000001,0.7379784381803913
MagicTelescope,False,MAR,0.3,2,EM-PPCA,LR,0.7545000000000001,0.6974863856157422
MagicTelescope,False,MAR,0.3,2,EM-PPCA,KNN,0.7565000000000001,0.702683227221774
MagicTelescope,False,MAR,0.3,2,EM-PPCA,RF,0.7885,0.7518054092493365
MagicTelescope,False,MAR,0.3,2,EM-PPCA,SVC,0.7905,0.7409618596583354
MagicTelescope,False,MNAR,0.3,0,EM-FA,LR,0.765,0.7215120245827736
MagicTelescope,False,MNAR,0.3,0,EM-FA,KNN,0.761,0.7166975175842799
MagicTelescope,False,MNAR,0.3,0,EM-FA,RF,0.8045,0.7706607650142654
MagicTelescope,False,MNAR,0.3,0,EM-FA,SVC,0.7965,0.7502281356631937
MagicTelescope,False,MNAR,0.3,0,EM-PPCA,LR,0.771,0.7272093431254588
MagicTelescope,False,MNAR,0.3,0,EM-PPCA,KNN,0.774,0.7301775358818023
MagicTelescope,False,MNAR,0.3,0,EM-PPCA,RF,0.7935000000000001,0.7578471141529471
MagicTelescope,False,MNAR,0.3,0,EM-PPCA,SVC,0.7969999999999999,0.7508856393686116
MagicTelescope,False,MNAR,0.3,1,EM-FA,LR,0.772,0.7305313595445968
MagicTelescope,False,MNAR,0.3,1,EM-FA,KNN,0.7685,0.7242627427939443
MagicTelescope,False,MNAR,0.3,1,EM-FA,RF,0.8145,0.784974041861569
MagicTelescope,False,MNAR,0.3,1,EM-FA,SVC,0.8145,0.7780263314289869
MagicTelescope,False,MNAR,0.3,1,EM-PPCA,LR,0.7750000000000001,0.7350097819209697
MagicTelescope,False,MNAR,0.3,1,EM-PPCA,KNN,0.777,0.7332358560632734
MagicTelescope,False,MNAR,0.3,1,EM-PPCA,RF,0.8145,0.7854471475235167
MagicTelescope,False,MNAR,0.3,1,EM-PPCA,SVC,0.8135,0.7758713121356233
MagicTelescope,False,MNAR,0.3,2,EM-FA,LR,0.749,0.6916442584265904
MagicTelescope,False,MNAR,0.3,2,EM-FA,KNN,0.751,0.6981599751236045
MagicTelescope,False,MNAR,0.3,2,EM-FA,RF,0.7875,0.7502227759488024
MagicTelescope,False,MNAR,0.3,2,EM-FA,SVC,0.783,0.7215556457416319
MagicTelescope,False,MNAR,0.3,2,EM-PPCA,LR,0.7515,0.6923251200951628
MagicTelescope,False,MNAR,0.3,2,EM-PPCA,KNN,0.7535,0.7020041240459549
MagicTelescope,False,MNAR,0.3,2,EM-PPCA,RF,0.7860000000000001,0.7468805990553793
MagicTelescope,False,MNAR,0.3,2,EM-PPCA,SVC,0.779,0.7142474954882823
CKD,True,natural,0.1389,0,EM-FA,LR,0.9925,0.9920839319494604
CKD,True,natural,0.1389,0,EM-FA,KNN,0.9650000000000001,0.963561755807226
CKD,True,natural,0.1389,0,EM-FA,RF,0.9949999999999999,0.9947333772218565
CKD,True,natural,0.1389,0,EM-FA,SVC,0.9925,0.9920839319494604
CKD,True,natural,0.1389,0,EM-PPCA,LR,0.99,0.9894344866770644
CKD,True,natural,0.1389,0,EM-PPCA,KNN,0.9625,0.96091231053483
CKD,True,natural,0.1389,0,EM-PPCA,RF,0.9974999999999999,0.9973505547276039
CKD,True,natural,0.1389,0,EM-PPCA,SVC,0.9875,0.9867850414046682
CKD,True,natural,0.1389,1,EM-FA,LR,0.9925,0.9921453117329406
CKD,True,natural,0.1389,1,EM-FA,KNN,0.9650000000000001,0.963369823259759
CKD,True,natural,0.1389,1,EM-FA,RF,0.99,0.9893989176853222
CKD,True,natural,0.1389,1,EM-FA,SVC,0.99,0.9894958664605445
CKD,True,natural,0.1389,1,EM-PPCA,LR,0.9925,0.9921453117329406
CKD,True,natural,0.1389,1,EM-PPCA,KNN,0.9625,0.9607526457540116
CKD,True,natural,0.1389,1,EM-PPCA,RF,0.9949999999999999,0.9947333772218565
CKD,True,natural,0.1389,1,EM-PPCA,SVC,0.9875,0.9868786889547971
CKD,True,natural,0.1389,2,EM-FA,LR,0.9925,0.9920516641828117
CKD,True,natural,0.1389,2,EM-FA,KNN,0.9675,0.9660071553172129
CKD,True,natural,0.1389,2,EM-FA,RF,0.9925,0.9920516641828117
CKD,True,natural,0.1389,2,EM-FA,SVC,0.9875,0.9867850414046682
CKD,True,natural,0.1389,2,EM-PPCA,LR,0.9925,0.9920516641828117
CKD,True,natural,0.1389,2,EM-PPCA,KNN,0.9675,0.9660071553172129
CKD,True,natural,0.1389,2,EM-PPCA,RF,0.9925,0.9920172213942706
CKD,True,natural,0.1389,2,EM-PPCA,SVC,0.9875,0.9867850414046682
Heart,True,natural,0.0,0,EM-FA,LR,0.840983606557377,0.8382537438153091
Heart,True,natural,0.0,0,EM-FA,KNN,0.8145355191256829,0.8125391979947214
Heart,True,natural,0.0,0,EM-FA,RF,0.7980874316939891,0.7960498670358362
Heart,True,natural,0.0,0,EM-FA,SVC,0.8179781420765029,0.8156892859928984
Heart,True,natural,0.0,0,EM-PPCA,LR,0.840983606557377,0.8382537438153091
Heart,True,natural,0.0,0,EM-PPCA,KNN,0.8145355191256829,0.8125391979947214
Heart,True,natural,0.0,0,EM-PPCA,RF,0.7980874316939891,0.7960498670358362
Heart,True,natural,0.0,0,EM-PPCA,SVC,0.8179781420765029,0.8156892859928984
Heart,True,natural,0.0,1,EM-FA,LR,0.8477595628415301,0.8449451071804012
Heart,True,natural,0.0,1,EM-FA,KNN,0.8312021857923497,0.8285905902182089
Heart,True,natural,0.0,1,EM-FA,RF,0.7914207650273225,0.7896335086444842
Heart,True,natural,0.0,1,EM-FA,SVC,0.828032786885246,0.8265757128819263
Heart,True,natural,0.0,1,EM-PPCA,LR,0.8477595628415301,0.8449451071804012
Heart,True,natural,0.0,1,EM-PPCA,KNN,0.8312021857923497,0.8285905902182089
Heart,True,natural,0.0,1,EM-PPCA,RF,0.7914207650273225,0.7896335086444842
Heart,True,natural,0.0,1,EM-PPCA,SVC,0.828032786885246,0.8265757128819263
Heart,True,natural,0.0,2,EM-FA,LR,0.844535519125683,0.8423510872543997
Heart,True,natural,0.0,2,EM-FA,KNN,0.82775956284153,0.8250036771903189
Heart,True,natural,0.0,2,EM-FA,RF,0.7914207650273225,0.7892052914656823
Heart,True,natural,0.0,2,EM-FA,SVC,0.8114754098360656,0.8084690894086253
Heart,True,natural,0.0,2,EM-PPCA,LR,0.844535519125683,0.8423510872543997
Heart,True,natural,0.0,2,EM-PPCA,KNN,0.82775956284153,0.8250036771903189
Heart,True,natural,0.0,2,EM-PPCA,RF,0.7914207650273225,0.7892052914656823
Heart,True,natural,0.0,2,EM-PPCA,SVC,0.8114754098360656,0.8084690894086253
Mice,True,natural,0.0168,0,EM-FA,LR,0.987037037037037,0.987103793890768
Mice,True,natural,0.0168,0,EM-FA,KNN,0.9722222222222221,0.9721596639539477
Mice,True,natural,0.0168,0,EM-FA,RF,0.9953703703703702,0.99558238703802
Mice,True,natural,0.0168,0,EM-FA,SVC,0.9972222222222221,0.9973172078960374
Mice,True,natural,0.0168,0,EM-PPCA,LR,0.9888888888888889,0.9889744232613975
Mice,True,natural,0.0168,0,EM-PPCA,KNN,0.9712962962962962,0.971239674771566
Mice,True,natural,0.0168,0,EM-PPCA,RF,0.9916666666666666,0.9920032969205478
Mice,True,natural,0.0168,0,EM-PPCA,SVC,0.9972222222222221,0.9973172078960374
Mice,True,natural,0.0168,1,EM-FA,LR,0.9898148148148149,0.9897250692110834
Mice,True,natural,0.0168,1,EM-FA,KNN,0.9777777777777779,0.9774500603662579
Mice,True,natural,0.0168,1,EM-FA,RF,0.9916666666666666,0.9917005939425895
Mice,True,natural,0.0168,1,EM-FA,SVC,0.9972222222222221,0.9973172078960374
Mice,True,natural,0.0168,1,EM-PPCA,LR,0.9898148148148149,0.9897250692110834
Mice,True,natural,0.0168,1,EM-PPCA,KNN,0.9777777777777779,0.9775712578197474
Mice,True,natural,0.0168,1,EM-PPCA,RF,0.9944444444444445,0.9943888569510578
Mice,True,natural,0.0168,1,EM-PPCA,SVC,0.9972222222222221,0.9973172078960374
Mice,True,natural,0.0168,2,EM-FA,LR,0.987037037037037,0.9870381721898781
Mice,True,natural,0.0168,2,EM-FA,KNN,0.9722222222222223,0.9723793875652105
Mice,True,natural,0.0168,2,EM-FA,RF,0.9935185185185185,0.9938493694002168
Mice,True,natural,0.0168,2,EM-FA,SVC,0.9962962962962962,0.9962644320758198
Mice,True,natural,0.0168,2,EM-PPCA,LR,0.9898148148148149,0.9897148124894691
Mice,True,natural,0.0168,2,EM-PPCA,KNN,0.9694444444444444,0.9696348976955965
Mice,True,natural,0.0168,2,EM-PPCA,RF,0.9925925925925926,0.9927639366883587
Mice,True,natural,0.0168,2,EM-PPCA,SVC,0.9962962962962962,0.9962644320758198
