dataset,natural,n,p,mechanism,rate,seed,method,rmse,mae,oob,nan_left,time_s,error
iris,False,150,4,MCAR,0.1,0,Mean,0.995351825567944,0.8380379896036227,0.0,0,0.0001373169998259982,
iris,False,150,4,MCAR,0.1,0,NDI-0,0.8289253637493198,0.6222029679534085,0.016129032258064516,0,0.000488585000312014,
iris,False,150,4,MCAR,0.1,0,NDI-C,0.6056480508886871,0.4394873315110098,0.0,0,0.0006763420001334453,
iris,False,150,4,MCAR,0.1,0,NDI-S,0.5606075026657529,0.4098944177044757,0.0,0,0.0009361489996990713,
iris,False,150,4,MCAR,0.1,0,GaussCM,0.3656032463725725,0.2735476413080521,0.0,0,0.0018513139998503902,
iris,False,150,4,MCAR,0.1,0,KNN,0.5331738612450226,0.3945160949946873,0.0,0,0.004876248000073247,
iris,False,150,4,MCAR,0.1,0,MICE,0.3754536212005333,0.2805118528337382,0.03225806451612903,0,0.06268077100003211,
iris,False,150,4,MCAR,0.1,0,MissForest,0.5130069664339068,0.3255937943442403,0.0,0,0.6276196339999842,
iris,False,150,4,MCAR,0.1,0,SoftImpute,0.46941331129590114,0.3276437460574546,0.0,0,0.008650474000205577,
iris,False,150,4,MCAR,0.1,0,GAIN,0.58744996462399,0.41712061583015714,0.0,0,11.998819912000272,
iris,False,150,4,MCAR,0.1,0,NDI-F1,0.4949295672755331,0.3346741833722549,0.0,0,0.0013819750001857756,
iris,False,150,4,MCAR,0.1,0,NDI-F-noclip,0.4949295672755331,0.3346741833722549,0.0,0,0.00143441599993821,
iris,False,150,4,MCAR,0.1,0,NDI-F,0.4949295672755331,0.3346741833722549,0.0,0,0.001405153000177961,
iris,False,150,4,MCAR,0.1,0,Copula-NDI-F,0.4678746705345488,0.2991284537742857,0.0,0,0.004778925999744388,
iris,False,150,4,MCAR,0.1,1,Mean,0.9762992833653559,0.8404374546364887,0.0,0,5.680499998561572e-05,
iris,False,150,4,MCAR,0.1,1,NDI-0,1.063223850904209,0.8034546836260892,0.019230769230769232,0,0.0003019509999830916,
iris,False,150,4,MCAR,0.1,1,NDI-C,0.6500804051501262,0.4964418644207663,0.0,0,0.0005858770000486402,
iris,False,150,4,MCAR,0.1,1,NDI-S,0.6048275179165019,0.45889079645201175,0.0,0,0.0006230779999896185,
iris,False,150,4,MCAR,0.1,1,GaussCM,0.5150527449206727,0.35954855950822967,0.019230769230769232,0,0.0016235190000770672,
iris,False,150,4,MCAR,0.1,1,KNN,0.46014471609760094,0.32419845071825865,0.0,0,0.004698880999967514,
iris,False,150,4,MCAR,0.1,1,MICE,0.4959095231687155,0.3617489154083225,0.038461538461538464,0,0.06182306400023663,
iris,False,150,4,MCAR,0.1,1,MissForest,0.4543722067610485,0.3403962550634094,0.0,0,0.6332334969997646,
iris,False,150,4,MCAR,0.1,1,SoftImpute,0.5727745638136765,0.40155934783717295,0.0,0,0.007310697000320943,
iris,False,150,4,MCAR,0.1,1,GAIN,0.6106235235410363,0.4179687860453478,0.0,0,10.786416093999833,
iris,False,150,4,MCAR,0.1,1,NDI-F1,0.5848099931925873,0.42755677567281375,0.0,0,0.0016583379997427983,
iris,False,150,4,MCAR,0.1,1,NDI-F-noclip,0.5848099931925873,0.42755677567281375,0.0,0,0.0013259449997349293,
iris,False,150,4,MCAR,0.1,1,NDI-F,0.5848099931925873,0.42755677567281375,0.0,0,0.0012470960000428022,
iris,False,150,4,MCAR,0.1,1,Copula-NDI-F,0.5870500482109019,0.3844389088769695,0.0,0,0.004649907000384701,
iris,False,150,4,MCAR,0.1,2,Mean,0.8807241453401965,0.7062738654948392,0.0,0,9.283899998990819e-05,
iris,False,150,4,MCAR,0.1,2,NDI-0,0.9412681066526353,0.7024778177097663,0.031746031746031744,0,0.00030628800004706136,
iris,False,150,4,MCAR,0.1,2,NDI-C,0.7017379924836364,0.4926107906185345,0.047619047619047616,0,0.0005965210002614185,
iris,False,150,4,MCAR,0.1,2,NDI-S,0.5863346456499093,0.4401356081418877,0.015873015873015872,0,0.0007555130000582722,
iris,False,150,4,MCAR,0.1,2,GaussCM,0.4079579600964786,0.27123013428443565,0.0,0,0.0014147740002954379,
iris,False,150,4,MCAR,0.1,2,KNN,0.44444252658419,0.3477579586300118,0.0,0,0.004473286999655102,
iris,False,150,4,MCAR,0.1,2,MICE,0.40507143191825923,0.2809462525482231,0.015873015873015872,0,0.06389344299986988,
iris,False,150,4,MCAR,0.1,2,MissForest,0.43612814654746923,0.34019118627645084,0.0,0,0.6569900029999189,
iris,False,150,4,MCAR,0.1,2,SoftImpute,0.4673695574903316,0.3201269277176605,0.0,0,0.013010201999804849,
iris,False,150,4,MCAR,0.1,2,GAIN,0.6343463092490008,0.44322842739098023,0.0,0,12.974736697000026,
iris,False,150,4,MCAR,0.1,2,NDI-F1,0.5639706407214468,0.4032936017563316,0.015873015873015872,0,0.0011053260000153386,
iris,False,150,4,MCAR,0.1,2,NDI-F-noclip,0.5639706407214468,0.4032936017563316,0.015873015873015872,0,0.0010470500001247274,
iris,False,150,4,MCAR,0.1,2,NDI-F,0.5636755972515946,0.40270277190006687,0.0,0,0.0009869430000435386,
iris,False,150,4,MCAR,0.1,2,Copula-NDI-F,0.559317804239874,0.36871051375911584,0.0,0,0.003818788999979006,
iris,False,150,4,MCAR,0.3,0,Mean,0.9639951520398511,0.8014688761549922,0.0,0,0.00010757899963209638,
iris,False,150,4,MCAR,0.3,0,NDI-0,1.0465881554359804,0.7880040000536997,0.016574585635359115,0,0.0003250989998377918,
iris,False,150,4,MCAR,0.3,0,NDI-C,0.7021612043717744,0.5379041017668418,0.022099447513812154,0,0.000908276000245678,
iris,False,150,4,MCAR,0.3,0,NDI-S,0.6347762983376044,0.49090261150491904,0.011049723756906077,0,0.0008503529998051818,
iris,False,150,4,MCAR,0.3,0,GaussCM,0.5657622148079982,0.4180632931605627,0.022099447513812154,0,0.002266673000121955,
iris,False,150,4,MCAR,0.3,0,KNN,0.6316048658555311,0.4716882331058666,0.0,0,0.007372470000063913,
iris,False,150,4,MCAR,0.3,0,MICE,0.6131658333833314,0.4421777584159854,0.022099447513812154,0,0.06161157299993647,
iris,False,150,4,MCAR,0.3,0,MissForest,0.5333654156605802,0.3899284801661792,0.0,0,0.7688920400000825,
iris,False,150,4,MCAR,0.3,0,SoftImpute,0.6169611005284028,0.4559309526909975,0.0,0,0.013177742000152648,
iris,False,150,4,MCAR,0.3,0,GAIN,0.6350636830063741,0.48491255334150957,0.0,0,10.03082550299996,
iris,False,150,4,MCAR,0.3,0,NDI-F1,0.6044136324633409,0.4409124394916741,0.016574585635359115,0,0.0013515979999283445,
iris,False,150,4,MCAR,0.3,0,NDI-F-noclip,0.6044136324633409,0.4409124394916741,0.016574585635359115,0,0.0011781769999288372,
iris,False,150,4,MCAR,0.3,0,NDI-F,0.6034861887501349,0.439126287443114,0.0,0,0.0009104389996537066,
iris,False,150,4,MCAR,0.3,0,Copula-NDI-F,0.6231032496168136,0.4328965095991517,0.0,0,0.0039638759999434114,
iris,False,150,4,MCAR,0.3,0,MIWAE,0.5958919101542162,0.42889691087145027,0.0,0,3.333588183000302,
iris,False,150,4,MCAR,0.3,0,Sinkhorn,0.6330259377340051,0.46535713081818203,0.0,0,24.999768857999698,
iris,False,150,4,MCAR,0.3,0,HyperImpute,0.5809070337921042,0.4252273849135835,0.0,0,6.144039787000111,
iris,False,150,4,MCAR,0.3,0,ReMasker,0.6838640648801445,0.47913022294873203,0.0,0,37.02904073799982,
iris,False,150,4,MCAR,0.3,1,Mean,1.0492202572721172,0.8784101236666183,0.0,0,0.0001075619998118782,
iris,False,150,4,MCAR,0.3,1,NDI-0,1.0473045577498654,0.7940822669537443,0.020833333333333332,0,0.00040162200002669124,
iris,False,150,4,MCAR,0.3,1,NDI-C,0.7358649022506213,0.5242280056965533,0.015625,0,0.0008177740000974154,
iris,False,150,4,MCAR,0.3,1,NDI-S,0.6822194846062355,0.4971618685896881,0.0,0,0.0008116539997899963,
iris,False,150,4,MCAR,0.3,1,GaussCM,0.5738791586009615,0.3980038821930132,0.0,0,0.0023767540001244924,
iris,False,150,4,MCAR,0.3,1,KNN,0.6582748124495201,0.46758917817846757,0.0,0,0.00446891699994012,
iris,False,150,4,MCAR,0.3,1,MICE,0.5842779708220632,0.4013599398437524,0.015625,0,0.0668129850000696,
iris,False,150,4,MCAR,0.3,1,MissForest,0.5384521069137082,0.35621311604362466,0.0,0,0.6372919589998673,
iris,False,150,4,MCAR,0.3,1,SoftImpute,0.6767970948348341,0.487068003516059,0.0,0,0.008652104000248073,
iris,False,150,4,MCAR,0.3,1,GAIN,0.6412356348825439,0.451394343255157,0.0,0,10.795254073999786,
iris,False,150,4,MCAR,0.3,1,NDI-F1,0.6356982339611416,0.4405329899778898,0.0,0,0.0010667130000001634,
iris,False,150,4,MCAR,0.3,1,NDI-F-noclip,0.6356982339611416,0.4405329899778898,0.0,0,0.001125757999943744,
iris,False,150,4,MCAR,0.3,1,NDI-F,0.6356982339611416,0.4405329899778898,0.0,0,0.0013355829996726243,
iris,False,150,4,MCAR,0.3,1,Copula-NDI-F,0.6496496410469761,0.41866075993638124,0.0,0,0.005892316999961622,
iris,False,150,4,MCAR,0.3,2,Mean,1.0429075310189022,0.8767492521246585,0.0,0,0.00010108600008607027,
iris,False,150,4,MCAR,0.3,2,NDI-0,1.052833607359337,0.7810284982870511,0.005128205128205128,0,0.0003378779997547099,
iris,False,150,4,MCAR,0.3,2,NDI-C,0.7813153079467063,0.5539293253831963,0.020512820512820513,0,0.0008209110001189401,
iris,False,150,4,MCAR,0.3,2,NDI-S,0.7450814593590158,0.5536471278034694,0.005128205128205128,0,0.000859813000261056,
iris,False,150,4,MCAR,0.3,2,GaussCM,0.659060892724665,0.4755200139883848,0.015384615384615385,0,0.0015595750001011766,
iris,False,150,4,MCAR,0.3,2,KNN,0.7205824247734726,0.5363455278144856,0.0,0,0.005112750000080268,
iris,False,150,4,MCAR,0.3,2,MICE,0.6621331921872793,0.4801277688571339,0.015384615384615385,0,0.06182666699987749,
iris,False,150,4,MCAR,0.3,2,MissForest,0.6492470008603597,0.4585895141809671,0.0,0,0.6490515499999674,
iris,False,150,4,MCAR,0.3,2,SoftImpute,0.7400909795171663,0.5493992983672827,0.0,0,0.010701849999804836,
iris,False,150,4,MCAR,0.3,2,GAIN,0.8558356133493215,0.5989177457252931,0.0,0,10.347546177999902,
iris,False,150,4,MCAR,0.3,2,NDI-F1,0.7167877697779081,0.5198201518175654,0.020512820512820513,0,0.001788794000276539,
iris,False,150,4,MCAR,0.3,2,NDI-F-noclip,0.7167877697779081,0.5198201518175654,0.020512820512820513,0,0.0013115880001350888,
iris,False,150,4,MCAR,0.3,2,NDI-F,0.7155670570887367,0.517003190637882,0.0,0,0.002058567999938532,
iris,False,150,4,MCAR,0.3,2,Copula-NDI-F,0.7418204465112495,0.5085867199885329,0.0,0,0.004059940999923128,
iris,False,150,4,MCAR,0.5,0,Mean,1.0605832620338023,0.8823772738527388,0.0,0,0.00010662400018190965,
iris,False,150,4,MCAR,0.5,0,NDI-0,1.054422779642427,0.8102740504005675,0.0429042904290429,0,0.000409937999847898,
iris,False,150,4,MCAR,0.5,0,NDI-C,0.9001161052920958,0.6460763241035313,0.036303630363036306,0,0.0006614470003114548,
iris,False,150,4,MCAR,0.5,0,NDI-S,0.8315065370743623,0.6248315050511957,0.0165016501650165,0,0.0008506860003762995,
iris,False,150,4,MCAR,0.5,0,GaussCM,0.7695552389476672,0.5705201699613249,0.026402640264026403,0,0.001805604000310268,
iris,False,150,4,MCAR,0.5,0,KNN,0.8439050439694593,0.6187317067127439,0.0,0,0.005166165999980876,
iris,False,150,4,MCAR,0.5,0,MICE,0.7609131145673128,0.5651923277929908,0.0165016501650165,0,0.061720321999928274,
iris,False,150,4,MCAR,0.5,0,MissForest,0.8502344506418491,0.6022244548297536,0.0,0,0.6517145160000837,
iris,False,150,4,MCAR,0.5,0,SoftImpute,0.8681957620254335,0.6821457627223744,0.0,0,0.008182854000096995,
iris,False,150,4,MCAR,0.5,0,GAIN,0.8472631182526167,0.6359947087888659,0.0,0,10.817188535999776,
iris,False,150,4,MCAR,0.5,0,NDI-F1,0.8137270302796024,0.594341755280396,0.0297029702970297,0,0.0017531260000396287,
iris,False,150,4,MCAR,0.5,0,NDI-F-noclip,0.8137270302796024,0.594341755280396,0.0297029702970297,0,0.0008815340002001903,
iris,False,150,4,MCAR,0.5,0,NDI-F,0.8127498576900565,0.5909568888729232,0.0,0,0.000978466000105982,
iris,False,150,4,MCAR,0.5,0,Copula-NDI-F,0.8249729277631992,0.5996500434214258,0.0,0,0.004247355000188691,
iris,False,150,4,MCAR,0.5,1,Mean,0.99832412188125,0.836164989581742,0.0,0,9.814400027607917e-05,
iris,False,150,4,MCAR,0.5,1,NDI-0,1.062058411016577,0.8074725398149669,0.022653721682847898,0,0.0004355659998509509,
iris,False,150,4,MCAR,0.5,1,NDI-C,0.7807583728782281,0.5775075470788041,0.022653721682847898,0,0.0008010530000319704,
iris,False,150,4,MCAR,0.5,1,NDI-S,0.7242237796654233,0.5559312134332296,0.0,0,0.0013871060000383295,
iris,False,150,4,MCAR,0.5,1,GaussCM,0.700534804752159,0.5224115020293907,0.009708737864077669,0,0.0034372889999758627,
iris,False,150,4,MCAR,0.5,1,KNN,0.7496062655063634,0.577371520810304,0.0,0,0.0062675819999640225,
iris,False,150,4,MCAR,0.5,1,MICE,0.7491296280097163,0.5596009587906136,0.012944983818770227,0,0.061294638000163104,
iris,False,150,4,MCAR,0.5,1,MissForest,0.7049826065268463,0.5020799780399462,0.0,0,0.6282807019997563,
iris,False,150,4,MCAR,0.5,1,SoftImpute,0.7708614966441101,0.6026219619402073,0.0,0,0.009571779999987484,
iris,False,150,4,MCAR,0.5,1,GAIN,0.7723729413234347,0.5538691481091098,0.0,0,10.276759402000152,
iris,False,150,4,MCAR,0.5,1,NDI-F1,0.7136342551628345,0.5362051336497112,0.009708737864077669,0,0.003698190999784856,
iris,False,150,4,MCAR,0.5,1,NDI-F-noclip,0.7136342551628345,0.5362051336497112,0.009708737864077669,0,0.0012518949997684103,
iris,False,150,4,MCAR,0.5,1,NDI-F,0.7131417638100399,0.5351793369375483,0.0,0,0.0011579800002436968,
iris,False,150,4,MCAR,0.5,1,Copula-NDI-F,0.7415780052106619,0.514604756579307,0.0,0,0.0062383219997173,
iris,False,150,4,MCAR,0.5,2,Mean,1.0147373545959355,0.8447014062361976,0.0,0,8.98049997886119e-05,
iris,False,150,4,MCAR,0.5,2,NDI-0,1.0443449893669063,0.8057090949745148,0.03642384105960265,0,0.0004236129998389515,
iris,False,150,4,MCAR,0.5,2,NDI-C,0.8457898401814847,0.6253679246872659,0.03642384105960265,0,0.0006555779996233468,
iris,False,150,4,MCAR,0.5,2,NDI-S,0.7391404292911362,0.5566524259487953,0.019867549668874173,0,0.0007544610002696572,
iris,False,150,4,MCAR,0.5,2,GaussCM,0.7089189556038161,0.5294277393852391,0.046357615894039736,0,0.002168850000089151,
iris,False,150,4,MCAR,0.5,2,KNN,0.8123562491594802,0.5717981754738617,0.0,0,0.006565016999957152,
iris,False,150,4,MCAR,0.5,2,MICE,0.765320707434308,0.5744968742431961,0.019867549668874173,0,0.09041618599985668,
iris,False,150,4,MCAR,0.5,2,MissForest,0.7275854272180828,0.48863012290192565,0.0,0,0.732625144999929,
iris,False,150,4,MCAR,0.5,2,SoftImpute,0.8093178964223631,0.6331007783956587,0.0,0,0.01258166000025085,
iris,False,150,4,MCAR,0.5,2,GAIN,0.7034398352598098,0.5151663123722081,0.0,0,10.253558491000149,
iris,False,150,4,MCAR,0.5,2,NDI-F1,0.7287038302948554,0.545096764343831,0.046357615894039736,0,0.0014237760001378774,
iris,False,150,4,MCAR,0.5,2,NDI-F-noclip,0.7287038302948554,0.545096764343831,0.046357615894039736,0,0.0025652879999142897,
iris,False,150,4,MCAR,0.5,2,NDI-F,0.7266488493320121,0.5394439410987283,0.0,0,0.0015256649999173533,
iris,False,150,4,MCAR,0.5,2,Copula-NDI-F,0.7324054543664605,0.5176272182760572,0.0,0,0.005152834999989864,
iris,False,150,4,MAR,0.3,0,Mean,1.1544022111695746,0.9411562187931881,0.0,0,7.134899988159304e-05,
iris,False,150,4,MAR,0.3,0,NDI-0,1.032294157430185,0.8017764703308073,0.0,0,0.000587443999847892,
iris,False,150,4,MAR,0.3,0,NDI-C,0.8535578211426414,0.657941702849258,0.0,0,0.0008128710001074069,
iris,False,150,4,MAR,0.3,0,NDI-S,0.8061810014077316,0.6294168437603985,0.0,0,0.0007358469997598149,
iris,False,150,4,MAR,0.3,0,GaussCM,0.6737452907051928,0.5190958375446998,0.0,0,0.001774149000084435,
iris,False,150,4,MAR,0.3,0,KNN,0.5506890155525277,0.3877124419211477,0.0,0,0.0045057789998281805,
iris,False,150,4,MAR,0.3,0,MICE,0.6402208113620647,0.44217731952815803,0.10695187165775401,0,0.0572059280002577,
iris,False,150,4,MAR,0.3,0,MissForest,0.6322383062599858,0.46588381097291404,0.0,0,0.6172154719997707,
iris,False,150,4,MAR,0.3,0,SoftImpute,0.8542247006680403,0.679802715036062,0.0,0,0.008883305999916047,
iris,False,150,4,MAR,0.3,0,GAIN,0.812526315204879,0.5616461236229812,0.0,0,10.958710368000084,
iris,False,150,4,MAR,0.3,0,NDI-F1,0.7565375533272946,0.5786809288549476,0.0,0,0.0011684159999276744,
iris,False,150,4,MAR,0.3,0,NDI-F-noclip,0.7565375533272946,0.5786809288549476,0.0,0,0.0013037720000284025,
iris,False,150,4,MAR,0.3,0,NDI-F,0.7565375533272946,0.5786809288549476,0.0,0,0.001033803000154876,
iris,False,150,4,MAR,0.3,0,Copula-NDI-F,0.7939175536108278,0.5976958500766191,0.0,0,0.004639222000150767,
iris,False,150,4,MAR,0.3,0,MIWAE,0.5491156422726602,0.41129878263307584,0.0213903743315508,0,3.467605955000181,
iris,False,150,4,MAR,0.3,0,Sinkhorn,0.8453654016605326,0.6726650813759751,0.0,0,25.173073422000016,
iris,False,150,4,MAR,0.3,0,HyperImpute,0.6170162007380883,0.4288545339509517,0.0,0,5.495377488000031,
iris,False,150,4,MAR,0.3,0,ReMasker,0.6037687531314329,0.4410431242733361,0.0,0,36.70749817599972,
iris,False,150,4,MAR,0.3,1,Mean,0.9056047986564996,0.7563815952411386,0.0,0,0.0001066249997165869,
iris,False,150,4,MAR,0.3,1,NDI-0,1.1151555790821874,0.9072014936254743,0.11428571428571428,0,0.00031000499984656926,
iris,False,150,4,MAR,0.3,1,NDI-C,0.8481659609478619,0.5895482113210266,0.05714285714285714,0,0.000637753999853885,
iris,False,150,4,MAR,0.3,1,NDI-S,0.5894841369518649,0.45650240784324736,0.0,0,0.0006570800001099997,
iris,False,150,4,MAR,0.3,1,GaussCM,0.5356280478864579,0.39981077035217333,0.02857142857142857,0,0.0019256359996688843,
iris,False,150,4,MAR,0.3,1,KNN,0.7627854095027069,0.5600481831133032,0.0,0,0.005788185999790585,
iris,False,150,4,MAR,0.3,1,MICE,0.49369007453097036,0.3598249856887727,0.02857142857142857,0,0.08673153299969272,
iris,False,150,4,MAR,0.3,1,MissForest,0.5584081732846816,0.38873159965929793,0.0,0,0.6152859559997523,
iris,False,150,4,MAR,0.3,1,SoftImpute,0.5345791355229029,0.3927831868401813,0.0,0,0.007945976999963023,
iris,False,150,4,MAR,0.3,1,GAIN,0.5631998848621137,0.41197362503946666,0.0,0,10.949370418000399,
iris,False,150,4,MAR,0.3,1,NDI-F1,0.5908653622372183,0.43900933790686486,0.02857142857142857,0,0.0011341439999341674,
iris,False,150,4,MAR,0.3,1,NDI-F-noclip,0.5908653622372183,0.43900933790686486,0.02857142857142857,0,0.0012716470000668778,
iris,False,150,4,MAR,0.3,1,NDI-F,0.5900176594002847,0.4364853220414271,0.0,0,0.0011588120000851632,
iris,False,150,4,MAR,0.3,1,Copula-NDI-F,0.5750809766753705,0.4158213625076207,0.0,0,0.003759061999971891,
iris,False,150,4,MAR,0.3,2,Mean,1.0981769481034636,0.9590505652396858,0.0,0,6.687599989163573e-05,
iris,False,150,4,MAR,0.3,2,NDI-0,1.1173986456259066,0.8606977916085948,0.056179775280898875,0,0.000325285000144504,
iris,False,150,4,MAR,0.3,2,NDI-C,0.8708870686635922,0.6160971198825752,0.05056179775280899,0,0.0008416420000685321,
iris,False,150,4,MAR,0.3,2,NDI-S,0.7240278188882247,0.5253526157841194,0.0,0,0.0008067740000115009,
iris,False,150,4,MAR,0.3,2,GaussCM,0.6229932136567514,0.4570463241975797,0.0056179775280898875,0,0.002544269000281929,
iris,False,150,4,MAR,0.3,2,KNN,0.6093687376902679,0.4332940152712648,0.0,0,0.004969163000168919,
iris,False,150,4,MAR,0.3,2,MICE,0.5322683401527492,0.39644422483140324,0.0056179775280898875,0,0.060353313999712555,
iris,False,150,4,MAR,0.3,2,MissForest,0.5699681236997312,0.39793577420626075,0.0,0,0.6241889840002841,
iris,False,150,4,MAR,0.3,2,SoftImpute,0.7682886582648764,0.5791911744317259,0.0,0,0.007561601999896084,
iris,False,150,4,MAR,0.3,2,GAIN,0.6751435000147857,0.47549440557572026,0.0,0,11.06266961099982,
iris,False,150,4,MAR,0.3,2,NDI-F1,0.7313393197552909,0.5217052525786364,0.0,0,0.0012517039999693225,
iris,False,150,4,MAR,0.3,2,NDI-F-noclip,0.7313393197552909,0.5217052525786364,0.0,0,0.002180522999879031,
iris,False,150,4,MAR,0.3,2,NDI-F,0.7313393197552909,0.5217052525786364,0.0,0,0.001422521000222332,
iris,False,150,4,MAR,0.3,2,Copula-NDI-F,0.7251482731680947,0.49305987911973326,0.0,0,0.003938003000257595,
iris,False,150,4,MNAR,0.3,0,Mean,1.291589429112049,1.0843924642921519,0.0,0,8.270900025308947e-05,
iris,False,150,4,MNAR,0.3,0,NDI-0,1.272768186623123,0.9962754615483249,0.0,0,0.0004768000003423367,
iris,False,150,4,MNAR,0.3,0,NDI-C,1.0057191049841374,0.770820342729806,0.0056179775280898875,0,0.0006490850000773207,
iris,False,150,4,MNAR,0.3,0,NDI-S,0.9448515756639041,0.7577193185108265,0.0,0,0.0005777579999630689,
iris,False,150,4,MNAR,0.3,0,GaussCM,1.0088077369364743,0.7477402023387429,0.0056179775280898875,0,0.002098165000006702,
iris,False,150,4,MNAR,0.3,0,KNN,1.0324249518350272,0.7298633033172562,0.0,0,0.004411992000314058,
iris,False,150,4,MNAR,0.3,0,MICE,0.693525796190697,0.4711158776378107,0.02247191011235955,0,0.060984994000136794,
iris,False,150,4,MNAR,0.3,0,MissForest,0.6956670425971657,0.4397176492138862,0.0,0,0.6462626549996457,
iris,False,150,4,MNAR,0.3,0,SoftImpute,1.0177899738676854,0.8127966610894205,0.0,0,0.008159942000020237,
iris,False,150,4,MNAR,0.3,0,GAIN,0.7475410966162501,0.5295368808636934,0.0,0,11.185902760999852,
iris,False,150,4,MNAR,0.3,0,NDI-F1,0.8452608767957963,0.6574275507917908,0.0,0,0.0015533529999629536,
iris,False,150,4,MNAR,0.3,0,NDI-F-noclip,1.0625376651952347,0.7736200137780483,0.0,0,0.0023847060001571663,
iris,False,150,4,MNAR,0.3,0,NDI-F,1.0625376651952347,0.7736200137780483,0.0,0,0.0021834270000908873,
iris,False,150,4,MNAR,0.3,0,Copula-NDI-F,1.2103752372080903,0.8913839715426535,0.0,0,0.00556353800038778,
iris,False,150,4,MNAR,0.3,0,MIWAE,0.6463207928845655,0.42637467470489043,0.0056179775280898875,0,3.141958751999937,
iris,False,150,4,MNAR,0.3,0,Sinkhorn,1.0211778274792762,0.80878851531994,0.0,0,25.22909191000008,
iris,False,150,4,MNAR,0.3,0,HyperImpute,0.6843104836193067,0.47196894885543694,0.0,0,4.314494507999825,
iris,False,150,4,MNAR,0.3,0,ReMasker,0.783510368948085,0.493574880869733,0.0,0,37.146196327000325,
iris,False,150,4,MNAR,0.3,1,Mean,1.2045706377582714,1.002334091872139,0.0,0,6.937699981790502e-05,
iris,False,150,4,MNAR,0.3,1,NDI-0,1.2364314754487904,0.936756388905383,0.010582010582010581,0,0.0003362780003044463,
iris,False,150,4,MNAR,0.3,1,NDI-C,0.9085306867031576,0.6772537098427448,0.021164021164021163,0,0.0006387820003510569,
iris,False,150,4,MNAR,0.3,1,NDI-S,0.875167289465923,0.6885625387791108,0.0,0,0.0006475929999396612,
iris,False,150,4,MNAR,0.3,1,GaussCM,0.833410317276294,0.6494761500166998,0.010582010582010581,0,0.0020651039999393106,
iris,False,150,4,MNAR,0.3,1,KNN,0.8993247000803866,0.65704233678089,0.0,0,0.0071400370002265845,
iris,False,150,4,MNAR,0.3,1,MICE,0.7430280063671613,0.5367453270447762,0.037037037037037035,0,0.09558528400020805,
iris,False,150,4,MNAR,0.3,1,MissForest,0.7294392656522624,0.4763173890890319,0.0,0,0.632892277999872,
iris,False,150,4,MNAR,0.3,1,SoftImpute,0.931814062540618,0.7340568417938762,0.0,0,0.008277909000298678,
iris,False,150,4,MNAR,0.3,1,GAIN,0.7346206576117038,0.5535664986215818,0.0,0,10.709232252999755,
iris,False,150,4,MNAR,0.3,1,NDI-F1,0.8298294695596262,0.6283561269503825,0.005291005291005291,0,0.001519366999673366,
iris,False,150,4,MNAR,0.3,1,NDI-F-noclip,0.8523463452432712,0.6674267672744318,0.010582010582010581,0,0.0013375600001381827,
iris,False,150,4,MNAR,0.3,1,NDI-F,0.8517596509601351,0.6662080894533308,0.0,0,0.001246141000137868,
iris,False,150,4,MNAR,0.3,1,Copula-NDI-F,0.9426226589360566,0.7133742413592918,0.0,0,0.004115396000088367,
iris,False,150,4,MNAR,0.3,2,Mean,1.1920128517610116,1.0499160981335383,0.0,0,8.235699988290435e-05,
iris,False,150,4,MNAR,0.3,2,NDI-0,1.0617717623021892,0.889100330318248,0.0,0,0.00044427300008464954,
iris,False,150,4,MNAR,0.3,2,NDI-C,0.9436605749125809,0.7434139327221341,0.03260869565217391,0,0.0007134549996408168,
iris,False,150,4,MNAR,0.3,2,NDI-S,0.9186401456224477,0.7491536329233187,0.016304347826086956,0,0.0009211430001414556,
iris,False,150,4,MNAR,0.3,2,GaussCM,0.8057997209251524,0.6613048136963202,0.02717391304347826,0,0.003797543000018777,
iris,False,150,4,MNAR,0.3,2,KNN,0.9429951047114102,0.7041358547998592,0.0,0,0.0049525399999765796,
iris,False,150,4,MNAR,0.3,2,MICE,0.6197539893745622,0.4175666953061626,0.04891304347826087,0,0.06188259999998991,
iris,False,150,4,MNAR,0.3,2,MissForest,0.6396364108764899,0.4702430148138702,0.0,0,0.6514789990001191,
iris,False,150,4,MNAR,0.3,2,SoftImpute,0.9198604680032818,0.7788645891468114,0.0,0,0.007626121999692259,
iris,False,150,4,MNAR,0.3,2,GAIN,0.7194071020548363,0.5718928096941797,0.0,0,10.855690764999963,
iris,False,150,4,MNAR,0.3,2,NDI-F1,0.8680718307571019,0.695522914519639,0.021739130434782608,0,0.0010348060000069381,
iris,False,150,4,MNAR,0.3,2,NDI-F-noclip,0.8680718307571019,0.695522914519639,0.021739130434782608,0,0.0010799809997479315,
iris,False,150,4,MNAR,0.3,2,NDI-F,0.8664189637582982,0.6926837567222439,0.0,0,0.0013605720000668953,
iris,False,150,4,MNAR,0.3,2,Copula-NDI-F,0.9273536813340052,0.7255502485740741,0.0,0,0.003972516999965592,
wine,False,178,13,MCAR,0.1,0,Mean,0.9859504115929278,0.8302786369748117,0.0,0,0.00011289100029898691,
wine,False,178,13,MCAR,0.1,0,NDI-0,0.989223252518457,0.8225472729615946,0.0,0,0.0004969800002072589,
wine,False,178,13,MCAR,0.1,0,NDI-C,0.7615342738167613,0.6010745257837956,0.0,0,0.0009205759997712448,
wine,False,178,13,MCAR,0.1,0,NDI-S,0.7685797389073089,0.6162305008891318,0.0,0,0.0018253220000588044,
wine,False,178,13,MCAR,0.1,0,GaussCM,0.6792699931992483,0.5280655597953106,0.004424778761061947,0,0.008133349000218004,
wine,False,178,13,MCAR,0.1,0,KNN,0.9002605982755412,0.7083727214581012,0.0,0,0.011422844999742665,
wine,False,178,13,MCAR,0.1,0,MICE,0.6918585473842828,0.5312688863580151,0.008849557522123894,0,0.2328091190001942,
wine,False,178,13,MCAR,0.1,0,MissForest,0.6652456599429731,0.48907591841503745,0.0,0,2.643771228999867,
wine,False,178,13,MCAR,0.1,0,SoftImpute,0.7116983344486028,0.5657196801454671,0.0,0,0.01633101200013698,
wine,False,178,13,MCAR,0.1,0,GAIN,0.774703542997416,0.6171942102274112,0.0,0,10.140499071999784,
wine,False,178,13,MCAR,0.1,0,NDI-F1,0.8139251890007928,0.6445595667107941,0.0,0,0.0024882450002223777,
wine,False,178,13,MCAR,0.1,0,NDI-F-noclip,0.7320896587238854,0.5617933419447969,0.0,0,0.001800178999928903,
wine,False,178,13,MCAR,0.1,0,NDI-F,0.7320896587238854,0.5617933419447969,0.0,0,0.0015150710000852996,
wine,False,178,13,MCAR,0.1,0,Copula-NDI-F,0.7431992343609023,0.5605734309778571,0.0,0,0.012086581999938062,
wine,False,178,13,MCAR,0.1,1,Mean,0.9803172096290005,0.8097279521998202,0.0,0,0.00011359400014043786,
wine,False,178,13,MCAR,0.1,1,NDI-0,0.97357866349935,0.7837546302920383,0.0,0,0.0004571399999804271,
wine,False,178,13,MCAR,0.1,1,NDI-C,0.742253344949361,0.5754981794102442,0.0,0,0.0009368889996039798,
wine,False,178,13,MCAR,0.1,1,NDI-S,0.7555585733330892,0.5927224236287172,0.0,0,0.0008964220000962086,
wine,False,178,13,MCAR,0.1,1,GaussCM,0.7067278335103366,0.5449884450257031,0.0,0,0.008174733000032575,
wine,False,178,13,MCAR,0.1,1,KNN,0.9797623160090382,0.7703663458154365,0.0,0,0.011992097000074864,
wine,False,178,13,MCAR,0.1,1,MICE,0.7336777850505913,0.5647093567940866,0.0,0,0.17940012999997634,
wine,False,178,13,MCAR,0.1,1,MissForest,0.6799446219028399,0.5280800896390438,0.0,0,2.6824571270003617,
wine,False,178,13,MCAR,0.1,1,SoftImpute,0.7278580457577927,0.5624925333583415,0.0,0,0.02691495599992777,
wine,False,178,13,MCAR,0.1,1,GAIN,0.8033350825564778,0.6146644468194635,0.0,0,10.145152644000063,
wine,False,178,13,MCAR,0.1,1,NDI-F1,0.8090795964377997,0.6376638533390719,0.0,0,0.002093717000207107,
wine,False,178,13,MCAR,0.1,1,NDI-F-noclip,0.6988997249880673,0.5414563168636011,0.0,0,0.0012023969998153916,
wine,False,178,13,MCAR,0.1,1,NDI-F,0.6988997249880673,0.5414563168636011,0.0,0,0.001493045000188431,
wine,False,178,13,MCAR,0.1,1,Copula-NDI-F,0.7132971011959721,0.5395184557101893,0.0,0,0.008742013999835763,
wine,False,178,13,MCAR,0.1,2,Mean,1.0923519457667596,0.8840156939376983,0.0,0,8.278299992525717e-05,
wine,False,178,13,MCAR,0.1,2,NDI-0,1.0811192498826818,0.8523380484923343,0.0,0,0.0005948119996901369,
wine,False,178,13,MCAR,0.1,2,NDI-C,0.8337932385751088,0.6227539434219875,0.0,0,0.0009364289999211906,
wine,False,178,13,MCAR,0.1,2,NDI-S,0.8564635253430948,0.647136626160736,0.0,0,0.0009420760002285533,
wine,False,178,13,MCAR,0.1,2,GaussCM,0.7862257413975471,0.563167758806839,0.004329004329004329,0,0.007085767000262422,
wine,False,178,13,MCAR,0.1,2,KNN,0.9817270587360324,0.761233607214681,0.0,0,0.010395846999927016,
wine,False,178,13,MCAR,0.1,2,MICE,0.8101236792322846,0.5777794627505196,0.012987012987012988,0,0.13660903599975427,
wine,False,178,13,MCAR,0.1,2,MissForest,0.7540868815976448,0.5327454336228814,0.0,0,2.6112365459998728,
wine,False,178,13,MCAR,0.1,2,SoftImpute,0.8133291505688487,0.5930024813986173,0.0,0,0.02671020600018892,
wine,False,178,13,MCAR,0.1,2,GAIN,0.8973430653895202,0.6293890156213569,0.0,0,10.286709259999952,
wine,False,178,13,MCAR,0.1,2,NDI-F1,0.9393922299536464,0.7085511533365687,0.004329004329004329,0,0.003303846000108024,
wine,False,178,13,MCAR,0.1,2,NDI-F-noclip,0.8222618268260338,0.5924002620429409,0.004329004329004329,0,0.0028367580002850445,
wine,False,178,13,MCAR,0.1,2,NDI-F,0.8223023458768264,0.5927898797038438,0.0,0,0.002499210000223684,
wine,False,178,13,MCAR,0.1,2,Copula-NDI-F,0.8182474538424104,0.5729766190726626,0.0,0,0.009921940000367613,
wine,False,178,13,MCAR,0.3,0,Mean,0.9905651844898922,0.8145574269101875,0.0,0,0.00012153799980296753,
wine,False,178,13,MCAR,0.3,0,NDI-0,0.9886019319978502,0.7955345721034468,0.0,0,0.0009299509997617861,
wine,False,178,13,MCAR,0.3,0,NDI-C,0.7583158507723163,0.5869430397582561,0.0014814814814814814,0,0.001082865999705973,
wine,False,178,13,MCAR,0.3,0,NDI-S,0.7691152123110672,0.5981812678054088,0.0,0,0.001923050999721454,
wine,False,178,13,MCAR,0.3,0,GaussCM,0.7489585812567153,0.5666492335911834,0.005925925925925926,0,0.015543014999821025,
wine,False,178,13,MCAR,0.3,0,KNN,0.8634013373292966,0.6585614682417554,0.0,0,0.010273648999827856,
wine,False,178,13,MCAR,0.3,0,MICE,1.0220665813094063,0.6712408502718413,0.02666666666666667,0,0.28841965199990227,
wine,False,178,13,MCAR,0.3,0,MissForest,0.7246074568240337,0.5329511876582148,0.0,0,2.0605429880001793,
wine,False,178,13,MCAR,0.3,0,SoftImpute,0.7514610975232532,0.5821547511079795,0.0,0,0.018083658999785257,
wine,False,178,13,MCAR,0.3,0,GAIN,0.8816783349250263,0.6804116812430339,0.0,0,10.609511247999762,
wine,False,178,13,MCAR,0.3,0,NDI-F1,0.8285704840716797,0.6363936535096815,0.0,0,0.001989533999676496,
wine,False,178,13,MCAR,0.3,0,NDI-F-noclip,0.7745564297504178,0.5864668303448055,0.005925925925925926,0,0.0016347810001207108,
wine,False,178,13,MCAR,0.3,0,NDI-F,0.7743659805489254,0.586179751759552,0.0,0,0.003035850999822287,
wine,False,178,13,MCAR,0.3,0,Copula-NDI-F,0.7610593033253534,0.5634814596776286,0.0,0,0.014096645999870816,
wine,False,178,13,MCAR,0.3,0,MIWAE,0.7827515573939943,0.5789241960228172,0.0,0,3.211843229999886,
wine,False,178,13,MCAR,0.3,0,Sinkhorn,0.7368266078595942,0.5543662336195191,0.0,0,27.645066880000286,
wine,False,178,13,MCAR,0.3,0,HyperImpute,0.8016009800008012,0.6044465538338669,0.0,0,10.513937011000053,
wine,False,178,13,MCAR,0.3,0,ReMasker,0.7914976669891189,0.6027650661416611,0.0,0,35.54748444300003,
wine,False,178,13,MCAR,0.3,1,Mean,1.0119539154463333,0.8317448684355518,0.0,0,0.00011799499998232932,
wine,False,178,13,MCAR,0.3,1,NDI-0,1.0160737547864984,0.821932575748137,0.0,0,0.0006286140001066087,
wine,False,178,13,MCAR,0.3,1,NDI-C,0.8071982857102601,0.6189342304929142,0.0,0,0.0009477170001446211,
wine,False,178,13,MCAR,0.3,1,NDI-S,0.812887386027352,0.6312956263870113,0.0,0,0.0008393880002586229,
wine,False,178,13,MCAR,0.3,1,GaussCM,0.796540052421974,0.6078323188286782,0.0028368794326241137,0,0.011342707000039809,
wine,False,178,13,MCAR,0.3,1,KNN,0.9141023842734558,0.69919002445298,0.0,0,0.009790850000172213,
wine,False,178,13,MCAR,0.3,1,MICE,0.8509983979150508,0.6594302446632834,0.019858156028368795,0,0.2543333629996596,
wine,False,178,13,MCAR,0.3,1,MissForest,0.7693671317327274,0.5868966245020312,0.0,0,2.1342692319999514,
wine,False,178,13,MCAR,0.3,1,SoftImpute,0.7925069211295803,0.611634890636512,0.0,0,0.03026880400011578,
wine,False,178,13,MCAR,0.3,1,GAIN,0.9027116460791021,0.6802190306658434,0.0,0,10.331426434999685,
wine,False,178,13,MCAR,0.3,1,NDI-F1,0.8635855361326881,0.6661666336446014,0.0,0,0.001904005000142206,
wine,False,178,13,MCAR,0.3,1,NDI-F-noclip,0.7880101004853453,0.6004784184352716,0.0014184397163120568,0,0.0021936230000392243,
wine,False,178,13,MCAR,0.3,1,NDI-F,0.7876041278869957,0.6000779655599968,0.0,0,0.001366513999982999,
wine,False,178,13,MCAR,0.3,1,Copula-NDI-F,0.7787985558768861,0.5846112255391867,0.0,0,0.009158546999969985,
wine,False,178,13,MCAR,0.3,2,Mean,1.0177407209324851,0.8244117843332605,0.0,0,0.00012021599968647934,
wine,False,178,13,MCAR,0.3,2,NDI-0,1.0325816094503089,0.8257786931979666,0.0,0,0.00038170900006662123,
wine,False,178,13,MCAR,0.3,2,NDI-C,0.7953022883709526,0.5995313626042609,0.0,0,0.0012473679998947773,
wine,False,178,13,MCAR,0.3,2,NDI-S,0.807872846788569,0.6122633080632458,0.0,0,0.0008932630003073427,
wine,False,178,13,MCAR,0.3,2,GaussCM,0.746821349183566,0.563466466311684,0.0028011204481792717,0,0.011865858999954071,
wine,False,178,13,MCAR,0.3,2,KNN,0.9161918991222188,0.7062729134961696,0.0,0,0.015205692000108684,
wine,False,178,13,MCAR,0.3,2,MICE,0.8722781152868692,0.6489922683096171,0.018207282913165267,0,0.32082944299963856,
wine,False,178,13,MCAR,0.3,2,MissForest,0.7272089508863975,0.5350348470330062,0.0,0,2.156755283000166,
wine,False,178,13,MCAR,0.3,2,SoftImpute,0.7884128214794591,0.5964605804203473,0.0,0,0.020048937999945338,
wine,False,178,13,MCAR,0.3,2,GAIN,0.8770688191636955,0.6570101876554426,0.0,0,10.862396398999863,
wine,False,178,13,MCAR,0.3,2,NDI-F1,0.8467071489997257,0.6314158382266589,0.0,0,0.0014765320001970395,
wine,False,178,13,MCAR,0.3,2,NDI-F-noclip,0.7749873864488568,0.5737777643721466,0.004201680672268907,0,0.001527317000181938,
wine,False,178,13,MCAR,0.3,2,NDI-F,0.7744780712882826,0.5732857245779651,0.0,0,0.0016750159998082381,
wine,False,178,13,MCAR,0.3,2,Copula-NDI-F,0.7915939743198509,0.5874424124486599,0.0,0,0.008909914000014396,
wine,False,178,13,MCAR,0.5,0,Mean,0.999943387501381,0.8098636077205428,0.0,0,0.0001455500000702159,
wine,False,178,13,MCAR,0.5,0,NDI-0,1.0486605413624916,0.8288081195964202,0.0,0,0.0005945870002506126,
wine,False,178,13,MCAR,0.5,0,NDI-C,0.842859229689984,0.6425376074018481,0.0017035775127768314,0,0.0010454309999659017,
wine,False,178,13,MCAR,0.5,0,NDI-S,0.8338747585241647,0.6412802764875969,0.0,0,0.0012642320002669294,
wine,False,178,13,MCAR,0.5,0,GaussCM,0.8730994515829572,0.6539661496807714,0.012776831345826235,0,0.011527087000104075,
wine,False,178,13,MCAR,0.5,0,KNN,0.9444321995486871,0.7277129711427041,0.0,0,0.01103171700015082,
wine,False,178,13,MCAR,0.5,0,MICE,0.9063828981440147,0.6801409981125625,0.01192504258943782,0,0.24228365500039217,
wine,False,178,13,MCAR,0.5,0,MissForest,0.8368831316963965,0.616249264946465,0.0,0,2.284531058000084,
wine,False,178,13,MCAR,0.5,0,SoftImpute,0.839880794214872,0.6482955360463477,0.0,0,0.03720224099970437,
wine,False,178,13,MCAR,0.5,0,GAIN,0.9944654047424354,0.7489082348023222,0.0,0,10.471143919000042,
wine,False,178,13,MCAR,0.5,0,NDI-F1,0.8828488899365601,0.6857190150348443,0.0,0,0.0014362179999807267,
wine,False,178,13,MCAR,0.5,0,NDI-F-noclip,0.8590492880015584,0.6475162814671384,0.00596252129471891,0,0.0017988330000662245,
wine,False,178,13,MCAR,0.5,0,NDI-F,0.8582968479916077,0.6466460599619279,0.0,0,0.0016077199998107972,
wine,False,178,13,MCAR,0.5,0,Copula-NDI-F,0.8729960622044273,0.6463127950834852,0.0,0,0.00864992099968731,
wine,False,178,13,MCAR,0.5,1,Mean,1.020119747648309,0.8319252671090981,0.0,0,0.00014162799971018103,
wine,False,178,13,MCAR,0.5,1,NDI-0,1.06051984587386,0.8389105643194619,0.0017346053772766695,0,0.0006093469996812928,
wine,False,178,13,MCAR,0.5,1,NDI-C,0.8589193552405335,0.6524756027413978,0.0008673026886383347,0,0.0010909489997175115,
wine,False,178,13,MCAR,0.5,1,NDI-S,0.85173761868467,0.6551765681186719,0.0,0,0.001142750999861164,
wine,False,178,13,MCAR,0.5,1,GaussCM,0.8763459242915381,0.6629270198591264,0.011274934952298352,0,0.012049955999827944,
wine,False,178,13,MCAR,0.5,1,KNN,0.9501660824945413,0.7277240107974865,0.0,0,0.01144242899999881,
wine,False,178,13,MCAR,0.5,1,MICE,0.9107705944205469,0.6923828980624409,0.008673026886383347,0,0.09899512799984223,
wine,False,178,13,MCAR,0.5,1,MissForest,0.8324232955491881,0.6155565062050468,0.0,0,2.103063479999946,
wine,False,178,13,MCAR,0.5,1,SoftImpute,0.8603820297434345,0.6641978663540178,0.0,0,0.03283424699975512,
wine,False,178,13,MCAR,0.5,1,GAIN,1.1097284166941557,0.8423191126213986,0.0,0,10.737643518000368,
wine,False,178,13,MCAR,0.5,1,NDI-F1,0.8970578382092947,0.6825911092853751,0.0,0,0.0019409629999245226,
wine,False,178,13,MCAR,0.5,1,NDI-F-noclip,0.8403721320704188,0.6294082496793353,0.003469210754553339,0,0.0015224849998958234,
wine,False,178,13,MCAR,0.5,1,NDI-F,0.8396469072245567,0.6290043523129634,0.0,0,0.0013195300002735166,
wine,False,178,13,MCAR,0.5,1,Copula-NDI-F,0.8629014359838618,0.6431220245828116,0.0,0,0.008455222000065987,
wine,False,178,13,MCAR,0.5,2,Mean,1.0040866377237934,0.8096987045577106,0.0,0,0.00018502300008549355,
wine,False,178,13,MCAR,0.5,2,NDI-0,1.0367549112758423,0.8191397728045361,0.0,0,0.0004308910001782351,
wine,False,178,13,MCAR,0.5,2,NDI-C,0.8331960744845981,0.6409241014403749,0.0008756567425569177,0,0.0007019390000095882,
wine,False,178,13,MCAR,0.5,2,NDI-S,0.826361341032137,0.6399714760753642,0.0,0,0.0008865350000633043,
wine,False,178,13,MCAR,0.5,2,GaussCM,0.8171913209453776,0.6236279259425422,0.0043782837127845885,0,0.011250035000102798,
wine,False,178,13,MCAR,0.5,2,KNN,0.9403080329609762,0.7363269371561939,0.0,0,0.012082968999948207,
wine,False,178,13,MCAR,0.5,2,MICE,0.8269688509554154,0.6265232859523027,0.010507880910683012,0,0.09783963000018048,
wine,False,178,13,MCAR,0.5,2,MissForest,0.8057103343465004,0.5952802829836171,0.0,0,2.0764424770000005,
wine,False,178,13,MCAR,0.5,2,SoftImpute,0.8340636031073444,0.6456297049120341,0.0,0,0.020075759000064863,
wine,False,178,13,MCAR,0.5,2,GAIN,1.1001884801527142,0.8323946162939094,0.0,0,10.927158282999699,
wine,False,178,13,MCAR,0.5,2,NDI-F1,0.8738942071095998,0.6753522555766924,0.0,0,0.001693730000170035,
wine,False,178,13,MCAR,0.5,2,NDI-F-noclip,0.816010955625838,0.6175539799587678,0.0035026269702276708,0,0.0015586049999001261,
wine,False,178,13,MCAR,0.5,2,NDI-F,0.8159261723982493,0.6171845568175249,0.0,0,0.0020848120002483483,
wine,False,178,13,MCAR,0.5,2,Copula-NDI-F,0.8272661713766893,0.6153897577339443,0.0,0,0.008779952000168123,
wine,False,178,13,MAR,0.3,0,Mean,1.0078625178668392,0.8071834427052796,0.0,0,9.302700027546962e-05,
wine,False,178,13,MAR,0.3,0,NDI-0,1.010568659586665,0.7850190127966354,0.0,0,0.00043082799993499066,
wine,False,178,13,MAR,0.3,0,NDI-C,0.8430073737569903,0.6459891257505038,0.0,0,0.0008805840002423793,
wine,False,178,13,MAR,0.3,0,NDI-S,0.8437709580181184,0.6480926600989766,0.0,0,0.001106544999856851,
wine,False,178,13,MAR,0.3,0,GaussCM,0.8733447398828525,0.6621585401604492,0.007518796992481203,0,0.014070590999835986,
wine,False,178,13,MAR,0.3,0,KNN,0.9771882334971947,0.7459672564064684,0.0,0,0.008575295999889931,
wine,False,178,13,MAR,0.3,0,MICE,0.8878932426485474,0.6658015192287,0.022556390977443608,0,0.09973184099999344,
wine,False,178,13,MAR,0.3,0,MissForest,0.7855897135270337,0.5872117457345322,0.0,0,1.9634036060001563,
wine,False,178,13,MAR,0.3,0,SoftImpute,0.8319240112748739,0.6285358686936671,0.0,0,0.01781189900020763,
wine,False,178,13,MAR,0.3,0,GAIN,0.9448697363668219,0.688623825579737,0.0,0,10.989982561000033,
wine,False,178,13,MAR,0.3,0,NDI-F1,0.8880586469318309,0.6811596449117064,0.0,0,0.0016080840000540775,
wine,False,178,13,MAR,0.3,0,NDI-F-noclip,0.8668686527707568,0.6531494221463185,0.0030075187969924814,0,0.0020807169998988684,
wine,False,178,13,MAR,0.3,0,NDI-F,0.8665638998990045,0.6528814170934157,0.0,0,0.0020446939997782465,
wine,False,178,13,MAR,0.3,0,Copula-NDI-F,0.9081222386039718,0.6784675885432475,0.0,0,0.013700809000056324,
wine,False,178,13,MAR,0.3,0,MIWAE,0.9170069327773372,0.6437016043488195,0.007518796992481203,0,3.5308804829996916,
wine,False,178,13,MAR,0.3,0,Sinkhorn,0.7976251963472064,0.5851011815524522,0.0,0,27.074126091999915,
wine,False,178,13,MAR,0.3,0,HyperImpute,0.8995244189457164,0.6657983001850384,0.0,0,7.8219189749997895,
wine,False,178,13,MAR,0.3,0,ReMasker,0.9022270241169503,0.6933812075881977,0.0,0,36.938866321000205,
wine,False,178,13,MAR,0.3,1,Mean,1.022845605899833,0.844625375760355,0.0,0,0.000105219000033685,
wine,False,178,13,MAR,0.3,1,NDI-0,1.040661687747479,0.8526108320824322,0.0,0,0.0004118080000807822,
wine,False,178,13,MAR,0.3,1,NDI-C,0.7858088147381346,0.6172225567309335,0.0,0,0.0020801110003958456,
wine,False,178,13,MAR,0.3,1,NDI-S,0.8024811244438215,0.6361577962878945,0.0,0,0.0019571339998947224,
wine,False,178,13,MAR,0.3,1,GaussCM,0.828477240447847,0.6405462443731301,0.005747126436781609,0,0.010192628999902809,
wine,False,178,13,MAR,0.3,1,KNN,0.960215937661499,0.7450896422309135,0.0,0,0.008294864999697893,
wine,False,178,13,MAR,0.3,1,MICE,0.8558441648073543,0.6642523308372725,0.02442528735632184,0,0.0950837320001483,
wine,False,178,13,MAR,0.3,1,MissForest,0.7405800594126939,0.562904326640192,0.0,0,1.9376381730003231,
wine,False,178,13,MAR,0.3,1,SoftImpute,0.7967312310307224,0.6312101497976258,0.0,0,0.022705066000071383,
wine,False,178,13,MAR,0.3,1,GAIN,0.8383185978988621,0.6611353087276912,0.0,0,10.699846399999842,
wine,False,178,13,MAR,0.3,1,NDI-F1,0.8337517969331973,0.6583880408716609,0.0,0,0.0014971349996812933,
wine,False,178,13,MAR,0.3,1,NDI-F-noclip,0.7958512499519512,0.6154780404134749,0.005747126436781609,0,0.0016595269999015727,
wine,False,178,13,MAR,0.3,1,NDI-F,0.7952546358328713,0.6148817296760742,0.0,0,0.002662351000253693,
wine,False,178,13,MAR,0.3,1,Copula-NDI-F,0.7935703531229732,0.6052627516797678,0.0,0,0.011001229999692441,
wine,False,178,13,MAR,0.3,2,Mean,0.9924540788214791,0.7983960467474013,0.0,0,9.888899967336329e-05,
wine,False,178,13,MAR,0.3,2,NDI-0,0.9959689392713916,0.7886112114798439,0.0,0,0.0005548760000237962,
wine,False,178,13,MAR,0.3,2,NDI-C,0.8225214181132184,0.6151517667561511,0.0014347202295552368,0,0.0011485330001050897,
wine,False,178,13,MAR,0.3,2,NDI-S,0.8239027026020453,0.6213919951281986,0.0,0,0.001183437999770831,
wine,False,178,13,MAR,0.3,2,GaussCM,0.8969054985475224,0.6709202656091369,0.011477761836441894,0,0.011178823000136617,
wine,False,178,13,MAR,0.3,2,KNN,0.9014152860101269,0.6774109167389138,0.0,0,0.009157135999885213,
wine,False,178,13,MAR,0.3,2,MICE,0.9419385556526825,0.7090881518777085,0.027259684361549498,0,0.2449027939996995,
wine,False,178,13,MAR,0.3,2,MissForest,0.8144280906716206,0.5820910085459859,0.0,0,2.438962111999899,
wine,False,178,13,MAR,0.3,2,SoftImpute,0.823694349670397,0.6178076530057178,0.0,0,0.02111973899991426,
wine,False,178,13,MAR,0.3,2,GAIN,0.8436763133359675,0.6162626294634175,0.0,0,10.678224438000143,
wine,False,178,13,MAR,0.3,2,NDI-F1,0.8861097851934532,0.6740508582753804,0.0,0,0.0015236419999382633,
wine,False,178,13,MAR,0.3,2,NDI-F-noclip,0.8396207154005061,0.6159447252495112,0.00430416068866571,0,0.00179074000016044,
wine,False,178,13,MAR,0.3,2,NDI-F,0.839165482337777,0.6150495279326527,0.0,0,0.0016091980000965123,
wine,False,178,13,MAR,0.3,2,Copula-NDI-F,0.8698858043660261,0.6307876317095524,0.0,0,0.009620997999718384,
wine,False,178,13,MNAR,0.3,0,Mean,1.3369490527593104,1.1004785870082532,0.0,0,9.680299990577623e-05,
wine,False,178,13,MNAR,0.3,0,NDI-0,1.3474851740331177,1.0826943931152582,0.0,0,0.0005705389999093313,
wine,False,178,13,MNAR,0.3,0,NDI-C,1.1082710103153677,0.8748980302229948,0.0,0,0.0007380370002465497,
wine,False,178,13,MNAR,0.3,0,NDI-S,1.1475906639883071,0.914815965159863,0.0,0,0.0011542910001480777,
wine,False,178,13,MNAR,0.3,0,GaussCM,1.1483031925499951,0.8963366953733102,0.0,0,0.018336762000217277,
wine,False,178,13,MNAR,0.3,0,KNN,1.2158006780095567,0.9351323984410569,0.0,0,0.01392267199980779,
wine,False,178,13,MNAR,0.3,0,MICE,1.0319058827760932,0.7844536575734974,0.023323615160349854,0,0.2589072069999929,
wine,False,178,13,MNAR,0.3,0,MissForest,0.9664113787416486,0.7192279874458885,0.0,0,2.0842226549998486,
wine,False,178,13,MNAR,0.3,0,SoftImpute,1.1570628513306171,0.9162606429516875,0.0,0,0.01874261100010699,
wine,False,178,13,MNAR,0.3,0,GAIN,1.2004997408318059,0.9152798097387541,0.0,0,10.75310459000002,
wine,False,178,13,MNAR,0.3,0,NDI-F1,1.1953886109742369,0.946870533201301,0.0,0,0.001622047000182647,
wine,False,178,13,MNAR,0.3,0,NDI-F-noclip,1.0656132095350361,0.8243006092310091,0.0014577259475218659,0,0.0019277749997854698,
wine,False,178,13,MNAR,0.3,0,NDI-F,1.0657412998422164,0.8244754256262613,0.0,0,0.0018012300001828407,
wine,False,178,13,MNAR,0.3,0,Copula-NDI-F,1.1140329550585792,0.8615370178807074,0.0,0,0.011472844999843801,
wine,False,178,13,MNAR,0.3,0,MIWAE,1.0117691376891667,0.7447198619076473,0.011661807580174927,0,3.596296880999944,
wine,False,178,13,MNAR,0.3,0,Sinkhorn,1.075060996376384,0.813432619762874,0.0,0,27.882232848000058,
wine,False,178,13,MNAR,0.3,0,HyperImpute,0.982047621232306,0.7406973877046198,0.0,0,26.022577702000035,
wine,False,178,13,MNAR,0.3,0,ReMasker,1.0172762654381273,0.7547517281943654,0.0,0,35.6919163739999,
wine,False,178,13,MNAR,0.3,1,Mean,1.1754971018032612,0.9765324088577617,0.0,0,0.00012269299986655824,
wine,False,178,13,MNAR,0.3,1,NDI-0,1.186459538820978,0.9587997919236949,0.0,0,0.0007537699998465541,
wine,False,178,13,MNAR,0.3,1,NDI-C,0.9657896409143027,0.7584075608370333,0.0,0,0.00118062599995028,
wine,False,178,13,MNAR,0.3,1,NDI-S,0.9887394244885223,0.784312609642405,0.0,0,0.0012790420000783342,
wine,False,178,13,MNAR,0.3,1,GaussCM,0.9957358654201351,0.7503210339658982,0.004231311706629055,0,0.012121497999942221,
wine,False,178,13,MNAR,0.3,1,KNN,1.0743356689695684,0.8432809959523786,0.0,0,0.010522785999910411,
wine,False,178,13,MNAR,0.3,1,MICE,1.0395256387850726,0.7597797663521692,0.04231311706629055,0,0.25630331799993655,
wine,False,178,13,MNAR,0.3,1,MissForest,0.886573220121658,0.6625025141485342,0.0,0,2.1040228290003142,
wine,False,178,13,MNAR,0.3,1,SoftImpute,0.9915878871928837,0.7759163317719769,0.0,0,0.03594404800014672,
wine,False,178,13,MNAR,0.3,1,GAIN,1.032244571208817,0.7652782313429317,0.0,0,10.426585065000381,
wine,False,178,13,MNAR,0.3,1,NDI-F1,1.037098001044128,0.8276369678528472,0.0,0,0.0027175099999112717,
wine,False,178,13,MNAR,0.3,1,NDI-F-noclip,0.9723830727030024,0.7348757152184473,0.004231311706629055,0,0.002300655999988521,
wine,False,178,13,MNAR,0.3,1,NDI-F,0.9721579344519236,0.734914157451415,0.0,0,0.001607921999948303,
wine,False,178,13,MNAR,0.3,1,Copula-NDI-F,0.9587455813567567,0.7168372507008284,0.0,0,0.009518705000118644,
wine,False,178,13,MNAR,0.3,2,Mean,1.2006566428336782,1.0060527875194993,0.0,0,0.00010886599966397625,
wine,False,178,13,MNAR,0.3,2,NDI-0,1.1895118607964912,0.9843658520327907,0.0,0,0.0006629559998145851,
wine,False,178,13,MNAR,0.3,2,NDI-C,0.9810777709876646,0.7749162678916323,0.0,0,0.0008890550002433883,
wine,False,178,13,MNAR,0.3,2,NDI-S,1.0062414519622211,0.8059702380319593,0.0,0,0.001226940999913495,
wine,False,178,13,MNAR,0.3,2,GaussCM,0.9623579984460857,0.7553557445602558,0.005747126436781609,0,0.011314428999867232,
wine,False,178,13,MNAR,0.3,2,KNN,1.2566567389706216,1.0125764687785344,0.0,0,0.013851200999852153,
wine,False,178,13,MNAR,0.3,2,MICE,0.9305999423745538,0.7170061614172694,0.020114942528735632,0,0.3725796530002299,
wine,False,178,13,MNAR,0.3,2,MissForest,0.8553749895926824,0.6524259443728102,0.0,0,2.108935542999916,
wine,False,178,13,MNAR,0.3,2,SoftImpute,0.9994721523266163,0.8005052846114955,0.0,0,0.01864665800030707,
wine,False,178,13,MNAR,0.3,2,GAIN,1.0914205641184225,0.8366702150560917,0.0,0,10.943912551000267,
wine,False,178,13,MNAR,0.3,2,NDI-F1,1.0508055605096727,0.8361472184409252,0.0,0,0.0014461339997069445,
wine,False,178,13,MNAR,0.3,2,NDI-F-noclip,0.9477134343947569,0.7454761812435117,0.0014367816091954023,0,0.0016796520003481419,
wine,False,178,13,MNAR,0.3,2,NDI-F,0.9476589220737472,0.7453839050881449,0.0,0,0.002071657999749732,
wine,False,178,13,MNAR,0.3,2,Copula-NDI-F,0.9599356558225449,0.7371462099833768,0.0,0,0.010459313999945152,
glass,False,205,9,MCAR,0.1,0,Mean,0.8558848214802367,0.584776512756466,0.0,0,9.399700002177269e-05,
glass,False,205,9,MCAR,0.1,0,NDI-0,0.911167109486166,0.6405026342723746,0.0,0,0.0006305090000751079,
glass,False,205,9,MCAR,0.1,0,NDI-C,0.6827741641321623,0.4582513118129197,0.0625,0,0.0010236809998787066,
glass,False,205,9,MCAR,0.1,0,NDI-S,0.6910200165460689,0.46706544968045854,0.011363636363636364,0,0.0006796759998906055,
glass,False,205,9,MCAR,0.1,0,GaussCM,0.513614710047434,0.3327563144980424,0.0625,0,0.004079772999830311,
glass,False,205,9,MCAR,0.1,0,KNN,0.6316554438052208,0.34881037175545837,0.0,0,0.007589595999888843,
glass,False,205,9,MCAR,0.1,0,MICE,0.4077085586764655,0.2641279505022146,0.045454545454545456,0,0.0703809269998601,
glass,False,205,9,MCAR,0.1,0,MissForest,0.6360424716152348,0.3703432820365214,0.0,0,1.8801219209999545,
glass,False,205,9,MCAR,0.1,0,SoftImpute,0.4898703952032506,0.3134441098428387,0.022727272727272728,0,0.017985074000080203,
glass,False,205,9,MCAR,0.1,0,GAIN,0.9432428190075395,0.7064040509710207,0.0,0,10.426524341000004,
glass,False,205,9,MCAR,0.1,0,NDI-F1,0.8283694796045855,0.5662306806455836,0.011363636363636364,0,0.0016348659996765491,
glass,False,205,9,MCAR,0.1,0,NDI-F-noclip,0.5622061457952144,0.3761939861598184,0.09090909090909091,0,0.0020448130003387632,
glass,False,205,9,MCAR,0.1,0,NDI-F,0.5576094800319742,0.36153649200852855,0.0,0,0.0013102459997753613,
glass,False,205,9,MCAR,0.1,0,Copula-NDI-F,0.7405890504908188,0.3902323796513851,0.0,0,0.007060561999878701,
glass,False,205,9,MCAR,0.1,1,Mean,1.1814110217190106,0.7764028341374936,0.0,0,8.254000022134278e-05,
glass,False,205,9,MCAR,0.1,1,NDI-0,1.2651042935281487,0.8465603630951009,0.00558659217877095,0,0.0003546150001056958,
glass,False,205,9,MCAR,0.1,1,NDI-C,0.9628732570272764,0.5944455618878406,0.055865921787709494,0,0.0010395310000603786,
glass,False,205,9,MCAR,0.1,1,NDI-S,1.0025421697539008,0.6260741102169942,0.0111731843575419,0,0.0007962059999044868,
glass,False,205,9,MCAR,0.1,1,GaussCM,0.7479815399933607,0.4521477823804916,0.03910614525139665,0,0.005305243000293558,
glass,False,205,9,MCAR,0.1,1,KNN,0.8981661810860236,0.47820366301282646,0.0,0,0.007921836000150506,
glass,False,205,9,MCAR,0.1,1,MICE,0.570423562173934,0.35154949564786864,0.08379888268156424,0,0.1544979179998336,
glass,False,205,9,MCAR,0.1,1,MissForest,0.8722385705571873,0.481943086553422,0.0,0,1.5148119620002944,
glass,False,205,9,MCAR,0.1,1,SoftImpute,0.8478075408745253,0.5043997857916822,0.0223463687150838,0,0.02039533900006063,
glass,False,205,9,MCAR,0.1,1,GAIN,1.0497814016696547,0.6443565763316503,0.0,0,10.63114255499977,
glass,False,205,9,MCAR,0.1,1,NDI-F1,1.0817923001747183,0.7040296007776385,0.0223463687150838,0,0.0017729179999150801,
glass,False,205,9,MCAR,0.1,1,NDI-F-noclip,0.85079144247973,0.5264202596279456,0.08379888268156424,0,0.001519098000244412,
glass,False,205,9,MCAR,0.1,1,NDI-F,0.8433240382844541,0.5040726345957024,0.0,0,0.001526735999959783,
glass,False,205,9,MCAR,0.1,1,Copula-NDI-F,1.0568910635011683,0.5361663656669863,0.0,0,0.0070137929997144965,
glass,False,205,9,MCAR,0.1,2,Mean,1.1325237644029864,0.769484828632455,0.0,0,0.00014653000016551232,
glass,False,205,9,MCAR,0.1,2,NDI-0,1.2306734846977132,0.8298050691733272,0.005076142131979695,0,0.00036629400028687087,
glass,False,205,9,MCAR,0.1,2,NDI-C,0.9418522126441624,0.6149638009754861,0.02030456852791878,0,0.0007340850002037769,
glass,False,205,9,MCAR,0.1,2,NDI-S,0.9852857623497125,0.6467171781851571,0.0,0,0.0010197229998993862,
glass,False,205,9,MCAR,0.1,2,GaussCM,0.7829659965296355,0.47234965683318003,0.02030456852791878,0,0.00462292600013825,
glass,False,205,9,MCAR,0.1,2,KNN,1.0043803777642226,0.5586327266442921,0.0,0,0.009380841000165674,
glass,False,205,9,MCAR,0.1,2,MICE,0.7105783519874144,0.37955746042408767,0.050761421319796954,0,0.06326770699979534,
glass,False,205,9,MCAR,0.1,2,MissForest,0.9165257873559838,0.5316350764694631,0.0,0,1.4500541469997188,
glass,False,205,9,MCAR,0.1,2,SoftImpute,0.8166001650481577,0.5136269218708666,0.005076142131979695,0,0.014147551999940333,
glass,False,205,9,MCAR,0.1,2,GAIN,0.9589840044496453,0.6536900964320946,0.0,0,10.981059009000091,
glass,False,205,9,MCAR,0.1,2,NDI-F1,1.0986845237621596,0.7553845923689352,0.015228426395939087,0,0.0012221379997754411,
glass,False,205,9,MCAR,0.1,2,NDI-F-noclip,0.8598174299563573,0.5268650831902814,0.05583756345177665,0,0.001262021000002278,
glass,False,205,9,MCAR,0.1,2,NDI-F,0.8145188389274134,0.5093839894079067,0.0,0,0.0015635439999641676,
glass,False,205,9,MCAR,0.1,2,Copula-NDI-F,0.9594894860541552,0.5459578089909222,0.0,0,0.006844786000328895,
glass,False,205,9,MCAR,0.3,0,Mean,0.9936051946667322,0.6908832714089884,0.0,0,8.934499965107534e-05,
glass,False,205,9,MCAR,0.3,0,NDI-0,1.1924931862404646,0.8324257206804577,0.018484288354898338,0,0.0007617030000801606,
glass,False,205,9,MCAR,0.3,0,NDI-C,0.8994984896373296,0.5925380572851482,0.06099815157116451,0,0.0008687050003572949,
glass,False,205,9,MCAR,0.3,0,NDI-S,0.8626919277810932,0.5758369036301587,0.012939001848428836,0,0.000967835999745148,
glass,False,205,9,MCAR,0.3,0,GaussCM,0.7871076711364537,0.49591670269156063,0.07024029574861368,0,0.01226475900011792,
glass,False,205,9,MCAR,0.3,0,KNN,0.8788821229292056,0.5536013563665758,0.0,0,0.012495667000166577,
glass,False,205,9,MCAR,0.3,0,MICE,0.8270121204047101,0.4931574432717541,0.07208872458410351,0,0.08977208899977995,
glass,False,205,9,MCAR,0.3,0,MissForest,0.7812244074287583,0.47747618239534223,0.0,0,1.4478606600000603,
glass,False,205,9,MCAR,0.3,0,SoftImpute,0.7895835570472652,0.5173092332347415,0.014787430683918669,0,0.015294482999706815,
glass,False,205,9,MCAR,0.3,0,GAIN,0.9230435340161699,0.6351402316846088,0.0,0,11.036282248999669,
glass,False,205,9,MCAR,0.3,0,NDI-F1,0.9389568402480578,0.6546159855153326,0.011090573012939002,0,0.0021850230000382,
glass,False,205,9,MCAR,0.3,0,NDI-F-noclip,0.8362854865823933,0.5236037933720822,0.07948243992606285,0,0.0013874149999537622,
glass,False,205,9,MCAR,0.3,0,NDI-F,0.810454780339627,0.4974204830070137,0.0,0,0.0017555340000399156,
glass,False,205,9,MCAR,0.3,0,Copula-NDI-F,0.8972056533595001,0.5092002053740523,0.0,0,0.00964834400019754,
glass,False,205,9,MCAR,0.3,0,MIWAE,1.0774197972846002,0.5976953069542764,0.07024029574861368,0,3.540206143999967,
glass,False,205,9,MCAR,0.3,0,Sinkhorn,0.8079143449048014,0.4838211894752273,0.0036968576709796672,0,28.31434497500004,
glass,False,205,9,MCAR,0.3,0,HyperImpute,0.7302877532047791,0.43000398483562274,0.0,0,9.007992683999873,
glass,False,205,9,MCAR,0.3,0,ReMasker,0.8395694330658261,0.5382833232543588,0.0,0,48.482647402999646,
glass,False,205,9,MCAR,0.3,1,Mean,0.9105987247076671,0.6555446223584119,0.0,0,0.0001819059998524608,
glass,False,205,9,MCAR,0.3,1,NDI-0,1.0355783934924447,0.7582945563588047,0.00825082508250825,0,0.0015235890000440122,
glass,False,205,9,MCAR,0.3,1,NDI-C,0.7692841564351777,0.545108194100866,0.05115511551155116,0,0.0010896399999182904,
glass,False,205,9,MCAR,0.3,1,NDI-S,0.7677710822262229,0.5420852689875609,0.013201320132013201,0,0.001129945999764459,
glass,False,205,9,MCAR,0.3,1,GaussCM,0.6569877454644397,0.4587880439064718,0.04950495049504951,0,0.017376773999785655,
glass,False,205,9,MCAR,0.3,1,KNN,0.8384783429653575,0.544511616118401,0.0,0,0.010226978999980929,
glass,False,205,9,MCAR,0.3,1,MICE,0.7194708363831439,0.49054783296301285,0.06435643564356436,0,0.10557204999986425,
glass,False,205,9,MCAR,0.3,1,MissForest,0.6731616856702554,0.4151390329780718,0.0,0,1.4776889069999015,
glass,False,205,9,MCAR,0.3,1,SoftImpute,0.705416414326963,0.4919768510379452,0.0049504950495049506,0,0.015337373999955162,
glass,False,205,9,MCAR,0.3,1,GAIN,0.78012205771541,0.5249927495921499,0.0,0,10.75522563200002,
glass,False,205,9,MCAR,0.3,1,NDI-F1,0.8568474001539705,0.6266464223757323,0.018151815181518153,0,0.0012432360003913345,
glass,False,205,9,MCAR,0.3,1,NDI-F-noclip,0.7629596980819309,0.5223840547094944,0.0858085808580858,0,0.002247907999844756,
glass,False,205,9,MCAR,0.3,1,NDI-F,0.7374164959925317,0.4935961182471442,0.0,0,0.0017001480000544689,
glass,False,205,9,MCAR,0.3,1,Copula-NDI-F,0.7499521746546272,0.41803216750492267,0.0,0,0.008188552999854437,
glass,False,205,9,MCAR,0.3,2,Mean,0.9244166081085756,0.6690577239023092,0.0,0,0.00015560100018774392,
glass,False,205,9,MCAR,0.3,2,NDI-0,1.035887219035908,0.7384275229150414,0.010344827586206896,0,0.0005362540000533045,
glass,False,205,9,MCAR,0.3,2,NDI-C,0.813421694691957,0.5539141568377453,0.05172413793103448,0,0.0008214679996854102,
glass,False,205,9,MCAR,0.3,2,NDI-S,0.7999131263274868,0.552499961223532,0.006896551724137931,0,0.0008773810000093363,
glass,False,205,9,MCAR,0.3,2,GaussCM,0.7214970181332298,0.48369714152044396,0.03793103448275862,0,0.012359163999917655,
glass,False,205,9,MCAR,0.3,2,KNN,0.7857823799906325,0.5269698083414839,0.0,0,0.009094405000269035,
glass,False,205,9,MCAR,0.3,2,MICE,0.7378453020584542,0.5116697132195749,0.03103448275862069,0,0.09421213500036174,
glass,False,205,9,MCAR,0.3,2,MissForest,0.6803652254934186,0.42430353017446965,0.0,0,1.7113658329999453,
glass,False,205,9,MCAR,0.3,2,SoftImpute,0.7282641797457384,0.49248068092587155,0.01206896551724138,0,0.014426260000163893,
glass,False,205,9,MCAR,0.3,2,GAIN,0.8489117391489762,0.5746183769050773,0.0,0,10.743631866000214,
glass,False,205,9,MCAR,0.3,2,NDI-F1,0.8856181047727087,0.626149151306734,0.0034482758620689655,0,0.0014467699998021999,
glass,False,205,9,MCAR,0.3,2,NDI-F-noclip,0.819887686239496,0.5305845063209825,0.08793103448275862,0,0.0012804860002688656,
glass,False,205,9,MCAR,0.3,2,NDI-F,0.8031399985071007,0.5040761454429816,0.0,0,0.0013757689998783462,
glass,False,205,9,MCAR,0.3,2,Copula-NDI-F,0.7701620809126087,0.4226057473161447,0.0,0,0.007330723999984912,
glass,False,205,9,MCAR,0.5,0,Mean,1.0211834833413997,0.6915533037509032,0.0,0,0.00015264400008163648,
glass,False,205,9,MCAR,0.5,0,NDI-0,1.1512229796995552,0.7946436181626131,0.021087680355160933,0,0.0006455620000451745,
glass,False,205,9,MCAR,0.5,0,NDI-C,0.9490103931384313,0.604998979439992,0.05327413984461709,0,0.0009213529997396108,
glass,False,205,9,MCAR,0.5,0,NDI-S,0.9194306578441174,0.591099039423903,0.017758046614872364,0,0.0007685079999646405,
glass,False,205,9,MCAR,0.5,0,GaussCM,0.8862939125770006,0.5640639689678285,0.03218645948945616,0,0.012180016999991494,
glass,False,205,9,MCAR,0.5,0,KNN,1.0357142449602057,0.6749178189328728,0.0,0,0.011727083000096172,
glass,False,205,9,MCAR,0.5,0,MICE,1.155785820290909,0.6655162585180783,0.05438401775804662,0,0.06459135300019625,
glass,False,205,9,MCAR,0.5,0,MissForest,0.8939160347970125,0.5064458626269472,0.0,0,1.512317264000103,
glass,False,205,9,MCAR,0.5,0,SoftImpute,0.9170565008758813,0.5890263678648344,0.005549389567147614,0,0.015488442999867402,
glass,False,205,9,MCAR,0.5,0,GAIN,1.0937650735031184,0.6879240851151761,0.0,0,10.809030566999809,
glass,False,205,9,MCAR,0.5,0,NDI-F1,0.9772443900337131,0.6626919074217542,0.026637069922308545,0,0.0019469059998300509,
glass,False,205,9,MCAR,0.5,0,NDI-F-noclip,0.9207349445324627,0.5913567057590834,0.05216426193118757,0,0.001811016999909043,
glass,False,205,9,MCAR,0.5,0,NDI-F,0.9077956297351302,0.5742451068412189,0.0,0,0.0015290549999917857,
glass,False,205,9,MCAR,0.5,0,Copula-NDI-F,0.9625791955087144,0.5245170857895832,0.0,0,0.007175802999881853,
glass,False,205,9,MCAR,0.5,1,Mean,1.0028713640703384,0.6941923425073194,0.0,0,0.00015550000034636469,
glass,False,205,9,MCAR,0.5,1,NDI-0,1.2067822131592967,0.8384191427524054,0.033126293995859216,0,0.0005793809996248456,
glass,False,205,9,MCAR,0.5,1,NDI-C,0.9524590598204963,0.6228365904218308,0.043478260869565216,0,0.0007676300001548952,
glass,False,205,9,MCAR,0.5,1,NDI-S,0.9236437127095188,0.6079935872385349,0.009316770186335404,0,0.0008760679997976695,
glass,False,205,9,MCAR,0.5,1,GaussCM,0.9156720185058892,0.5934600073666008,0.039337474120082816,0,0.011882739000157017,
glass,False,205,9,MCAR,0.5,1,KNN,0.9938963763373883,0.6485466127885676,0.0,0,0.011483735999718192,
glass,False,205,9,MCAR,0.5,1,MICE,0.9479527982111792,0.6228209536165495,0.033126293995859216,0,0.053984756999852834,
glass,False,205,9,MCAR,0.5,1,MissForest,0.8574114727898179,0.5059989961748342,0.0,0,1.4585617210000237,
glass,False,205,9,MCAR,0.5,1,SoftImpute,0.9135064583524086,0.6026124988633944,0.003105590062111801,0,0.014545951999934914,
glass,False,205,9,MCAR,0.5,1,GAIN,1.003170350808565,0.6776791306529736,0.0,0,10.808323062999989,
glass,False,205,9,MCAR,0.5,1,NDI-F1,0.9847050580391454,0.6392922624043758,0.003105590062111801,0,0.0012779349999618717,
glass,False,205,9,MCAR,0.5,1,NDI-F-noclip,0.9487942479518934,0.610988096006168,0.052795031055900624,0,0.0015755179997540836,
glass,False,205,9,MCAR,0.5,1,NDI-F,0.942500758564993,0.5974710142795243,0.0,0,0.0014916529999027262,
glass,False,205,9,MCAR,0.5,1,Copula-NDI-F,0.9394509556959705,0.5179344451241421,0.0,0,0.007655868000256305,
glass,False,205,9,MCAR,0.5,2,Mean,0.9438254180848386,0.6732562424105745,0.0,0,0.0001390509996781475,
glass,False,205,9,MCAR,0.5,2,NDI-0,1.1519794196174722,0.8034563021684175,0.027807486631016044,0,0.0006147890003376233,
glass,False,205,9,MCAR,0.5,2,NDI-C,0.8789938691155081,0.6068850318761401,0.06096256684491978,0,0.0007162040001276182,
glass,False,205,9,MCAR,0.5,2,NDI-S,0.8270219143919109,0.5734936843690641,0.013903743315508022,0,0.0010229790000266803,
glass,False,205,9,MCAR,0.5,2,GaussCM,0.796513035631875,0.5498818179073468,0.03529411764705882,0,0.010926471999937348,
glass,False,205,9,MCAR,0.5,2,KNN,0.9493993657775068,0.6415687124727966,0.0,0,0.010715177000292897,
glass,False,205,9,MCAR,0.5,2,MICE,0.8772073531446782,0.6066220002879128,0.044919786096256686,0,0.09584544900008041,
glass,False,205,9,MCAR,0.5,2,MissForest,0.8352201065916013,0.5347897135945561,0.0,0,1.4632148979999329,
glass,False,205,9,MCAR,0.5,2,SoftImpute,0.8196090998761463,0.57012875661163,0.0074866310160427805,0,0.018445443000018713,
glass,False,205,9,MCAR,0.5,2,GAIN,1.194674802952466,0.8704372015802824,0.0,0,11.097717798999838,
glass,False,205,9,MCAR,0.5,2,NDI-F1,0.9153095654580122,0.6503435359655043,0.022459893048128343,0,0.0015063410000948352,
glass,False,205,9,MCAR,0.5,2,NDI-F-noclip,0.8212467055218148,0.5657826162516977,0.06096256684491978,0,0.00142710399995849,
glass,False,205,9,MCAR,0.5,2,NDI-F,0.8062998776510988,0.5443890897928785,0.0,0,0.0016260500001408218,
glass,False,205,9,MCAR,0.5,2,Copula-NDI-F,0.8728536848173989,0.4956998313049407,0.0,0,0.007425567000154842,
glass,False,205,9,MAR,0.3,0,Mean,1.135998063012662,0.7468423040157498,0.0,0,8.993600022222381e-05,
glass,False,205,9,MAR,0.3,0,NDI-0,1.2393065089554078,0.8064291756256525,0.014184397163120567,0,0.00045105100025466527,
glass,False,205,9,MAR,0.3,0,NDI-C,1.0776769443361547,0.6670399330734841,0.08156028368794327,0,0.0008669230001032702,
glass,False,205,9,MAR,0.3,0,NDI-S,1.0691280946992705,0.665113414778909,0.03368794326241135,0,0.001176430000214168,
glass,False,205,9,MAR,0.3,0,GaussCM,1.0486437301309306,0.6422794235645738,0.08156028368794327,0,0.009359486999983346,
glass,False,205,9,MAR,0.3,0,KNN,1.0409319888032311,0.5699067198792415,0.0,0,0.009958948000075907,
glass,False,205,9,MAR,0.3,0,MICE,1.025038881190543,0.6196022257584342,0.08687943262411348,0,0.11185441499992521,
glass,False,205,9,MAR,0.3,0,MissForest,0.9670423754134235,0.5559670630645276,0.0,0,1.3231003999999302,
glass,False,205,9,MAR,0.3,0,SoftImpute,1.0343201616121038,0.6540619793993168,0.008865248226950355,0,0.014389265999852796,
glass,False,205,9,MAR,0.3,0,GAIN,1.0646635547990748,0.6122742742628232,0.0,0,10.883555109000099,
glass,False,205,9,MAR,0.3,0,NDI-F1,1.1303104603059424,0.7239079836840233,0.01773049645390071,0,0.0011611499999162334,
glass,False,205,9,MAR,0.3,0,NDI-F-noclip,1.0420877330898293,0.6569312944534234,0.08333333333333333,0,0.0014029059998392768,
glass,False,205,9,MAR,0.3,0,NDI-F,1.0266721154538265,0.6279334582649644,0.0,0,0.0013643620000038936,
glass,False,205,9,MAR,0.3,0,Copula-NDI-F,1.0550681207480554,0.5933550116165006,0.0,0,0.0068190849997336045,
glass,False,205,9,MAR,0.3,0,MIWAE,1.1090278167573258,0.6031113323510345,0.14361702127659576,0,4.089407497999673,
glass,False,205,9,MAR,0.3,0,Sinkhorn,1.0434614755389042,0.5946454969557033,0.0017730496453900709,0,27.438462179,
glass,False,205,9,MAR,0.3,0,HyperImpute,0.9264965333394236,0.5670427220104047,0.0,0,3.747004958999696,
glass,False,205,9,MAR,0.3,0,ReMasker,1.1067958258172468,0.7117010815248924,0.0,0,48.92564660500011,
glass,False,205,9,MAR,0.3,1,Mean,0.9852997614621088,0.7140372281792993,0.0,0,8.87820001480577e-05,
glass,False,205,9,MAR,0.3,1,NDI-0,1.1050238221168005,0.7947180633673722,0.005226480836236934,0,0.0004143669998484256,
glass,False,205,9,MAR,0.3,1,NDI-C,0.8256322200315923,0.5808530872093732,0.06097560975609756,0,0.0007624160002706049,
glass,False,205,9,MAR,0.3,1,NDI-S,0.829992246487045,0.5832495928497233,0.0156794425087108,0,0.0010140839999621676,
glass,False,205,9,MAR,0.3,1,GaussCM,0.8107536760383042,0.536793628991857,0.06097560975609756,0,0.005529777999981889,
glass,False,205,9,MAR,0.3,1,KNN,0.815490546149558,0.4663523269709065,0.0,0,0.007337546000144357,
glass,False,205,9,MAR,0.3,1,MICE,0.792691967760564,0.514199196885376,0.08710801393728224,0,0.1974972699999853,
glass,False,205,9,MAR,0.3,1,MissForest,0.7201167275787506,0.4266227152872374,0.0,0,1.6988124740000785,
glass,False,205,9,MAR,0.3,1,SoftImpute,0.7940931898472116,0.5575113634875655,0.008710801393728223,0,0.013530289999835077,
glass,False,205,9,MAR,0.3,1,GAIN,0.8346411837000035,0.5802336707334307,0.0,0,10.756612292000227,
glass,False,205,9,MAR,0.3,1,NDI-F1,0.9216997206401063,0.6825792481684188,0.03832752613240418,0,0.0011776820001614396,
glass,False,205,9,MAR,0.3,1,NDI-F-noclip,0.812756646809164,0.5220908891304118,0.09059233449477352,0,0.0016337570000359847,
glass,False,205,9,MAR,0.3,1,NDI-F,0.730044585157107,0.48331610149537707,0.0,0,0.0017148439997072273,
glass,False,205,9,MAR,0.3,1,Copula-NDI-F,0.7561109618702924,0.427507194884861,0.0,0,0.006835960999978852,
glass,False,205,9,MAR,0.3,2,Mean,0.9393808492141266,0.6887129519459956,0.0,0,8.77830002536939e-05,
glass,False,205,9,MAR,0.3,2,NDI-0,1.0800934739711567,0.8088036208830008,0.0,0,0.00039619800008949824,
glass,False,205,9,MAR,0.3,2,NDI-C,0.8718640034343876,0.6237404446129157,0.027726432532347505,0,0.0016875970000000962,
glass,False,205,9,MAR,0.3,2,NDI-S,0.8483196406369132,0.614939737048855,0.005545286506469501,0,0.0013537899999391811,
glass,False,205,9,MAR,0.3,2,GaussCM,0.7712859912502171,0.5494253225867723,0.053604436229205174,0,0.005733041999974375,
glass,False,205,9,MAR,0.3,2,KNN,0.8456604319106565,0.5136108501814755,0.0,0,0.008216853000249102,
glass,False,205,9,MAR,0.3,2,MICE,0.8715902155477907,0.5697016794249365,0.04436229205175601,0,0.08845839499963404,
glass,False,205,9,MAR,0.3,2,MissForest,0.7671107774754373,0.5129491210826737,0.0,0,1.3333805679999386,
glass,False,205,9,MAR,0.3,2,SoftImpute,0.7664395492443153,0.5595862644968678,0.0036968576709796672,0,0.014107199000136461,
glass,False,205,9,MAR,0.3,2,GAIN,0.9216219519022578,0.6371157895502124,0.0,0,10.797472939999807,
glass,False,205,9,MAR,0.3,2,NDI-F1,0.9345238283929367,0.6598738082169212,0.0,0,0.0019724959997802216,
glass,False,205,9,MAR,0.3,2,NDI-F-noclip,0.8431672693181961,0.6005198490061922,0.04621072088724584,0,0.001436303999980737,
glass,False,205,9,MAR,0.3,2,NDI-F,0.8264238215459284,0.5777448684366364,0.0,0,0.002021926999987045,
glass,False,205,9,MAR,0.3,2,Copula-NDI-F,0.9927999611538787,0.5658317033698064,0.0018484288354898336,0,0.009514501000012388,
glass,False,205,9,MNAR,0.3,0,Mean,1.2982178581498944,0.8950796313734056,0.0,0,0.0001449989999855461,
glass,False,205,9,MNAR,0.3,0,NDI-0,1.4677222636764247,0.9855530193059966,0.018281535648994516,0,0.0005497659999491589,
glass,False,205,9,MNAR,0.3,0,NDI-C,1.1880486094295852,0.7226418322144947,0.05301645338208409,0,0.0009290400003010291,
glass,False,205,9,MNAR,0.3,0,NDI-S,1.1997495209568776,0.7522193178422952,0.012797074954296161,0,0.0013916210000388674,
glass,False,205,9,MNAR,0.3,0,GaussCM,1.1819207279635755,0.7343020304132193,0.05850091407678245,0,0.008268609999959153,
glass,False,205,9,MNAR,0.3,0,KNN,1.2766703620501985,0.8082923281952519,0.0,0,0.011086581999734335,
glass,False,205,9,MNAR,0.3,0,MICE,1.0721042591903327,0.5789576915827803,0.08043875685557587,0,0.13602963499988618,
glass,False,205,9,MNAR,0.3,0,MissForest,1.1097239440862021,0.6117184158512297,0.0,0,1.7729936669998096,
glass,False,205,9,MNAR,0.3,0,SoftImpute,1.197223369121601,0.7531652261096979,0.012797074954296161,0,0.015216590999443724,
glass,False,205,9,MNAR,0.3,0,GAIN,1.087440460023222,0.6134822059437458,0.0,0,10.19266044699998,
glass,False,205,9,MNAR,0.3,0,NDI-F1,1.2852438165976106,0.8217212674311712,0.027422303473491772,0,0.0034438829998180154,
glass,False,205,9,MNAR,0.3,0,NDI-F-noclip,1.2094597023961147,0.7573120734058754,0.08043875685557587,0,0.0017860859998108936,
glass,False,205,9,MNAR,0.3,0,NDI-F,1.1988511328301967,0.7351176547968017,0.0,0,0.0018373740003880812,
glass,False,205,9,MNAR,0.3,0,Copula-NDI-F,1.2724897214233373,0.7234797062641157,0.0,0,0.007998977999704948,
glass,False,205,9,MNAR,0.3,0,MIWAE,1.2956500782161542,0.6902037483764737,0.12431444241316271,0,3.313769384999432,
glass,False,205,9,MNAR,0.3,0,Sinkhorn,1.1855195876219367,0.6812964177649549,0.0,0,27.08876761600004,
glass,False,205,9,MNAR,0.3,0,HyperImpute,0.9944636769606171,0.5306837831991638,0.0,0,10.034452051000699,
glass,False,205,9,MNAR,0.3,0,ReMasker,1.1812182886787774,0.6662831332406214,0.0,0,50.04044822600008,
glass,False,205,9,MNAR,0.3,1,Mean,1.2257602499478042,0.8429521952084563,0.0,0,0.00010648500028764829,
glass,False,205,9,MNAR,0.3,1,NDI-0,1.3436219612583582,0.9312605328458092,0.028862478777589132,0,0.0004630659996109898,
glass,False,205,9,MNAR,0.3,1,NDI-C,1.1520296944812973,0.7025548533889623,0.057724957555178265,0,0.0008171720000973437,
glass,False,205,9,MNAR,0.3,1,NDI-S,1.1514063169042383,0.728456230097374,0.025466893039049237,0,0.0009904210000968305,
glass,False,205,9,MNAR,0.3,1,GaussCM,1.0653824512803716,0.6443921895179312,0.05432937181663837,0,0.009909046999382554,
glass,False,205,9,MNAR,0.3,1,KNN,1.1045818870132236,0.6744444263512696,0.0,0,0.01584101800017379,
glass,False,205,9,MNAR,0.3,1,MICE,1.0845240445434028,0.6216556334606506,0.07640067911714771,0,0.23983851600041817,
glass,False,205,9,MNAR,0.3,1,MissForest,1.063402429017602,0.5901035889999074,0.0,0,1.6017440810001062,
glass,False,205,9,MNAR,0.3,1,SoftImpute,1.1158167952556672,0.6999304248224282,0.011884550084889643,0,0.014067652999983693,
glass,False,205,9,MNAR,0.3,1,GAIN,1.2506971514203664,0.7579958634259059,0.0,0,10.701358084000276,
glass,False,205,9,MNAR,0.3,1,NDI-F1,1.2043290138310163,0.7655887401609075,0.006791171477079796,0,0.0011220059996048803,
glass,False,205,9,MNAR,0.3,1,NDI-F-noclip,1.1202063208507496,0.6633776460890629,0.07130730050933787,0,0.0012433660003807745,
glass,False,205,9,MNAR,0.3,1,NDI-F,1.1065672407808873,0.6499183893432903,0.0,0,0.002040446000137308,
glass,False,205,9,MNAR,0.3,1,Copula-NDI-F,1.122378115424843,0.5970534317895794,0.0,0,0.007027210000160267,
glass,False,205,9,MNAR,0.3,2,Mean,1.2017890981055976,0.8516298499932229,0.0,0,0.00012865400003647665,
glass,False,205,9,MNAR,0.3,2,NDI-0,1.296943360335558,0.9311233620674967,0.017825311942959002,0,0.0006150280005385866,
glass,False,205,9,MNAR,0.3,2,NDI-C,1.135115205205995,0.786583492345269,0.0659536541889483,0,0.0008911740005714819,
glass,False,205,9,MNAR,0.3,2,NDI-S,1.1089418608340516,0.7651766737719459,0.023172905525846704,0,0.0011571729992283508,
glass,False,205,9,MNAR,0.3,2,GaussCM,1.0657293944872541,0.7232044631861145,0.07130124777183601,0,0.009388827000293531,
glass,False,205,9,MNAR,0.3,2,KNN,1.2115502602850832,0.8175613219116471,0.0,0,0.009197000000312983,
glass,False,205,9,MNAR,0.3,2,MICE,1.0361641924701408,0.6956298530044356,0.058823529411764705,0,0.14747498300039297,
glass,False,205,9,MNAR,0.3,2,MissForest,1.0042497254805391,0.613290564604447,0.0,0,1.4377881759992306,
glass,False,205,9,MNAR,0.3,2,SoftImpute,1.092592228006385,0.7479609540833213,0.0106951871657754,0,0.014340065000396862,
glass,False,205,9,MNAR,0.3,2,GAIN,1.1127291524268959,0.731611616426079,0.0,0,10.976046128000235,
glass,False,205,9,MNAR,0.3,2,NDI-F1,1.1434926379461212,0.805794735416147,0.024955436720142603,0,0.0012149049998697592,
glass,False,205,9,MNAR,0.3,2,NDI-F-noclip,1.096908287334436,0.7330326735706247,0.0766488413547237,0,0.0016256239996437216,
glass,False,205,9,MNAR,0.3,2,NDI-F,1.08022551170405,0.703936234654332,0.0,0,0.0030634320000899606,
glass,False,205,9,MNAR,0.3,2,Copula-NDI-F,1.0594152631570022,0.6138770127914539,0.0,0,0.011330199999974866,
ecoli,False,327,7,MCAR,0.1,0,Mean,0.818617133001178,0.5927653948602322,0.0,0,8.649000028526643e-05,
ecoli,False,327,7,MCAR,0.1,0,NDI-0,0.8465500026881381,0.6779465763324924,0.20982142857142858,0,0.0006598569998459425,
ecoli,False,327,7,MCAR,0.1,0,NDI-C,0.7634681751841789,0.547978731699646,0.0625,0,0.0008183620002455427,
ecoli,False,327,7,MCAR,0.1,0,NDI-S,0.7019433859732853,0.4950659760594883,0.05803571428571429,0,0.0007353860000876011,
ecoli,False,327,7,MCAR,0.1,0,GaussCM,0.6553857300816883,0.42332424019171777,0.17410714285714285,0,0.00293498599967279,
ecoli,False,327,7,MCAR,0.1,0,KNN,0.6352337086359582,0.38953983066718095,0.0,0,0.008424212000136322,
ecoli,False,327,7,MCAR,0.1,0,MICE,0.651887962789022,0.4188507724304191,0.004464285714285714,0,0.11225418000049103,
ecoli,False,327,7,MCAR,0.1,0,MissForest,0.6091541100397454,0.37808219876575794,0.04017857142857143,0,1.1254403289995025,
ecoli,False,327,7,MCAR,0.1,0,SoftImpute,0.6767681653284353,0.46192844848505515,0.15625,0,0.017303780000474944,
ecoli,False,327,7,MCAR,0.1,0,GAIN,0.8212793148721721,0.5948990661122835,0.14732142857142858,0,10.427094357999522,
ecoli,False,327,7,MCAR,0.1,0,NDI-F1,0.7254941191084731,0.49729772616301254,0.06696428571428571,0,0.0020616990004782565,
ecoli,False,327,7,MCAR,0.1,0,NDI-F-noclip,0.6685372406865839,0.43833874951605095,0.05357142857142857,0,0.0024227419999078847,
ecoli,False,327,7,MCAR,0.1,0,NDI-F,0.6670904492713378,0.4293884845957593,0.0,0,0.0020760220004376606,
ecoli,False,327,7,MCAR,0.1,0,Copula-NDI-F,0.6684265767030912,0.41761207343085793,0.0,0,0.008208967999962624,
ecoli,False,327,7,MCAR,0.1,1,Mean,0.8106304013280463,0.5641668928095849,0.0,0,0.00010524699973757379,
ecoli,False,327,7,MCAR,0.1,1,NDI-0,0.8191997721660668,0.6579255203158569,0.2184873949579832,0,0.0005247909994068323,
ecoli,False,327,7,MCAR,0.1,1,NDI-C,0.7125554528313003,0.5116198212300135,0.06302521008403361,0,0.001404143999934604,
ecoli,False,327,7,MCAR,0.1,1,NDI-S,0.6723191925696738,0.45686759583240805,0.04201680672268908,0,0.000997873999949661,
ecoli,False,327,7,MCAR,0.1,1,GaussCM,0.6238381227528963,0.4030070507804928,0.19327731092436976,0,0.0061627169998246245,
ecoli,False,327,7,MCAR,0.1,1,KNN,0.7019471585251031,0.4203567029277409,0.0,0,0.00952553299975989,
ecoli,False,327,7,MCAR,0.1,1,MICE,0.6307626618105515,0.3943195801605398,0.008403361344537815,0,0.17184323799938284,
ecoli,False,327,7,MCAR,0.1,1,MissForest,0.6096116215189107,0.38909991353860707,0.03361344537815126,0,1.4091477789997953,
ecoli,False,327,7,MCAR,0.1,1,SoftImpute,0.6625180822363415,0.43981134564347296,0.1722689075630252,0,0.013302254999871366,
ecoli,False,327,7,MCAR,0.1,1,GAIN,0.8193990193143811,0.5336861106536256,0.15966386554621848,0,10.01407008500064,
ecoli,False,327,7,MCAR,0.1,1,NDI-F1,0.7018735173061369,0.4677579978515533,0.037815126050420166,0,0.003231365999454283,
ecoli,False,327,7,MCAR,0.1,1,NDI-F-noclip,0.6589971920211123,0.44215169292185935,0.226890756302521,0,0.002277270999911707,
ecoli,False,327,7,MCAR,0.1,1,NDI-F,0.6510141989713503,0.4219742635508178,0.0,0,0.00165577299958386,
ecoli,False,327,7,MCAR,0.1,1,Copula-NDI-F,0.6724100039176315,0.4180334910197685,0.0,0,0.007878491999690596,
ecoli,False,327,7,MCAR,0.1,2,Mean,1.1487416465237525,0.7065090641440176,0.0,0,0.00012465500003600027,
ecoli,False,327,7,MCAR,0.1,2,NDI-0,1.11102607107611,0.7630865228437768,0.22924901185770752,0,0.000603297000452585,
ecoli,False,327,7,MCAR,0.1,2,NDI-C,1.0053578558785352,0.580009888600189,0.08300395256916997,0,0.0009716419999676873,
ecoli,False,327,7,MCAR,0.1,2,NDI-S,1.0156596348035118,0.5690516340852217,0.07114624505928854,0,0.0009666129999459372,
ecoli,False,327,7,MCAR,0.1,2,GaussCM,0.9606864256779757,0.46033463945141795,0.19367588932806323,0,0.004745562000607606,
ecoli,False,327,7,MCAR,0.1,2,KNN,1.0263616337667394,0.5065058024250044,0.0,0,0.010495169000023452,
ecoli,False,327,7,MCAR,0.1,2,MICE,0.9670121014336504,0.44529232221619974,0.003952569169960474,0,0.16006037700026354,
ecoli,False,327,7,MCAR,0.1,2,MissForest,0.9639465385871208,0.44926189389017207,0.06324110671936758,0,1.4470085069997367,
ecoli,False,327,7,MCAR,0.1,2,SoftImpute,1.0041216590629307,0.5320980672038963,0.17786561264822134,0,0.022761858999729156,
ecoli,False,327,7,MCAR,0.1,2,GAIN,1.0218360171093337,0.5210109329324306,0.1541501976284585,0,10.430635124999753,
ecoli,False,327,7,MCAR,0.1,2,NDI-F1,1.0259303410984324,0.56318688067145,0.06719367588932806,0,0.0014962499999455758,
ecoli,False,327,7,MCAR,0.1,2,NDI-F-noclip,0.9813336497936592,0.493511433919042,0.2450592885375494,0,0.0020431330003702897,
ecoli,False,327,7,MCAR,0.1,2,NDI-F,0.9738172740717934,0.46614737397204725,0.0,0,0.001751386999785609,
ecoli,False,327,7,MCAR,0.1,2,Copula-NDI-F,1.000985341925887,0.4572343103580068,0.0,0,0.00577465799960919,
ecoli,False,327,7,MCAR,0.3,0,Mean,0.9951635070478796,0.6132918539009943,0.0,0,0.00013497500003722962,
ecoli,False,327,7,MCAR,0.3,0,NDI-0,0.9829811508765265,0.6747053649283763,0.22127659574468084,0,0.0007125820002329419,
ecoli,False,327,7,MCAR,0.3,0,NDI-C,0.9493546044266201,0.5804307877943965,0.08368794326241134,0,0.0009518029992250376,
ecoli,False,327,7,MCAR,0.3,0,NDI-S,0.8993781683507596,0.5102399488154511,0.0425531914893617,0,0.0012076570001227083,
ecoli,False,327,7,MCAR,0.3,0,GaussCM,0.8687936630654699,0.4610982862681222,0.15886524822695036,0,0.00686291199963307,
ecoli,False,327,7,MCAR,0.3,0,KNN,1.038861002555496,0.6374392393477377,0.0,0,0.012655476999498205,
ecoli,False,327,7,MCAR,0.3,0,MICE,0.9679606402409382,0.5342317551528569,0.009929078014184398,0,0.11463740099952702,
ecoli,False,327,7,MCAR,0.3,0,MissForest,0.8712511780606421,0.4371534987494884,0.1049645390070922,0,1.1249606929995934,
ecoli,False,327,7,MCAR,0.3,0,SoftImpute,0.9000083545623756,0.5118835903961232,0.14893617021276595,0,0.01552216900017811,
ecoli,False,327,7,MCAR,0.3,0,GAIN,0.946786805921898,0.5566023385804857,0.15177304964539007,0,10.732833467999626,
ecoli,False,327,7,MCAR,0.3,0,NDI-F1,0.9147009747684365,0.5111818112320589,0.03971631205673759,0,0.0013648989997818717,
ecoli,False,327,7,MCAR,0.3,0,NDI-F-noclip,0.8869474573039827,0.47883209293951695,0.19290780141843972,0,0.0015450799992322573,
ecoli,False,327,7,MCAR,0.3,0,NDI-F,0.8861935777631991,0.4751649422328096,0.0,0,0.0020577539999067085,
ecoli,False,327,7,MCAR,0.3,0,Copula-NDI-F,0.9071992021925639,0.47188218095215323,0.0,0,0.010433180000291031,
ecoli,False,327,7,MCAR,0.3,0,MIWAE,1.0052249048447657,0.5620286189699448,0.251063829787234,0,3.254357033000815,
ecoli,False,327,7,MCAR,0.3,0,Sinkhorn,0.8947823221734311,0.4766567511124461,0.1971631205673759,0,57.091982524999366,
ecoli,False,327,7,MCAR,0.3,0,HyperImpute,2.267405187694711,0.8722423812702,0.0,0,24.974251126000127,
ecoli,False,327,7,MCAR,0.3,0,ReMasker,0.8757732163227977,0.4986647686545812,0.0,0,73.20914214599998,
ecoli,False,327,7,MCAR,0.3,1,Mean,0.9391969002242049,0.6231331269532001,0.0,0,0.00010334600028727436,
ecoli,False,327,7,MCAR,0.3,1,NDI-0,0.9511579049893916,0.6982147831695987,0.21234939759036145,0,0.0006319699996311101,
ecoli,False,327,7,MCAR,0.3,1,NDI-C,0.9038372058672348,0.5935461982118498,0.06325301204819277,0,0.001066126000296208,
ecoli,False,327,7,MCAR,0.3,1,NDI-S,0.8411643438542474,0.5367779429655478,0.045180722891566265,0,0.001621424999939336,
ecoli,False,327,7,MCAR,0.3,1,GaussCM,0.7909546863982593,0.4704908142474985,0.18072289156626506,0,0.00688153700048133,
ecoli,False,327,7,MCAR,0.3,1,KNN,0.9952326497447944,0.6460080980907805,0.0,0,0.014046629999938887,
ecoli,False,327,7,MCAR,0.3,1,MICE,0.8164791621218538,0.48451802335842986,0.0,0,0.1147735989998182,
ecoli,False,327,7,MCAR,0.3,1,MissForest,0.8163024312683254,0.46219009116103266,0.0677710843373494,0,1.1180992839999817,
ecoli,False,327,7,MCAR,0.3,1,SoftImpute,0.8326099202583607,0.5220816487286922,0.15963855421686746,0,0.01587955100058025,
ecoli,False,327,7,MCAR,0.3,1,GAIN,1.0101082626479718,0.6314130864533042,0.15060240963855423,0,10.944712994000838,
ecoli,False,327,7,MCAR,0.3,1,NDI-F1,0.8678357224926563,0.5427608868326127,0.04969879518072289,0,0.0015883260002738098,
ecoli,False,327,7,MCAR,0.3,1,NDI-F-noclip,0.8082191991835989,0.48262283152842933,0.19728915662650603,0,0.0014265330000853282,
ecoli,False,327,7,MCAR,0.3,1,NDI-F,0.8076886699991744,0.4770577985796697,0.0,0,0.002258271000755485,
ecoli,False,327,7,MCAR,0.3,1,Copula-NDI-F,0.8141702408245188,0.4556014619998625,0.0,0,0.008609502000581415,
ecoli,False,327,7,MCAR,0.3,2,Mean,0.9244234674509605,0.6095005356055736,0.0,0,9.357799990539206e-05,
ecoli,False,327,7,MCAR,0.3,2,NDI-0,0.9478550348881427,0.6972462513971608,0.2081513828238719,0,0.00046501599990733666,
ecoli,False,327,7,MCAR,0.3,2,NDI-C,0.9260396949823839,0.6105754638814576,0.07278020378457059,0,0.0008606150004197843,
ecoli,False,327,7,MCAR,0.3,2,NDI-S,0.8232279193525144,0.5136635308847701,0.040756914119359534,0,0.0011991989995294716,
ecoli,False,327,7,MCAR,0.3,2,GaussCM,0.78575946567533,0.4708082619618376,0.1703056768558952,0,0.006972482000492164,
ecoli,False,327,7,MCAR,0.3,2,KNN,0.964580746524189,0.6205740829599045,0.0,0,0.01288503599971591,
ecoli,False,327,7,MCAR,0.3,2,MICE,1.217451417970957,0.5519368013854197,0.06986899563318777,0,0.11269097300009889,
ecoli,False,327,7,MCAR,0.3,2,MissForest,0.8005530316651333,0.45343970090148566,0.02911208151382824,0,1.3904688069997064,
ecoli,False,327,7,MCAR,0.3,2,SoftImpute,0.8156772150048155,0.5048182049456273,0.14556040756914118,0,0.029178093999689736,
ecoli,False,327,7,MCAR,0.3,2,GAIN,1.059347882536258,0.6751390040286486,0.13682678311499272,0,10.417213362999973,
ecoli,False,327,7,MCAR,0.3,2,NDI-F1,0.8394468230782007,0.5119491059496993,0.03202328966521106,0,0.0025920999996742466,
ecoli,False,327,7,MCAR,0.3,2,NDI-F-noclip,0.8669596974072619,0.535273562916658,0.2081513828238719,0,0.0015901980004855432,
ecoli,False,327,7,MCAR,0.3,2,NDI-F,0.850831263530692,0.508740347496909,0.0,0,0.002013363999139983,
ecoli,False,327,7,MCAR,0.3,2,Copula-NDI-F,0.8383797433142202,0.4655433220331547,0.0,0,0.0066372920000503655,
ecoli,False,327,7,MCAR,0.5,0,Mean,0.9168589104819618,0.6303206045974842,0.0,0,0.0001052249999702326,
ecoli,False,327,7,MCAR,0.5,0,NDI-0,0.9720859357754599,0.7210212601077367,0.19169611307420495,0,0.00044981799965171376,
ecoli,False,327,7,MCAR,0.5,0,NDI-C,0.9657461833329468,0.6586903500445086,0.061837455830388695,0,0.0008607839999967837,
ecoli,False,327,7,MCAR,0.5,0,NDI-S,0.8467239366579917,0.5595537160813094,0.023851590106007067,0,0.0011815679999926942,
ecoli,False,327,7,MCAR,0.5,0,GaussCM,0.8471803422735956,0.5484471453062346,0.11925795053003534,0,0.008089610000752145,
ecoli,False,327,7,MCAR,0.5,0,KNN,1.0146672702485908,0.6684126427407108,0.0,0,0.01510622899968439,
ecoli,False,327,7,MCAR,0.5,0,MICE,0.9694960302366591,0.6393272172095256,0.03445229681978799,0,0.13742623399957665,
ecoli,False,327,7,MCAR,0.5,0,MissForest,0.8768194906571827,0.5405757234205408,0.0353356890459364,0,1.1230955609999,
ecoli,False,327,7,MCAR,0.5,0,SoftImpute,0.8560259851712524,0.5709107187238575,0.10247349823321555,0,0.01858661000005668,
ecoli,False,327,7,MCAR,0.5,0,GAIN,0.9293709753466539,0.6026309751077531,0.13250883392226148,0,10.955428487000063,
ecoli,False,327,7,MCAR,0.5,0,NDI-F1,0.8515446717902968,0.5497855985274442,0.053003533568904596,0,0.0013650709997818922,
ecoli,False,327,7,MCAR,0.5,0,NDI-F-noclip,0.8932799391226706,0.5825818203844652,0.17137809187279152,0,0.001447892999749456,
ecoli,False,327,7,MCAR,0.5,0,NDI-F,0.8781473741749474,0.5614266798509201,0.0,0,0.0015047249999042833,
ecoli,False,327,7,MCAR,0.5,0,Copula-NDI-F,0.878377338278863,0.5327163368402636,0.0,0,0.007170297999437025,
ecoli,False,327,7,MCAR,0.5,1,Mean,0.8972064445982216,0.6080910811698853,0.0,0,0.00011832200016215211,
ecoli,False,327,7,MCAR,0.5,1,NDI-0,1.0036305992632435,0.744144713050666,0.2212618841832325,0,0.000653031000183546,
ecoli,False,327,7,MCAR,0.5,1,NDI-C,0.9717619048568581,0.6493013749423739,0.06309420916162489,0,0.0010250420000375016,
ecoli,False,327,7,MCAR,0.5,1,NDI-S,0.8206101189406967,0.5280762402462673,0.02247191011235955,0,0.001139838999733911,
ecoli,False,327,7,MCAR,0.5,1,GaussCM,0.8112456747608074,0.5081771130082587,0.12359550561797752,0,0.00902243600012298,
ecoli,False,327,7,MCAR,0.5,1,KNN,0.989781471422053,0.6421690331971974,0.0,0,0.015499529000408074,
ecoli,False,327,7,MCAR,0.5,1,MICE,0.9048336591198863,0.5852380303248895,0.037165082108902334,0,0.13518524300070567,
ecoli,False,327,7,MCAR,0.5,1,MissForest,0.8412142621730887,0.5026149770490693,0.10198789974070872,0,1.121082577999914,
ecoli,False,327,7,MCAR,0.5,1,SoftImpute,0.8251617949201514,0.5407936490054279,0.14866032843560933,0,0.021646887000315473,
ecoli,False,327,7,MCAR,0.5,1,GAIN,1.0200698944831224,0.6489402457159692,0.15643906655142611,0,11.01403234099962,
ecoli,False,327,7,MCAR,0.5,1,NDI-F1,0.8525221442268754,0.5379331694905932,0.021607605877268798,0,0.0017213529999935417,
ecoli,False,327,7,MCAR,0.5,1,NDI-F-noclip,0.8497628247653204,0.5331949973417791,0.13223854796888504,0,0.0016367839998565614,
ecoli,False,327,7,MCAR,0.5,1,NDI-F,0.8494374244610866,0.5299311656311264,0.0,0,0.0021597699997073505,
ecoli,False,327,7,MCAR,0.5,1,Copula-NDI-F,0.8637407007019938,0.5090131970931215,0.0,0,0.0057009089996427065,
ecoli,False,327,7,MCAR,0.5,2,Mean,0.9242872526133711,0.6263120669410894,0.0,0,0.00014712200027133804,
ecoli,False,327,7,MCAR,0.5,2,NDI-0,0.962384529952484,0.7246604460976204,0.22784810126582278,0,0.00039480800023738993,
ecoli,False,327,7,MCAR,0.5,2,NDI-C,0.9191562647888025,0.622241358106699,0.07233273056057866,0,0.0008165099998223013,
ecoli,False,327,7,MCAR,0.5,2,NDI-S,0.8365740953835585,0.5455139633912794,0.037070524412296565,0,0.0006931420002729283,
ecoli,False,327,7,MCAR,0.5,2,GaussCM,0.81256900542939,0.506933115711667,0.16726943942133815,0,0.008115738999549649,
ecoli,False,327,7,MCAR,0.5,2,KNN,0.9531122483663176,0.6225365107192846,0.0,0,0.013866426000276988,
ecoli,False,327,7,MCAR,0.5,2,MICE,1.1312824597356723,0.564197134047663,0.0705244122965642,0,0.14231822399960947,
ecoli,False,327,7,MCAR,0.5,2,MissForest,0.8856915050288101,0.5436354615768046,0.10397830018083183,0,1.1316827170003307,
ecoli,False,327,7,MCAR,0.5,2,SoftImpute,0.8576380245910137,0.5646227058947116,0.10759493670886076,0,0.015352176000305917,
ecoli,False,327,7,MCAR,0.5,2,GAIN,0.8674507088944828,0.5541682644991774,0.1546112115732369,0,10.761538020999978,
ecoli,False,327,7,MCAR,0.5,2,NDI-F1,0.8544762412090231,0.5505045960757661,0.045207956600361664,0,0.0013547639991884353,
ecoli,False,327,7,MCAR,0.5,2,NDI-F-noclip,0.8587072374153175,0.5486066117446351,0.19981916817359854,0,0.001546331000099599,
ecoli,False,327,7,MCAR,0.5,2,NDI-F,0.8509044486571861,0.5294834768191481,0.0,0,0.0017086879997805227,
ecoli,False,327,7,MCAR,0.5,2,Copula-NDI-F,0.8541489730514814,0.49465326624964157,0.0,0,0.007405404000564886,
ecoli,False,327,7,MAR,0.3,0,Mean,0.9069620604441502,0.5473595037996534,0.0,0,0.00011131500014016638,
ecoli,False,327,7,MAR,0.3,0,NDI-0,0.9937337028749575,0.7286691043723668,0.32407407407407407,0,0.0004272329997547786,
ecoli,False,327,7,MAR,0.3,0,NDI-C,0.9088591475346938,0.5883104401015956,0.14969135802469136,0,0.0008880169998519705,
ecoli,False,327,7,MAR,0.3,0,NDI-S,0.8121750671540403,0.450190144111843,0.08179012345679013,0,0.000791671000115457,
ecoli,False,327,7,MAR,0.3,0,GaussCM,0.7591308564746201,0.38540163583219716,0.2191358024691358,0,0.004780867000590661,
ecoli,False,327,7,MAR,0.3,0,KNN,0.7494414138217229,0.36741435646380893,0.0,0,0.011017591000381799,
ecoli,False,327,7,MAR,0.3,0,MICE,0.7842561161258461,0.41433962460260526,0.0030864197530864196,0,0.10981713199998921,
ecoli,False,327,7,MAR,0.3,0,MissForest,0.7403537571156709,0.37272819283948083,0.029320987654320986,0,1.2984121649997178,
ecoli,False,327,7,MAR,0.3,0,SoftImpute,0.8085854576215822,0.4507033617425897,0.19753086419753085,0,0.014694933999635396,
ecoli,False,327,7,MAR,0.3,0,GAIN,0.7791403060819554,0.4411996004686204,0.2006172839506173,0,10.453337979000025,
ecoli,False,327,7,MAR,0.3,0,NDI-F1,0.8329395360199047,0.4419512714361203,0.08641975308641975,0,0.0016348680001101457,
ecoli,False,327,7,MAR,0.3,0,NDI-F-noclip,0.7771360259572745,0.41504218490691086,0.15123456790123457,0,0.0016429289998995955,
ecoli,False,327,7,MAR,0.3,0,NDI-F,0.7753622194558738,0.40012824841775113,0.0,0,0.0015894160005700542,
ecoli,False,327,7,MAR,0.3,0,Copula-NDI-F,0.8008310072359199,0.40128645138205943,0.0,0,0.006367028000568098,
ecoli,False,327,7,MAR,0.3,0,MIWAE,0.8648749703806007,0.44201228062011166,0.2191358024691358,0,3.2229484529998444,
ecoli,False,327,7,MAR,0.3,0,Sinkhorn,0.7745196797344324,0.3914990554731035,0.279320987654321,0,57.47938418099966,
ecoli,False,327,7,MAR,0.3,0,HyperImpute,1.7083956097393223,0.5996391434686658,0.0,0,20.877239071000076,
ecoli,False,327,7,MAR,0.3,0,ReMasker,0.9852481514300618,0.5409502016402998,0.0,0,72.08568387099967,
ecoli,False,327,7,MAR,0.3,1,Mean,0.9469654095982802,0.5413360627185555,0.0,0,0.00011286900007689837,
ecoli,False,327,7,MAR,0.3,1,NDI-0,0.9090810774369713,0.6083550580162667,0.2402315484804631,0,0.0005842319997100276,
ecoli,False,327,7,MAR,0.3,1,NDI-C,0.8311471264067808,0.47944285664209163,0.06801736613603473,0,0.0010370270001658355,
ecoli,False,327,7,MAR,0.3,1,NDI-S,0.8162561843501647,0.43077206672053864,0.049204052098408106,0,0.0011188349999429192,
ecoli,False,327,7,MAR,0.3,1,GaussCM,0.8113508472531998,0.40591597996152623,0.21562952243125905,0,0.0033995929998127394,
ecoli,False,327,7,MAR,0.3,1,KNN,0.8468596066748437,0.4061094738269276,0.0,0,0.014075354999476986,
ecoli,False,327,7,MAR,0.3,1,MICE,0.7900294849811244,0.36744165754942076,0.00723589001447178,0,0.11060281399932137,
ecoli,False,327,7,MAR,0.3,1,MissForest,0.7867888619240434,0.37697165131777305,0.09117221418234443,0,1.0416922170006728,
ecoli,False,327,7,MAR,0.3,1,SoftImpute,0.8336963220346384,0.437776060139308,0.18523878437047755,0,0.014293256999735604,
ecoli,False,327,7,MAR,0.3,1,GAIN,0.8150568113610576,0.3730260459164642,0.1808972503617945,0,10.766000487999918,
ecoli,False,327,7,MAR,0.3,1,NDI-F1,0.8306541186027429,0.4222601985164126,0.059334298118668596,0,0.001799467000637378,
ecoli,False,327,7,MAR,0.3,1,NDI-F-noclip,0.8006812429456508,0.4013481098317002,0.22141823444283648,0,0.00197635399945284,
ecoli,False,327,7,MAR,0.3,1,NDI-F,0.8003351256033587,0.3967018631836735,0.0,0,0.0026564480003798963,
ecoli,False,327,7,MAR,0.3,1,Copula-NDI-F,0.818291222738745,0.37043244453141244,0.0,0,0.007943298000100185,
ecoli,False,327,7,MAR,0.3,2,Mean,0.9026706993341194,0.6631205757714832,0.0,0,0.00014565900073648663,
ecoli,False,327,7,MAR,0.3,2,NDI-0,0.9928161221403604,0.7509626232871095,0.18472222222222223,0,0.00039687500066065695,
ecoli,False,327,7,MAR,0.3,2,NDI-C,0.853452039548718,0.5854521244136118,0.001388888888888889,0,0.001040460999320203,
ecoli,False,327,7,MAR,0.3,2,NDI-S,0.7857295412545792,0.5576438656886799,0.0,0,0.0010682550000638003,
ecoli,False,327,7,MAR,0.3,2,GaussCM,0.7849640907468806,0.5311583907757939,0.1597222222222222,0,0.0034058390001519,
ecoli,False,327,7,MAR,0.3,2,KNN,0.8080194293115806,0.5394604824738397,0.0,0,0.011059557999942626,
ecoli,False,327,7,MAR,0.3,2,MICE,0.7729382416531279,0.5143785551427383,0.005555555555555556,0,0.10815987400019367,
ecoli,False,327,7,MAR,0.3,2,MissForest,0.7815587298628429,0.5251318916916279,0.0,0,1.2628550809995431,
ecoli,False,327,7,MAR,0.3,2,SoftImpute,0.7895519915996341,0.5594105929880304,0.14305555555555555,0,0.024136763000569772,
ecoli,False,327,7,MAR,0.3,2,GAIN,0.8965557777954587,0.6120617137350786,0.17222222222222222,0,10.01625297099963,
ecoli,False,327,7,MAR,0.3,2,NDI-F1,0.8344235367234102,0.5847126448932036,0.006944444444444444,0,0.0017220610006916104,
ecoli,False,327,7,MAR,0.3,2,NDI-F-noclip,0.8064474423956355,0.540450002508104,0.17083333333333334,0,0.0015189969999482855,
ecoli,False,327,7,MAR,0.3,2,NDI-F,0.806238487736049,0.5401805398420944,0.0,0,0.001468110000132583,
ecoli,False,327,7,MAR,0.3,2,Copula-NDI-F,0.8560190878215583,0.566704155636606,0.001388888888888889,0,0.005589448000137054,
ecoli,False,327,7,MNAR,0.3,0,Mean,1.253563703131041,0.7958163385139354,0.1370851370851371,0,0.00010093400032928912,
ecoli,False,327,7,MNAR,0.3,0,NDI-0,1.1903216467131867,0.7323629065590792,0.2784992784992785,0,0.0004426710002007894,
ecoli,False,327,7,MNAR,0.3,0,NDI-C,1.1669562017305197,0.6389880170731997,0.13997113997113997,0,0.0011977869999100221,
ecoli,False,327,7,MNAR,0.3,0,NDI-S,1.1752940501587152,0.6844584130918843,0.1370851370851371,0,0.0009540700002617086,
ecoli,False,327,7,MNAR,0.3,0,GaussCM,1.1532460142448295,0.6518984495656903,0.2712842712842713,0,0.00951589799933572,
ecoli,False,327,7,MNAR,0.3,0,KNN,1.2393602719420662,0.7395239352395588,0.0,0,0.014783039000576537,
ecoli,False,327,7,MNAR,0.3,0,MICE,1.1130728081299,0.6002523297230687,0.14285714285714285,0,0.12351009800022439,
ecoli,False,327,7,MNAR,0.3,0,MissForest,1.0710634269985806,0.5524418198332312,0.12554112554112554,0,1.1161535689998345,
ecoli,False,327,7,MNAR,0.3,0,SoftImpute,1.1819846581363411,0.6899398199338533,0.2611832611832612,0,0.019315567000376177,
ecoli,False,327,7,MNAR,0.3,0,GAIN,1.1459496348163265,0.6545834760618786,0.27994227994227994,0,10.945137441000043,
ecoli,False,327,7,MNAR,0.3,0,NDI-F1,1.1846332905180688,0.6689673162797468,0.17893217893217894,0,0.0017016620004142169,
ecoli,False,327,7,MNAR,0.3,0,NDI-F-noclip,1.1498447581927806,0.679111051720027,0.2756132756132756,0,0.001755656000568706,
ecoli,False,327,7,MNAR,0.3,0,NDI-F,1.1398072607239467,0.6299079729272846,0.0,0,0.0016618909994576825,
ecoli,False,327,7,MNAR,0.3,0,Copula-NDI-F,1.1601236539556763,0.636461403184805,0.0,0,0.006787495000025956,
ecoli,False,327,7,MNAR,0.3,0,MIWAE,1.2654679716979653,0.7227879307961756,0.16883116883116883,0,3.9401763690002554,
ecoli,False,327,7,MNAR,0.3,0,Sinkhorn,1.1430697930455211,0.6323313909809425,0.14285714285714285,0,53.59722763500031,
ecoli,False,327,7,MNAR,0.3,0,HyperImpute,1.0820495951492424,0.5691647217699066,0.0,0,20.888909410999986,
ecoli,False,327,7,MNAR,0.3,0,ReMasker,1.0780819513517153,0.5632606633600951,0.1370851370851371,0,71.71793587299999,
ecoli,False,327,7,MNAR,0.3,1,Mean,1.0080506254396422,0.7653956473920495,0.0,0,0.00012509200041677104,
ecoli,False,327,7,MNAR,0.3,1,NDI-0,1.0022865176301987,0.8216112379306468,0.1906158357771261,0,0.0005280959994706791,
ecoli,False,327,7,MNAR,0.3,1,NDI-C,1.0118545620763073,0.7369754307212815,0.0718475073313783,0,0.0008998420007628738,
ecoli,False,327,7,MNAR,0.3,1,NDI-S,0.9102674199542466,0.6557429011955852,0.03225806451612903,0,0.0009107380001296406,
ecoli,False,327,7,MNAR,0.3,1,GaussCM,0.8863628388304017,0.6039828656883633,0.05571847507331378,0,0.0076969830006419215,
ecoli,False,327,7,MNAR,0.3,1,KNN,1.014173997921179,0.7029084116024147,0.0,0,0.012825582000004943,
ecoli,False,327,7,MNAR,0.3,1,MICE,1.6657195946214736,0.6772048122213852,0.05865102639296188,0,0.11477824600024178,
ecoli,False,327,7,MNAR,0.3,1,MissForest,0.840991278255072,0.5364446011972015,0.07624633431085044,0,1.1284637469998415,
ecoli,False,327,7,MNAR,0.3,1,SoftImpute,0.9034800993550924,0.6488716303627245,0.10703812316715543,0,0.021841802000380994,
ecoli,False,327,7,MNAR,0.3,1,GAIN,0.8052225109319705,0.55345815042541,0.12463343108504399,0,10.224175577000096,
ecoli,False,327,7,MNAR,0.3,1,NDI-F1,0.9157158225597001,0.6383717828813008,0.02346041055718475,0,0.002025591000347049,
ecoli,False,327,7,MNAR,0.3,1,NDI-F-noclip,0.9250342430595342,0.6324943621367312,0.09824046920821114,0,0.0026993509991370956,
ecoli,False,327,7,MNAR,0.3,1,NDI-F,0.9190330702928978,0.6134814334795552,0.0,0,0.0019453779996183584,
ecoli,False,327,7,MNAR,0.3,1,Copula-NDI-F,0.9051198604803067,0.5757024525702455,0.0,0,0.006539807000081055,
ecoli,False,327,7,MNAR,0.3,2,Mean,0.9726647788903657,0.7128117840529031,0.0,0,0.00013425900033325888,
ecoli,False,327,7,MNAR,0.3,2,NDI-0,0.9991382452495057,0.7777997038272353,0.19161676646706588,0,0.0008854219995555468,
ecoli,False,327,7,MNAR,0.3,2,NDI-C,0.9741845081072892,0.6832356168863742,0.07335329341317365,0,0.0007898369995018584,
ecoli,False,327,7,MNAR,0.3,2,NDI-S,0.8800448488104151,0.6160564211123184,0.04940119760479042,0,0.001055596999322006,
ecoli,False,327,7,MNAR,0.3,2,GaussCM,0.8609220462095345,0.5791816472978868,0.12724550898203593,0,0.007122664999769768,
ecoli,False,327,7,MNAR,0.3,2,KNN,1.0287780954799792,0.7190911693856858,0.0,0,0.04007053300028929,
ecoli,False,327,7,MNAR,0.3,2,MICE,0.9473891233724244,0.5780469813516986,0.0374251497005988,0,0.18516719299987017,
ecoli,False,327,7,MNAR,0.3,2,MissForest,0.8637409848281689,0.5478310626083679,0.04940119760479042,0,1.1542705559995738,
ecoli,False,327,7,MNAR,0.3,2,SoftImpute,0.8772576748012978,0.6090023809513744,0.11526946107784432,0,0.015347708000263083,
ecoli,False,327,7,MNAR,0.3,2,GAIN,0.8361538097447903,0.5689637990610368,0.12425149700598802,0,10.738228061999507,
ecoli,False,327,7,MNAR,0.3,2,NDI-F1,0.8890601003764766,0.6096730893852521,0.061377245508982034,0,0.0017382870000801631,
ecoli,False,327,7,MNAR,0.3,2,NDI-F-noclip,0.889940349645447,0.5973526347779324,0.16766467065868262,0,0.0015913679999357555,
ecoli,False,327,7,MNAR,0.3,2,NDI-F,0.889028095123024,0.5892522328285466,0.0,0,0.0014828489993305993,
ecoli,False,327,7,MNAR,0.3,2,Copula-NDI-F,0.8839652899833276,0.5563882553650719,0.0,0,0.006568663000507513,
ionosphere,False,351,33,MCAR,0.1,0,Mean,1.021465688524386,0.8050027680729466,0.0,0,0.00021988499975122977,
ionosphere,False,351,33,MCAR,0.1,0,NDI-0,0.9736490535655469,0.7433632766505415,0.006216696269982238,0,0.0012015430002065841,
ionosphere,False,351,33,MCAR,0.1,0,NDI-C,0.7817980998083606,0.5436639381019479,0.006216696269982238,0,0.002767910000329721,
ionosphere,False,351,33,MCAR,0.1,0,NDI-S,0.7948584381706323,0.5610181945060086,0.0017761989342806395,0,0.0025737840005604085,
ionosphere,False,351,33,MCAR,0.1,0,GaussCM,0.7327697462156796,0.4503025376007186,0.03285968028419183,0,0.04463505500007159,
ionosphere,False,351,33,MCAR,0.1,0,KNN,0.7396723534362339,0.4079820682289878,0.0,0,0.034361329999228474,
ionosphere,False,351,33,MCAR,0.1,0,MICE,0.7651724400710885,0.4567562131278862,0.047957371225577264,0,1.4024724020000576,
ionosphere,False,351,33,MCAR,0.1,0,MissForest,0.7193750133145937,0.40714464559042063,0.0,0,6.823259935000351,
ionosphere,False,351,33,MCAR,0.1,0,SoftImpute,0.7235900432733791,0.47944406674081763,0.007992895204262877,0,0.10073324800032424,
ionosphere,False,351,33,MCAR,0.1,0,GAIN,0.7870420182067324,0.5323548300076442,0.0,0,10.658453668999755,
ionosphere,False,351,33,MCAR,0.1,0,NDI-F1,0.8761265652172255,0.6144348542059269,0.006216696269982238,0,0.004043566999825998,
ionosphere,False,351,33,MCAR,0.1,0,NDI-F-noclip,0.7462630438506529,0.45201773118722405,0.035523978685612786,0,0.004154792000008456,
ionosphere,False,351,33,MCAR,0.1,0,NDI-F,0.7429821381503394,0.4441174995597306,0.0,0,0.004747304999909829,
ionosphere,False,351,33,MCAR,0.1,0,Copula-NDI-F,0.7756696354082625,0.45276557251011057,0.0,0,0.027010212000277534,
ionosphere,False,351,33,MCAR,0.1,1,Mean,0.989308902577189,0.7643825506376433,0.0,0,0.00023595799939357676,
ionosphere,False,351,33,MCAR,0.1,1,NDI-0,0.9482023746288392,0.7118084167770211,0.011715481171548118,0,0.0018329240001548897,
ionosphere,False,351,33,MCAR,0.1,1,NDI-C,0.7799372095579683,0.5320261994267222,0.011715481171548118,0,0.0027206870008740225,
ionosphere,False,351,33,MCAR,0.1,1,NDI-S,0.7886633668087701,0.5459132288598769,0.0041841004184100415,0,0.00308010499975353,
ionosphere,False,351,33,MCAR,0.1,1,GaussCM,0.7700847781108372,0.4645602828091889,0.04435146443514645,0,0.04820831600045494,
ionosphere,False,351,33,MCAR,0.1,1,KNN,0.7238677110060862,0.3994252475275172,0.0,0,0.033663721999801055,
ionosphere,False,351,33,MCAR,0.1,1,MICE,0.8261955301619306,0.4853198595846831,0.07447698744769875,0,1.1489787599994088,
ionosphere,False,351,33,MCAR,0.1,1,MissForest,0.7170649421286003,0.4095138149792901,0.0,0,5.631316004999462,
ionosphere,False,351,33,MCAR,0.1,1,SoftImpute,0.7321400473573086,0.47347466392074644,0.0100418410041841,0,0.1053975899994839,
ionosphere,False,351,33,MCAR,0.1,1,GAIN,0.8082406286943563,0.5353646417460969,0.0,0,10.833567271999527,
ionosphere,False,351,33,MCAR,0.1,1,NDI-F1,0.8520215151537566,0.5900531197940159,0.0033472803347280333,0,0.003496805999930075,
ionosphere,False,351,33,MCAR,0.1,1,NDI-F-noclip,0.7337771905460723,0.4466259735681048,0.03933054393305439,0,0.00447807999989891,
ionosphere,False,351,33,MCAR,0.1,1,NDI-F,0.7266265205617325,0.43569613803337687,0.0,0,0.007043653999971866,
ionosphere,False,351,33,MCAR,0.1,1,Copula-NDI-F,0.7645003025861092,0.4417108034159182,0.0,0,0.027468434999718738,
ionosphere,False,351,33,MCAR,0.1,2,Mean,0.9955320044354683,0.76466784508249,0.0,0,0.00018780100072035566,
ionosphere,False,351,33,MCAR,0.1,2,NDI-0,0.971774526826612,0.7277214613826956,0.008849557522123894,0,0.0008256850005636807,
ionosphere,False,351,33,MCAR,0.1,2,NDI-C,0.801686534785113,0.5441516181327228,0.006194690265486726,0,0.0027677819998643827,
ionosphere,False,351,33,MCAR,0.1,2,NDI-S,0.8089255150608898,0.5566863140384785,0.0017699115044247787,0,0.003367433000676101,
ionosphere,False,351,33,MCAR,0.1,2,GaussCM,0.7638414816721659,0.45319191870177766,0.03805309734513274,0,0.04807777999940299,
ionosphere,False,351,33,MCAR,0.1,2,KNN,0.7425678447778356,0.4091527620644649,0.0,0,0.03329786199992668,
ionosphere,False,351,33,MCAR,0.1,2,MICE,0.8139668371505345,0.4639825969247021,0.06017699115044248,0,1.1308195890005663,
ionosphere,False,351,33,MCAR,0.1,2,MissForest,0.7279674227604626,0.4138520214510912,0.0,0,6.786329529999421,
ionosphere,False,351,33,MCAR,0.1,2,SoftImpute,0.749753485395022,0.4763632969457892,0.005309734513274336,0,1.0130797130004794,
ionosphere,False,351,33,MCAR,0.1,2,GAIN,0.9007814102425082,0.5994220605784556,0.0,0,10.351183658000082,
ionosphere,False,351,33,MCAR,0.1,2,NDI-F1,0.872949991676825,0.6017623705989096,0.004424778761061947,0,0.004657305999899108,
ionosphere,False,351,33,MCAR,0.1,2,NDI-F-noclip,0.7984476241678142,0.46663789791260546,0.03716814159292035,0,0.005293440999594168,
ionosphere,False,351,33,MCAR,0.1,2,NDI-F,0.7933318723195109,0.45959120529029623,0.0,0,0.005623203000141075,
ionosphere,False,351,33,MCAR,0.1,2,Copula-NDI-F,0.7941061637291765,0.4529319741786598,0.0,0,0.029640085000210092,
ionosphere,False,351,33,MCAR,0.3,0,Mean,0.9892488502775917,0.7650490479415449,0.0,0,0.000321156000609335,
ionosphere,False,351,33,MCAR,0.3,0,NDI-0,0.9649154305359321,0.7296304544804643,0.008967312698871854,0,0.0018369000008533476,
ionosphere,False,351,33,MCAR,0.3,0,NDI-C,0.8189509524760764,0.5641902096026472,0.010992189759907435,0,0.004932753999128181,
ionosphere,False,351,33,MCAR,0.3,0,NDI-S,0.8220109507643417,0.5741316576854435,0.006653167486259763,0,0.0032526719996894826,
ionosphere,False,351,33,MCAR,0.3,0,GaussCM,0.8559687386657631,0.5261003616807788,0.04859704946485392,0,0.039289334999921266,
ionosphere,False,351,33,MCAR,0.3,0,KNN,0.7603585645741245,0.4253630678540525,0.0,0,0.04827213499993377,
ionosphere,False,351,33,MCAR,0.3,0,MICE,0.9384043839189398,0.5526220226655959,0.07318484234885739,0,1.0603041509994,
ionosphere,False,351,33,MCAR,0.3,0,MissForest,0.7456645577711729,0.43460306712580304,0.0,0,6.78680101000009,
ionosphere,False,351,33,MCAR,0.3,0,SoftImpute,0.7859447406363336,0.5137201153810907,0.008678044547295342,0,0.13107011899955978,
ionosphere,False,351,33,MCAR,0.3,0,GAIN,0.8623673596779219,0.575360997195049,0.0,0,10.823990689000311,
ionosphere,False,351,33,MCAR,0.3,0,NDI-F1,0.886888773904046,0.6155138182918468,0.006363899334683252,0,0.004429683000125806,
ionosphere,False,351,33,MCAR,0.3,0,NDI-F-noclip,0.8109893278846733,0.49273437632994366,0.03731559155336998,0,0.005278177000036521,
ionosphere,False,351,33,MCAR,0.3,0,NDI-F,0.8034191332001996,0.4845146858273837,0.0,0,0.005103472999508085,
ionosphere,False,351,33,MCAR,0.3,0,Copula-NDI-F,0.8199527348746205,0.48051106076788236,0.0,0,0.033954489000279864,
ionosphere,False,351,33,MCAR,0.3,0,MIWAE,0.9276074005023061,0.4839616933285394,0.06161411628579693,0,3.6871037620003335,
ionosphere,False,351,33,MCAR,0.3,0,Sinkhorn,0.7451155489448475,0.43865301979863935,0.0014463407578825572,0,65.24993597199955,
ionosphere,False,351,33,MCAR,0.3,0,HyperImpute,0.7582607181655234,0.4619579855865764,0.0,0,66.347519551,
ionosphere,False,351,33,MCAR,0.3,0,ReMasker,0.9526045729800695,0.6033945826884511,0.0,0,74.39810160600064,
ionosphere,False,351,33,MCAR,0.3,1,Mean,0.9870910662165112,0.7642152037890262,0.0,0,0.00030531999982486013,
ionosphere,False,351,33,MCAR,0.3,1,NDI-0,0.9447536928621653,0.7172239050629325,0.008715862870424172,0,0.0012661930004469468,
ionosphere,False,351,33,MCAR,0.3,1,NDI-C,0.7922441288046874,0.5437607347069014,0.007553747821034283,0,0.003837762000330258,
ionosphere,False,351,33,MCAR,0.3,1,NDI-S,0.8012066748840173,0.5597427865242198,0.002905287623474724,0,0.0033634579995123204,
ionosphere,False,351,33,MCAR,0.3,1,GaussCM,0.8567749600760163,0.527936313394405,0.04590354445090064,0,0.048219076999885147,
ionosphere,False,351,33,MCAR,0.3,1,KNN,0.7282877193064983,0.41459574394883153,0.0,0,0.04640123199988011,
ionosphere,False,351,33,MCAR,0.3,1,MICE,0.8944701209610446,0.544866917740226,0.06217315514235909,0,1.3805093959999795,
ionosphere,False,351,33,MCAR,0.3,1,MissForest,0.7098117375625133,0.41086788142929276,0.0,0,5.828289428999597,
ionosphere,False,351,33,MCAR,0.3,1,SoftImpute,0.7684921389338294,0.5055205330670175,0.009877977919814061,0,0.12577275600051507,
ionosphere,False,351,33,MCAR,0.3,1,GAIN,0.8674107252547159,0.5939128839105654,0.0,0,11.07913783099957,
ionosphere,False,351,33,MCAR,0.3,1,NDI-F1,0.8666666966056634,0.5997056829205455,0.00726321905868681,0,0.005415929999799118,
ionosphere,False,351,33,MCAR,0.3,1,NDI-F-noclip,0.8054469294218385,0.48902444531479944,0.04096455549099361,0,0.00565519699921424,
ionosphere,False,351,33,MCAR,0.3,1,NDI-F,0.7981214545521446,0.4787982744823919,0.0,0,0.012253324000084831,
ionosphere,False,351,33,MCAR,0.3,1,Copula-NDI-F,0.8209109130900857,0.4823787289463185,0.0,0,0.04403822200038121,
ionosphere,False,351,33,MCAR,0.3,2,Mean,0.9921801482824631,0.761906683437884,0.0,0,0.00039072199979273137,
ionosphere,False,351,33,MCAR,0.3,2,NDI-0,0.9459713544201463,0.7144061615825222,0.008352534562211982,0,0.001085039000827237,
ionosphere,False,351,33,MCAR,0.3,2,NDI-C,0.7980309900616834,0.5448025852351006,0.0066244239631336405,0,0.003469047999715258,
ionosphere,False,351,33,MCAR,0.3,2,NDI-S,0.8069010680409692,0.5605112759806602,0.0017281105990783411,0,0.0037712969997301116,
ionosphere,False,351,33,MCAR,0.3,2,GaussCM,0.8344364775598188,0.5154747825487568,0.04550691244239631,0,0.04116136100037693,
ionosphere,False,351,33,MCAR,0.3,2,KNN,0.7569238430655186,0.4183330461587224,0.0,0,0.04194014800032164,
ionosphere,False,351,33,MCAR,0.3,2,MICE,0.9189495706668172,0.5532273539001735,0.07200460829493087,0,1.1705154599994785,
ionosphere,False,351,33,MCAR,0.3,2,MissForest,0.7203072416408409,0.4137593317438122,0.0,0,5.494930290000411,
ionosphere,False,351,33,MCAR,0.3,2,SoftImpute,0.7714696226364839,0.5049996666024846,0.008064516129032258,0,0.1673240199997963,
ionosphere,False,351,33,MCAR,0.3,2,GAIN,0.8833972636064411,0.6035113977927498,0.0,0,10.854456161999224,
ionosphere,False,351,33,MCAR,0.3,2,NDI-F1,0.8781644083870759,0.6035049921963292,0.007488479262672811,0,0.00424350899993442,
ionosphere,False,351,33,MCAR,0.3,2,NDI-F-noclip,0.8130044516218122,0.49033130882042303,0.041474654377880185,0,0.005397810999966168,
ionosphere,False,351,33,MCAR,0.3,2,NDI-F,0.7932338679992742,0.4785452829025308,0.0,0,0.0075242740003886865,
ionosphere,False,351,33,MCAR,0.3,2,Copula-NDI-F,0.8152312150126637,0.4776781226219925,0.0,0,0.05214057400007732,
ionosphere,False,351,33,MCAR,0.5,0,Mean,1.0176549896711848,0.7871345699457356,0.0,0,0.00025100999937421875,
ionosphere,False,351,33,MCAR,0.5,0,NDI-0,0.9779356567773689,0.7398822939889895,0.008412017167381974,0,0.0014188730001478689,
ionosphere,False,351,33,MCAR,0.5,0,NDI-C,0.8588432137779423,0.5933520384419585,0.012703862660944205,0,0.003382752000106848,
ionosphere,False,351,33,MCAR,0.5,0,NDI-S,0.8641171045138891,0.6090442130587388,0.0049785407725321884,0,0.0034206680002171197,
ionosphere,False,351,33,MCAR,0.5,0,GaussCM,0.9069079065844693,0.5913676978827154,0.04463519313304721,0,0.03773716899922874,
ionosphere,False,351,33,MCAR,0.5,0,KNN,0.8316116281727878,0.5021061682698804,0.0,0,0.05275380200055224,
ionosphere,False,351,33,MCAR,0.5,0,MICE,0.9280452240397666,0.6360445375075809,0.03656652360515021,0,0.826930473000175,
ionosphere,False,351,33,MCAR,0.5,0,MissForest,0.7785918040825479,0.46813905365102687,0.0,0,5.373740743999406,
ionosphere,False,351,33,MCAR,0.5,0,SoftImpute,0.8548744514064172,0.5871569251910068,0.007553648068669528,0,0.13524375699944358,
ionosphere,False,351,33,MCAR,0.5,0,GAIN,1.0617385237795829,0.7607526181952822,0.0,0,11.141440660999251,
ionosphere,False,351,33,MCAR,0.5,0,NDI-F1,0.9018779548944112,0.6297022917499793,0.005493562231759657,0,0.004411597999933292,
ionosphere,False,351,33,MCAR,0.5,0,NDI-F-noclip,0.9086206758052962,0.5740404626483804,0.05510729613733906,0,0.006163624000691925,
ionosphere,False,351,33,MCAR,0.5,0,NDI-F,0.8852149300187127,0.5550107913186079,0.0,0,0.0073812520004139515,
ionosphere,False,351,33,MCAR,0.5,0,Copula-NDI-F,0.9234992975356727,0.5654219273024961,0.0,0,0.028888415999972494,
ionosphere,False,351,33,MCAR,0.5,1,Mean,1.0177176225554265,0.787623319992973,0.0,0,0.0003341730007377919,
ionosphere,False,351,33,MCAR,0.5,1,NDI-0,0.9855194346399501,0.7466549113128085,0.008465791292328956,0,0.001058644999829994,
ionosphere,False,351,33,MCAR,0.5,1,NDI-C,0.846273859469035,0.5806733204637017,0.007601935038009675,0,0.004078754000147455,
ionosphere,False,351,33,MCAR,0.5,1,NDI-S,0.8544212316963228,0.5987464066230876,0.002073255010366275,0,0.0042039489999297075,
ionosphere,False,351,33,MCAR,0.5,1,GaussCM,0.9019060580678686,0.5799548206049577,0.046821008984105045,0,0.05053621800016117,
ionosphere,False,351,33,MCAR,0.5,1,KNN,0.8143445932017698,0.48835478234876545,0.0,0,0.06467185200017411,
ionosphere,False,351,33,MCAR,0.5,1,MICE,0.9121489515938914,0.6193028474722746,0.03610919143054596,0,0.41885013499995694,
ionosphere,False,351,33,MCAR,0.5,1,MissForest,0.7907814312565875,0.4753703869221258,0.0,0,5.894599113000368,
ionosphere,False,351,33,MCAR,0.5,1,SoftImpute,0.846780097047903,0.5781311208429554,0.007601935038009675,0,0.6586507680003706,
ionosphere,False,351,33,MCAR,0.5,1,GAIN,1.1663991278254744,0.8562072865955568,0.0,0,10.519610285999988,
ionosphere,False,351,33,MCAR,0.5,1,NDI-F1,0.8984061656888407,0.6257681354972763,0.005010366275051832,0,0.004970216999936383,
ionosphere,False,351,33,MCAR,0.5,1,NDI-F-noclip,0.9179901275218573,0.5708659388090545,0.05165860400829302,0,0.005372949000047811,
ionosphere,False,351,33,MCAR,0.5,1,NDI-F,0.8977678717456425,0.5540776231786334,0.0,0,0.006937569000001531,
ionosphere,False,351,33,MCAR,0.5,1,Copula-NDI-F,0.923484454049268,0.5534762397462698,0.0,0,0.029912830000284885,
ionosphere,False,351,33,MCAR,0.5,2,Mean,1.0076872417773648,0.7828729198546043,0.0,0,0.0003311099999336875,
ionosphere,False,351,33,MCAR,0.5,2,NDI-0,0.9822078666921304,0.7430164836763674,0.009167964020065733,0,0.001976605999516323,
ionosphere,False,351,33,MCAR,0.5,2,NDI-C,0.8385248630474079,0.5796705262758425,0.010205846739318456,0,0.003599231999942276,
ionosphere,False,351,33,MCAR,0.5,2,NDI-S,0.8452233268161604,0.5969733507510837,0.0034596090641757483,0,0.004826952000257734,
ionosphere,False,351,33,MCAR,0.5,2,GaussCM,0.881586841863672,0.5698801296655609,0.04601280055353745,0,0.0524862039992513,
ionosphere,False,351,33,MCAR,0.5,2,KNN,0.7864639668650321,0.4745402524914414,0.0,0,0.049699506999786536,
ionosphere,False,351,33,MCAR,0.5,2,MICE,0.9058522098784387,0.6177991760177235,0.038920601971977165,0,0.8135833139995157,
ionosphere,False,351,33,MCAR,0.5,2,MissForest,0.7709680916620365,0.461573997923622,0.0,0,6.527998331999697,
ionosphere,False,351,33,MCAR,0.5,2,SoftImpute,0.8278369825969483,0.5662888820168811,0.008303061754021795,0,0.138356522000322,
ionosphere,False,351,33,MCAR,0.5,2,GAIN,0.992134678657937,0.712222502561711,0.0,0,11.012458547999813,
ionosphere,False,351,33,MCAR,0.5,2,NDI-F1,0.8977890871401629,0.6277367952652334,0.007611139941186646,0,0.006635123000705789,
ionosphere,False,351,33,MCAR,0.5,2,NDI-F-noclip,0.8744043350362277,0.5445483315840388,0.04687770281958139,0,0.006256628000301134,
ionosphere,False,351,33,MCAR,0.5,2,NDI-F,0.8573350591659636,0.5290342238241811,0.0,0,0.014938301999791292,
ionosphere,False,351,33,MCAR,0.5,2,Copula-NDI-F,0.8804192015695887,0.5271640359989945,0.0,0,0.08248859600007563,
ionosphere,False,351,33,MAR,0.3,0,Mean,1.0111334122758444,0.7860400293284331,0.0,0,0.0024217269992732327,
ionosphere,False,351,33,MAR,0.3,0,NDI-0,0.9906473565938891,0.7516985225409776,0.004876649454962708,0,0.001238947000274493,
ionosphere,False,351,33,MAR,0.3,0,NDI-C,0.8476087772742542,0.5924188137983106,0.002008032128514056,0,0.0031651460003558896,
ionosphere,False,351,33,MAR,0.3,0,NDI-S,0.85275402881599,0.603340532814279,0.0,0,0.003940658000828989,
ionosphere,False,351,33,MAR,0.3,0,GaussCM,0.918598686692343,0.6223796917402825,0.045037292025243834,0,0.03631043499990483,
ionosphere,False,351,33,MAR,0.3,0,KNN,0.7672711855840859,0.4455503932827272,0.0,0,0.03711512300014874,
ionosphere,False,351,33,MAR,0.3,0,MICE,0.9163887701478977,0.5921581354922479,0.04819277108433735,0,2.633855471000061,
ionosphere,False,351,33,MAR,0.3,0,MissForest,0.7595455952948665,0.45662170916761075,0.0,0,5.1977303039993785,
ionosphere,False,351,33,MAR,0.3,0,SoftImpute,0.8279524308618019,0.5709130806493348,0.004016064257028112,0,0.13622460100032185,
ionosphere,False,351,33,MAR,0.3,0,GAIN,0.8943127842447635,0.6056830611047418,0.0,0,11.097046208999927,
ionosphere,False,351,33,MAR,0.3,0,NDI-F1,0.9150303618145569,0.6432105345253648,0.00831899024670109,0,0.0037460919993463904,
ionosphere,False,351,33,MAR,0.3,0,NDI-F-noclip,0.8858626623204128,0.5841206161047797,0.03700516351118761,0,0.005385158000535739,
ionosphere,False,351,33,MAR,0.3,0,NDI-F,0.8756244535175449,0.5749902717938007,0.0,0,0.014575713999875006,
ionosphere,False,351,33,MAR,0.3,0,Copula-NDI-F,0.8961671821161128,0.5715486625986758,0.0,0,0.031175346999589237,
ionosphere,False,351,33,MAR,0.3,0,MIWAE,0.9955131291115049,0.5126776337865696,0.05823293172690763,0,3.348832904000119,
ionosphere,False,351,33,MAR,0.3,0,Sinkhorn,0.774189670962559,0.4786564977516132,0.0,0,70.4810158930004,
ionosphere,False,351,33,MAR,0.3,0,HyperImpute,0.781649442548943,0.4959896603077783,0.0,0,46.35695705799935,
ionosphere,False,351,33,MAR,0.3,0,ReMasker,1.0256805221260814,0.6942744718438664,0.0,0,76.77508510799998,
ionosphere,False,351,33,MAR,0.3,1,Mean,1.0489564294428178,0.8059445627867974,0.0,0,0.00024107399985950906,
ionosphere,False,351,33,MAR,0.3,1,NDI-0,0.9914803291081796,0.7493357712077912,0.009635036496350365,0,0.0009185709996017977,
ionosphere,False,351,33,MAR,0.3,1,NDI-C,0.870157406728278,0.60257357242092,0.005255474452554744,0,0.002911649999987276,
ionosphere,False,351,33,MAR,0.3,1,NDI-S,0.878737525622624,0.6156624204468913,0.002627737226277372,0,0.003162029000122857,
ionosphere,False,351,33,MAR,0.3,1,GaussCM,0.9369281834940425,0.6188508865004546,0.06160583941605839,0,0.03803037200032122,
ionosphere,False,351,33,MAR,0.3,1,KNN,0.8086644865573228,0.46889468198239226,0.0,0,0.10532134799996129,
ionosphere,False,351,33,MAR,0.3,1,MICE,0.9099742055567777,0.5766851302526189,0.06160583941605839,0,2.1187295029994857,
ionosphere,False,351,33,MAR,0.3,1,MissForest,0.784158718573417,0.46489279475186085,0.0,0,5.315987660999781,
ionosphere,False,351,33,MAR,0.3,1,SoftImpute,0.8537702814907777,0.5769127111736093,0.014014598540145985,0,0.13622532699992007,
ionosphere,False,351,33,MAR,0.3,1,GAIN,0.8888186151408286,0.5861879356179635,0.0,0,11.10885788699943,
ionosphere,False,351,33,MAR,0.3,1,NDI-F1,0.9289863305423854,0.6503627021739992,0.006715328467153284,0,0.0063977210002121865,
ionosphere,False,351,33,MAR,0.3,1,NDI-F-noclip,0.9190158213235816,0.5936795720865249,0.04467153284671533,0,0.006065045000468672,
ionosphere,False,351,33,MAR,0.3,1,NDI-F,0.8976145142136436,0.5784677308157102,0.0,0,0.005144522000591678,
ionosphere,False,351,33,MAR,0.3,1,Copula-NDI-F,0.9390138196362843,0.5824631462289072,0.0,0,0.02471680100006779,
ionosphere,False,351,33,MAR,0.3,2,Mean,1.0342901895919976,0.8021809433840084,0.0,0,0.00025917299990396714,
ionosphere,False,351,33,MAR,0.3,2,NDI-0,1.003590715500813,0.7546300009140448,0.016531241244045952,0,0.0011726419998012716,
ionosphere,False,351,33,MAR,0.3,2,NDI-C,0.8521880098468786,0.5923383429275261,0.012608573830204538,0,0.0036944299999959185,
ionosphere,False,351,33,MAR,0.3,2,NDI-S,0.8602719381396329,0.605354350765371,0.004202857943401513,0,0.00331281300077535,
ionosphere,False,351,33,MAR,0.3,2,GaussCM,0.9099548665399112,0.6102639316744793,0.04875315214345755,0,0.06283140600044135,
ionosphere,False,351,33,MAR,0.3,2,KNN,0.7797659059016138,0.44432859752754633,0.0,0,0.0645505200000116,
ionosphere,False,351,33,MAR,0.3,2,MICE,0.9114915716931068,0.5737486977387749,0.06136172597366209,0,0.4253127960000711,
ionosphere,False,351,33,MAR,0.3,2,MissForest,0.7691015070096588,0.4585860564834314,0.0,0,5.261880735999512,
ionosphere,False,351,33,MAR,0.3,2,SoftImpute,0.8467328471132214,0.5722230474031965,0.012608573830204538,0,0.5962849259994982,
ionosphere,False,351,33,MAR,0.3,2,GAIN,0.9098898148467093,0.6184942235534003,0.0,0,10.73038942400035,
ionosphere,False,351,33,MAR,0.3,2,NDI-F1,0.907072803389024,0.6323623867396676,0.01316895488932474,0,0.0052401869997993344,
ionosphere,False,351,33,MAR,0.3,2,NDI-F-noclip,0.8824464474327548,0.5685974316843168,0.039226674138414123,0,0.0052719189998242655,
ionosphere,False,351,33,MAR,0.3,2,NDI-F,0.8687808218913731,0.5573658389592363,0.0,0,0.005415869999524148,
ionosphere,False,351,33,MAR,0.3,2,Copula-NDI-F,0.897068181632023,0.5511777881357929,0.0,0,0.02535744299984799,
ionosphere,False,351,33,MNAR,0.3,0,Mean,1.2263217478355184,0.9851957722507616,0.0,0,0.00028231000032974407,
ionosphere,False,351,33,MNAR,0.3,0,NDI-0,1.1732072339431263,0.9195987098582308,0.005478662053056517,0,0.0009866809996310622,
ionosphere,False,351,33,MNAR,0.3,0,NDI-C,1.0740108595206894,0.7697126999801062,0.006343713956170703,0,0.0033064350000131526,
ionosphere,False,351,33,MNAR,0.3,0,NDI-S,1.081635023834432,0.7889418597836145,0.0017301038062283738,0,0.004275741000128619,
ionosphere,False,351,33,MNAR,0.3,0,GaussCM,1.0794057348216108,0.7198408834382611,0.04988465974625144,0,0.06143689900000027,
ionosphere,False,351,33,MNAR,0.3,0,KNN,0.9263533952859792,0.5299273847672717,0.0,0,0.04517187599958561,
ionosphere,False,351,33,MNAR,0.3,0,MICE,1.0365217975519563,0.6480019120082413,0.06055363321799308,0,0.7739970780003205,
ionosphere,False,351,33,MNAR,0.3,0,MissForest,0.9760352380025555,0.5688581200146302,0.0,0,5.774791564000225,
ionosphere,False,351,33,MNAR,0.3,0,SoftImpute,1.0485985742663368,0.7290940506894632,0.007785467128027681,0,0.6456536810001126,
ionosphere,False,351,33,MNAR,0.3,0,GAIN,0.9883982382417953,0.6393088692704447,0.0,0,10.436893441999928,
ionosphere,False,351,33,MNAR,0.3,0,NDI-F1,1.1203683435874754,0.8255740252613282,0.0031718569780853517,0,0.00619435800035717,
ionosphere,False,351,33,MNAR,0.3,0,NDI-F-noclip,1.0489017595222097,0.6757361316587428,0.04325259515570934,0,0.005336691999218601,
ionosphere,False,351,33,MNAR,0.3,0,NDI-F,1.0321078864519584,0.6621101442639804,0.0,0,0.0056753529997877195,
ionosphere,False,351,33,MNAR,0.3,0,Copula-NDI-F,1.063201842728063,0.6681566053519064,0.0,0,0.026492699999835168,
ionosphere,False,351,33,MNAR,0.3,0,MIWAE,1.1288924661776647,0.6068685825603262,0.07756632064590542,0,3.4157290820003254,
ionosphere,False,351,33,MNAR,0.3,0,Sinkhorn,1.0134770661050931,0.6246713400611525,0.002306805074971165,0,68.4215822189999,
ionosphere,False,351,33,MNAR,0.3,0,HyperImpute,0.9978372849776039,0.6349307717486201,0.0,0,52.422036867000315,
ionosphere,False,351,33,MNAR,0.3,0,ReMasker,1.1008439201891487,0.6943317520866172,0.0,0,75.29447814200012,
ionosphere,False,351,33,MNAR,0.3,1,Mean,1.2721691654838725,1.0086876673811223,0.0,0,0.00030150100064929575,
ionosphere,False,351,33,MNAR,0.3,1,NDI-0,1.2131364243827447,0.9387977271969173,0.013557323902151489,0,0.0016111280001496198,
ionosphere,False,351,33,MNAR,0.3,1,NDI-C,1.1259361158648105,0.8042271491060525,0.015030946065428824,0,0.003652354999758245,
ionosphere,False,351,33,MNAR,0.3,1,NDI-S,1.1348720717329857,0.8218507039005934,0.013852048334806955,0,0.0031846049996602233,
ionosphere,False,351,33,MNAR,0.3,1,GaussCM,1.1203960829526656,0.7484884774775046,0.04538756262894194,0,0.037073985999995784,
ionosphere,False,351,33,MNAR,0.3,1,KNN,0.978558880448351,0.5574772845932564,0.0,0,0.04441509199932625,
ionosphere,False,351,33,MNAR,0.3,1,MICE,1.0895285398510768,0.6894701423303763,0.04627173592690834,0,0.7958020519999991,
ionosphere,False,351,33,MNAR,0.3,1,MissForest,1.0441626608183057,0.6127629761624093,0.0,0,6.571443886999987,
ionosphere,False,351,33,MNAR,0.3,1,SoftImpute,1.101392102019298,0.7608212351478566,0.016799292661361626,0,0.12076100300055259,
ionosphere,False,351,33,MNAR,0.3,1,GAIN,1.056865096664875,0.6657751058875873,0.0,0,11.68126812599985,
ionosphere,False,351,33,MNAR,0.3,1,NDI-F1,1.165507766631437,0.8477481620825404,0.012967875036840553,0,0.0038854429994898965,
ionosphere,False,351,33,MNAR,0.3,1,NDI-F-noclip,1.1123265239396447,0.7165371378890583,0.04892425582080755,0,0.005738773000302899,
ionosphere,False,351,33,MNAR,0.3,1,NDI-F,1.1005085303616364,0.7049193640771804,0.0,0,0.005924538000726898,
ionosphere,False,351,33,MNAR,0.3,1,Copula-NDI-F,1.1180586670143358,0.700687480480436,0.0,0,0.0248957869998776,
ionosphere,False,351,33,MNAR,0.3,2,Mean,1.2386074646886067,0.9993323256300802,0.0,0,0.00032623000060993945,
ionosphere,False,351,33,MNAR,0.3,2,NDI-0,1.1842058713215797,0.9312948560949907,0.007751937984496124,0,0.001131942999563762,
ionosphere,False,351,33,MNAR,0.3,2,NDI-C,1.0970865907449225,0.7950387675482835,0.003158196956646569,0,0.003557830000318063,
ionosphere,False,351,33,MNAR,0.3,2,NDI-S,1.1025716500244216,0.8136797359903087,0.0005742176284811944,0,0.004017279000436247,
ionosphere,False,351,33,MNAR,0.3,2,GaussCM,1.1080391948148434,0.7509876450785352,0.046224519092736144,0,0.04794501699961984,
ionosphere,False,351,33,MNAR,0.3,2,KNN,0.9499269493188873,0.5548321597206527,0.0,0,0.04406500499953836,
ionosphere,False,351,33,MNAR,0.3,2,MICE,1.1007395758604042,0.6986144815136661,0.059431524547803614,0,0.795520645000579,
ionosphere,False,351,33,MNAR,0.3,2,MissForest,1.0277820128544803,0.6152608213713193,0.0,0,6.392835426999227,
ionosphere,False,351,33,MNAR,0.3,2,SoftImpute,1.0759245727330589,0.7595448359961835,0.008613264427217916,0,0.1641699140000128,
ionosphere,False,351,33,MNAR,0.3,2,GAIN,1.0255399908726528,0.6699422119302996,0.0,0,10.944787354000255,
ionosphere,False,351,33,MNAR,0.3,2,NDI-F1,1.119356730643795,0.8427416328688758,0.006029285099052541,0,0.004694049999670824,
ionosphere,False,351,33,MNAR,0.3,2,NDI-F-noclip,1.0743342358363723,0.7171700935118428,0.031294860752225095,0,0.004700032000073406,
ionosphere,False,351,33,MNAR,0.3,2,NDI-F,1.0698732650617075,0.7100021833813374,0.0,0,0.005037285999605956,
ionosphere,False,351,33,MNAR,0.3,2,Copula-NDI-F,1.0887994291416312,0.704618089819149,0.0,0,0.035200973999963026,
wdbc,False,569,30,MCAR,0.1,0,Mean,1.0322176795527336,0.7549211462168182,0.0,0,0.0003171110001858324,
wdbc,False,569,30,MCAR,0.1,0,NDI-0,0.825802495347305,0.5664541571916909,0.0023014959723820483,0,0.001105703000575886,
wdbc,False,569,30,MCAR,0.1,0,NDI-C,0.6686774854487131,0.44456883184579127,0.0028768699654775605,0,0.004255914000168559,
wdbc,False,569,30,MCAR,0.1,0,NDI-S,0.674797565235609,0.4489475833776869,0.0017261219792865361,0,0.004368014000647236,
wdbc,False,569,30,MCAR,0.1,0,GaussCM,0.38811089793083353,0.22948407056611167,0.011507479861910242,0,0.07484425400070904,
wdbc,False,569,30,MCAR,0.1,0,KNN,0.8745768157642652,0.5467500170769553,0.0,0,0.08117619499989814,
wdbc,False,569,30,MCAR,0.1,0,MICE,0.3810039161570667,0.20064598843637688,0.01093210586881473,0,1.7488142170004721,
wdbc,False,569,30,MCAR,0.1,0,MissForest,0.5025866014237258,0.2760683743965964,0.0,0,6.173301105000064,
wdbc,False,569,30,MCAR,0.1,0,SoftImpute,0.40077782398674144,0.22847831406793248,0.006904487917146145,0,0.09372584199991252,
wdbc,False,569,30,MCAR,0.1,0,GAIN,0.4989263622808053,0.33148672189160944,0.0,0,10.81983849199969,
wdbc,False,569,30,MCAR,0.1,0,NDI-F1,0.7878676454006025,0.5279021112525454,0.006329113924050633,0,0.004196634999971138,
wdbc,False,569,30,MCAR,0.1,0,NDI-F-noclip,0.47232381532090156,0.296703738780084,0.013233601841196778,0,0.005125151999891386,
wdbc,False,569,30,MCAR,0.1,0,NDI-F,0.47122863622305383,0.29487520641958354,0.0,0,0.006140521000816079,
wdbc,False,569,30,MCAR,0.1,0,Copula-NDI-F,0.4511980166706149,0.27071452088658116,0.0,0,0.031525217999842425,
wdbc,False,569,30,MCAR,0.1,1,Mean,1.0065392453014326,0.7619763743163579,0.0,0,0.00028147299963166006,
wdbc,False,569,30,MCAR,0.1,1,NDI-0,0.8121600335184014,0.5803279034039667,0.002504696305572949,0,0.001461879999624216,
wdbc,False,569,30,MCAR,0.1,1,NDI-C,0.633445451344851,0.441395618975837,0.003757044458359424,0,0.004238307999912649,
wdbc,False,569,30,MCAR,0.1,1,NDI-S,0.6411755110401544,0.4470210733407935,0.0031308703819661866,0,0.004597138999997696,
wdbc,False,569,30,MCAR,0.1,1,GaussCM,0.3427826117723604,0.2070754598474511,0.010644959298685034,0,0.06404523400033213,
wdbc,False,569,30,MCAR,0.1,1,KNN,0.8512157881288315,0.5563311795618052,0.0,0,0.04843459800031269,
wdbc,False,569,30,MCAR,0.1,1,MICE,0.3413056235765823,0.18098142464291672,0.012523481527864746,0,1.2421973219998108,
wdbc,False,569,30,MCAR,0.1,1,MissForest,0.45048735480179114,0.261532345325941,0.0,0,6.897357734999787,
wdbc,False,569,30,MCAR,0.1,1,SoftImpute,0.379960708498731,0.2134521268491255,0.0031308703819661866,0,0.7311564600004203,
wdbc,False,569,30,MCAR,0.1,1,GAIN,0.47334216576686977,0.31890963286468194,0.0,0,10.374953804999677,
wdbc,False,569,30,MCAR,0.1,1,NDI-F1,0.7723735855760097,0.5353393543192233,0.005009392611145898,0,0.005028429000049073,
wdbc,False,569,30,MCAR,0.1,1,NDI-F-noclip,0.4211549715379124,0.2729190404707823,0.015654351909830933,0,0.004599677999976848,
wdbc,False,569,30,MCAR,0.1,1,NDI-F,0.4192698335217266,0.27013900932147883,0.0,0,0.00676887200006604,
wdbc,False,569,30,MCAR,0.1,1,Copula-NDI-F,0.40021192540324946,0.2578422385555247,0.0,0,0.030201001000023098,
wdbc,False,569,30,MCAR,0.1,2,Mean,1.066593291526474,0.772994115631481,0.0,0,0.0003529980003804667,
wdbc,False,569,30,MCAR,0.1,2,NDI-0,0.8465218127978343,0.5754441030110814,0.0018159806295399517,0,0.0012087000004612491,
wdbc,False,569,30,MCAR,0.1,2,NDI-C,0.6854092191515638,0.43911039934924945,0.006053268765133172,0,0.004155491999881633,
wdbc,False,569,30,MCAR,0.1,2,NDI-S,0.6917261896920129,0.44500861100450756,0.003026634382566586,0,0.004336773999966681,
wdbc,False,569,30,MCAR,0.1,2,GaussCM,0.42023580476335515,0.22695125960887355,0.013922518159806295,0,0.067819254000824,
wdbc,False,569,30,MCAR,0.1,2,KNN,0.8962077078122817,0.551206337655706,0.0,0,0.0579035759992621,
wdbc,False,569,30,MCAR,0.1,2,MICE,0.3895746239857951,0.19121881457322246,0.013922518159806295,0,2.7560986490007053,
wdbc,False,569,30,MCAR,0.1,2,MissForest,0.5101476590521653,0.27103630658730515,0.0,0,6.939610207000442,
wdbc,False,569,30,MCAR,0.1,2,SoftImpute,0.4376473645743011,0.22395159265198655,0.005447941888619854,0,0.10158189999947353,
wdbc,False,569,30,MCAR,0.1,2,GAIN,0.5270192524989128,0.32420671880817953,0.0,0,11.147328615000333,
wdbc,False,569,30,MCAR,0.1,2,NDI-F1,0.8069587562488268,0.5284866157179674,0.007869249394673124,0,0.0048476979991392,
wdbc,False,569,30,MCAR,0.1,2,NDI-F-noclip,0.51457253727702,0.3020239672492495,0.018765133171912834,0,0.004552425999463594,
wdbc,False,569,30,MCAR,0.1,2,NDI-F,0.5098540366542917,0.2987775921938861,0.0,0,0.00585891700029606,
wdbc,False,569,30,MCAR,0.1,2,Copula-NDI-F,0.5748361392692607,0.29306268005452424,0.0,0,0.030467573999885644,
wdbc,False,569,30,MCAR,0.3,0,Mean,0.9888212627269691,0.7415314786273475,0.0,0,0.0004434040001797257,
wdbc,False,569,30,MCAR,0.3,0,NDI-0,0.8074471890868973,0.5694309197639583,0.004204089432447927,0,0.001816435999899113,
wdbc,False,569,30,MCAR,0.3,0,NDI-C,0.649574745355815,0.44298016989583805,0.005159564303458819,0,0.004898473000139347,
wdbc,False,569,30,MCAR,0.3,0,NDI-S,0.6533065786983143,0.4476388805146128,0.0038218994840435697,0,0.004222468000079971,
wdbc,False,569,30,MCAR,0.3,0,GaussCM,0.43479427838839246,0.27374033616418536,0.015478692910376457,0,0.05511170099998708,
wdbc,False,569,30,MCAR,0.3,0,KNN,0.9305349557244934,0.6434645043127101,0.0,0,0.16372316599972692,
wdbc,False,569,30,MCAR,0.3,0,MICE,0.42679798810151726,0.25115163678664043,0.014141028090961207,0,1.5814292759996533,
wdbc,False,569,30,MCAR,0.3,0,MissForest,0.4948910507795415,0.2977364424908401,0.0,0,5.713800595000066,
wdbc,False,569,30,MCAR,0.3,0,SoftImpute,0.43236154669738497,0.25451737675045427,0.005350659277660997,0,0.24070283499986544,
wdbc,False,569,30,MCAR,0.3,0,GAIN,0.5224748825571547,0.3390978031501131,0.0,0,10.29652593100036,
wdbc,False,569,30,MCAR,0.3,0,NDI-F1,0.7635745382053158,0.5259534471862101,0.008408178864895853,0,0.007518407000134175,
wdbc,False,569,30,MCAR,0.3,0,NDI-F-noclip,0.4667184211864422,0.3041975988439365,0.01872730747181349,0,0.012807597000573878,
wdbc,False,569,30,MCAR,0.3,0,NDI-F,0.4635005559954919,0.300810663746529,0.0,0,0.005858390999492258,
wdbc,False,569,30,MCAR,0.3,0,Copula-NDI-F,0.47407117988396946,0.2861111753065042,0.0,0,0.024539945000469743,
wdbc,False,569,30,MCAR,0.3,0,MIWAE,0.5183942782978767,0.319009745142293,0.004204089432447927,0,6.491696008999497,
wdbc,False,569,30,MCAR,0.3,0,Sinkhorn,0.5526829839327457,0.3432147028854054,0.0,0,198.86547246899954,
wdbc,False,569,30,MCAR,0.3,0,HyperImpute,0.5083610950530367,0.3041812079770023,0.0,0,18.644164711000485,
wdbc,False,569,30,MCAR,0.3,0,ReMasker,0.5728317316068211,0.3848829846959337,0.0,0,111.09145642400017,
wdbc,False,569,30,MCAR,0.3,1,Mean,0.9826797592337784,0.7351869834143476,0.0,0,0.00027080699965154054,
wdbc,False,569,30,MCAR,0.3,1,NDI-0,0.8021172374880658,0.5702235345434299,0.004302757676510855,0,0.0012574870006574201,
wdbc,False,569,30,MCAR,0.3,1,NDI-C,0.6341572396582825,0.4402569002487159,0.00528065714844514,0,0.0051640289993883925,
wdbc,False,569,30,MCAR,0.3,1,NDI-S,0.6362617920588308,0.4436242463653271,0.003911597887737141,0,0.0040332619992113905,
wdbc,False,569,30,MCAR,0.3,1,GaussCM,0.4250285434019764,0.27147281852973026,0.013299432818306279,0,0.10373979300038627,
wdbc,False,569,30,MCAR,0.3,1,KNN,0.8639900414658216,0.5852717775556006,0.0,0,0.149536989999433,
wdbc,False,569,30,MCAR,0.3,1,MICE,0.4085273526834142,0.24471752874480546,0.01056131429689028,0,0.46180727199953253,
wdbc,False,569,30,MCAR,0.3,1,MissForest,0.4921490018613258,0.29671532092983427,0.0,0,5.593981143999372,
wdbc,False,569,30,MCAR,0.3,1,SoftImpute,0.4146171734830738,0.2514026243716709,0.005867396831605711,0,0.7718527060005727,
wdbc,False,569,30,MCAR,0.3,1,GAIN,0.4968253109273296,0.3344129220744632,0.0,0,10.38074546900043,
wdbc,False,569,30,MCAR,0.3,1,NDI-F1,0.7458142804538758,0.5203719827049119,0.006454136514766282,0,0.006623122000746662,
wdbc,False,569,30,MCAR,0.3,1,NDI-F-noclip,0.4663612174436921,0.3067161670766377,0.017015450811656563,0,0.005583647000094061,
wdbc,False,569,30,MCAR,0.3,1,NDI-F,0.4620952639346112,0.302955312750454,0.0,0,0.005850143000316166,
wdbc,False,569,30,MCAR,0.3,1,Copula-NDI-F,0.47173719907634504,0.2845562945294565,0.0,0,0.0244512979998035,
wdbc,False,569,30,MCAR,0.3,2,Mean,0.9879857770757171,0.7431793791852261,0.0,0,0.00046068400024523726,
wdbc,False,569,30,MCAR,0.3,2,NDI-0,0.8066109922830008,0.5713345583019768,0.0027899561578318055,0,0.0014948349999031052,
wdbc,False,569,30,MCAR,0.3,2,NDI-C,0.6445324302109156,0.44068900601921174,0.006775607811877242,0,0.0038318120004987577,
wdbc,False,569,30,MCAR,0.3,2,NDI-S,0.650092349364393,0.446514247613782,0.004782781984854523,0,0.005987487999846053,
wdbc,False,569,30,MCAR,0.3,2,GaussCM,0.44534085224058395,0.2744373966743482,0.012953367875647668,0,0.09328462699977536,
wdbc,False,569,30,MCAR,0.3,2,KNN,0.8817531265833679,0.593534660167249,0.0,0,0.07050025100033963,
wdbc,False,569,30,MCAR,0.3,2,MICE,0.4352694534013403,0.2506305022620327,0.012355520127540853,0,0.4556287039995368,
wdbc,False,569,30,MCAR,0.3,2,MissForest,0.5172155702851207,0.30717269096013106,0.0,0,5.820932372999778,
wdbc,False,569,30,MCAR,0.3,2,SoftImpute,0.446776099577397,0.26182529836087604,0.005380629732961339,0,0.7073267200003102,
wdbc,False,569,30,MCAR,0.3,2,GAIN,0.5353060670537269,0.34392019869878365,0.0,0,10.415009628999542,
wdbc,False,569,30,MCAR,0.3,2,NDI-F1,0.7684882330239373,0.5271995747841725,0.008967716221602232,0,0.006922616999872844,
wdbc,False,569,30,MCAR,0.3,2,NDI-F-noclip,0.4905160454828055,0.3123463305108315,0.019529693104822637,0,0.0057402570000704145,
wdbc,False,569,30,MCAR,0.3,2,NDI-F,0.48688455778086126,0.3083664325052059,0.0,0,0.005724634999751288,
wdbc,False,569,30,MCAR,0.3,2,Copula-NDI-F,0.5042789615941659,0.29654361168881915,0.0,0,0.02592757200000051,
wdbc,False,569,30,MCAR,0.5,0,Mean,1.0156093872945013,0.7493113073137726,0.0,0,0.0003415139999560779,
wdbc,False,569,30,MCAR,0.5,0,NDI-0,0.8436407600801966,0.5869348704510917,0.0014124293785310734,0,0.0016049810001277365,
wdbc,False,569,30,MCAR,0.5,0,NDI-C,0.6779596574187051,0.4529361700851817,0.00211864406779661,0,0.0041534510000929,
wdbc,False,569,30,MCAR,0.5,0,NDI-S,0.6849431110121325,0.4603950199554153,0.0007062146892655367,0,0.004806008000741713,
wdbc,False,569,30,MCAR,0.5,0,GaussCM,0.5557859588377527,0.35023534784317173,0.012711864406779662,0,0.05050479900000937,
wdbc,False,569,30,MCAR,0.5,0,KNN,1.01453734189864,0.7308720032751037,0.0,0,0.08330127199951676,
wdbc,False,569,30,MCAR,0.5,0,MICE,0.5829070229157288,0.3450013456876032,0.013888888888888888,0,0.4287766699999338,
wdbc,False,569,30,MCAR,0.5,0,MissForest,0.5739715212405178,0.34720587109332274,0.0,0,6.235128733000238,
wdbc,False,569,30,MCAR,0.5,0,SoftImpute,0.5494262952555315,0.32506475994328754,0.0035310734463276836,0,0.3951499579998199,
wdbc,False,569,30,MCAR,0.5,0,GAIN,0.7413648448023509,0.47130266297926965,0.0,0,10.282634251000673,
wdbc,False,569,30,MCAR,0.5,0,NDI-F1,0.781575188842305,0.5302897239272573,0.003766478342749529,0,0.007192975000180013,
wdbc,False,569,30,MCAR,0.5,0,NDI-F-noclip,0.547481457487578,0.34736910340167926,0.017537664783427494,0,0.01609523499973875,
wdbc,False,569,30,MCAR,0.5,0,NDI-F,0.5463653392435879,0.3450539918890614,0.0,0,0.024604985999758355,
wdbc,False,569,30,MCAR,0.5,0,Copula-NDI-F,0.5422639093329751,0.32637428165521254,0.0,0,0.0743996490000427,
wdbc,False,569,30,MCAR,0.5,1,Mean,0.9985653998668501,0.7515389280495183,0.0,0,0.00047805400026845746,
wdbc,False,569,30,MCAR,0.5,1,NDI-0,0.8189102728798291,0.585873871913614,0.004548635409377187,0,0.004701858999396791,
wdbc,False,569,30,MCAR,0.5,1,NDI-C,0.6557748126736523,0.457890414582946,0.00734779566130161,0,0.009992306000640383,
wdbc,False,569,30,MCAR,0.5,1,NDI-S,0.6638083306590778,0.46462154701540587,0.0043153720550501515,0,0.011410485999476805,
wdbc,False,569,30,MCAR,0.5,1,GaussCM,0.5266316011304807,0.34990786764523624,0.016445066480055982,0,0.0958667670001887,
wdbc,False,569,30,MCAR,0.5,1,KNN,0.9574038394173334,0.6803537894665405,0.0,0,0.17940305499996612,
wdbc,False,569,30,MCAR,0.5,1,MICE,0.5569837955196879,0.36191203012716255,0.011429904362024726,0,0.8686345930000243,
wdbc,False,569,30,MCAR,0.5,1,MissForest,0.5516285769684478,0.34272970735328817,0.0,0,5.686934377999933,
wdbc,False,569,30,MCAR,0.5,1,SoftImpute,0.5195249077793151,0.3294483644376702,0.005831583858175881,0,0.16141846000027726,
wdbc,False,569,30,MCAR,0.5,1,GAIN,0.7962461361280246,0.5203342897060211,0.0,0,10.885904355000093,
wdbc,False,569,30,MCAR,0.5,1,NDI-F1,0.7653089740096605,0.5329577071530762,0.008164217401446234,0,0.0052339200001370045,
wdbc,False,569,30,MCAR,0.5,1,NDI-F-noclip,0.5352081265311838,0.3548891310029923,0.021810123629577793,0,0.005656041000293044,
wdbc,False,569,30,MCAR,0.5,1,NDI-F,0.5332181594995989,0.35091657187374087,0.0,0,0.0077331239999693935,
wdbc,False,569,30,MCAR,0.5,1,Copula-NDI-F,0.538508213404453,0.33130473236936403,0.0,0,0.03016646500054776,
wdbc,False,569,30,MCAR,0.5,2,Mean,0.9816846097727536,0.7441682222590008,0.0,0,0.0011869790005221148,
wdbc,False,569,30,MCAR,0.5,2,NDI-0,0.8030607804624268,0.5779341907070994,0.0030274802049371215,0,0.0015947969995977473,
wdbc,False,569,30,MCAR,0.5,2,NDI-C,0.6468215020799409,0.45415228608613933,0.006870051234280391,0,0.0054219310004555155,
wdbc,False,569,30,MCAR,0.5,2,NDI-S,0.6530004099268687,0.46027426958869255,0.0037261294829995344,0,0.004859323999880871,
wdbc,False,569,30,MCAR,0.5,2,GaussCM,0.5385256593414951,0.3588808548699552,0.015836050302748022,0,0.07464263800011395,
wdbc,False,569,30,MCAR,0.5,2,KNN,0.9309732157125404,0.6798019260258673,0.0,0,0.09037294399968232,
wdbc,False,569,30,MCAR,0.5,2,MICE,0.525024985040426,0.34249259533029264,0.013157894736842105,0,0.44074202599949786,
wdbc,False,569,30,MCAR,0.5,2,MissForest,0.5358835512157547,0.34095484807116366,0.0,0,4.95572567399995,
wdbc,False,569,30,MCAR,0.5,2,SoftImpute,0.5061559285823422,0.32738454531840344,0.004657661853749418,0,0.16320310399987648,
wdbc,False,569,30,MCAR,0.5,2,GAIN,0.7091831107899863,0.46570747903885007,0.0,0,10.93850016200031,
wdbc,False,569,30,MCAR,0.5,2,NDI-F1,0.7618316192953075,0.5323157980786466,0.0071029343269678625,0,0.00492582099923311,
wdbc,False,569,30,MCAR,0.5,2,NDI-F-noclip,0.5323176856815646,0.3520293891900162,0.016534699580810434,0,0.005560924999372219,
wdbc,False,569,30,MCAR,0.5,2,NDI-F,0.5292770246874348,0.3491249583922508,0.0,0,0.007704116999775579,
wdbc,False,569,30,MCAR,0.5,2,Copula-NDI-F,0.5156181071951429,0.3281128831422167,0.0,0,0.03010627799994836,
wdbc,False,569,30,MAR,0.3,0,Mean,1.0626796917554027,0.7910848160277365,0.0,0,0.00041920900002878625,
wdbc,False,569,30,MAR,0.3,0,NDI-0,0.8598493693108119,0.6072980251999947,0.0025580480125934673,0,0.0016674379994583433,
wdbc,False,569,30,MAR,0.3,0,NDI-C,0.7029650173242206,0.48637764575852455,0.006887052341597796,0,0.003975148999415978,
wdbc,False,569,30,MAR,0.3,0,NDI-S,0.7157601523651227,0.49527044865757347,0.004329004329004329,0,0.003940632999729132,
wdbc,False,569,30,MAR,0.3,0,GaussCM,0.5903766702276437,0.4070507676549331,0.028925619834710745,0,0.08580568199977279,
wdbc,False,569,30,MAR,0.3,0,KNN,0.81482506503715,0.5376930591055334,0.0,0,0.10548859200025618,
wdbc,False,569,30,MAR,0.3,0,MICE,0.4040630046961643,0.2454421962828949,0.024990161353797717,0,0.711658406999959,
wdbc,False,569,30,MAR,0.3,0,MissForest,0.5362179940066921,0.31898346702535596,0.0,0,5.439611197999511,
wdbc,False,569,30,MAR,0.3,0,SoftImpute,0.5415020879292209,0.341703326305656,0.004329004329004329,0,1.1170172140000432,
wdbc,False,569,30,MAR,0.3,0,GAIN,0.5103207861947127,0.32187616778641054,0.0,0,10.819895286999781,
wdbc,False,569,30,MAR,0.3,0,NDI-F1,0.8184869712958693,0.5712096287071934,0.008658008658008658,0,0.006679642000563035,
wdbc,False,569,30,MAR,0.3,0,NDI-F-noclip,0.5827116810522477,0.39418225558059683,0.02833530106257379,0,0.006342293999296089,
wdbc,False,569,30,MAR,0.3,0,NDI-F,0.5812926560162688,0.3887621862576509,0.0,0,0.00625165899964486,
wdbc,False,569,30,MAR,0.3,0,Copula-NDI-F,0.5726870827892314,0.3668093602526765,0.0,0,0.02660243099944637,
wdbc,False,569,30,MAR,0.3,0,MIWAE,0.5652444998757126,0.3303260644413953,0.011806375442739079,0,7.274762097000348,
wdbc,False,569,30,MAR,0.3,0,Sinkhorn,0.6706757799820788,0.4056113342320334,0.0,0,198.3149289339999,
wdbc,False,569,30,MAR,0.3,0,HyperImpute,0.5383477226530162,0.32278129827082797,0.0,0,22.671268135999526,
wdbc,False,569,30,MAR,0.3,0,ReMasker,0.6618689132041891,0.4655571736940914,0.0,0,112.05758632400011,
wdbc,False,569,30,MAR,0.3,1,Mean,1.0637615086597145,0.777451666825714,0.0,0,0.00026695399992604507,
wdbc,False,569,30,MAR,0.3,1,NDI-0,0.9010531220921583,0.6232834735119526,0.0007730962504831851,0,0.00153092500022467,
wdbc,False,569,30,MAR,0.3,1,NDI-C,0.7508439827931267,0.5126213773290769,0.0017394665635871666,0,0.004127711999899475,
wdbc,False,569,30,MAR,0.3,1,NDI-S,0.7575406722530369,0.517699259025532,0.0011596443757247777,0,0.003688213999339496,
wdbc,False,569,30,MAR,0.3,1,GaussCM,0.6185393247692591,0.4194291388679465,0.011016621569385389,0,0.05271504500069568,
wdbc,False,569,30,MAR,0.3,1,KNN,0.9082830130623992,0.6109481445342395,0.0,0,0.06383270800051832,
wdbc,False,569,30,MAR,0.3,1,MICE,0.4632628916226152,0.28536508401964084,0.014109006571318129,0,0.4639447760000621,
wdbc,False,569,30,MAR,0.3,1,MissForest,0.6021258722774905,0.36243355402836,0.0,0,6.689706303000094,
wdbc,False,569,30,MAR,0.3,1,SoftImpute,0.5923095570062489,0.3742123739542206,0.001932740626207963,0,0.17822728400005872,
wdbc,False,569,30,MAR,0.3,1,GAIN,0.616190247365546,0.39518876727315344,0.0,0,11.00494543700006,
wdbc,False,569,30,MAR,0.3,1,NDI-F1,0.8713690010676486,0.599073565507366,0.0017394665635871666,0,0.0046795139996902435,
wdbc,False,569,30,MAR,0.3,1,NDI-F-noclip,0.6052390574064743,0.40728099700877535,0.01198299188248937,0,0.005512472999726015,
wdbc,False,569,30,MAR,0.3,1,NDI-F,0.6047904082465585,0.40605812493317367,0.0,0,0.005794157000309497,
wdbc,False,569,30,MAR,0.3,1,Copula-NDI-F,0.6289576179945635,0.40340557254878723,0.0,0,0.024552106000555796,
wdbc,False,569,30,MAR,0.3,2,Mean,1.045728536447938,0.7724241170314496,0.0,0,0.00041103400053543737,
wdbc,False,569,30,MAR,0.3,2,NDI-0,0.8916112195498466,0.62658254433448,0.004296035930482328,0,0.0014264279998315033,
wdbc,False,569,30,MAR,0.3,2,NDI-C,0.7372895444488858,0.49925661072954974,0.008006248779535248,0,0.0038392759997805115,
wdbc,False,569,30,MAR,0.3,2,NDI-S,0.7429224108675277,0.503435228562085,0.005272407732864675,0,0.0040739149999353685,
wdbc,False,569,30,MAR,0.3,2,GaussCM,0.595032628973048,0.39380639570692155,0.015426674477641086,0,0.07831587900000159,
wdbc,False,569,30,MAR,0.3,2,KNN,0.8604964079102655,0.5521545888505086,0.0,0,0.06447332100015046,
wdbc,False,569,30,MAR,0.3,2,MICE,0.5268809341575565,0.2818828414659412,0.019136887326694003,0,0.43854252500022994,
wdbc,False,569,30,MAR,0.3,2,MissForest,0.5839887792026075,0.33478815742489965,0.0,0,6.224905314999887,
wdbc,False,569,30,MAR,0.3,2,SoftImpute,0.5541818555369048,0.3404854406126379,0.0015621948838117556,0,0.14645739299976412,
wdbc,False,569,30,MAR,0.3,2,GAIN,0.5867336634717152,0.3676242447302989,0.0,0,10.99522357099977,
wdbc,False,569,30,MAR,0.3,2,NDI-F1,0.8475184463789351,0.5767756151470178,0.007420425698105838,0,0.004611536999618693,
wdbc,False,569,30,MAR,0.3,2,NDI-F-noclip,0.6181661202998927,0.4011647466240763,0.020503807850029292,0,0.0054601920001005055,
wdbc,False,569,30,MAR,0.3,2,NDI-F,0.6194381974400694,0.39870072094912745,0.0,0,0.005746877000092354,
wdbc,False,569,30,MAR,0.3,2,Copula-NDI-F,0.6026075545833408,0.37999244671174787,0.0,0,0.038711463999788975,
wdbc,False,569,30,MNAR,0.3,0,Mean,1.3009010222726358,0.9674938115289862,0.0,0,0.0004968929997630767,
wdbc,False,569,30,MNAR,0.3,0,NDI-0,1.0888988157827246,0.7626625528127089,0.0,0,0.0012097910002921708,
wdbc,False,569,30,MNAR,0.3,0,NDI-C,0.9656842295679361,0.649947769617901,0.0007689350249903883,0,0.003918143000191776,
wdbc,False,569,30,MNAR,0.3,0,NDI-S,0.9827235989901801,0.6658270027591546,0.00019223375624759708,0,0.00519216399970901,
wdbc,False,569,30,MNAR,0.3,0,GaussCM,0.8536896682919597,0.5612972728599898,0.01114955786236063,0,0.059042384999884234,
wdbc,False,569,30,MNAR,0.3,0,KNN,1.3251541010199208,0.890459092851426,0.0,0,0.06936769499952788,
wdbc,False,569,30,MNAR,0.3,0,MICE,0.5456851016659958,0.2894441642212414,0.02249134948096886,0,2.170145505000619,
wdbc,False,569,30,MNAR,0.3,0,MissForest,0.7285177512951805,0.39616391890464686,0.0,0,5.714057610999589,
wdbc,False,569,30,MNAR,0.3,0,SoftImpute,0.8033596205199528,0.47992678428952823,0.0038446751249519417,0,0.15292377000059787,
wdbc,False,569,30,MNAR,0.3,0,GAIN,0.7266886759644484,0.4239792392902774,0.0,0,11.16456126400044,
wdbc,False,569,30,MNAR,0.3,0,NDI-F1,1.0657865772614747,0.717551324269839,0.0017301038062283738,0,0.005165282999769261,
wdbc,False,569,30,MNAR,0.3,0,NDI-F-noclip,0.814484785812846,0.5246254157058193,0.01057285659361784,0,0.00808825500007515,
wdbc,False,569,30,MNAR,0.3,0,NDI-F,0.8135533019046501,0.5228607392536959,0.0,0,0.007350328000029549,
wdbc,False,569,30,MNAR,0.3,0,Copula-NDI-F,0.8184329522403648,0.5158986114634112,0.0,0,0.030368048999662278,
wdbc,False,569,30,MNAR,0.3,0,MIWAE,0.6878871212905501,0.3914552005176063,0.018838908112264515,0,6.2656726490004075,
wdbc,False,569,30,MNAR,0.3,0,Sinkhorn,0.8965095385190117,0.5228219508930918,0.0,0,207.31616453700008,
wdbc,False,569,30,MNAR,0.3,0,HyperImpute,0.7308713195725168,0.4042276271892432,0.0,0,13.220328635999977,
wdbc,False,569,30,MNAR,0.3,0,ReMasker,0.7303924756021261,0.45614337036331515,0.0,0,111.59032974599995,
wdbc,False,569,30,MNAR,0.3,1,Mean,1.2137434692077516,0.9242276084173927,0.0,0,0.00029701299990847474,
wdbc,False,569,30,MNAR,0.3,1,NDI-0,1.0205435244699996,0.7217817289324059,0.00039184952978056425,0,0.001341703999969468,
wdbc,False,569,30,MNAR,0.3,1,NDI-C,0.8688510428091397,0.5980970431957565,0.001371473354231975,0,0.0038266159999693627,
wdbc,False,569,30,MNAR,0.3,1,NDI-S,0.8862984127798439,0.6150388759101834,0.00039184952978056425,0,0.004357770999376953,
wdbc,False,569,30,MNAR,0.3,1,GaussCM,0.731966118858635,0.48266382946298825,0.01743730407523511,0,0.0796875509995516,
wdbc,False,569,30,MNAR,0.3,1,KNN,1.2718178065993269,0.8987344192711221,0.0,0,0.15037922299961792,
wdbc,False,569,30,MNAR,0.3,1,MICE,0.4973681377022289,0.28994803984159595,0.02233542319749216,0,1.166059660999963,
wdbc,False,569,30,MNAR,0.3,1,MissForest,0.645470260381051,0.3619437219695025,0.0,0,5.706960391999928,
wdbc,False,569,30,MNAR,0.3,1,SoftImpute,0.7117429327057104,0.4324798750401903,0.0033307210031347963,0,0.17050121299962484,
wdbc,False,569,30,MNAR,0.3,1,GAIN,0.6177676043057542,0.36780568167736805,0.0,0,10.596762944999682,
wdbc,False,569,30,MNAR,0.3,1,NDI-F1,0.9707338919382442,0.6704772127580989,0.0035266457680250786,0,0.005186869999306509,
wdbc,False,569,30,MNAR,0.3,1,NDI-F-noclip,0.7090788612900636,0.46245727685097593,0.014106583072100314,0,0.013588103999609302,
wdbc,False,569,30,MNAR,0.3,1,NDI-F,0.7095223375582217,0.4602084875275375,0.0,0,0.00625981299981504,
wdbc,False,569,30,MNAR,0.3,1,Copula-NDI-F,0.7098815689787875,0.4468885720855957,0.0,0,0.026260564999574854,
wdbc,False,569,30,MNAR,0.3,2,Mean,1.2381488895342256,0.9468762230720674,0.0,0,0.0002905909996115952,
wdbc,False,569,30,MNAR,0.3,2,NDI-0,1.0341025072636978,0.7420240270812248,0.00019774569903104609,0,0.0015914710002107313,
wdbc,False,569,30,MNAR,0.3,2,NDI-C,0.8830723550133688,0.6154022815694098,0.002372948388372553,0,0.004145310999774665,
wdbc,False,569,30,MNAR,0.3,2,NDI-S,0.902248787194867,0.633072914090059,0.0007909827961241843,0,0.004351378000137629,
wdbc,False,569,30,MNAR,0.3,2,GaussCM,0.7792253613825866,0.5105828082725534,0.012457979038955902,0,0.09342549699977098,
wdbc,False,569,30,MNAR,0.3,2,KNN,1.2356932408464771,0.8719331861572512,0.0,0,0.08516113400037284,
wdbc,False,569,30,MNAR,0.3,2,MICE,0.5447772392592337,0.2996026303349209,0.022938501087601346,0,0.4901635810001608,
wdbc,False,569,30,MNAR,0.3,2,MissForest,0.6803568142054907,0.376755867065512,0.0,0,5.78815817099985,
wdbc,False,569,30,MNAR,0.3,2,SoftImpute,0.7350996933339303,0.43425425377114046,0.0017797112912794147,0,0.38010343099995225,
wdbc,False,569,30,MNAR,0.3,2,GAIN,0.7076922704794529,0.4172022407192261,0.0,0,10.292170761000307,
wdbc,False,569,30,MNAR,0.3,2,NDI-F1,0.9930482254203322,0.6962893714718965,0.003361676883527783,0,0.006762916999832669,
wdbc,False,569,30,MNAR,0.3,2,NDI-F-noclip,0.7561296018832804,0.4902657252236549,0.015424164524421594,0,0.006588413000827131,
wdbc,False,569,30,MNAR,0.3,2,NDI-F,0.7549060909690629,0.4880455610037617,0.0,0,0.006185561000165762,
wdbc,False,569,30,MNAR,0.3,2,Copula-NDI-F,0.7539709686102481,0.4664776556960459,0.0,0,0.02742857399971399,
diabetes,False,768,8,MCAR,0.1,0,Mean,1.0263173064251132,0.7852425075467887,0.0,0,0.0002524880001146812,
diabetes,False,768,8,MCAR,0.1,0,NDI-0,1.0151927372052922,0.7602816125620703,0.028744326777609682,0,0.0006216140000105952,
diabetes,False,768,8,MCAR,0.1,0,NDI-C,0.9420789886060976,0.6823714589967613,0.0226928895612708,0,0.0010681459998522769,
diabetes,False,768,8,MCAR,0.1,0,NDI-S,0.9304569335865412,0.6792157103396217,0.0015128593040847202,0,0.0015900690004855278,
diabetes,False,768,8,MCAR,0.1,0,GaussCM,0.9030618269693031,0.6514486729648842,0.015128593040847202,0,0.006674903000202903,
diabetes,False,768,8,MCAR,0.1,0,KNN,1.008881595531014,0.7289498713909743,0.0,0,0.027259547000539897,
diabetes,False,768,8,MCAR,0.1,0,MICE,0.8995185462907264,0.6498960272388756,0.0226928895612708,0,0.09510278099969582,
diabetes,False,768,8,MCAR,0.1,0,MissForest,0.9083470745535318,0.6404956931429359,0.0,0,1.4864851980000822,
diabetes,False,768,8,MCAR,0.1,0,SoftImpute,0.9362527276824699,0.6904599665049196,0.0,0,0.027285161999316188,
diabetes,False,768,8,MCAR,0.1,0,GAIN,0.9775758107449409,0.7248770202299171,0.0,0,11.321638231000179,
diabetes,False,768,8,MCAR,0.1,0,NDI-F1,0.9832143641449776,0.733451406597821,0.01361573373676248,0,0.002235244000075909,
diabetes,False,768,8,MCAR,0.1,0,NDI-F-noclip,0.9502690752245943,0.6999240103608315,0.024205748865355523,0,0.002907060999859823,
diabetes,False,768,8,MCAR,0.1,0,NDI-F,0.9477774401230398,0.6932087065679747,0.0,0,0.0022842990001663566,
diabetes,False,768,8,MCAR,0.1,0,Copula-NDI-F,0.9514125197752131,0.6500689291233799,0.0,0,0.007867114999498881,
diabetes,False,768,8,MCAR,0.1,1,Mean,1.0617939934566536,0.7882608246935386,0.0,0,0.0001274819996979204,
diabetes,False,768,8,MCAR,0.1,1,NDI-0,1.0286090507316934,0.7647994474093454,0.019704433497536946,0,0.0005843589997311938,
diabetes,False,768,8,MCAR,0.1,1,NDI-C,0.9506608803935135,0.6855476697528713,0.019704433497536946,0,0.0012832380007239408,
diabetes,False,768,8,MCAR,0.1,1,NDI-S,0.9558806470155051,0.6873646005615288,0.0016420361247947454,0,0.0017341989996566554,
diabetes,False,768,8,MCAR,0.1,1,GaussCM,0.9482112241223477,0.6719639215950697,0.013136288998357963,0,0.005335791999641515,
diabetes,False,768,8,MCAR,0.1,1,KNN,1.0435636684960714,0.7399890777555806,0.0,0,0.02736791700044705,
diabetes,False,768,8,MCAR,0.1,1,MICE,0.9547543095982539,0.6729101112269964,0.022988505747126436,0,0.10833607899985509,
diabetes,False,768,8,MCAR,0.1,1,MissForest,0.9304986179305107,0.6347888366228627,0.0,0,1.4408987830001934,
diabetes,False,768,8,MCAR,0.1,1,SoftImpute,0.9707902659015143,0.6983097760521533,0.0,0,0.02535780100060947,
diabetes,False,768,8,MCAR,0.1,1,GAIN,1.1569044755294806,0.8409673059320353,0.0,0,10.743748370000503,
diabetes,False,768,8,MCAR,0.1,1,NDI-F1,1.0120836260178572,0.7501435245122211,0.009852216748768473,0,0.0018555579999883776,
diabetes,False,768,8,MCAR,0.1,1,NDI-F-noclip,0.9650582961316564,0.6987615803024668,0.03284072249589491,0,0.002072747999591229,
diabetes,False,768,8,MCAR,0.1,1,NDI-F,0.9611889175382751,0.6896229992400218,0.0,0,0.0022624630000791512,
diabetes,False,768,8,MCAR,0.1,1,Copula-NDI-F,0.9747787708124552,0.6627741708219553,0.0,0,0.00787776400011353,
diabetes,False,768,8,MCAR,0.1,2,Mean,0.9396432560630642,0.7284680919600154,0.0,0,0.00017092899997805944,
diabetes,False,768,8,MCAR,0.1,2,NDI-0,0.9655477479982137,0.7287892378819306,0.011363636363636364,0,0.0008100519999061362,
diabetes,False,768,8,MCAR,0.1,2,NDI-C,0.8666310873727852,0.637387155385988,0.022727272727272728,0,0.001484966000134591,
diabetes,False,768,8,MCAR,0.1,2,NDI-S,0.8445959983133986,0.6281657896646015,0.00487012987012987,0,0.0014608660003432306,
diabetes,False,768,8,MCAR,0.1,2,GaussCM,0.8474754903648706,0.6238309249062164,0.01461038961038961,0,0.005690443999810668,
diabetes,False,768,8,MCAR,0.1,2,KNN,0.9257737312750304,0.6790115749557261,0.0,0,0.024933739000516653,
diabetes,False,768,8,MCAR,0.1,2,MICE,0.8596292931720645,0.63204764572071,0.01948051948051948,0,0.12280061700039369,
diabetes,False,768,8,MCAR,0.1,2,MissForest,0.8542521847323704,0.6244374999299058,0.0,0,1.4297964060006052,
diabetes,False,768,8,MCAR,0.1,2,SoftImpute,0.8563045842098563,0.6381235986333881,0.0,0,0.02732860299965978,
diabetes,False,768,8,MCAR,0.1,2,GAIN,0.9819768401629089,0.7388450389791198,0.0,0,11.250402753000344,
diabetes,False,768,8,MCAR,0.1,2,NDI-F1,0.9010665721250227,0.6844256167523822,0.00487012987012987,0,0.0021560459999818704,
diabetes,False,768,8,MCAR,0.1,2,NDI-F-noclip,0.8972186930925659,0.6548951513078639,0.022727272727272728,0,0.002345806000448647,
diabetes,False,768,8,MCAR,0.1,2,NDI-F,0.8939089848987122,0.6469120527344161,0.0,0,0.003088742000727507,
diabetes,False,768,8,MCAR,0.1,2,Copula-NDI-F,0.8983460926200519,0.622376804381128,0.0,0,0.007839605000299343,
diabetes,False,768,8,MCAR,0.3,0,Mean,1.003018290849165,0.7755853587346971,0.0,0,0.00015672800054744584,
diabetes,False,768,8,MCAR,0.3,0,NDI-0,1.009306447906412,0.7630111633988503,0.014293276866066702,0,0.0007632169999851612,
diabetes,False,768,8,MCAR,0.3,0,NDI-C,0.9518586202592398,0.7012836050830643,0.02223398623610376,0,0.001675470000009227,
diabetes,False,768,8,MCAR,0.3,0,NDI-S,0.9192001779081382,0.6887494108466458,0.0005293806246691371,0,0.0017393239995726617,
diabetes,False,768,8,MCAR,0.3,0,GaussCM,0.9099535848799122,0.670866482063742,0.008470089994706194,0,0.020609278999472735,
diabetes,False,768,8,MCAR,0.3,0,KNN,1.035157591769423,0.7872566483975797,0.0,0,0.11488410499987367,
diabetes,False,768,8,MCAR,0.3,0,MICE,1.0114746038168474,0.7476685932009164,0.035468501852832186,0,0.15149320799991983,
diabetes,False,768,8,MCAR,0.3,0,MissForest,0.9414442495268459,0.6777454180081129,0.0,0,1.3164181849997476,
diabetes,False,768,8,MCAR,0.3,0,SoftImpute,0.9355520912523314,0.7077657367059516,0.0,0,0.032712231999539654,
diabetes,False,768,8,MCAR,0.3,0,GAIN,0.9765782999406345,0.7352697570674549,0.0,0,10.921313404000102,
diabetes,False,768,8,MCAR,0.3,0,NDI-F1,0.965600116085738,0.7339317703217325,0.004764425622022234,0,0.00234907799949724,
diabetes,False,768,8,MCAR,0.3,0,NDI-F-noclip,0.937697361793089,0.6900261311003629,0.02011646373742721,0,0.002312747999894782,
diabetes,False,768,8,MCAR,0.3,0,NDI-F,0.9344033083424381,0.6843241839432173,0.0,0,0.00251229700006661,
diabetes,False,768,8,MCAR,0.3,0,Copula-NDI-F,0.9584526675806838,0.6718346141793737,0.0,0,0.01031285699991713,
diabetes,False,768,8,MCAR,0.3,0,MIWAE,1.0290184218142082,0.7440549461439151,0.011646373742721016,0,9.49718159800068,
diabetes,False,768,8,MCAR,0.3,0,Sinkhorn,0.972608227848127,0.6897323581866398,0.0,0,170.84825018899937,
diabetes,False,768,8,MCAR,0.3,0,HyperImpute,0.9126176331900281,0.6738284988409182,0.0,0,11.41162470099971,
diabetes,False,768,8,MCAR,0.3,0,ReMasker,0.9827688460129275,0.7035957546150489,0.0,0,147.88960603900068,
diabetes,False,768,8,MCAR,0.3,1,Mean,0.982298459309575,0.7599364277227166,0.0,0,0.00017194999963976443,
diabetes,False,768,8,MCAR,0.3,1,NDI-0,1.0255648300481686,0.7753598270184675,0.017915309446254073,0,0.000968194999586558,
diabetes,False,768,8,MCAR,0.3,1,NDI-C,0.9635180496581737,0.7154252798961741,0.026601520086862108,0,0.0015663590002077399,
diabetes,False,768,8,MCAR,0.3,1,NDI-S,0.9162478977290753,0.6875019453901117,0.0005428881650380022,0,0.001796545000615879,
diabetes,False,768,8,MCAR,0.3,1,GaussCM,0.9161565916275026,0.6760021537573317,0.008686210640608035,0,0.012910393001220655,
diabetes,False,768,8,MCAR,0.3,1,KNN,1.0192551900638473,0.7660303430706517,0.0,0,0.09080925499984005,
diabetes,False,768,8,MCAR,0.3,1,MICE,1.115738289952518,0.8088491949007882,0.05591748099891422,0,0.15305438399991544,
diabetes,False,768,8,MCAR,0.3,1,MissForest,0.935445277731627,0.6810125929440323,0.0,0,1.3803670490015065,
diabetes,False,768,8,MCAR,0.3,1,SoftImpute,0.9221243016607799,0.695663357267672,0.0,0,0.032295126000462915,
diabetes,False,768,8,MCAR,0.3,1,GAIN,0.9884840209586725,0.7235716478200392,0.0,0,10.706031849000283,
diabetes,False,768,8,MCAR,0.3,1,NDI-F1,0.9664384950545669,0.7352538147396298,0.005971769815418024,0,0.001947595999808982,
diabetes,False,768,8,MCAR,0.3,1,NDI-F-noclip,0.9634669602925714,0.7059872163818331,0.023344191096634093,0,0.002114048000294133,
diabetes,False,768,8,MCAR,0.3,1,NDI-F,0.9581553764559448,0.6991334642226983,0.0,0,0.002625043998705223,
diabetes,False,768,8,MCAR,0.3,1,Copula-NDI-F,0.9700587783837417,0.6841037974036244,0.0,0,0.010314982000636519,
diabetes,False,768,8,MCAR,0.3,2,Mean,0.966183347586406,0.7602895701122658,0.0,0,0.00024737499916227534,
diabetes,False,768,8,MCAR,0.3,2,NDI-0,0.9949278883168611,0.7605214874500533,0.022727272727272728,0,0.0007753560003038729,
diabetes,False,768,8,MCAR,0.3,2,NDI-C,0.9265674126801234,0.7004002054718091,0.021645021645021644,0,0.0014506719999189954,
diabetes,False,768,8,MCAR,0.3,2,NDI-S,0.8938178265614924,0.6815812604105357,0.003246753246753247,0,0.001264025000637048,
diabetes,False,768,8,MCAR,0.3,2,GaussCM,0.8848126155420596,0.6643228119643529,0.012445887445887446,0,0.013626157999169664,
diabetes,False,768,8,MCAR,0.3,2,KNN,1.022095844383564,0.7711356736979981,0.0,0,0.04918545100008487,
diabetes,False,768,8,MCAR,0.3,2,MICE,0.9437156676414148,0.7077905081220924,0.03192640692640693,0,0.16933027899904118,
diabetes,False,768,8,MCAR,0.3,2,MissForest,0.9025677989020383,0.663544025621264,0.0,0,1.9083421389987052,
diabetes,False,768,8,MCAR,0.3,2,SoftImpute,0.9014769551562836,0.6925762916728068,0.0,0,0.030573137999454048,
diabetes,False,768,8,MCAR,0.3,2,GAIN,0.9655115448476264,0.7408624238123569,0.0,0,11.157464248999531,
diabetes,False,768,8,MCAR,0.3,2,NDI-F1,0.9472574487229655,0.7355776441632722,0.010822510822510822,0,0.0017879959996207617,
diabetes,False,768,8,MCAR,0.3,2,NDI-F-noclip,0.9261167134255303,0.6938488726653224,0.01893939393939394,0,0.0025562200007698266,
diabetes,False,768,8,MCAR,0.3,2,NDI-F,0.9217357233876153,0.6866657868898667,0.0,0,0.0026039949989353772,
diabetes,False,768,8,MCAR,0.3,2,Copula-NDI-F,0.9291911121487268,0.6598249633411725,0.0,0,0.007814505001078942,
diabetes,False,768,8,MCAR,0.5,0,Mean,1.0033111794891223,0.7682244113885202,0.0,0,0.0001990449982258724,
diabetes,False,768,8,MCAR,0.5,0,NDI-0,1.0669480290369466,0.8043519797820047,0.032205060795267824,0,0.0008425180003541755,
diabetes,False,768,8,MCAR,0.5,0,NDI-C,1.0161389810381887,0.7604112034442383,0.03483404534998357,0,0.0016007180001906818,
diabetes,False,768,8,MCAR,0.5,0,NDI-S,0.9425072954766919,0.7050792174508711,0.001971738416036806,0,0.0015298360012820922,
diabetes,False,768,8,MCAR,0.5,0,GaussCM,0.9430545979803665,0.7001902493336652,0.0111731843575419,0,0.016151892999914708,
diabetes,False,768,8,MCAR,0.5,0,KNN,1.0480954067340413,0.7836455977524225,0.0,0,0.0639580430015485,
diabetes,False,768,8,MCAR,0.5,0,MICE,1.049228588222444,0.7769040887342902,0.039763391390075585,0,0.15576213900021685,
diabetes,False,768,8,MCAR,0.5,0,MissForest,1.0086543060510598,0.7306613763634853,0.0,0,1.7105452569994668,
diabetes,False,768,8,MCAR,0.5,0,SoftImpute,0.9572194706788629,0.7217266629552115,0.0,0,0.06340327200086904,
diabetes,False,768,8,MCAR,0.5,0,GAIN,0.9952550285977103,0.7431219472898454,0.0,0,10.390975211001205,
diabetes,False,768,8,MCAR,0.5,0,NDI-F1,0.9698895433625941,0.738312052775271,0.00558659217877095,0,0.002722471999732079,
diabetes,False,768,8,MCAR,0.5,0,NDI-F-noclip,0.9621219470084341,0.7133015183105603,0.014788038120276044,0,0.0022062530006223824,
diabetes,False,768,8,MCAR,0.5,0,NDI-F,0.9597781282348289,0.709910528555364,0.0,0,0.002061077000689693,
diabetes,False,768,8,MCAR,0.5,0,Copula-NDI-F,0.9855848031006064,0.6945670393172075,0.0,0,0.007852318000004743,
diabetes,False,768,8,MCAR,0.5,1,Mean,1.0146004451088528,0.7770028526822008,0.0,0,0.00023941299878060818,
diabetes,False,768,8,MCAR,0.5,1,NDI-0,1.067210499858359,0.8095460619481387,0.023670557717250323,0,0.0010100199997395976,
diabetes,False,768,8,MCAR,0.5,1,NDI-C,1.0304519624843458,0.7747313308545004,0.030804150453955903,0,0.0018190280006820103,
diabetes,False,768,8,MCAR,0.5,1,NDI-S,0.9578601020728124,0.7170566938344607,0.0012970168612191958,0,0.0015039529989735456,
diabetes,False,768,8,MCAR,0.5,1,GaussCM,0.9570483428671656,0.7085370098076933,0.005836575875486381,0,0.01716049800052133,
diabetes,False,768,8,MCAR,0.5,1,KNN,1.068243293496558,0.8003110030727956,0.0,0,0.06262333300037426,
diabetes,False,768,8,MCAR,0.5,1,MICE,1.050946821613277,0.7768550573847941,0.03696498054474708,0,0.16671872900042217,
diabetes,False,768,8,MCAR,0.5,1,MissForest,1.009479993951793,0.7412257378970168,0.0,0,1.3076009600008547,
diabetes,False,768,8,MCAR,0.5,1,SoftImpute,0.9753394620447843,0.7370789598153947,0.0,0,0.035298193999551586,
diabetes,False,768,8,MCAR,0.5,1,GAIN,1.077062456613756,0.8202109429455955,0.0,0,10.786595202998797,
diabetes,False,768,8,MCAR,0.5,1,NDI-F1,0.9965187458878304,0.7529453495664632,0.004539559014267186,0,0.002244792000055895,
diabetes,False,768,8,MCAR,0.5,1,NDI-F-noclip,0.9896730180322147,0.736740236521565,0.01880674448767834,0,0.0023782499993103556,
diabetes,False,768,8,MCAR,0.5,1,NDI-F,0.9865149639901959,0.7314431091031174,0.0,0,0.0024319690000993432,
diabetes,False,768,8,MCAR,0.5,1,Copula-NDI-F,0.9973628636956329,0.703874599338165,0.0,0,0.008321188999616425,
diabetes,False,768,8,MCAR,0.5,2,Mean,0.9868886689146069,0.7666657208413132,0.0,0,0.00020109900106035639,
diabetes,False,768,8,MCAR,0.5,2,NDI-0,1.062503105574671,0.8006463600156636,0.0303129074315515,0,0.0007264420000865357,
diabetes,False,768,8,MCAR,0.5,2,NDI-C,1.0206498659293997,0.7672142632356549,0.03878748370273794,0,0.001673438000580063,
diabetes,False,768,8,MCAR,0.5,2,NDI-S,0.9215804709897388,0.7008660547817114,0.001303780964797914,0,0.002055699998891214,
diabetes,False,768,8,MCAR,0.5,2,GaussCM,0.9186285810112552,0.6917296941811459,0.00651890482398957,0,0.02333436399931088,
diabetes,False,768,8,MCAR,0.5,2,KNN,1.0324637369672192,0.782509699750742,0.0,0,0.06512252199900104,
diabetes,False,768,8,MCAR,0.5,2,MICE,1.0567378493058006,0.7907171774422722,0.044980443285528034,0,0.16297781499997654,
diabetes,False,768,8,MCAR,0.5,2,MissForest,0.9818187088758523,0.721022738029138,0.0,0,1.3011104020006314,
diabetes,False,768,8,MCAR,0.5,2,SoftImpute,0.941663806467698,0.7227623174351286,0.0,0,0.03636036300122214,
diabetes,False,768,8,MCAR,0.5,2,GAIN,0.9989254664063725,0.7701914551649317,0.0,0,10.708720021000772,
diabetes,False,768,8,MCAR,0.5,2,NDI-F1,0.9559980189010047,0.738980474230198,0.006192959582790091,0,0.002196952000304009,
diabetes,False,768,8,MCAR,0.5,2,NDI-F-noclip,0.9583623860319248,0.7222792906042275,0.020860495436766623,0,0.0023327520011662273,
diabetes,False,768,8,MCAR,0.5,2,NDI-F,0.9549729822389608,0.7166889920296644,0.0,0,0.0024122790000546956,
diabetes,False,768,8,MCAR,0.5,2,Copula-NDI-F,0.9495846679079111,0.6819344426460185,0.0,0,0.008062558001256548,
diabetes,False,768,8,MAR,0.3,0,Mean,1.0082175632232584,0.7612128976184692,0.0,0,0.00017016099991451483,
diabetes,False,768,8,MAR,0.3,0,NDI-0,1.0152209867172894,0.7757361292005365,0.004310344827586207,0,0.0008744429997022962,
diabetes,False,768,8,MAR,0.3,0,NDI-C,0.9682763441258602,0.706961984440684,0.025323275862068964,0,0.0016110479991766624,
diabetes,False,768,8,MAR,0.3,0,NDI-S,0.9302841938710018,0.6837918013135247,0.0026939655172413795,0,0.0029611180016217986,
diabetes,False,768,8,MAR,0.3,0,GaussCM,0.9209418231893167,0.6698843148171783,0.013469827586206896,0,0.009535959999993793,
diabetes,False,768,8,MAR,0.3,0,KNN,0.9981828159737167,0.7157356287616667,0.0,0,0.04112831899874436,
diabetes,False,768,8,MAR,0.3,0,MICE,0.9946585686900646,0.7414112200221046,0.03178879310344827,0,0.14675579499999003,
diabetes,False,768,8,MAR,0.3,0,MissForest,0.9406313741465948,0.6634850225707991,0.0,0,1.2722323919988412,
diabetes,False,768,8,MAR,0.3,0,SoftImpute,0.9469496869721984,0.7006591189624156,0.0,0,0.029272376999870175,
diabetes,False,768,8,MAR,0.3,0,GAIN,1.0899652387319745,0.8251346525362873,0.0,0,11.164249031000509,
diabetes,False,768,8,MAR,0.3,0,NDI-F1,0.9737820252559953,0.733752174131714,0.005387931034482759,0,0.002587614999356447,
diabetes,False,768,8,MAR,0.3,0,NDI-F-noclip,0.9655727483167686,0.7097474278385586,0.024245689655172414,0,0.002900157000112813,
diabetes,False,768,8,MAR,0.3,0,NDI-F,0.9632176685060456,0.7038970651884541,0.0,0,0.004491779000090901,
diabetes,False,768,8,MAR,0.3,0,Copula-NDI-F,0.9701765489385459,0.6744066135345513,0.0,0,0.007951923000291572,
diabetes,False,768,8,MAR,0.3,0,MIWAE,1.0496671035931233,0.7297587847856397,0.050107758620689655,0,9.255101787999592,
diabetes,False,768,8,MAR,0.3,0,Sinkhorn,0.9614064588862686,0.6689922256302385,0.0005387931034482759,0,172.48971398200047,
diabetes,False,768,8,MAR,0.3,0,HyperImpute,0.9268949180541391,0.6706593169288756,0.0,0,17.3900259180009,
diabetes,False,768,8,MAR,0.3,0,ReMasker,0.9989932668601647,0.7098644163189493,0.0,0,146.80471784700057,
diabetes,False,768,8,MAR,0.3,1,Mean,1.0244763276292372,0.8003013009159656,0.0,0,0.0002326440007891506,
diabetes,False,768,8,MAR,0.3,1,NDI-0,1.0431610345742661,0.7995108491092038,0.028479312197743148,0,0.0009636079994379543,
diabetes,False,768,8,MAR,0.3,1,NDI-C,0.991427511533379,0.7356261625500795,0.029016657710908115,0,0.001308561999394442,
diabetes,False,768,8,MAR,0.3,1,NDI-S,0.9502360639856574,0.7155536315907338,0.0016120365394948952,0,0.0014447710000240477,
diabetes,False,768,8,MAR,0.3,1,GaussCM,0.9498677246053636,0.7033459759928277,0.013970983342289092,0,0.008199978999982704,
diabetes,False,768,8,MAR,0.3,1,KNN,1.0392350143033329,0.7624661303340571,0.0,0,0.04060005899918906,
diabetes,False,768,8,MAR,0.3,1,MICE,1.0394756171442574,0.7776568881971935,0.04406233207952714,0,0.13925241899960383,
diabetes,False,768,8,MAR,0.3,1,MissForest,0.955779603696524,0.6915230516788019,0.0,0,1.6130885990005481,
diabetes,False,768,8,MAR,0.3,1,SoftImpute,0.9631401779196327,0.7343316041267224,0.0,0,0.042999793999115354,
diabetes,False,768,8,MAR,0.3,1,GAIN,1.1571781133786132,0.8753108510495272,0.0,0,10.714905943999838,
diabetes,False,768,8,MAR,0.3,1,NDI-F1,0.9845282253276408,0.7578825116598851,0.007522837184309511,0,0.0021930290004092967,
diabetes,False,768,8,MAR,0.3,1,NDI-F-noclip,0.9689868714251157,0.7174925986810617,0.018807092960773777,0,0.002183728000090923,
diabetes,False,768,8,MAR,0.3,1,NDI-F,0.9680569402683507,0.713146494249983,0.0,0,0.0024166780003724853,
diabetes,False,768,8,MAR,0.3,1,Copula-NDI-F,0.976732449760386,0.689237669947595,0.0,0,0.007742105000943411,
diabetes,False,768,8,MAR,0.3,2,Mean,1.0086125587867656,0.8014404885759632,0.0,0,0.0001720830005069729,
diabetes,False,768,8,MAR,0.3,2,NDI-0,1.040490431170123,0.7967028580513723,0.029923830250272034,0,0.0009835170003498206,
diabetes,False,768,8,MAR,0.3,2,NDI-C,0.9837751731941576,0.7522319501257556,0.03373231773667029,0,0.0021821290010848315,
diabetes,False,768,8,MAR,0.3,2,NDI-S,0.9340186824217387,0.7220585069087012,0.0,0,0.0015738419988338137,
diabetes,False,768,8,MAR,0.3,2,GaussCM,0.9353765372694929,0.7107030795869609,0.007616974972796518,0,0.0065124279990413925,
diabetes,False,768,8,MAR,0.3,2,KNN,0.9576074255834546,0.7252034724270148,0.0,0,0.04098363199955202,
diabetes,False,768,8,MAR,0.3,2,MICE,1.0485213661468162,0.7922699751308258,0.035908596300326445,0,0.13965381500020158,
diabetes,False,768,8,MAR,0.3,2,MissForest,0.9337058455530268,0.6869449932074495,0.0,0,1.3213863870005298,
diabetes,False,768,8,MAR,0.3,2,SoftImpute,0.9470960353867549,0.7384778833027079,0.0,0,0.029154879999623518,
diabetes,False,768,8,MAR,0.3,2,GAIN,1.0255037383085555,0.7968917568886162,0.0,0,10.61683808700036,
diabetes,False,768,8,MAR,0.3,2,NDI-F1,0.9736917945729018,0.7623843191338415,0.001088139281828074,0,0.002394274999460322,
diabetes,False,768,8,MAR,0.3,2,NDI-F-noclip,0.9825014535288937,0.7430974869472244,0.03917301414581066,0,0.0031940329990902683,
diabetes,False,768,8,MAR,0.3,2,NDI-F,0.9647167770338549,0.7280651104530942,0.0,0,0.0045879919998697005,
diabetes,False,768,8,MAR,0.3,2,Copula-NDI-F,0.967107214985333,0.6947875945386519,0.0,0,0.008127696999508771,
diabetes,False,768,8,MNAR,0.3,0,Mean,1.333506777316006,1.0044234258660814,0.0,0,0.00027008400138583966,
diabetes,False,768,8,MNAR,0.3,0,NDI-0,1.3113126369267063,0.9682603918326923,0.01738672286617492,0,0.0009718689998408081,
diabetes,False,768,8,MNAR,0.3,0,NDI-C,1.2903228048312503,0.9170643876876854,0.02370916754478398,0,0.0013037190001341514,
diabetes,False,768,8,MNAR,0.3,0,NDI-S,1.2761400075503995,0.9280343705080347,0.0,0,0.0019321119998494396,
diabetes,False,768,8,MNAR,0.3,0,GaussCM,1.2614483406475976,0.9031986601754397,0.009483667017913594,0,0.01685542700033693,
diabetes,False,768,8,MNAR,0.3,0,KNN,1.3601816150775337,0.9961599668292963,0.0,0,0.11606877299891494,
diabetes,False,768,8,MNAR,0.3,0,MICE,1.3176035913381066,0.938580999003583,0.051633298208640675,0,0.14787115400031325,
diabetes,False,768,8,MNAR,0.3,0,MissForest,1.2355067526385386,0.8517121504352833,0.0,0,1.3765546249996987,
diabetes,False,768,8,MNAR,0.3,0,SoftImpute,1.2889520171582598,0.9469423134171709,0.0,0,0.039205450999361346,
diabetes,False,768,8,MNAR,0.3,0,GAIN,1.4396288051288912,1.060057496328776,0.0,0,10.72962018400176,
diabetes,False,768,8,MNAR,0.3,0,NDI-F1,1.3229006473520006,0.9589957558596234,0.008429926238145416,0,0.002041755999016459,
diabetes,False,768,8,MNAR,0.3,0,NDI-F-noclip,1.2842253236371464,0.9207579028119729,0.019494204425711276,0,0.0023819960006221663,
diabetes,False,768,8,MNAR,0.3,0,NDI-F,1.282016975273413,0.9169662967998407,0.0,0,0.002402156000243849,
diabetes,False,768,8,MNAR,0.3,0,Copula-NDI-F,1.3013819041202435,0.9065504175144847,0.0,0,0.010286298000210081,
diabetes,False,768,8,MNAR,0.3,0,MIWAE,1.340632266436542,0.9407492041852842,0.011064278187565859,0,9.455457299000045,
diabetes,False,768,8,MNAR,0.3,0,Sinkhorn,1.3118495300242343,0.9220039918244277,0.0015806111696522655,0,170.44816575200093,
diabetes,False,768,8,MNAR,0.3,0,HyperImpute,1.243066289756434,0.8718842072038792,0.0,0,22.491426722999677,
diabetes,False,768,8,MNAR,0.3,0,ReMasker,1.2697978595463093,0.8824024995524613,0.0,0,146.85664631100008,
diabetes,False,768,8,MNAR,0.3,1,Mean,1.2039202892769205,0.9541154063136706,0.0,0,0.0002502169991203118,
diabetes,False,768,8,MNAR,0.3,1,NDI-0,1.2104394698238292,0.9384235989339154,0.02204301075268817,0,0.0010974010001518764,
diabetes,False,768,8,MNAR,0.3,1,NDI-C,1.1335958903223842,0.8585005664745943,0.016666666666666666,0,0.0014919280001777224,
diabetes,False,768,8,MNAR,0.3,1,NDI-S,1.1262474102934554,0.8732287721503413,0.001075268817204301,0,0.001197579000290716,
diabetes,False,768,8,MNAR,0.3,1,GaussCM,1.1082002750129403,0.8467334507510995,0.00967741935483871,0,0.019183481999789365,
diabetes,False,768,8,MNAR,0.3,1,KNN,1.2577087140123084,0.9765507198923833,0.0,0,0.046030751000216696,
diabetes,False,768,8,MNAR,0.3,1,MICE,1.1667622895778367,0.8923384144541653,0.03978494623655914,0,0.14621778100081428,
diabetes,False,768,8,MNAR,0.3,1,MissForest,1.078715502389532,0.8053985341448833,0.0,0,1.868239466999512,
diabetes,False,768,8,MNAR,0.3,1,SoftImpute,1.143851464633392,0.893511281328023,0.0,0,0.029595025000162423,
diabetes,False,768,8,MNAR,0.3,1,GAIN,1.3200200223078578,0.9948913223191415,0.0,0,10.212198454000827,
diabetes,False,768,8,MNAR,0.3,1,NDI-F1,1.1664027840370084,0.9135956079272419,0.005376344086021506,0,0.002142666999134235,
diabetes,False,768,8,MNAR,0.3,1,NDI-F-noclip,1.1355164256205992,0.8592846021286042,0.01827956989247312,0,0.0021980239998811157,
diabetes,False,768,8,MNAR,0.3,1,NDI-F,1.1336107965544957,0.8553848219939045,0.0,0,0.0023522109986515716,
diabetes,False,768,8,MNAR,0.3,1,Copula-NDI-F,1.1437848880149912,0.8437857593376511,0.0,0,0.008151861999067478,
diabetes,False,768,8,MNAR,0.3,2,Mean,1.2258225556122007,0.9618211421042485,0.0,0,0.00020457899881876074,
diabetes,False,768,8,MNAR,0.3,2,NDI-0,1.217731390928053,0.941647574701711,0.015102481121898598,0,0.000996808999843779,
diabetes,False,768,8,MNAR,0.3,2,NDI-C,1.1651653677149472,0.8827860960742931,0.018878101402373247,0,0.001958423999894876,
diabetes,False,768,8,MNAR,0.3,2,NDI-S,1.1557064159594366,0.8877553233754083,0.0,0,0.0035174149998056237,
diabetes,False,768,8,MNAR,0.3,2,GaussCM,1.1437293977089869,0.8649127588598957,0.011866235167206042,0,0.013064494998616283,
diabetes,False,768,8,MNAR,0.3,2,KNN,1.2946798025209751,1.0000944469838207,0.0,0,0.051454581998768845,
diabetes,False,768,8,MNAR,0.3,2,MICE,1.1809270864714985,0.8873877385073746,0.040453074433656956,0,0.1403244930006622,
diabetes,False,768,8,MNAR,0.3,2,MissForest,1.0929312567137024,0.7923563284937593,0.0,0,1.360009452999293,
diabetes,False,768,8,MNAR,0.3,2,SoftImpute,1.1705529142616224,0.9043609199431222,0.0,0,0.02950467499977094,
diabetes,False,768,8,MNAR,0.3,2,GAIN,1.167262931217213,0.8829891142290146,0.0,0,10.622758984998654,
diabetes,False,768,8,MNAR,0.3,2,NDI-F1,1.191088954188815,0.9251866894191774,0.002696871628910464,0,0.002130709000994102,
diabetes,False,768,8,MNAR,0.3,2,NDI-F-noclip,1.177624349812038,0.8823153278760036,0.024271844660194174,0,0.003526317999785533,
diabetes,False,768,8,MNAR,0.3,2,NDI-F,1.176332490485456,0.878486696974988,0.0,0,0.003745120000530733,
diabetes,False,768,8,MNAR,0.3,2,Copula-NDI-F,1.146273574325442,0.8231165278560437,0.0,0,0.007984658999703242,
vehicle,False,846,18,MCAR,0.1,0,Mean,1.0581549722410375,0.8115464966215246,0.0,0,0.00019871399854309857,
vehicle,False,846,18,MCAR,0.1,0,NDI-0,0.9478461672951298,0.673017833728385,0.0,0,0.001180921000923263,
vehicle,False,846,18,MCAR,0.1,0,NDI-C,0.6825029698238205,0.43697948851559537,0.0039603960396039604,0,0.0026951820000249427,
vehicle,False,846,18,MCAR,0.1,0,NDI-S,0.6850410495485523,0.43957804249666205,0.0019801980198019802,0,0.002850728998964769,
vehicle,False,846,18,MCAR,0.1,0,GaussCM,0.4209459765889142,0.2758094623960659,0.009240924092409241,0,0.02955765000115207,
vehicle,False,846,18,MCAR,0.1,0,KNN,0.513847748382435,0.29323356363135883,0.0,0,0.05896341500010749,
vehicle,False,846,18,MCAR,0.1,0,MICE,0.3951090899019898,0.23648552658374913,0.007260726072607261,0,0.559196903001066,
vehicle,False,846,18,MCAR,0.1,0,MissForest,0.4203097686383402,0.23440659497156272,0.0,0,3.494295765000061,
vehicle,False,846,18,MCAR,0.1,0,SoftImpute,0.4718493136625007,0.2952983651198958,0.0026402640264026403,0,0.09066332200018223,
vehicle,False,846,18,MCAR,0.1,0,GAIN,0.5659796901179657,0.379851217948115,0.0,0,10.75018337199981,
vehicle,False,846,18,MCAR,0.1,0,NDI-F1,0.7840066376833343,0.4779051901958213,0.008580858085808581,0,0.0032816940001794137,
vehicle,False,846,18,MCAR,0.1,0,NDI-F-noclip,0.5155977906478729,0.35143516968105465,0.011881188118811881,0,0.003562566000255174,
vehicle,False,846,18,MCAR,0.1,0,NDI-F,0.513727307573198,0.3493821907409004,0.0,0,0.0033896929999173153,
vehicle,False,846,18,MCAR,0.1,0,Copula-NDI-F,0.5633410633846213,0.33023157887266236,0.0,0,0.015337021999584977,
vehicle,False,846,18,MCAR,0.1,1,Mean,0.9942326432991331,0.8067943540852408,0.0,0,0.00027543299984245095,
vehicle,False,846,18,MCAR,0.1,1,NDI-0,0.8975439086909067,0.668837881437731,0.0,0,0.0008584039987908909,
vehicle,False,846,18,MCAR,0.1,1,NDI-C,0.6340042125339687,0.4357907574865291,0.005361930294906166,0,0.0027322140012984164,
vehicle,False,846,18,MCAR,0.1,1,NDI-S,0.6223068245241495,0.4352945892519434,0.0013404825737265416,0,0.002822219001245685,
vehicle,False,846,18,MCAR,0.1,1,GaussCM,0.40571000313260636,0.2565860030623679,0.006032171581769437,0,0.030706596000527497,
vehicle,False,846,18,MCAR,0.1,1,KNN,0.4932806645181907,0.2932531677111338,0.0,0,0.05527082500157121,
vehicle,False,846,18,MCAR,0.1,1,MICE,0.37346818850475544,0.22679688123988478,0.004691689008042895,0,0.5830353780002042,
vehicle,False,846,18,MCAR,0.1,1,MissForest,0.3744785650080906,0.21354574211769725,0.0,0,3.500738265000109,
vehicle,False,846,18,MCAR,0.1,1,SoftImpute,0.44627648831210365,0.27714989925878053,0.002680965147453083,0,0.07172067999999854,
vehicle,False,846,18,MCAR,0.1,1,GAIN,0.562282213463266,0.37712372477393635,0.0,0,10.677416250999158,
vehicle,False,846,18,MCAR,0.1,1,NDI-F1,0.6886613972670215,0.4585591595843674,0.006032171581769437,0,0.003294318999905954,
vehicle,False,846,18,MCAR,0.1,1,NDI-F-noclip,0.48539438359666187,0.3263084559374927,0.010723860589812333,0,0.004165753000052064,
vehicle,False,846,18,MCAR,0.1,1,NDI-F,0.4819627376848745,0.3243599611078708,0.0,0,0.004036063999592443,
vehicle,False,846,18,MCAR,0.1,1,Copula-NDI-F,0.5278132891761528,0.311098005873061,0.0,0,0.023491444999308442,
vehicle,False,846,18,MCAR,0.1,2,Mean,0.9977061420352283,0.7911569803966676,0.0,0,0.00021506899975065608,
vehicle,False,846,18,MCAR,0.1,2,NDI-0,0.8849430302396865,0.6511431211292317,0.0,0,0.0012640049990295665,
vehicle,False,846,18,MCAR,0.1,2,NDI-C,0.6056610486232054,0.40774107946330274,0.001978891820580475,0,0.003362286999617936,
vehicle,False,846,18,MCAR,0.1,2,NDI-S,0.6094969728683114,0.4147006965803446,0.0006596306068601583,0,0.0024694519997865427,
vehicle,False,846,18,MCAR,0.1,2,GaussCM,0.42056459424072323,0.27234355178147995,0.007255936675461741,0,0.030811836000793846,
vehicle,False,846,18,MCAR,0.1,2,KNN,0.5055111672691053,0.28616723230543484,0.0,0,0.060219107999728294,
vehicle,False,846,18,MCAR,0.1,2,MICE,0.3996017221477725,0.24134253918515927,0.009894459102902375,0,0.5762159450005129,
vehicle,False,846,18,MCAR,0.1,2,MissForest,0.4200250090642075,0.21968890284901613,0.0,0,3.53506780600037,
vehicle,False,846,18,MCAR,0.1,2,SoftImpute,0.43296601915254235,0.277490850663179,0.0013192612137203166,0,0.1115463459991588,
vehicle,False,846,18,MCAR,0.1,2,GAIN,0.5064787081236811,0.35551143282835335,0.0,0,10.535620790000394,
vehicle,False,846,18,MCAR,0.1,2,NDI-F1,0.7207639242710954,0.46401337878106486,0.00395778364116095,0,0.003429431999393273,
vehicle,False,846,18,MCAR,0.1,2,NDI-F-noclip,0.5079392423596801,0.3364439242809071,0.005936675461741424,0,0.004390071999296197,
vehicle,False,846,18,MCAR,0.1,2,NDI-F,0.5069249044836838,0.3349422629681695,0.0,0,0.0035590299994510133,
vehicle,False,846,18,MCAR,0.1,2,Copula-NDI-F,0.5554963562380056,0.3253486496607179,0.0,0,0.0177558939994924,
vehicle,False,846,18,MCAR,0.3,0,Mean,0.9844248047176509,0.7894916808179125,0.0,0,0.0002614069999253843,
vehicle,False,846,18,MCAR,0.3,0,NDI-0,0.891595387375467,0.666195707875668,0.0006437768240343348,0,0.0013502450001396937,
vehicle,False,846,18,MCAR,0.3,0,NDI-C,0.6175840959287735,0.426849939250408,0.00407725321888412,0,0.004082864001247799,
vehicle,False,846,18,MCAR,0.3,0,NDI-S,0.6126787198547633,0.4298713398743387,0.001072961373390558,0,0.0030269660001067678,
vehicle,False,846,18,MCAR,0.3,0,GaussCM,0.46589514069434357,0.309688829288047,0.009656652360515022,0,0.06349850299920945,
vehicle,False,846,18,MCAR,0.3,0,KNN,0.5411291228629104,0.342289818849976,0.0,0,0.08674095000060333,
vehicle,False,846,18,MCAR,0.3,0,MICE,0.5143297569012018,0.3214812435381509,0.013733905579399141,0,0.5450189889998001,
vehicle,False,846,18,MCAR,0.3,0,MissForest,0.45204393473556986,0.25622455548160455,0.0,0,4.724860548998549,
vehicle,False,846,18,MCAR,0.3,0,SoftImpute,0.4855909721898314,0.3120882862483236,0.0034334763948497852,0,0.10766209999928833,
vehicle,False,846,18,MCAR,0.3,0,GAIN,0.5887738109861385,0.4075932257005854,0.0,0,10.710401252999873,
vehicle,False,846,18,MCAR,0.3,0,NDI-F1,0.6894861223511868,0.4607457823252713,0.007725321888412017,0,0.0037895130008109845,
vehicle,False,846,18,MCAR,0.3,0,NDI-F-noclip,0.5274790951048988,0.362567397518334,0.012446351931330472,0,0.004017893999844091,
vehicle,False,846,18,MCAR,0.3,0,NDI-F,0.5250074018408739,0.36042762887441004,0.0,0,0.004381505999845103,
vehicle,False,846,18,MCAR,0.3,0,Copula-NDI-F,0.5694973412889155,0.34131802089204766,0.0,0,0.016096998999273637,
vehicle,False,846,18,MCAR,0.3,0,MIWAE,0.5823859587817527,0.32715462327878264,0.005150214592274678,0,9.749085281000589,
vehicle,False,846,18,MCAR,0.3,0,Sinkhorn,0.5144910313427054,0.30634203109986585,0.0,0,185.2990130170001,
vehicle,False,846,18,MCAR,0.3,0,HyperImpute,0.47603422274320534,0.2909152818546455,0.0,0,8.7297979140003,
vehicle,False,846,18,MCAR,0.3,0,ReMasker,0.49829054256971483,0.3340313238347735,0.0,0,171.28169490800065,
vehicle,False,846,18,MCAR,0.3,1,Mean,0.9961377320928415,0.7998874748399378,0.0,0,0.0013149979986337712,
vehicle,False,846,18,MCAR,0.3,1,NDI-0,0.9080986266128707,0.6680097544134659,0.00022104332449160034,0,0.0013728750000154832,
vehicle,False,846,18,MCAR,0.3,1,NDI-C,0.6304570535947699,0.4343750571294073,0.005968169761273209,0,0.003522801000144682,
vehicle,False,846,18,MCAR,0.3,1,NDI-S,0.6237295694609492,0.4382762810019963,0.0028735632183908046,0,0.0029226850001577986,
vehicle,False,846,18,MCAR,0.3,1,GaussCM,0.45896050558099805,0.30243918613936643,0.008620689655172414,0,0.07002419300079055,
vehicle,False,846,18,MCAR,0.3,1,KNN,0.5547024648224573,0.3455321171149737,0.0,0,0.0843285549999564,
vehicle,False,846,18,MCAR,0.3,1,MICE,0.507400427693296,0.3101947751878096,0.011715296198054819,0,2.538794374000645,
vehicle,False,846,18,MCAR,0.3,1,MissForest,0.4397364148413423,0.25602748983829055,0.0,0,3.422931506000168,
vehicle,False,846,18,MCAR,0.3,1,SoftImpute,0.4883732521069944,0.31459670178455834,0.0033156498673740055,0,0.10637609500008693,
vehicle,False,846,18,MCAR,0.3,1,GAIN,0.558099658755826,0.39831618347070813,0.0,0,10.669497648001197,
vehicle,False,846,18,MCAR,0.3,1,NDI-F1,0.7027730667449555,0.46867089956075425,0.007515473032714412,0,0.003578558000299381,
vehicle,False,846,18,MCAR,0.3,1,NDI-F-noclip,0.5184814315298955,0.35446288622488353,0.012599469496021221,0,0.006581818999620737,
vehicle,False,846,18,MCAR,0.3,1,NDI-F,0.5165322162710869,0.3519785555508185,0.0,0,0.004364419000921771,
vehicle,False,846,18,MCAR,0.3,1,Copula-NDI-F,0.5776135467594838,0.3385265396084439,0.0,0,0.017374316999848816,
vehicle,False,846,18,MCAR,0.3,2,Mean,1.0212227473767208,0.7937244685593311,0.0,0,0.0002928200010501314,
vehicle,False,846,18,MCAR,0.3,2,NDI-0,0.9219875676768557,0.6588669905116321,0.00021944261575597982,0,0.001487655999881099,
vehicle,False,846,18,MCAR,0.3,2,NDI-C,0.6726553494955535,0.43135208739897174,0.004169409699363616,0,0.004321628999605309,
vehicle,False,846,18,MCAR,0.3,2,NDI-S,0.6700369524424744,0.4323059818467603,0.0021944261575597983,0,0.0043727329993998865,
vehicle,False,846,18,MCAR,0.3,2,GaussCM,0.5113506006141141,0.312649411241251,0.008777704630239193,0,0.06838536999930511,
vehicle,False,846,18,MCAR,0.3,2,KNN,0.6269778768090383,0.3533314719701065,0.0,0,0.08479209500001161,
vehicle,False,846,18,MCAR,0.3,2,MICE,0.5520352999358437,0.319023188902995,0.009655475093263111,0,0.31659378700169327,
vehicle,False,846,18,MCAR,0.3,2,MissForest,0.47643914348372596,0.2598152749434197,0.0,0,4.269183770999007,
vehicle,False,846,18,MCAR,0.3,2,SoftImpute,0.5359626876855459,0.319002139810312,0.003730524467851657,0,0.1125496180011396,
vehicle,False,846,18,MCAR,0.3,2,GAIN,0.6442633303036919,0.4030561801074621,0.0,0,10.86235618000137,
vehicle,False,846,18,MCAR,0.3,2,NDI-F1,0.74426105167857,0.4689281211120399,0.009436032477507132,0,0.0038116849991638446,
vehicle,False,846,18,MCAR,0.3,2,NDI-F-noclip,0.5387153993128072,0.35112241863565957,0.01163045863506693,0,0.004125937000935664,
vehicle,False,846,18,MCAR,0.3,2,NDI-F,0.5357794355168775,0.3488274022415419,0.0,0,0.004777026999363443,
vehicle,False,846,18,MCAR,0.3,2,Copula-NDI-F,0.6266857804593138,0.3416266769717445,0.0,0,0.01599778600029822,
vehicle,False,846,18,MCAR,0.5,0,Mean,0.9845729013701915,0.793371391773599,0.0,0,0.0004102549992239801,
vehicle,False,846,18,MCAR,0.5,0,NDI-0,0.9132991036289253,0.6825666857161735,0.0014435695538057743,0,0.0014848459995846497,
vehicle,False,846,18,MCAR,0.5,0,NDI-C,0.652175681954382,0.4580612859783127,0.004724409448818898,0,0.004378289999294793,
vehicle,False,846,18,MCAR,0.5,0,NDI-S,0.6365594485206679,0.45813910367464006,0.0011811023622047244,0,0.0036717940001835814,
vehicle,False,846,18,MCAR,0.5,0,GaussCM,0.51297622325452,0.3570103933856765,0.010498687664041995,0,0.08981652200054668,
vehicle,False,846,18,MCAR,0.5,0,KNN,0.7478554249899136,0.5216501132634394,0.0,0,0.13586996800040652,
vehicle,False,846,18,MCAR,0.5,0,MICE,0.5541115014568645,0.37228799423599773,0.009186351706036745,0,0.22491596699910588,
vehicle,False,846,18,MCAR,0.5,0,MissForest,0.4793530335494528,0.29829882089454574,0.0,0,3.7060975579988735,
vehicle,False,846,18,MCAR,0.5,0,SoftImpute,0.5371509277102666,0.37313661552740823,0.0015748031496062992,0,0.12558623100085242,
vehicle,False,846,18,MCAR,0.5,0,GAIN,0.7147535455206052,0.511236223400056,0.0,0,10.685771699001634,
vehicle,False,846,18,MCAR,0.5,0,NDI-F1,0.6893084518576582,0.4693150825395195,0.006955380577427821,0,0.005760755999290268,
vehicle,False,846,18,MCAR,0.5,0,NDI-F-noclip,0.5386227566455298,0.37783360827564605,0.012992125984251968,0,0.005974366000373266,
vehicle,False,846,18,MCAR,0.5,0,NDI-F,0.5361849039372131,0.3754699838175508,0.0,0,0.008544043001165846,
vehicle,False,846,18,MCAR,0.5,0,Copula-NDI-F,0.5832156059136325,0.36416458088345205,0.0,0,0.02902752099907957,
vehicle,False,846,18,MCAR,0.5,1,Mean,0.9859219819542268,0.7956929065900971,0.0,0,0.00042218100134050474,
vehicle,False,846,18,MCAR,0.5,1,NDI-0,0.9100870678626717,0.6802302756928705,0.0011627906976744186,0,0.0034999979998247,
vehicle,False,846,18,MCAR,0.5,1,NDI-C,0.6426891151040613,0.4532603317927577,0.005684754521963824,0,0.004801724999197177,
vehicle,False,846,18,MCAR,0.5,1,NDI-S,0.6358829898906677,0.45835246399336727,0.001421188630490956,0,0.0038312600008794107,
vehicle,False,846,18,MCAR,0.5,1,GaussCM,0.5346328462869068,0.3635175412959908,0.008268733850129198,0,0.0876425129990821,
vehicle,False,846,18,MCAR,0.5,1,KNN,0.7492141662208754,0.532016683241632,0.0,0,0.22524066100049822,
vehicle,False,846,18,MCAR,0.5,1,MICE,0.5654752454691226,0.3748010733040542,0.011498708010335918,0,0.22743784700105607,
vehicle,False,846,18,MCAR,0.5,1,MissForest,0.5076199718425617,0.3100958483452058,0.0,0,3.48792431900074,
vehicle,False,846,18,MCAR,0.5,1,SoftImpute,0.5601772928339888,0.3809197981267551,0.003359173126614987,0,0.159567299999253,
vehicle,False,846,18,MCAR,0.5,1,GAIN,0.641667874156633,0.44547767142955136,0.0,0,10.802109747999566,
vehicle,False,846,18,MCAR,0.5,1,NDI-F1,0.6953196119829309,0.47391579812023354,0.008268733850129198,0,0.0047027299988258164,
vehicle,False,846,18,MCAR,0.5,1,NDI-F-noclip,0.5621213413879474,0.38172924405747805,0.011111111111111112,0,0.0060842060011054855,
vehicle,False,846,18,MCAR,0.5,1,NDI-F,0.5607315635739089,0.3797031494030242,0.0,0,0.005814973001179169,
vehicle,False,846,18,MCAR,0.5,1,Copula-NDI-F,0.5860933394279247,0.36033121819452263,0.0,0,0.02553863100001763,
vehicle,False,846,18,MCAR,0.5,2,Mean,1.0007295038964121,0.8010396765041805,0.0,0,0.0003823360002570553,
vehicle,False,846,18,MCAR,0.5,2,NDI-0,0.9358497287068406,0.6940372515355733,0.0024843096234309623,0,0.0029285969994816696,
vehicle,False,846,18,MCAR,0.5,2,NDI-C,0.6771405254906396,0.46606254229884386,0.009806485355648535,0,0.004054042001371272,
vehicle,False,846,18,MCAR,0.5,2,NDI-S,0.6624480752994125,0.46546469428833037,0.0020920502092050207,0,0.004137144000196713,
vehicle,False,846,18,MCAR,0.5,2,GaussCM,0.5689980637156987,0.3754166324062047,0.011244769874476987,0,0.07523183100056485,
vehicle,False,846,18,MCAR,0.5,2,KNN,0.7601105848979895,0.5313966163663538,0.0,0,0.1123271050000767,
vehicle,False,846,18,MCAR,0.5,2,MICE,0.6009858857366513,0.3973718367455723,0.010460251046025104,0,0.15567492099944502,
vehicle,False,846,18,MCAR,0.5,2,MissForest,0.5345027038279567,0.3097033925140865,0.0,0,3.156771411000591,
vehicle,False,846,18,MCAR,0.5,2,SoftImpute,0.5854344131861952,0.38499144605282487,0.003399581589958159,0,0.12004003599940916,
vehicle,False,846,18,MCAR,0.5,2,GAIN,0.7649013779944233,0.5288883334745084,0.0,0,10.736661741000717,
vehicle,False,846,18,MCAR,0.5,2,NDI-F1,0.7091324481951664,0.4755047246413117,0.00823744769874477,0,0.0040914290002547204,
vehicle,False,846,18,MCAR,0.5,2,NDI-F-noclip,0.5945909604419003,0.4003704475772077,0.015559623430962344,0,0.004443594998519984,
vehicle,False,846,18,MCAR,0.5,2,NDI-F,0.5923300851924852,0.397360078962881,0.0,0,0.004225462000249536,
vehicle,False,846,18,MCAR,0.5,2,Copula-NDI-F,0.603461300322073,0.3692101857638029,0.0,0,0.01878340699840919,
vehicle,False,846,18,MAR,0.3,0,Mean,1.1099380570398842,0.8540400026096133,0.0,0,0.0002903040003729984,
vehicle,False,846,18,MAR,0.3,0,NDI-0,1.0856348781379508,0.7885346902680408,0.002612671456564337,0,0.0012925589999213116,
vehicle,False,846,18,MAR,0.3,0,NDI-C,0.8300325477578059,0.5739737079887031,0.00762029174831265,0,0.0029391130010480992,
vehicle,False,846,18,MAR,0.3,0,NDI-S,0.8246079339880903,0.5728432303330686,0.00043544524276072284,0,0.003456811999058118,
vehicle,False,846,18,MAR,0.3,0,GaussCM,0.707422040452082,0.4918400183089781,0.008491182233834096,0,0.05881354099983582,
vehicle,False,846,18,MAR,0.3,0,KNN,0.6626044165765917,0.39014326483640355,0.0,0,0.13287510099871724,
vehicle,False,846,18,MAR,0.3,0,MICE,0.6036117343090333,0.36523189979582893,0.013498802525582408,0,0.24999031599872978,
vehicle,False,846,18,MAR,0.3,0,MissForest,0.564144808437807,0.32575183904356286,0.0,0,3.2033834860012576,
vehicle,False,846,18,MAR,0.3,0,SoftImpute,0.7092917915818174,0.4823907053769489,0.00043544524276072284,0,0.11447980299999472,
vehicle,False,846,18,MAR,0.3,0,GAIN,0.6891806900997647,0.4719369351902987,0.0,0,10.629421378000188,
vehicle,False,846,18,MAR,0.3,0,NDI-F1,0.8951815080734155,0.6282904888394303,0.001088613106901807,0,0.004399346998980036,
vehicle,False,846,18,MAR,0.3,0,NDI-F-noclip,0.717021229158013,0.5074997229152499,0.012627912040060963,0,0.005847896998602664,
vehicle,False,846,18,MAR,0.3,0,NDI-F,0.7096494916064693,0.5035301225804848,0.0,0,0.0047334760001831455,
vehicle,False,846,18,MAR,0.3,0,Copula-NDI-F,0.7341010509998054,0.49645292089142573,0.0,0,0.01617608000015025,
vehicle,False,846,18,MAR,0.3,0,MIWAE,0.7119472736116086,0.37672112452337025,0.010232963204876986,0,10.28238056200098,
vehicle,False,846,18,MAR,0.3,0,Sinkhorn,0.7263856405185937,0.4460766776478618,0.0,0,191.64096830699964,
vehicle,False,846,18,MAR,0.3,0,HyperImpute,0.5969897283387453,0.3620157845249611,0.0,0,9.07452463699883,
vehicle,False,846,18,MAR,0.3,0,ReMasker,0.5245695884141328,0.36137523107718106,0.0,0,172.44778318300087,
vehicle,False,846,18,MAR,0.3,1,Mean,1.080034436906476,0.8371007167913239,0.0,0,0.00034768500154314097,
vehicle,False,846,18,MAR,0.3,1,NDI-0,0.9101961231043451,0.6799899685077705,0.0,0,0.0018079720011883182,
vehicle,False,846,18,MAR,0.3,1,NDI-C,0.7053230343881577,0.4967367799002305,0.0010931351114997813,0,0.003195372000845964,
vehicle,False,846,18,MAR,0.3,1,NDI-S,0.7119644443123855,0.4998435767575048,0.0006558810668998689,0,0.004756592999910936,
vehicle,False,846,18,MAR,0.3,1,GaussCM,0.5696315515704978,0.4095667328373777,0.005902929602098819,0,0.06074997799987614,
vehicle,False,846,18,MAR,0.3,1,KNN,0.5994640841162957,0.33761882186444625,0.0,0,0.0792471349996049,
vehicle,False,846,18,MAR,0.3,1,MICE,0.461331263161663,0.294989554453315,0.008526453869698294,0,0.5157300230002875,
vehicle,False,846,18,MAR,0.3,1,MissForest,0.44679928276210645,0.2643448598243466,0.0,0,3.4993982249998226,
vehicle,False,846,18,MAR,0.3,1,SoftImpute,0.5798868490299645,0.39577332496664397,0.0013117621337997377,0,0.1108015459994931,
vehicle,False,846,18,MAR,0.3,1,GAIN,0.5942291689692438,0.3871905991701245,0.0,0,10.796665055999256,
vehicle,False,846,18,MAR,0.3,1,NDI-F1,0.7731530808410878,0.5192650972087816,0.005902929602098819,0,0.00372328499906871,
vehicle,False,846,18,MAR,0.3,1,NDI-F-noclip,0.5740784931401609,0.415384556394364,0.005902929602098819,0,0.004130379998969147,
vehicle,False,846,18,MAR,0.3,1,NDI-F,0.5735515678627131,0.4143860801872091,0.0,0,0.004651541999919573,
vehicle,False,846,18,MAR,0.3,1,Copula-NDI-F,0.6646130089962348,0.42207730072134375,0.0,0,0.016482226999869454,
vehicle,False,846,18,MAR,0.3,2,Mean,1.088341382481807,0.8585229394991344,0.0,0,0.00040846199954103213,
vehicle,False,846,18,MAR,0.3,2,NDI-0,0.9404899926814728,0.7147706938124233,0.00021687269572760788,0,0.0024948919999587815,
vehicle,False,846,18,MAR,0.3,2,NDI-C,0.7154339128619469,0.5108147635402913,0.001734981565820863,0,0.003304339999885997,
vehicle,False,846,18,MAR,0.3,2,NDI-S,0.7278423557491341,0.5260524743579856,0.0010843634786380394,0,0.0032534130004933104,
vehicle,False,846,18,MAR,0.3,2,GaussCM,0.6367867219763753,0.42149073669795234,0.008024289741921492,0,0.061559299001601175,
vehicle,False,846,18,MAR,0.3,2,KNN,0.6293032949499554,0.3821363059031625,0.0,0,0.079712312999618,
vehicle,False,846,18,MAR,0.3,2,MICE,0.5137150568498268,0.3215946203112357,0.009976144003469963,0,0.8262881470000139,
vehicle,False,846,18,MAR,0.3,2,MissForest,0.5278776600909076,0.2972496296741933,0.0,0,3.1959735910004383,
vehicle,False,846,18,MAR,0.3,2,SoftImpute,0.6307551211017778,0.42423657000833165,0.0008674907829104315,0,0.11399419000008493,
vehicle,False,846,18,MAR,0.3,2,GAIN,0.7058813736892336,0.44818143732541643,0.0,0,10.678656181000406,
vehicle,False,846,18,MAR,0.3,2,NDI-F1,0.7901272131716145,0.5672593685357564,0.001734981565820863,0,0.0035993189994769637,
vehicle,False,846,18,MAR,0.3,2,NDI-F-noclip,0.670696810146169,0.453893208213798,0.008891780524831923,0,0.004195376001007389,
vehicle,False,846,18,MAR,0.3,2,NDI-F,0.6669991320627999,0.45179652437367956,0.0,0,0.007589619001009851,
vehicle,False,846,18,MAR,0.3,2,Copula-NDI-F,0.6467944583121294,0.4376984441957659,0.0,0,0.015990219999366673,
vehicle,False,846,18,MNAR,0.3,0,Mean,1.1911357117414123,0.9901597910290688,0.0,0,0.0002681819987628842,
vehicle,False,846,18,MNAR,0.3,0,NDI-0,1.0819796946459797,0.8647423400326062,0.0,0,0.0012320620007812977,
vehicle,False,846,18,MNAR,0.3,0,NDI-C,0.813149425775963,0.6262716080642051,0.0023835319609967496,0,0.0033802250000007916,
vehicle,False,846,18,MNAR,0.3,0,NDI-S,0.8197647034621245,0.6417760585273105,0.0,0,0.0030714120002812706,
vehicle,False,846,18,MNAR,0.3,0,GaussCM,0.7279848651642983,0.537437650045261,0.00628385698808234,0,0.0934901290002017,
vehicle,False,846,18,MNAR,0.3,0,KNN,0.6970685129331726,0.47232791609416447,0.0,0,0.08635096499892825,
vehicle,False,846,18,MNAR,0.3,0,MICE,0.5528766679518137,0.3547787330437897,0.012784398699891657,0,0.5016035169992392,
vehicle,False,846,18,MNAR,0.3,0,MissForest,0.4722089184825213,0.28968006150294057,0.0,0,3.4275338480001665,
vehicle,False,846,18,MNAR,0.3,0,SoftImpute,0.6816299078311457,0.4986821075193664,0.000866738894907909,0,0.8837308249985654,
vehicle,False,846,18,MNAR,0.3,0,GAIN,0.6285361704924043,0.4465560481440469,0.0,0,10.438759132999621,
vehicle,False,846,18,MNAR,0.3,0,NDI-F1,0.8238450172811025,0.6282427916121128,0.0028169014084507044,0,0.0047418470003322,
vehicle,False,846,18,MNAR,0.3,0,NDI-F-noclip,0.6721760531186804,0.514634912099837,0.008450704225352112,0,0.004969760999301798,
vehicle,False,846,18,MNAR,0.3,0,NDI-F,0.6709488276386094,0.5129187051526723,0.0,0,0.004124684999624151,
vehicle,False,846,18,MNAR,0.3,0,Copula-NDI-F,0.6774093432518454,0.5003530979394071,0.0,0,0.01891383499969379,
vehicle,False,846,18,MNAR,0.3,0,MIWAE,0.5816064682856972,0.3500108059049121,0.012784398699891657,0,10.227277190999303,
vehicle,False,846,18,MNAR,0.3,0,Sinkhorn,0.6601077288819744,0.4513429630035544,0.0,0,191.89158318500085,
vehicle,False,846,18,MNAR,0.3,0,HyperImpute,0.4849390900106265,0.3022302385094502,0.0,0,13.075707228001193,
vehicle,False,846,18,MNAR,0.3,0,ReMasker,0.5475484081409008,0.3909846032573101,0.0,0,171.20630427300057,
vehicle,False,846,18,MNAR,0.3,1,Mean,1.1627115073063423,0.9844598872417629,0.0,0,0.0006385060005413834,
vehicle,False,846,18,MNAR,0.3,1,NDI-0,1.0626497746564825,0.8491231794424333,0.0015452538631346578,0,0.0013389959985943278,
vehicle,False,846,18,MNAR,0.3,1,NDI-C,0.8168597886874207,0.6299007464177647,0.0033112582781456954,0,0.003164835999996285,
vehicle,False,846,18,MNAR,0.3,1,NDI-S,0.8091877471923081,0.637663384657574,0.0002207505518763797,0,0.003173384999172413,
vehicle,False,846,18,MNAR,0.3,1,GaussCM,0.6564508938476975,0.51360359165319,0.00772626931567329,0,0.08309916500002146,
vehicle,False,846,18,MNAR,0.3,1,KNN,0.6853749299692763,0.4486691926538103,0.0,0,0.08704873500028043,
vehicle,False,846,18,MNAR,0.3,1,MICE,0.5181048783040845,0.3423447770262621,0.018984547461368653,0,1.500109736000013,
vehicle,False,846,18,MNAR,0.3,1,MissForest,0.4825820043519537,0.2973751929802779,0.0,0,3.3734186090005096,
vehicle,False,846,18,MNAR,0.3,1,SoftImpute,0.6641804262766436,0.5001846845723452,0.0026490066225165563,0,0.11632952700165333,
vehicle,False,846,18,MNAR,0.3,1,GAIN,0.5459987430373135,0.40186940301053076,0.0,0,10.86665305599854,
vehicle,False,846,18,MNAR,0.3,1,NDI-F1,0.825528041031882,0.6415900736193358,0.0030905077262693157,0,0.00373046099957719,
vehicle,False,846,18,MNAR,0.3,1,NDI-F-noclip,0.696829944010626,0.534505481343084,0.009492273730684326,0,0.005768814000475686,
vehicle,False,846,18,MNAR,0.3,1,NDI-F,0.6963173358666034,0.5331322099561087,0.0,0,0.0043778039998869644,
vehicle,False,846,18,MNAR,0.3,1,Copula-NDI-F,0.6699318269426684,0.4862367735716734,0.0,0,0.01688573800129234,
vehicle,False,846,18,MNAR,0.3,2,Mean,1.2371710589475178,1.0032827226542034,0.0,0,0.0003058830006921198,
vehicle,False,846,18,MNAR,0.3,2,NDI-0,1.1083335492091164,0.8663820877361014,0.0006647462884998893,0,0.0011561259998416062,
vehicle,False,846,18,MNAR,0.3,2,NDI-C,0.8692769263922285,0.6363984547203425,0.0044316419233325945,0,0.003053606998946634,
vehicle,False,846,18,MNAR,0.3,2,NDI-S,0.882214489716228,0.6522936432850237,0.0006647462884998893,0,0.004555563999019796,
vehicle,False,846,18,MNAR,0.3,2,GaussCM,0.8482765678035774,0.6110262640536831,0.006204298692665633,0,0.06883773500157986,
vehicle,False,846,18,MNAR,0.3,2,KNN,0.74601487399989,0.4416275322836551,0.0,0,0.09676602099898446,
vehicle,False,846,18,MNAR,0.3,2,MICE,0.6189702165093971,0.3713669416372087,0.013516507866164413,0,0.5159825260016078,
vehicle,False,846,18,MNAR,0.3,2,MissForest,0.6092856363480778,0.31031190804609693,0.0,0,4.540155255999707,
vehicle,False,846,18,MNAR,0.3,2,SoftImpute,0.7863981085222429,0.5289112566892343,0.002658985153999557,0,0.11839125599908584,
vehicle,False,846,18,MNAR,0.3,2,GAIN,0.7545210709599525,0.45451920406228136,0.0,0,10.871814263000488,
vehicle,False,846,18,MNAR,0.3,2,NDI-F1,0.9173530919911101,0.6663095126324738,0.0022158209616662972,0,0.00400132300092082,
vehicle,False,846,18,MNAR,0.3,2,NDI-F-noclip,0.801198279209119,0.5924266789176659,0.007755373365832041,0,0.004825805999644217,
vehicle,False,846,18,MNAR,0.3,2,NDI-F,0.8004256246986874,0.5912189787830245,0.0,0,0.005003459000363364,
vehicle,False,846,18,MNAR,0.3,2,Copula-NDI-F,0.8580613578937906,0.5774013788691007,0.0,0,0.02536052300092706,
yeast,False,1479,8,MCAR,0.1,0,Mean,0.9453509269787131,0.5974991618934957,0.0,0,0.0004590959997585742,
yeast,False,1479,8,MCAR,0.1,0,NDI-0,1.046473614329041,0.7119702336013155,0.1001669449081803,0,0.0013939069995103637,
yeast,False,1479,8,MCAR,0.1,0,NDI-C,0.9884596165797613,0.6929617333068299,0.09849749582637729,0,0.0030925719984224997,
yeast,False,1479,8,MCAR,0.1,0,NDI-S,0.9021445663089832,0.5680713751430647,0.01669449081803005,0,0.0028709650014207,
yeast,False,1479,8,MCAR,0.1,0,GaussCM,0.8977641597445203,0.5649422037551822,0.019198664440734557,0,0.011698562000674428,
yeast,False,1479,8,MCAR,0.1,0,KNN,0.9865923701540776,0.5998562548929345,0.0,0,0.09748700700038171,
yeast,False,1479,8,MCAR,0.1,0,MICE,0.8971184661746447,0.5635695006630806,0.0,0,0.15354921799917065,
yeast,False,1479,8,MCAR,0.1,0,MissForest,0.9050625020134383,0.5697487704213371,0.0,0,1.5097371810006734,
yeast,False,1479,8,MCAR,0.1,0,SoftImpute,0.9043452980972482,0.5683765170295957,0.0008347245409015025,0,0.056608173001222895,
yeast,False,1479,8,MCAR,0.1,0,GAIN,0.9829402176234198,0.6646753124675946,0.0,0,10.424641387999145,
yeast,False,1479,8,MCAR,0.1,0,NDI-F1,0.9026132096840511,0.5663366194133369,0.005008347245409015,0,0.0031375639991892967,
yeast,False,1479,8,MCAR,0.1,0,NDI-F-noclip,0.9430580692396567,0.642918902714927,0.06010016694490818,0,0.003999698999905377,
yeast,False,1479,8,MCAR,0.1,0,NDI-F,0.9264170567856806,0.6163087136640555,0.0,0,0.003857067000353709,
yeast,False,1479,8,MCAR,0.1,0,Copula-NDI-F,0.9258930287204828,0.5454826222096097,0.0,0,0.013069455000731978,
yeast,False,1479,8,MCAR,0.1,1,Mean,0.878850220019335,0.5832298652774706,0.0,0,0.0003095840002060868,
yeast,False,1479,8,MCAR,0.1,1,NDI-0,0.9681278026966301,0.6893015399962087,0.09424920127795527,0,0.0012529529994935729,
yeast,False,1479,8,MCAR,0.1,1,NDI-C,0.8978707175747588,0.6618991259175082,0.09424920127795527,0,0.002092276999974274,
yeast,False,1479,8,MCAR,0.1,1,NDI-S,0.8159048288367238,0.545705184884262,0.012779552715654952,0,0.0021224590000201715,
yeast,False,1479,8,MCAR,0.1,1,GaussCM,0.8016748078439158,0.5363270301049764,0.011182108626198083,0,0.011782179000874748,
yeast,False,1479,8,MCAR,0.1,1,KNN,0.9390504695846366,0.609861517104978,0.0,0,0.10736049200022535,
yeast,False,1479,8,MCAR,0.1,1,MICE,0.8010616690230298,0.5351666857986704,0.0,0,0.18641315100103384,
yeast,False,1479,8,MCAR,0.1,1,MissForest,0.7999109417170138,0.5324369531788539,0.0,0,1.9194800879995455,
yeast,False,1479,8,MCAR,0.1,1,SoftImpute,0.8224294523767726,0.5495315583524631,0.0,0,0.06048339200060582,
yeast,False,1479,8,MCAR,0.1,1,GAIN,1.0199820162147017,0.7234470530197374,0.0,0,10.008516558000338,
yeast,False,1479,8,MCAR,0.1,1,NDI-F1,0.8228599739865811,0.5453478896127367,0.005591054313099041,0,0.004433072001120308,
yeast,False,1479,8,MCAR,0.1,1,NDI-F-noclip,0.8900057084218633,0.6429561199729613,0.07747603833865814,0,0.00491270199927385,
yeast,False,1479,8,MCAR,0.1,1,NDI-F,0.8562264872207102,0.6037328324781671,0.0,0,0.004263303999323398,
yeast,False,1479,8,MCAR,0.1,1,Copula-NDI-F,0.8133144904717561,0.4978273481848649,0.0,0,0.015204450999590335,
yeast,False,1479,8,MCAR,0.1,2,Mean,1.0292295986098838,0.6371314395679812,0.0,0,0.00030447300014202483,
yeast,False,1479,8,MCAR,0.1,2,NDI-0,1.1136688868453721,0.7288625368551251,0.09833187006145742,0,0.002181358000598266,
yeast,False,1479,8,MCAR,0.1,2,NDI-C,1.0232260408854332,0.6789004433271101,0.06321334503950835,0,0.002996028999405098,
yeast,False,1479,8,MCAR,0.1,2,NDI-S,0.9802283709317999,0.5956363921880262,0.0026338893766461808,0,0.002591805998235941,
yeast,False,1479,8,MCAR,0.1,2,GaussCM,0.9696621116130892,0.5880850050170321,0.001755926251097454,0,0.010217506000117282,
yeast,False,1479,8,MCAR,0.1,2,KNN,1.0696300405745807,0.6541819406874368,0.0,0,0.08043564800027525,
yeast,False,1479,8,MCAR,0.1,2,MICE,0.9697939954607564,0.5869671225710497,0.0,0,0.16626209400055814,
yeast,False,1479,8,MCAR,0.1,2,MissForest,0.9817032698074712,0.5939133496289248,0.0,0,2.180155209000077,
yeast,False,1479,8,MCAR,0.1,2,SoftImpute,0.9851346708242376,0.6014707249117291,0.0,0,0.35007421400041494,
yeast,False,1479,8,MCAR,0.1,2,GAIN,1.0195598618867807,0.6694978420610473,0.0,0,10.90654187600012,
yeast,False,1479,8,MCAR,0.1,2,NDI-F1,0.9798019098474766,0.586513585977429,0.0,0,0.004079589998582378,
yeast,False,1479,8,MCAR,0.1,2,NDI-F-noclip,1.0157093540758335,0.6566277206748445,0.05794556628621598,0,0.003975073999754386,
yeast,False,1479,8,MCAR,0.1,2,NDI-F,1.0099866398141022,0.6413240460264822,0.0,0,0.004767925998748979,
yeast,False,1479,8,MCAR,0.1,2,Copula-NDI-F,1.0071802393318938,0.5653389499138829,0.0,0,0.013486718999047298,
yeast,False,1479,8,MCAR,0.3,0,Mean,1.0321642619926332,0.6000443076785874,0.0,0,0.0003698250002344139,
yeast,False,1479,8,MCAR,0.3,0,NDI-0,1.1224673906087972,0.7105997739631454,0.11049562682215744,0,0.0010941119999188231,
yeast,False,1479,8,MCAR,0.3,0,NDI-C,1.0956310109770202,0.7154847769785716,0.10495626822157435,0,0.0021224169995548436,
yeast,False,1479,8,MCAR,0.3,0,NDI-S,0.997465822743338,0.5753840590364584,0.03119533527696793,0,0.002540440000302624,
yeast,False,1479,8,MCAR,0.3,0,GaussCM,0.9936451611373786,0.5752031135183644,0.0402332361516035,0,0.016002881000531488,
yeast,False,1479,8,MCAR,0.3,0,KNN,1.123653880171269,0.668175306226833,0.0,0,0.25439857300079893,
yeast,False,1479,8,MCAR,0.3,0,MICE,1.1031742006987073,0.6464282101157321,0.080466472303207,0,0.18143566500111774,
yeast,False,1479,8,MCAR,0.3,0,MissForest,1.0364838285063702,0.5928309078740769,0.0,0,1.5010232990007353,
yeast,False,1479,8,MCAR,0.3,0,SoftImpute,1.001664145066666,0.5764645313732172,0.0055393586005830905,0,0.07030056300027354,
yeast,False,1479,8,MCAR,0.3,0,GAIN,1.0530313115676277,0.6472090396464534,0.0,0,10.882355059000474,
yeast,False,1479,8,MCAR,0.3,0,NDI-F1,1.0015511280500635,0.5735470304022918,0.009329446064139942,0,0.0047631620000174735,
yeast,False,1479,8,MCAR,0.3,0,NDI-F-noclip,1.0742440118796732,0.6715897734152474,0.1,0,0.003904119999788236,
yeast,False,1479,8,MCAR,0.3,0,NDI-F,1.0518840811688004,0.6349650135100983,0.0,0,0.0036259870012145257,
yeast,False,1479,8,MCAR,0.3,0,Copula-NDI-F,1.0397946830835614,0.554818367357508,0.0,0,0.010294831001374405,
yeast,False,1479,8,MCAR,0.3,0,MIWAE,1.1295500700758878,0.6391213284705927,0.06034985422740525,0,16.48532010300005,
yeast,False,1479,8,MCAR,0.3,0,Sinkhorn,1.0417323729338455,0.5760670405559942,0.11720116618075802,0,642.0987676770001,
yeast,False,1479,8,MCAR,0.3,0,HyperImpute,1.9737829568841636,0.815714714999913,0.0,0,31.147863705000418,
yeast,False,1479,8,MCAR,0.3,0,ReMasker,0.9955647526938911,0.5762479036884431,0.0,0,312.15952140100126,
yeast,False,1479,8,MCAR,0.3,1,Mean,1.0142423108149585,0.609331185221434,0.0,0,0.00044231900028535165,
yeast,False,1479,8,MCAR,0.3,1,NDI-0,1.104281309799024,0.7232903120742704,0.10272071071626875,0,0.003061800000068615,
yeast,False,1479,8,MCAR,0.3,1,NDI-C,1.0549014452641556,0.7124852717980494,0.10327595780122155,0,0.002336731000468717,
yeast,False,1479,8,MCAR,0.3,1,NDI-S,0.9729848374877337,0.581180118216361,0.016102165463631316,0,0.002479139000570285,
yeast,False,1479,8,MCAR,0.3,1,GaussCM,0.9691551082681766,0.5777000254110084,0.01776790671848973,0,0.018194628000856028,
yeast,False,1479,8,MCAR,0.3,1,KNN,1.0810695343425045,0.6575181159174894,0.0,0,0.20621750600002997,
yeast,False,1479,8,MCAR,0.3,1,MICE,0.9760203196560928,0.5831964835648897,0.011660188784008884,0,0.21695308800008206,
yeast,False,1479,8,MCAR,0.3,1,MissForest,0.9909971184856039,0.59615913299048,0.0,0,1.5050421260002622,
yeast,False,1479,8,MCAR,0.3,1,SoftImpute,0.9820031286171965,0.5856674482409848,0.001110494169905608,0,0.0744413419997727,
yeast,False,1479,8,MCAR,0.3,1,GAIN,1.1256436092337545,0.7278969083292522,0.0,0,10.943903694000255,
yeast,False,1479,8,MCAR,0.3,1,NDI-F1,0.9799358424418282,0.5841333577236014,0.012770682953914493,0,0.0029873860003135633,
yeast,False,1479,8,MCAR,0.3,1,NDI-F-noclip,1.0087064017350316,0.6428300173070569,0.060244308717379236,0,0.005389186000684276,
yeast,False,1479,8,MCAR,0.3,1,NDI-F,0.9951930673138298,0.6204833658110951,0.0,0,0.0038003769986971747,
yeast,False,1479,8,MCAR,0.3,1,Copula-NDI-F,1.0022584331694497,0.5558976447416133,0.0,0,0.010378113000115263,
yeast,False,1479,8,MCAR,0.3,2,Mean,0.9617590325120605,0.5846417649755488,0.0,0,0.0004777920003107283,
yeast,False,1479,8,MCAR,0.3,2,NDI-0,1.1148500355930278,0.7209028461057004,0.11205193338978267,0,0.0012680649997491855,
yeast,False,1479,8,MCAR,0.3,2,NDI-C,1.0339793228797616,0.6891160338772049,0.10922946655376799,0,0.0035225350002292544,
yeast,False,1479,8,MCAR,0.3,2,NDI-S,0.9248930886104721,0.5564610343075462,0.009031893875246966,0,0.0025482539986114716,
yeast,False,1479,8,MCAR,0.3,2,GaussCM,0.9207726006666513,0.5536151869675572,0.013547840812870448,0,0.017258394000236876,
yeast,False,1479,8,MCAR,0.3,2,KNN,1.0836180816500636,0.6696069917714302,0.0,0,0.15120755600037228,
yeast,False,1479,8,MCAR,0.3,2,MICE,0.9254386836604681,0.5591687161193073,0.0014112334180073384,0,0.22513944499951322,
yeast,False,1479,8,MCAR,0.3,2,MissForest,0.9549263626687382,0.577382024071608,0.0,0,1.5127624220003781,
yeast,False,1479,8,MCAR,0.3,2,SoftImpute,0.931639433400704,0.5607298870821253,0.0002822466836014677,0,0.0717153639998287,
yeast,False,1479,8,MCAR,0.3,2,GAIN,1.002018745442118,0.643852287318369,0.0,0,11.179132379000293,
yeast,False,1479,8,MCAR,0.3,2,NDI-F1,0.9279862466347044,0.5558833631888219,0.0,0,0.0033391280012438074,
yeast,False,1479,8,MCAR,0.3,2,NDI-F-noclip,0.9859170911688042,0.6424798457854712,0.09793959920970928,0,0.006207999000253039,
yeast,False,1479,8,MCAR,0.3,2,NDI-F,0.9775942952879683,0.6125427760800594,0.0,0,0.005643103999318555,
yeast,False,1479,8,MCAR,0.3,2,Copula-NDI-F,0.9636383285151773,0.528163476886573,0.0,0,0.011119497001345735,
yeast,False,1479,8,MCAR,0.5,0,Mean,0.9977715178866057,0.5977860461588732,0.0,0,0.0002948750006908085,
yeast,False,1479,8,MCAR,0.5,0,NDI-0,1.1342553624507345,0.7490302469751157,0.11196781763325511,0,0.0012289799997233786,
yeast,False,1479,8,MCAR,0.5,0,NDI-C,1.1280018583349234,0.7682852809823305,0.10157559503855179,0,0.002343382999242749,
yeast,False,1479,8,MCAR,0.5,0,NDI-S,0.9734888333822113,0.5809243860924964,0.02380154207173986,0,0.002493886000593193,
yeast,False,1479,8,MCAR,0.5,0,GaussCM,0.9728774945719572,0.581073240130428,0.03201475025142474,0,0.019057290999626275,
yeast,False,1479,8,MCAR,0.5,0,KNN,1.0996097316308322,0.6551969790958904,0.0,0,0.21352500500142924,
yeast,False,1479,8,MCAR,0.5,0,MICE,1.1276523299242245,0.7094011530279279,0.07241032517599731,0,0.152727753000363,
yeast,False,1479,8,MCAR,0.5,0,MissForest,1.0603925832575014,0.6522243299489602,0.0,0,1.5047848640006123,
yeast,False,1479,8,MCAR,0.5,0,SoftImpute,0.9811510109571245,0.5849821278701561,0.0025142474019443513,0,0.08038390099864046,
yeast,False,1479,8,MCAR,0.5,0,GAIN,1.3170484322056957,0.8671671974099402,0.0,0,10.894467703999908,
yeast,False,1479,8,MCAR,0.5,0,NDI-F1,0.9723543550146511,0.5769443668342439,0.0,0,0.003167404000123497,
yeast,False,1479,8,MCAR,0.5,0,NDI-F-noclip,1.029357228784335,0.6570583776811236,0.07425410660408985,0,0.003388708999409573,
yeast,False,1479,8,MCAR,0.5,0,NDI-F,1.0065406390117402,0.6257373612086277,0.0,0,0.004179468998700031,
yeast,False,1479,8,MCAR,0.5,0,Copula-NDI-F,1.0078097173770004,0.5476220720501432,0.0,0,0.009643032000894891,
yeast,False,1479,8,MCAR,0.5,1,Mean,0.9501848350975849,0.5945703490643475,0.0,0,0.00032500799898116384,
yeast,False,1479,8,MCAR,0.5,1,NDI-0,1.11049020102452,0.7603966798965391,0.10993513144417891,0,0.0011798269988503307,
yeast,False,1479,8,MCAR,0.5,1,NDI-C,1.0776907225267516,0.7584018444625852,0.09559576647319905,0,0.002301319000252988,
yeast,False,1479,8,MCAR,0.5,1,NDI-S,0.9226038681668517,0.5773701512255549,0.023898941618299762,0,0.0025242729989258805,
yeast,False,1479,8,MCAR,0.5,1,GaussCM,0.9199310587250972,0.5776540410026227,0.029532263571184703,0,0.020282846999180038,
yeast,False,1479,8,MCAR,0.5,1,KNN,1.0611563603121956,0.6619757104075371,0.0,0,0.23753769399991143,
yeast,False,1479,8,MCAR,0.5,1,MICE,1.159372112605198,0.7309400852707503,0.09900990099009901,0,0.15360172399959993,
yeast,False,1479,8,MCAR,0.5,1,MissForest,1.0165661481682697,0.6379220553407946,0.0,0,1.4386218709987588,
yeast,False,1479,8,MCAR,0.5,1,SoftImpute,0.9300202071968413,0.5803036582053578,0.002219187435984978,0,0.08173085499947774,
yeast,False,1479,8,MCAR,0.5,1,GAIN,1.238724535733639,0.8324981046370757,0.0,0,11.143890122000812,
yeast,False,1479,8,MCAR,0.5,1,NDI-F1,0.9309867369949015,0.5824307003193258,0.020655513827244794,0,0.0035831850000249688,
yeast,False,1479,8,MCAR,0.5,1,NDI-F-noclip,0.9678143810627722,0.639381696064978,0.07733014680778423,0,0.0036286220001784386,
yeast,False,1479,8,MCAR,0.5,1,NDI-F,0.9582254401350626,0.6197617723877882,0.0,0,0.0033602690000407165,
yeast,False,1479,8,MCAR,0.5,1,Copula-NDI-F,0.954532800664109,0.536427400706336,0.0,0,0.010506448001251556,
yeast,False,1479,8,MCAR,0.5,2,Mean,0.9982809105041125,0.6020290405850197,0.0,0,0.00047483399976044893,
yeast,False,1479,8,MCAR,0.5,2,NDI-0,1.1768635610232154,0.7750066160691813,0.12097042206713193,0,0.0014632869988417951,
yeast,False,1479,8,MCAR,0.5,2,NDI-C,1.1378542128865923,0.7847567687209728,0.10418743768693918,0,0.0021535670002776897,
yeast,False,1479,8,MCAR,0.5,2,NDI-S,0.969933936441734,0.583837832419949,0.018444666001994018,0,0.002049828999588499,
yeast,False,1479,8,MCAR,0.5,2,GaussCM,0.9692318662740993,0.5839491086817308,0.0196078431372549,0,0.018118867999874055,
yeast,False,1479,8,MCAR,0.5,2,KNN,1.1326287321784283,0.6956417799475394,0.0,0,0.21022616200025368,
yeast,False,1479,8,MCAR,0.5,2,MICE,1.3043666288954099,0.7154477777545017,0.07892987703555998,0,0.14976104500055953,
yeast,False,1479,8,MCAR,0.5,2,MissForest,1.0546553534411864,0.6464332342214324,0.0,0,1.4373942279999028,
yeast,False,1479,8,MCAR,0.5,2,SoftImpute,0.9795939100346525,0.5884227844133987,0.00016616816218012627,0,0.07947837000028812,
yeast,False,1479,8,MCAR,0.5,2,GAIN,1.1228846961355605,0.7381761155955872,0.0,0,10.742004518000613,
yeast,False,1479,8,MCAR,0.5,2,NDI-F1,0.981726795577686,0.5912197566094859,0.01661681621801263,0,0.0032627259988657897,
yeast,False,1479,8,MCAR,0.5,2,NDI-F-noclip,1.0142542984972853,0.6506517380838871,0.06995679627783316,0,0.003532110999003635,
yeast,False,1479,8,MCAR,0.5,2,NDI-F,0.997428751552512,0.6259378543366351,0.0,0,0.0035372599995753262,
yeast,False,1479,8,MCAR,0.5,2,Copula-NDI-F,1.0003471206723646,0.5543636657581806,0.0,0,0.009904508999170503,
yeast,False,1479,8,MAR,0.3,0,Mean,0.9954738045430529,0.634032699215746,0.0,0,0.0003157219998684013,
yeast,False,1479,8,MAR,0.3,0,NDI-0,1.1372903003283725,0.7705066729151925,0.06005221932114883,0,0.001988381000046502,
yeast,False,1479,8,MAR,0.3,0,NDI-C,1.083667154553668,0.7455024198293401,0.0780388743835219,0,0.002178847000323003,
yeast,False,1479,8,MAR,0.3,0,NDI-S,0.9592848850914267,0.5979120668634835,0.037713954163040325,0,0.003401455000130227,
yeast,False,1479,8,MAR,0.3,0,GaussCM,0.9594207276425907,0.5987521062198174,0.026979982593559618,0,0.009249770999304019,
yeast,False,1479,8,MAR,0.3,0,KNN,1.0499659242325352,0.6506673055889135,0.0,0,0.12804002099983336,
yeast,False,1479,8,MAR,0.3,0,MICE,0.9764102227805777,0.6044986304585213,0.0034812880765883376,0,0.2060323839996272,
yeast,False,1479,8,MAR,0.3,0,MissForest,1.0017926109843331,0.6284017233797332,0.0,0,1.500052035000408,
yeast,False,1479,8,MAR,0.3,0,SoftImpute,0.9673373437831819,0.6072190629323887,0.001450536698578474,0,0.069888350999463,
yeast,False,1479,8,MAR,0.3,0,GAIN,1.1079548013189249,0.7101702822701589,0.0,0,11.321945526999116,
yeast,False,1479,8,MAR,0.3,0,NDI-F1,0.9593667897444437,0.5923670093835266,0.04670728169422687,0,0.0030810690004727803,
yeast,False,1479,8,MAR,0.3,0,NDI-F-noclip,1.0031379144966794,0.6384293955339704,0.05947200464171744,0,0.0034358609991613775,
yeast,False,1479,8,MAR,0.3,0,NDI-F,0.9966737564958654,0.6294261450544357,0.0,0,0.003738074001375935,
yeast,False,1479,8,MAR,0.3,0,Copula-NDI-F,0.9915185132140698,0.5699409693213148,0.0,0,0.012555647999761277,
yeast,False,1479,8,MAR,0.3,0,MIWAE,1.03616237911951,0.6360051729267283,0.10850014505366985,0,16.029131993000192,
yeast,False,1479,8,MAR,0.3,0,Sinkhorn,1.003258463558847,0.5940466772573116,0.06846533217290397,0,621.3662449019994,
yeast,False,1479,8,MAR,0.3,0,HyperImpute,1.0478751858578683,0.6520211625979846,0.0,0,17.878106075000687,
yeast,False,1479,8,MAR,0.3,0,ReMasker,0.9900639621248671,0.6166651973522456,0.0,0,296.6408751729996,
yeast,False,1479,8,MAR,0.3,1,Mean,0.9409392681259814,0.5357943623494288,0.0,0,0.0003024620000360301,
yeast,False,1479,8,MAR,0.3,1,NDI-0,1.038027646762959,0.6783158401289713,0.12680033888731998,0,0.0011066629995184485,
yeast,False,1479,8,MAR,0.3,1,NDI-C,1.0206840534163406,0.6912033698554615,0.0875458909912454,0,0.0021345269997254945,
yeast,False,1479,8,MAR,0.3,1,NDI-S,0.9114014308369868,0.5196450593406341,0.008189776899181022,0,0.002349069000047166,
yeast,False,1479,8,MAR,0.3,1,GaussCM,0.9103038548920075,0.5195207486681023,0.012708274498729173,0,0.0115289670011407,
yeast,False,1479,8,MAR,0.3,1,KNN,0.9937327424238623,0.5458337894620254,0.0,0,0.13330371100164484,
yeast,False,1479,8,MAR,0.3,1,MICE,0.9152071475795842,0.5211351307715794,0.0,0,0.15533145599874842,
yeast,False,1479,8,MAR,0.3,1,MissForest,0.9464447656745819,0.5452584288070667,0.0,0,1.3883427410000877,
yeast,False,1479,8,MAR,0.3,1,SoftImpute,0.9160571353804201,0.5197484861089191,0.0002824060999717594,0,0.14619316999960574,
yeast,False,1479,8,MAR,0.3,1,GAIN,1.0134306235080388,0.5892567858725298,0.0,0,10.572609062000993,
yeast,False,1479,8,MAR,0.3,1,NDI-F1,0.9200701925526503,0.5115642330513998,0.0036712792996328723,0,0.0032473940009367652,
yeast,False,1479,8,MAR,0.3,1,NDI-F-noclip,0.9637629316786622,0.5974476577281109,0.06664783959333521,0,0.0038485810000565834,
yeast,False,1479,8,MAR,0.3,1,NDI-F,0.9484359398311812,0.5719566539938967,0.0,0,0.005780457999208011,
yeast,False,1479,8,MAR,0.3,1,Copula-NDI-F,0.941106229377833,0.4690088608427915,0.0,0,0.010049424001408624,
yeast,False,1479,8,MAR,0.3,2,Mean,1.0176655830954469,0.5635070021156693,0.0,0,0.0004118590004509315,
yeast,False,1479,8,MAR,0.3,2,NDI-0,1.1115899087545318,0.6991517778006204,0.1457975986277873,0,0.0013762510006927187,
yeast,False,1479,8,MAR,0.3,2,NDI-C,1.0658788146444558,0.6818821819336529,0.14208118925100058,0,0.0016538240015506744,
yeast,False,1479,8,MAR,0.3,2,NDI-S,0.9750930666574664,0.5326399270238806,0.0631789594053745,0,0.0021196960005909204,
yeast,False,1479,8,MAR,0.3,2,GaussCM,0.9706765097777549,0.5287701162436927,0.07289879931389365,0,0.01423973100099829,
yeast,False,1479,8,MAR,0.3,2,KNN,1.0663300854675328,0.5793938673533969,0.0,0,0.13077778600018064,
yeast,False,1479,8,MAR,0.3,2,MICE,1.0095501099590032,0.5561173743153632,0.07518582046883934,0,0.21245101699969382,
yeast,False,1479,8,MAR,0.3,2,MissForest,1.0084425867568023,0.551686211372009,0.0,0,1.4501276520004467,
yeast,False,1479,8,MAR,0.3,2,SoftImpute,0.9846913057421478,0.5355965827386532,0.012578616352201259,0,0.07190551799976674,
yeast,False,1479,8,MAR,0.3,2,GAIN,1.122498696647346,0.6779082070868456,0.0,0,10.196030432998668,
yeast,False,1479,8,MAR,0.3,2,NDI-F1,0.9720414369134777,0.5201480474992318,0.003430531732418525,0,0.004561347001072136,
yeast,False,1479,8,MAR,0.3,2,NDI-F-noclip,1.0348320712606718,0.6435620163141663,0.14636935391652373,0,0.004019616999357822,
yeast,False,1479,8,MAR,0.3,2,NDI-F,0.9990362696745353,0.5756498299058069,0.0,0,0.0038008899991837097,
yeast,False,1479,8,MAR,0.3,2,Copula-NDI-F,0.9832136509602953,0.48156169282390515,0.0,0,0.00962724300006812,
yeast,False,1479,8,MNAR,0.3,0,Mean,1.15211619544006,0.7115142286811601,0.0,0,0.0002882739991036942,
yeast,False,1479,8,MNAR,0.3,0,NDI-0,2.347209551436614,1.32228465029376,0.17282169648009232,0,0.002052877000096487,
yeast,False,1479,8,MNAR,0.3,0,NDI-C,1.1748853333669869,0.7698149913645016,0.04760530871321408,0,0.0027958840000792406,
yeast,False,1479,8,MNAR,0.3,0,NDI-S,1.1086388290012847,0.6803212358510751,0.004616272360069244,0,0.002760129000307643,
yeast,False,1479,8,MNAR,0.3,0,GaussCM,1.09663925226511,0.6699982309928711,0.12723600692440853,0,0.016785351999715203,
yeast,False,1479,8,MNAR,0.3,0,KNN,1.2452320748014993,0.7698749203726529,0.0,0,0.22667539499889244,
yeast,False,1479,8,MNAR,0.3,0,MICE,1.0698680582825857,0.6444788143697425,0.0,0,0.19310542200037162,
yeast,False,1479,8,MNAR,0.3,0,MissForest,1.1152351103131675,0.6695036977318554,0.0,0,1.4675007839996397,
yeast,False,1479,8,MNAR,0.3,0,SoftImpute,1.1247316336209108,0.691956185078918,0.12261973456433929,0,0.07480150699848309,
yeast,False,1479,8,MNAR,0.3,0,GAIN,1.3474467066829365,0.8869314483595948,0.12261973456433929,0,11.31091823099996,
yeast,False,1479,8,MNAR,0.3,0,NDI-F1,1.0966675024246788,0.6731825899262317,0.009809578765147143,0,0.0026876709998759907,
yeast,False,1479,8,MNAR,0.3,0,NDI-F-noclip,1.1254031055527483,0.7190935302998275,0.172533179457588,0,0.004784508000739152,
yeast,False,1479,8,MNAR,0.3,0,NDI-F,1.1191860046181483,0.7010299871508981,0.0,0,0.003344347000165726,
yeast,False,1479,8,MNAR,0.3,0,Copula-NDI-F,1.0539013974309837,0.5830484766490162,0.0,0,0.009193277999656857,
yeast,False,1479,8,MNAR,0.3,0,MIWAE,1.2202964804182472,0.7269198324832102,0.14829774956722447,0,16.039722980998704,
yeast,False,1479,8,MNAR,0.3,0,Sinkhorn,1.1092437883377875,0.6332920747631068,0.18436237738026542,0,631.4727451650015,
yeast,False,1479,8,MNAR,0.3,0,HyperImpute,1.1458748891913904,0.6644123737005926,0.0,0,29.280900478001058,
yeast,False,1479,8,MNAR,0.3,0,ReMasker,1.0952650660059207,0.6463713254810651,0.12261973456433929,0,286.49239468199994,
yeast,False,1479,8,MNAR,0.3,1,Mean,1.2209379367379511,0.7523003400696319,0.0,0,0.00045369999861577526,
yeast,False,1479,8,MNAR,0.3,1,NDI-0,2.3677803843438867,1.3167263082597735,0.1761744966442953,0,0.0014812169993092539,
yeast,False,1479,8,MNAR,0.3,1,NDI-C,1.2479125122711325,0.7988791171967558,0.057885906040268456,0,0.0018087299995386275,
yeast,False,1479,8,MNAR,0.3,1,NDI-S,1.1834937875380862,0.7192766392542101,0.0016778523489932886,0,0.002385599000263028,
yeast,False,1479,8,MNAR,0.3,1,GaussCM,1.1781049813006585,0.7129336307368619,0.12472035794183445,0,0.023839059998863377,
yeast,False,1479,8,MNAR,0.3,1,KNN,1.3091894802138502,0.8156713510027019,0.0,0,0.13666708200071298,
yeast,False,1479,8,MNAR,0.3,1,MICE,1.1620807091621321,0.6936635113676541,0.0,0,0.1494998679991113,
yeast,False,1479,8,MNAR,0.3,1,MissForest,1.1982829060522773,0.7149637868765744,0.0,0,1.4305241230013053,
yeast,False,1479,8,MNAR,0.3,1,SoftImpute,1.193213406171379,0.7291268617076833,0.12276286353467561,0,0.10450961099923006,
yeast,False,1479,8,MNAR,0.3,1,GAIN,1.2391874267772796,0.8081341629358284,0.12248322147651007,0,9.871372326999335,
yeast,False,1479,8,MNAR,0.3,1,NDI-F1,1.1804605361829976,0.7151107390145949,0.12248322147651007,0,0.004241873999490053,
yeast,False,1479,8,MNAR,0.3,1,NDI-F-noclip,1.215287882820754,0.7589003007939538,0.18092841163310963,0,0.0034213620001537492,
yeast,False,1479,8,MNAR,0.3,1,NDI-F,1.212567995734661,0.7441056416169699,0.0,0,0.0039148850009951275,
yeast,False,1479,8,MNAR,0.3,1,Copula-NDI-F,1.179674723471653,0.6654714322316301,0.0,0,0.010630066000885563,
yeast,False,1479,8,MNAR,0.3,2,Mean,1.2308140125098588,0.7318071025266358,0.0,0,0.00031202099853544496,
yeast,False,1479,8,MNAR,0.3,2,NDI-0,4.688355520068025,2.0216050709013786,0.17908756021535846,0,0.0023817429992050165,
yeast,False,1479,8,MNAR,0.3,2,NDI-C,1.2760893618865845,0.8087520778705978,0.0501558515160102,0,0.0016766939988883678,
yeast,False,1479,8,MNAR,0.3,2,NDI-S,1.2030196998467715,0.7113121342918206,0.0036837631056956645,0,0.0020025189987791236,
yeast,False,1479,8,MNAR,0.3,2,GaussCM,1.1956005126718265,0.7054405853625103,0.05270614905072259,0,0.018127395000192337,
yeast,False,1479,8,MNAR,0.3,2,KNN,1.302639409400016,0.7806870267021984,0.0,0,0.19011334700007865,
yeast,False,1479,8,MNAR,0.3,2,MICE,1.182871541160143,0.6941284157631128,0.0,0,0.1199968290002289,
yeast,False,1479,8,MNAR,0.3,2,MissForest,1.19633522887836,0.7027455087170739,0.0,0,1.437808438000502,
yeast,False,1479,8,MNAR,0.3,2,SoftImpute,1.2110642081010459,0.7174211912151406,0.11221309152734486,0,0.06775758300136658,
yeast,False,1479,8,MNAR,0.3,2,GAIN,1.2285701080030624,0.7489851734624037,0.13261547180504393,0,10.482546821000142,
yeast,False,1479,8,MNAR,0.3,2,NDI-F1,1.1956604691530521,0.7021097322386899,0.000850099178237461,0,0.0032819040006870637,
yeast,False,1479,8,MNAR,0.3,2,NDI-F-noclip,1.2236605362201132,0.7594280557968835,0.1572683479739303,0,0.004769111999848974,
yeast,False,1479,8,MNAR,0.3,2,NDI-F,1.210107364155942,0.7366272287405581,0.0,0,0.0033440989991504466,
yeast,False,1479,8,MNAR,0.3,2,Copula-NDI-F,1.1756383940732402,0.6467945788406674,0.0,0,0.0093173619989102,
banknote,False,1372,4,MCAR,0.1,0,Mean,1.0365011014729872,0.8254444459138955,0.0,0,0.00015522099965892266,
banknote,False,1372,4,MCAR,0.1,0,NDI-0,1.2495110202000286,0.9879801470280151,0.003424657534246575,0,0.0006289520006248495,
banknote,False,1372,4,MCAR,0.1,0,NDI-C,0.85158844113051,0.655251965155713,0.018835616438356163,0,0.0010845890010386938,
banknote,False,1372,4,MCAR,0.1,0,NDI-S,0.842468414970508,0.6575620508621194,0.0017123287671232876,0,0.001835683000535937,
banknote,False,1372,4,MCAR,0.1,0,GaussCM,0.765389698843382,0.6135305907200709,0.0,0,0.0028054249996785074,
banknote,False,1372,4,MCAR,0.1,0,KNN,0.6596299003376466,0.48397273980919675,0.0,0,0.04115807800008042,
banknote,False,1372,4,MCAR,0.1,0,MICE,0.763682918530741,0.61291250745726,0.0,0,0.0906757730008394,
banknote,False,1372,4,MCAR,0.1,0,MissForest,0.5458956767416543,0.3560796432572489,0.0,0,0.7707876269996632,
banknote,False,1372,4,MCAR,0.1,0,SoftImpute,0.8222364689418767,0.6501250665015156,0.0,0,0.019899443999747746,
banknote,False,1372,4,MCAR,0.1,0,GAIN,0.9283985742586875,0.7300240667636413,0.0,0,10.535112968000249,
banknote,False,1372,4,MCAR,0.1,0,NDI-F1,0.8958836487396437,0.688456922652009,0.011986301369863013,0,0.0019549970002117334,
banknote,False,1372,4,MCAR,0.1,0,NDI-F-noclip,0.7859280888672757,0.6393869601262178,0.0136986301369863,0,0.0021906839992880123,
banknote,False,1372,4,MCAR,0.1,0,NDI-F,0.7813973235838559,0.6356639203984584,0.0,0,0.001992076000533416,
banknote,False,1372,4,MCAR,0.1,0,Copula-NDI-F,0.764472768459332,0.5954419601552026,0.0,0,0.005523404999621562,
banknote,False,1372,4,MCAR,0.1,1,Mean,0.9819330063110626,0.802639714074838,0.0,0,0.00017049500092980452,
banknote,False,1372,4,MCAR,0.1,1,NDI-0,1.2619266752542935,1.0004382135867445,0.010968921389396709,0,0.0008699099998921156,
banknote,False,1372,4,MCAR,0.1,1,NDI-C,0.7535591712049377,0.6037534843251162,0.005484460694698354,0,0.0016084420003608102,
banknote,False,1372,4,MCAR,0.1,1,NDI-S,0.7632722989677434,0.6212463891513195,0.0,0,0.0014175599990267074,
banknote,False,1372,4,MCAR,0.1,1,GaussCM,0.7173429652344722,0.5710712644505763,0.0,0,0.0023888699997769436,
banknote,False,1372,4,MCAR,0.1,1,KNN,0.6624056740318802,0.47972471944381195,0.0,0,0.034605258999363286,
banknote,False,1372,4,MCAR,0.1,1,MICE,0.7238880254489153,0.5763084113737282,0.005484460694698354,0,0.09123159199953079,
banknote,False,1372,4,MCAR,0.1,1,MissForest,0.5032657842921854,0.32761463919797235,0.0,0,0.7704948829996283,
banknote,False,1372,4,MCAR,0.1,1,SoftImpute,0.7646364746679005,0.6195103826209081,0.0,0,0.018436798000038834,
banknote,False,1372,4,MCAR,0.1,1,GAIN,0.7793727810007248,0.6262747005249486,0.0,0,10.548701966999943,
banknote,False,1372,4,MCAR,0.1,1,NDI-F1,0.7878236817066416,0.625542307474155,0.0018281535648994515,0,0.002509796000595088,
banknote,False,1372,4,MCAR,0.1,1,NDI-F-noclip,0.7610140048352427,0.6030733647375769,0.025594149908592323,0,0.0022974389994487865,
banknote,False,1372,4,MCAR,0.1,1,NDI-F,0.7531930366693876,0.5972108526025314,0.0,0,0.002073191000818042,
banknote,False,1372,4,MCAR,0.1,1,Copula-NDI-F,0.713095169272102,0.5479546859842843,0.0,0,0.005856144000063068,
banknote,False,1372,4,MCAR,0.1,2,Mean,1.041753716450194,0.8512306530768834,0.0,0,0.00022909600011189468,
banknote,False,1372,4,MCAR,0.1,2,NDI-0,1.3264079838279528,1.0577559003289467,0.005067567567567568,0,0.0008854209991113748,
banknote,False,1372,4,MCAR,0.1,2,NDI-C,0.764680714531846,0.5936082749492246,0.0,0,0.001064263999069226,
banknote,False,1372,4,MCAR,0.1,2,NDI-S,0.7931979445542165,0.6339213362960987,0.0,0,0.0009960629995475756,
banknote,False,1372,4,MCAR,0.1,2,GaussCM,0.7195230271190771,0.5707464655507164,0.0,0,0.0025057030015886994,
banknote,False,1372,4,MCAR,0.1,2,KNN,0.7035535634988852,0.5206910007443947,0.0,0,0.03775948699876608,
banknote,False,1372,4,MCAR,0.1,2,MICE,0.7189969438009348,0.5725759583840391,0.0,0,0.08811082700049155,
banknote,False,1372,4,MCAR,0.1,2,MissForest,0.515014414972674,0.3275910396831347,0.0,0,0.7784584289984195,
banknote,False,1372,4,MCAR,0.1,2,SoftImpute,0.7989425392338821,0.6420066475919004,0.0,0,0.021302121998814982,
banknote,False,1372,4,MCAR,0.1,2,GAIN,0.7848849877914571,0.6160208327043655,0.0,0,10.455026014000396,
banknote,False,1372,4,MCAR,0.1,2,NDI-F1,0.8052325772156006,0.6245333135901379,0.0,0,0.002762320000329055,
banknote,False,1372,4,MCAR,0.1,2,NDI-F-noclip,0.7449283367917728,0.5953136724332064,0.02027027027027027,0,0.0022353650001605274,
banknote,False,1372,4,MCAR,0.1,2,NDI-F,0.7393054295548213,0.5906658419863247,0.0,0,0.0022024280006007757,
banknote,False,1372,4,MCAR,0.1,2,Copula-NDI-F,0.70934059441491,0.5532388340979558,0.0,0,0.005663274001562968,
banknote,False,1372,4,MCAR,0.3,0,Mean,0.9793496254585383,0.7915243413162816,0.0,0,0.0001571669999975711,
banknote,False,1372,4,MCAR,0.3,0,NDI-0,1.29116902372962,1.0192466501309414,0.010532837670384139,0,0.0012907540003652684,
banknote,False,1372,4,MCAR,0.3,0,NDI-C,0.827697428351012,0.6557345020903302,0.012391573729863693,0,0.0013505070000974229,
banknote,False,1372,4,MCAR,0.3,0,NDI-S,0.7952658369436718,0.640376557970965,0.0,0,0.001269417000003159,
banknote,False,1372,4,MCAR,0.3,0,GaussCM,0.7571891367696488,0.604774283025595,0.0006195786864931846,0,0.0031697199992777314,
banknote,False,1372,4,MCAR,0.3,0,KNN,0.8967127088375058,0.6881380405125259,0.0,0,0.10334838200105878,
banknote,False,1372,4,MCAR,0.3,0,MICE,0.7816190879009569,0.6215903407432666,0.0037174721189591076,0,0.09856104800019239,
banknote,False,1372,4,MCAR,0.3,0,MissForest,0.6640321850207832,0.4670219312873661,0.0,0,0.7204489920004562,
banknote,False,1372,4,MCAR,0.3,0,SoftImpute,0.8082195525929232,0.6552119245533393,0.0,0,0.025527294999847072,
banknote,False,1372,4,MCAR,0.3,0,GAIN,0.8970601080275323,0.7086879609122276,0.0,0,10.511633674999757,
banknote,False,1372,4,MCAR,0.3,0,NDI-F1,0.8226659979868091,0.6505794333252176,0.0006195786864931846,0,0.002146131999325007,
banknote,False,1372,4,MCAR,0.3,0,NDI-F-noclip,0.7810680603924712,0.6253450444208248,0.0080545229244114,0,0.0024033999998209765,
banknote,False,1372,4,MCAR,0.3,0,NDI-F,0.7794846173964315,0.62420458101162,0.0,0,0.002485250000972883,
banknote,False,1372,4,MCAR,0.3,0,Copula-NDI-F,0.7687374821104791,0.5960504723294907,0.0,0,0.007468208001228049,
banknote,False,1372,4,MCAR,0.3,0,MIWAE,0.7169391758807065,0.5144290611774689,0.0006195786864931846,0,15.783228575999601,
banknote,False,1372,4,MCAR,0.3,0,Sinkhorn,0.7876946484379626,0.5748778325347057,0.0,0,598.898431732001,
banknote,False,1372,4,MCAR,0.3,0,HyperImpute,0.6958410333033997,0.4762406310198663,0.0,0,9.214800332001687,
banknote,False,1372,4,MCAR,0.3,0,ReMasker,0.7460830345426431,0.5436885315834198,0.0,0,263.6370403769997,
banknote,False,1372,4,MCAR,0.3,1,Mean,0.9968347022126858,0.7990369237775131,0.0,0,0.000769629999922472,
banknote,False,1372,4,MCAR,0.3,1,NDI-0,1.3160372111280627,1.0312731910757689,0.016039481801357187,0,0.0012374399993859697,
banknote,False,1372,4,MCAR,0.3,1,NDI-C,0.8086706018347046,0.6347414849939865,0.01418877236273905,0,0.0013276709996716818,
banknote,False,1372,4,MCAR,0.3,1,NDI-S,0.7872448260408228,0.6305475307909209,0.0,0,0.0012660619995585876,
banknote,False,1372,4,MCAR,0.3,1,GaussCM,0.7410849363903844,0.5887415786419136,0.0006169031462060457,0,0.0035989139996672748,
banknote,False,1372,4,MCAR,0.3,1,KNN,0.899057874522354,0.6941105321255985,0.0,0,0.0869050259989308,
banknote,False,1372,4,MCAR,0.3,1,MICE,0.7562891987585252,0.6007562946800233,0.007402837754472548,0,0.070972323001115,
banknote,False,1372,4,MCAR,0.3,1,MissForest,0.6381562857786961,0.4454062690664805,0.0,0,1.0801875939996535,
banknote,False,1372,4,MCAR,0.3,1,SoftImpute,0.8132610537412457,0.6511091030398861,0.0,0,0.02698465300090902,
banknote,False,1372,4,MCAR,0.3,1,GAIN,0.761312725379115,0.6033043476899577,0.0,0,10.800367457999528,
banknote,False,1372,4,MCAR,0.3,1,NDI-F1,0.8103597469304029,0.6391391471720768,0.0,0,0.002256126999782282,
banknote,False,1372,4,MCAR,0.3,1,NDI-F-noclip,0.7647807629465095,0.6120230386078547,0.012954966070326958,0,0.0026069539999298286,
banknote,False,1372,4,MCAR,0.3,1,NDI-F,0.760198123863784,0.6078572909207763,0.0,0,0.0025808430000324734,
banknote,False,1372,4,MCAR,0.3,1,Copula-NDI-F,0.7561516170686184,0.5900014170395029,0.0,0,0.006969192998440121,
banknote,False,1372,4,MCAR,0.3,2,Mean,0.9947912408815802,0.7913587602419562,0.0,0,0.00031850000050326344,
banknote,False,1372,4,MCAR,0.3,2,NDI-0,1.3107929094032664,1.0275825024815242,0.015854374633000587,0,0.0011923069996555569,
banknote,False,1372,4,MCAR,0.3,2,NDI-C,0.8395756461073739,0.6521300980371264,0.015854374633000587,0,0.0016181840001081582,
banknote,False,1372,4,MCAR,0.3,2,NDI-S,0.8051141641123883,0.638057423049178,0.0011743981209630064,0,0.0016838330011523794,
banknote,False,1372,4,MCAR,0.3,2,GaussCM,0.7684308080769768,0.6178569918354916,0.0,0,0.0038562579993595136,
banknote,False,1372,4,MCAR,0.3,2,KNN,0.8896622889618141,0.6857165260402186,0.0,0,0.10072612499971001,
banknote,False,1372,4,MCAR,0.3,2,MICE,0.7853948774637179,0.6293126338476949,0.012918379330593071,0,0.08213910599988594,
banknote,False,1372,4,MCAR,0.3,2,MissForest,0.6958450102755233,0.48270102479219074,0.0,0,1.0525540859998728,
banknote,False,1372,4,MCAR,0.3,2,SoftImpute,0.8253390346761894,0.6580490993335594,0.0,0,0.026734748000308173,
banknote,False,1372,4,MCAR,0.3,2,GAIN,0.7839039617464291,0.6243761027824418,0.0,0,11.057156233000569,
banknote,False,1372,4,MCAR,0.3,2,NDI-F1,0.8258941063729575,0.649993166653223,0.0035231943628890195,0,0.002604289000373683,
banknote,False,1372,4,MCAR,0.3,2,NDI-F-noclip,0.7991014230520246,0.6463543758591883,0.012331180270111567,0,0.0024706049989617895,
banknote,False,1372,4,MCAR,0.3,2,NDI-F,0.7959774460713663,0.6429807691631759,0.0,0,0.003119224000329268,
banknote,False,1372,4,MCAR,0.3,2,Copula-NDI-F,0.7968673836224541,0.6240204612374626,0.0,0,0.007057016000544536,
banknote,False,1372,4,MCAR,0.5,0,Mean,1.0114689445412874,0.8121682690164801,0.0,0,0.0002953389994218014,
banknote,False,1372,4,MCAR,0.5,0,NDI-0,1.365078437721024,1.057851249901952,0.015890613451589063,0,0.001824496999688563,
banknote,False,1372,4,MCAR,0.5,0,NDI-C,0.9402575448731146,0.7255086167426965,0.02106430155210643,0,0.0024207210008171387,
banknote,False,1372,4,MCAR,0.5,0,NDI-S,0.8629170235836137,0.6857451565174444,0.0014781966001478197,0,0.002276887000334682,
banknote,False,1372,4,MCAR,0.5,0,GaussCM,0.8323203505080919,0.6542664061055242,0.0011086474501108647,0,0.004729046999273123,
banknote,False,1372,4,MCAR,0.5,0,KNN,0.924224878269477,0.7105027987785747,0.0,0,0.17280405199926463,
banknote,False,1372,4,MCAR,0.5,0,MICE,0.8705748933362456,0.6827265431208183,0.009238728750923873,0,0.10590811100155406,
banknote,False,1372,4,MCAR,0.5,0,MissForest,0.8202793725686789,0.6039464467062422,0.0,0,0.9993357180010207,
banknote,False,1372,4,MCAR,0.5,0,SoftImpute,0.9032061800896666,0.7230556013012822,0.0,0,0.04803410599924973,
banknote,False,1372,4,MCAR,0.5,0,GAIN,0.8860418474959884,0.6800775810725328,0.0,0,10.228284045000692,
banknote,False,1372,4,MCAR,0.5,0,NDI-F1,0.8880357982516492,0.6921689519882294,0.0066518847006651885,0,0.0029699269998673117,
banknote,False,1372,4,MCAR,0.5,0,NDI-F-noclip,0.8423145645495987,0.6615091473481898,0.009238728750923873,0,0.0027322120004100725,
banknote,False,1372,4,MCAR,0.5,0,NDI-F,0.8402329008092675,0.6596941805608633,0.0,0,0.002110315001118579,
banknote,False,1372,4,MCAR,0.5,0,Copula-NDI-F,0.8477358216864199,0.6470495256584413,0.0,0,0.005658015001245076,
banknote,False,1372,4,MCAR,0.5,1,Mean,1.0008678296037568,0.8067900693160202,0.0,0,0.00041788599992287345,
banknote,False,1372,4,MCAR,0.5,1,NDI-0,1.3514325517572743,1.0515308621953394,0.017909356725146198,0,0.0006981480000831652,
banknote,False,1372,4,MCAR,0.5,1,NDI-C,0.9288361995826043,0.7233475451595988,0.01864035087719298,0,0.0012178420001873747,
banknote,False,1372,4,MCAR,0.5,1,NDI-S,0.8556152194066803,0.6859276775320905,0.0007309941520467836,0,0.001479720000133966,
banknote,False,1372,4,MCAR,0.5,1,GaussCM,0.8355497722176479,0.6650153250897292,0.0007309941520467836,0,0.0035531850007828325,
banknote,False,1372,4,MCAR,0.5,1,KNN,0.9227975970058464,0.7251594592617375,0.0,0,0.11592466000001878,
banknote,False,1372,4,MCAR,0.5,1,MICE,0.8874817442083784,0.7053207200532221,0.012426900584795321,0,0.08453931599979114,
banknote,False,1372,4,MCAR,0.5,1,MissForest,0.8212797010659058,0.596398716720979,0.0,0,0.9847549679998338,
banknote,False,1372,4,MCAR,0.5,1,SoftImpute,0.8973434160782313,0.7215741469182612,0.0,0,0.04128609600047639,
banknote,False,1372,4,MCAR,0.5,1,GAIN,0.853329974206426,0.6730704954037398,0.0,0,10.899901578999561,
banknote,False,1372,4,MCAR,0.5,1,NDI-F1,0.8715433132415649,0.6943689088445396,0.001827485380116959,0,0.002421721999780857,
banknote,False,1372,4,MCAR,0.5,1,NDI-F-noclip,0.8523259538203609,0.6796031346188887,0.0062134502923976605,0,0.003276582001490169,
banknote,False,1372,4,MCAR,0.5,1,NDI-F,0.8517987489370306,0.678479400099473,0.0,0,0.0026260799986630445,
banknote,False,1372,4,MCAR,0.5,1,Copula-NDI-F,0.8532909181033717,0.657465915103073,0.0,0,0.005659690999891609,
banknote,False,1372,4,MCAR,0.5,2,Mean,1.0097311413664207,0.8085033326984193,0.0,0,0.00029992100098752417,
banknote,False,1372,4,MCAR,0.5,2,NDI-0,1.3261100664979146,1.037955128112195,0.021284271284271284,0,0.0009401749994140118,
banknote,False,1372,4,MCAR,0.5,2,NDI-C,0.9550096088060918,0.7388094578001315,0.01875901875901876,0,0.0017469190006522695,
banknote,False,1372,4,MCAR,0.5,2,NDI-S,0.8854777019296516,0.6979979014691824,0.00036075036075036075,0,0.0019861880009557353,
banknote,False,1372,4,MCAR,0.5,2,GaussCM,0.8632160408006573,0.6767318187627497,0.00036075036075036075,0,0.005972574999759672,
banknote,False,1372,4,MCAR,0.5,2,KNN,0.919081623695488,0.7124732796242145,0.0,0,0.12071733199991286,
banknote,False,1372,4,MCAR,0.5,2,MICE,0.9174371457171299,0.7211408063398818,0.012626262626262626,0,0.0804622739997285,
banknote,False,1372,4,MCAR,0.5,2,MissForest,0.8586824476708762,0.6287770619755592,0.0,0,0.7452910619995237,
banknote,False,1372,4,MCAR,0.5,2,SoftImpute,0.9132047412627223,0.7246161895968894,0.0,0,0.035520158999133855,
banknote,False,1372,4,MCAR,0.5,2,GAIN,0.8840332067681814,0.6915326696573962,0.0,0,11.233786818000226,
banknote,False,1372,4,MCAR,0.5,2,NDI-F1,0.9100407649732695,0.7065639235146072,0.002886002886002886,0,0.002361571001529228,
banknote,False,1372,4,MCAR,0.5,2,NDI-F-noclip,0.877614558960001,0.6886156819797441,0.007575757575757576,0,0.00278715700005705,
banknote,False,1372,4,MCAR,0.5,2,NDI-F,0.875936818264556,0.6865278265816466,0.0,0,0.0028033540002070367,
banknote,False,1372,4,MCAR,0.5,2,Copula-NDI-F,0.8777319785799124,0.6650536931597908,0.0,0,0.006157443000120111,
banknote,False,1372,4,MAR,0.3,0,Mean,0.9713135104348904,0.8216223368148333,0.0,0,0.00022515599994221702,
banknote,False,1372,4,MAR,0.3,0,NDI-0,1.2058474021526535,0.9914273804438268,0.0012307692307692308,0,0.0008550509992346633,
banknote,False,1372,4,MAR,0.3,0,NDI-C,0.8736628790198712,0.687654868202781,0.008615384615384615,0,0.0015379389988083858,
banknote,False,1372,4,MAR,0.3,0,NDI-S,0.824787828129238,0.6693331213517592,0.0012307692307692308,0,0.0019885940000676783,
banknote,False,1372,4,MAR,0.3,0,GaussCM,0.8012356597376379,0.6395668227770843,0.0012307692307692308,0,0.002787647999866749,
banknote,False,1372,4,MAR,0.3,0,KNN,0.6605586210558764,0.46568930871977904,0.0,0,0.07027161899895873,
banknote,False,1372,4,MAR,0.3,0,MICE,0.8651612481718108,0.684854003101582,0.04123076923076923,0,0.07208252799864567,
banknote,False,1372,4,MAR,0.3,0,MissForest,0.5886381881161207,0.41492663140487357,0.0,0,0.6847607800009428,
banknote,False,1372,4,MAR,0.3,0,SoftImpute,0.8184553061320979,0.6731439103421267,0.0,0,0.025618243000280927,
banknote,False,1372,4,MAR,0.3,0,GAIN,0.861928395518508,0.6438491607259038,0.0,0,10.112966796999899,
banknote,False,1372,4,MAR,0.3,0,NDI-F1,0.8747468826405497,0.6924145077882693,0.0036923076923076922,0,0.0037087130003783386,
banknote,False,1372,4,MAR,0.3,0,NDI-F-noclip,0.8430929054818175,0.677603768817158,0.009846153846153846,0,0.0038686789994244464,
banknote,False,1372,4,MAR,0.3,0,NDI-F,0.8421525500532371,0.6765969189604432,0.0,0,0.00308784399931028,
banknote,False,1372,4,MAR,0.3,0,Copula-NDI-F,0.7783945064026607,0.6060845472977797,0.0,0,0.006216826999661862,
banknote,False,1372,4,MAR,0.3,0,MIWAE,0.6259964886001297,0.44730228485620566,0.0012307692307692308,0,15.960024205000082,
banknote,False,1372,4,MAR,0.3,0,Sinkhorn,0.7477317491682167,0.5444669360297434,0.0,0,588.6558298670006,
banknote,False,1372,4,MAR,0.3,0,HyperImpute,0.6483377144763677,0.43849710923471147,0.0,0,9.343696631000057,
banknote,False,1372,4,MAR,0.3,0,ReMasker,0.7368964744627128,0.5197276774313858,0.0,0,268.84818816299776,
banknote,False,1372,4,MAR,0.3,1,Mean,0.9985935209542509,0.8147004524234736,0.0,0,0.00020288599989726208,
banknote,False,1372,4,MAR,0.3,1,NDI-0,1.3527853525784326,1.0966185334907677,0.00314070351758794,0,0.0007868510001571849,
banknote,False,1372,4,MAR,0.3,1,NDI-C,0.7264108426745932,0.5662925707040442,0.005025125628140704,0,0.0017303829990851227,
banknote,False,1372,4,MAR,0.3,1,NDI-S,0.7371177379229868,0.5889143784819494,0.0,0,0.0021742290009569842,
banknote,False,1372,4,MAR,0.3,1,GaussCM,0.6826376660239681,0.5420437517661907,0.0,0,0.0027954680008406285,
banknote,False,1372,4,MAR,0.3,1,KNN,0.8077204947575523,0.6150767517282438,0.0,0,0.07436902999688755,
banknote,False,1372,4,MAR,0.3,1,MICE,0.684973856070907,0.5390740201462654,0.008165829145728644,0,0.0694542149976769,
banknote,False,1372,4,MAR,0.3,1,MissForest,0.564646381136106,0.3833804342967702,0.0,0,0.7295379259994661,
banknote,False,1372,4,MAR,0.3,1,SoftImpute,0.7969717103645816,0.6427007631173085,0.0,0,0.02483789500183775,
banknote,False,1372,4,MAR,0.3,1,GAIN,1.2916053934996643,1.0150858033539105,0.0,0,10.711992306998582,
banknote,False,1372,4,MAR,0.3,1,NDI-F1,0.7582104659467981,0.6207166795003186,0.002512562814070352,0,0.0033772940005292185,
banknote,False,1372,4,MAR,0.3,1,NDI-F-noclip,0.7105238833112778,0.5576812365314398,0.022613065326633167,0,0.004266088999429485,
banknote,False,1372,4,MAR,0.3,1,NDI-F,0.7075168324810122,0.5551874247878709,0.0,0,0.0020025140001962427,
banknote,False,1372,4,MAR,0.3,1,Copula-NDI-F,0.724757554680726,0.5493030321118489,0.0,0,0.005941355000686599,
banknote,False,1372,4,MAR,0.3,2,Mean,1.2199893399367592,0.9403833456527348,0.0,0,0.00021877200197195634,
banknote,False,1372,4,MAR,0.3,2,NDI-0,1.4380709775702325,1.0643408586369214,0.01373134328358209,0,0.0010639840002113488,
banknote,False,1372,4,MAR,0.3,2,NDI-C,0.9293669615458463,0.7135898002305935,0.003582089552238806,0,0.0015817960011190735,
banknote,False,1372,4,MAR,0.3,2,NDI-S,1.0080980258627068,0.776154264500311,0.0,0,0.0027967720016022213,
banknote,False,1372,4,MAR,0.3,2,GaussCM,0.9438536674125076,0.7305039571362727,0.0,0,0.0030778709988226183,
banknote,False,1372,4,MAR,0.3,2,KNN,0.7099335020441888,0.5166019333928511,0.0,0,0.1017900170008943,
banknote,False,1372,4,MAR,0.3,2,MICE,0.8863197626354095,0.7033412216348939,0.01253731343283582,0,0.07793285400111927,
banknote,False,1372,4,MAR,0.3,2,MissForest,0.6631381804725883,0.4809562939043893,0.0,0,0.6701943529988057,
banknote,False,1372,4,MAR,0.3,2,SoftImpute,1.0925863457107272,0.8441601339006053,0.0,0,0.025145162999251625,
banknote,False,1372,4,MAR,0.3,2,GAIN,0.8643902516482078,0.6897348804056016,0.0,0,10.669029427001078,
banknote,False,1372,4,MAR,0.3,2,NDI-F1,0.9669848560516505,0.7426737101974127,0.0,0,0.0031351729994639754,
banknote,False,1372,4,MAR,0.3,2,NDI-F-noclip,0.9006337636565729,0.7023569874007349,0.0029850746268656717,0,0.005667559998983052,
banknote,False,1372,4,MAR,0.3,2,NDI-F,0.8995319362363264,0.7015146353548348,0.0,0,0.0026053940018755384,
banknote,False,1372,4,MAR,0.3,2,Copula-NDI-F,0.9429956194825666,0.7302218143166493,0.0,0,0.00595903800058295,
banknote,False,1372,4,MNAR,0.3,0,Mean,1.268165695231108,1.043290713700883,0.0,0,0.00018667900076252408,
banknote,False,1372,4,MNAR,0.3,0,NDI-0,1.4838093027159094,1.2083324813423395,0.004975124378109453,0,0.0008843299983709585,
banknote,False,1372,4,MNAR,0.3,0,NDI-C,1.0804494759583,0.8453721696059867,0.004353233830845771,0,0.0011922659978154115,
banknote,False,1372,4,MNAR,0.3,0,NDI-S,1.1108433304094658,0.88986424980225,0.0,0,0.001718051000352716,
banknote,False,1372,4,MNAR,0.3,0,GaussCM,1.050502894409233,0.8328030429919467,0.0018656716417910447,0,0.0036962949998269323,
banknote,False,1372,4,MNAR,0.3,0,KNN,1.163035375804464,0.8695810264999764,0.0,0,0.09215741899970453,
banknote,False,1372,4,MNAR,0.3,0,MICE,0.982929532721461,0.7656898124423465,0.006840796019900498,0,0.07432408100066823,
banknote,False,1372,4,MNAR,0.3,0,MissForest,0.809890181821033,0.5572991120257406,0.0,0,0.7672574280004483,
banknote,False,1372,4,MNAR,0.3,0,SoftImpute,1.1381931589483132,0.9217543717676692,0.0,0,0.025616736002120888,
banknote,False,1372,4,MNAR,0.3,0,GAIN,0.913675200383083,0.697271072120142,0.0,0,10.441685690999293,
banknote,False,1372,4,MNAR,0.3,0,NDI-F1,1.129280679806969,0.8914669898592913,0.004353233830845771,0,0.004432031000760617,
banknote,False,1372,4,MNAR,0.3,0,NDI-F-noclip,1.0271012118775058,0.8090550196759905,0.006840796019900498,0,0.0037861679993511643,
banknote,False,1372,4,MNAR,0.3,0,NDI-F,1.0247300339120589,0.8074618556448654,0.0,0,0.0038395119991037063,
banknote,False,1372,4,MNAR,0.3,0,Copula-NDI-F,1.0438523936696507,0.8008652953648018,0.0,0,0.008200763000786537,
banknote,False,1372,4,MNAR,0.3,0,MIWAE,0.9814490473999334,0.6898869324487471,0.0012437810945273632,0,16.066545109002618,
banknote,False,1372,4,MNAR,0.3,0,Sinkhorn,1.1395477467447042,0.8586942315578598,0.0,0,574.2553232249993,
banknote,False,1372,4,MNAR,0.3,0,HyperImpute,0.790775008611433,0.5396029897813113,0.0,0,7.396729266998591,
banknote,False,1372,4,MNAR,0.3,0,ReMasker,0.9786331087542357,0.7195478834785187,0.0,0,262.2226731239971,
banknote,False,1372,4,MNAR,0.3,1,Mean,1.343173550329125,1.0727811784027175,0.0,0,0.0002219240013801027,
banknote,False,1372,4,MNAR,0.3,1,NDI-0,1.5926426659455926,1.246126101812635,0.01696969696969697,0,0.00115491600081441,
banknote,False,1372,4,MNAR,0.3,1,NDI-C,1.1604999021471858,0.9002568592308126,0.014545454545454545,0,0.0012680299987550825,
banknote,False,1372,4,MNAR,0.3,1,NDI-S,1.171715647993978,0.924377159564299,0.0006060606060606061,0,0.0012991610019525979,
banknote,False,1372,4,MNAR,0.3,1,GaussCM,1.136728960491685,0.8938944350908213,0.0006060606060606061,0,0.00365936399975908,
banknote,False,1372,4,MNAR,0.3,1,KNN,1.2523430217726335,0.9686713419965479,0.0,0,0.09344641899951966,
banknote,False,1372,4,MNAR,0.3,1,MICE,1.0090563288763852,0.77426851949465,0.0006060606060606061,0,0.07779073599886033,
banknote,False,1372,4,MNAR,0.3,1,MissForest,0.8686717937323885,0.5993983893631437,0.0,0,0.7408070150013373,
banknote,False,1372,4,MNAR,0.3,1,SoftImpute,1.2235731005000523,0.9714840175473163,0.0,0,0.025894942999002524,
banknote,False,1372,4,MNAR,0.3,1,GAIN,0.949113045840972,0.7477227655767359,0.0,0,10.393836068000383,
banknote,False,1372,4,MNAR,0.3,1,NDI-F1,1.1535513279167537,0.9092212719623595,0.0006060606060606061,0,0.0023352040007011965,
banknote,False,1372,4,MNAR,0.3,1,NDI-F-noclip,1.123898821411699,0.8789368930734038,0.0018181818181818182,0,0.0031563740012643393,
banknote,False,1372,4,MNAR,0.3,1,NDI-F,1.123430145779956,0.8786448924480624,0.0,0,0.0037724240028182976,
banknote,False,1372,4,MNAR,0.3,1,Copula-NDI-F,1.1691510163715435,0.9007824390965337,0.0,0,0.0057230040001741145,
banknote,False,1372,4,MNAR,0.3,2,Mean,1.1280710625648647,0.9449369875456881,0.0,0,0.0002302409993717447,
banknote,False,1372,4,MNAR,0.3,2,NDI-0,1.4110921698665437,1.1484631887513364,0.010131108462455305,0,0.0010229290019196924,
banknote,False,1372,4,MNAR,0.3,2,NDI-C,0.9598593550072996,0.7754913520526551,0.013110846245530394,0,0.0017030029994202778,
banknote,False,1372,4,MNAR,0.3,2,NDI-S,0.9423817784102427,0.7913722851331766,0.0,0,0.0014699720013595652,
banknote,False,1372,4,MNAR,0.3,2,GaussCM,0.9038513131763758,0.7396612374448507,0.0,0,0.005373994001274696,
banknote,False,1372,4,MNAR,0.3,2,KNN,1.0789613809202068,0.8444463175103446,0.0,0,0.08978428000045824,
banknote,False,1372,4,MNAR,0.3,2,MICE,0.7936506957957912,0.6356858279817389,0.00834326579261025,0,0.06814704700082075,
banknote,False,1372,4,MNAR,0.3,2,MissForest,0.6003275728856139,0.42751216523433216,0.0,0,0.7222299560016836,
banknote,False,1372,4,MNAR,0.3,2,SoftImpute,0.9802814608406828,0.823466653942506,0.0,0,0.026577379001537338,
banknote,False,1372,4,MNAR,0.3,2,GAIN,0.6971038531146202,0.5572158459087753,0.0,0,10.560412828999688,
banknote,False,1372,4,MNAR,0.3,2,NDI-F1,0.9566017137564318,0.7915493123263063,0.0005959475566150178,0,0.002467384998453781,
banknote,False,1372,4,MNAR,0.3,2,NDI-F-noclip,0.9240750257340905,0.7426756730396706,0.004767580452920143,0,0.0025543429983372334,
banknote,False,1372,4,MNAR,0.3,2,NDI-F,0.9238958218971234,0.7424192544981806,0.0,0,0.003470924999419367,
banknote,False,1372,4,MNAR,0.3,2,Copula-NDI-F,0.91161879458351,0.7197726355316049,0.0,0,0.006130401001428254,
qsar-biodeg,False,1055,41,MCAR,0.1,0,Mean,1.0157928492902664,0.601504315933131,0.0,0,0.00043532100244192407,
qsar-biodeg,False,1055,41,MCAR,0.1,0,NDI-0,0.9791133207018803,0.5976387595332976,0.09318826868495743,0,0.0025327160001324955,
qsar-biodeg,False,1055,41,MCAR,0.1,0,NDI-C,0.7718749884383179,0.46058444219268657,0.1151844843897824,0,0.008010903002286796,
qsar-biodeg,False,1055,41,MCAR,0.1,0,NDI-S,0.7863701767346428,0.4582589263279931,0.09555345316934721,0,0.011603537001064979,
qsar-biodeg,False,1055,41,MCAR,0.1,0,GaussCM,0.5802039451704766,0.3069078310015884,0.18543046357615894,0,0.14857929899881128,
qsar-biodeg,False,1055,41,MCAR,0.1,0,KNN,0.6913830937157508,0.2887800149316687,0.0,0,0.15851855900109513,
qsar-biodeg,False,1055,41,MCAR,0.1,0,MICE,0.6376078948795671,0.30038157843190944,0.20056764427625354,0,2.034284655997908,
qsar-biodeg,False,1055,41,MCAR,0.1,0,MissForest,0.49701046939358257,0.1981182569568869,0.0,0,9.766228484997555,
qsar-biodeg,False,1055,41,MCAR,0.1,0,SoftImpute,0.6052144443438576,0.29198015136505046,0.10264900662251655,0,0.29778542300118716,
qsar-biodeg,False,1055,41,MCAR,0.1,0,GAIN,0.7071701365381973,0.37423438587389074,0.0,0,10.695522105001146,
qsar-biodeg,False,1055,41,MCAR,0.1,0,NDI-F1,0.9417633763613364,0.5400067449786855,0.06007568590350047,0,0.014019088997883955,
qsar-biodeg,False,1055,41,MCAR,0.1,0,NDI-F-noclip,0.6526480076693848,0.37476816478036246,0.19985808893093662,0,0.016235097999015125,
qsar-biodeg,False,1055,41,MCAR,0.1,0,NDI-F,0.633468781066903,0.3265598903177645,0.0,0,0.015905487001873553,
qsar-biodeg,False,1055,41,MCAR,0.1,0,Copula-NDI-F,0.7202913652271946,0.24671764132769985,0.0,0,0.08907546600312344,
qsar-biodeg,False,1055,41,MCAR,0.1,1,Mean,0.9598809099147855,0.5883660766268134,0.0,0,0.000639781999780098,
qsar-biodeg,False,1055,41,MCAR,0.1,1,NDI-0,0.9303947709494914,0.5815031632922019,0.09422987436016753,0,0.003017364000697853,
qsar-biodeg,False,1055,41,MCAR,0.1,1,NDI-C,0.7257890711262,0.4519126831383615,0.13006049325267566,0,0.026346322996687377,
qsar-biodeg,False,1055,41,MCAR,0.1,1,NDI-S,0.7375500181000167,0.44607433598868507,0.1109818520241973,0,0.025160041001072386,
qsar-biodeg,False,1055,41,MCAR,0.1,1,GaussCM,0.5579254920464394,0.30399706423442874,0.19218241042345277,0,0.19498525800008792,
qsar-biodeg,False,1055,41,MCAR,0.1,1,KNN,0.584625938793293,0.2610220211017997,0.0,0,0.263931474997662,
qsar-biodeg,False,1055,41,MCAR,0.1,1,MICE,0.637438672167279,0.29067597824367475,0.2063750581665891,0,3.1346874150003714,
qsar-biodeg,False,1055,41,MCAR,0.1,1,MissForest,0.4292106991008822,0.18548113164050417,0.0,0,8.511671316999127,
qsar-biodeg,False,1055,41,MCAR,0.1,1,SoftImpute,0.5543879557629343,0.2799789868345293,0.11912517449976734,0,1.6947687169995334,
qsar-biodeg,False,1055,41,MCAR,0.1,1,GAIN,0.6300482003276848,0.3413340526052784,0.0,0,10.343263939997996,
qsar-biodeg,False,1055,41,MCAR,0.1,1,NDI-F1,0.8811491485522377,0.5258717233255549,0.0665425779432294,0,0.008911131000786554,
qsar-biodeg,False,1055,41,MCAR,0.1,1,NDI-F-noclip,0.6107067711911643,0.36425887925376643,0.1975337366216845,0,0.01209680299871252,
qsar-biodeg,False,1055,41,MCAR,0.1,1,NDI-F,0.5773312043101249,0.3078404872892836,0.0,0,0.014860952000162797,
qsar-biodeg,False,1055,41,MCAR,0.1,1,Copula-NDI-F,0.6827182386765801,0.2475374446849731,0.0,0,0.048949962001643144,
qsar-biodeg,False,1055,41,MCAR,0.1,2,Mean,1.0607740637343437,0.5886985978646282,0.0,0,0.0006030620024830569,
qsar-biodeg,False,1055,41,MCAR,0.1,2,NDI-0,1.017339267684043,0.5749624590991186,0.08896134140661388,0,0.0021399500001280103,
qsar-biodeg,False,1055,41,MCAR,0.1,2,NDI-C,0.8557264380152884,0.44957436772842946,0.11877037727061016,0,0.013835573998221662,
qsar-biodeg,False,1055,41,MCAR,0.1,2,NDI-S,0.8622453663289995,0.44548643816592903,0.09874243129948766,0,0.010512357999687083,
qsar-biodeg,False,1055,41,MCAR,0.1,2,GaussCM,0.687597433806803,0.30227063169023793,0.18816953889147647,0,0.15042075800010934,
qsar-biodeg,False,1055,41,MCAR,0.1,2,KNN,0.7861875092406767,0.2831020344892416,0.0,0,0.15389937599684345,
qsar-biodeg,False,1055,41,MCAR,0.1,2,MICE,0.6735221130772814,0.29363915261588924,0.20819748486259898,0,3.822241084999405,
qsar-biodeg,False,1055,41,MCAR,0.1,2,MissForest,0.6298670863357198,0.19711209122467035,0.0,0,9.147022617999028,
qsar-biodeg,False,1055,41,MCAR,0.1,2,SoftImpute,0.6897237650638439,0.2810988595127491,0.11015370284117373,0,0.3253655730004539,
qsar-biodeg,False,1055,41,MCAR,0.1,2,GAIN,0.7745773964993079,0.35111772997975893,0.0,0,10.708144530002755,
qsar-biodeg,False,1055,41,MCAR,0.1,2,NDI-F1,0.9875996564072425,0.5240309758596509,0.06334420121099209,0,0.009790839998458978,
qsar-biodeg,False,1055,41,MCAR,0.1,2,NDI-F-noclip,0.7573406390627537,0.3764544182207517,0.1911970190964136,0,0.013864651999028865,
qsar-biodeg,False,1055,41,MCAR,0.1,2,NDI-F,0.7368275710510549,0.3240375411516608,0.0,0,0.016579138002271065,
qsar-biodeg,False,1055,41,MCAR,0.1,2,Copula-NDI-F,0.7825261912543477,0.2485818381923619,0.0,0,0.05610817100023269,
qsar-biodeg,False,1055,41,MCAR,0.3,0,Mean,1.0097673672816845,0.5971152468756671,0.0,0,0.0009459799985052086,
qsar-biodeg,False,1055,41,MCAR,0.3,0,NDI-0,0.9835121694046729,0.5968074316988576,0.08996833732334543,0,0.0035141539992764592,
qsar-biodeg,False,1055,41,MCAR,0.3,0,NDI-C,0.7960642828265907,0.466974675226276,0.11607073905320874,0,0.010692807998566423,
qsar-biodeg,False,1055,41,MCAR,0.3,0,NDI-S,0.812109001879506,0.4649642412989928,0.09228511854197236,0,0.02759629499996663,
qsar-biodeg,False,1055,41,MCAR,0.3,0,GaussCM,0.6896211444860767,0.3817325602731648,0.18982160784616572,0,0.11485096199976397,
qsar-biodeg,False,1055,41,MCAR,0.3,0,KNN,0.8007579037400401,0.3540377297489404,0.0,0,0.20989279499917757,
qsar-biodeg,False,1055,41,MCAR,0.3,0,MICE,0.7136321654439302,0.3824255591599558,0.18835431307436867,0,0.9492873909985065,
qsar-biodeg,False,1055,41,MCAR,0.3,0,MissForest,0.5776102012736711,0.23858952016072874,0.0,0,9.33097433399962,
qsar-biodeg,False,1055,41,MCAR,0.3,0,SoftImpute,0.6777619318056627,0.32931528413006705,0.09606919453239632,0,0.33886529699884704,
qsar-biodeg,False,1055,41,MCAR,0.3,0,GAIN,0.7465712041027011,0.3837474998533058,0.0,0,10.620185793999553,
qsar-biodeg,False,1055,41,MCAR,0.3,0,NDI-F1,0.9342919647996168,0.5369080010326245,0.057070044018843157,0,0.011806319002062082,
qsar-biodeg,False,1055,41,MCAR,0.3,0,NDI-F-noclip,0.7037229258612349,0.3976361739323786,0.18989883388678663,0,0.02805530700061354,
qsar-biodeg,False,1055,41,MCAR,0.3,0,NDI-F,0.6657898160846746,0.342548790548525,0.0,0,0.015773860999615863,
qsar-biodeg,False,1055,41,MCAR,0.3,0,Copula-NDI-F,0.7459400426106146,0.26592120840245537,0.0,0,0.04425661700224737,
qsar-biodeg,False,1055,41,MCAR,0.3,0,MIWAE,0.9697550773100935,0.35986556130601866,0.190362190130512,0,12.852471828002308,
qsar-biodeg,False,1055,41,MCAR,0.3,0,Sinkhorn,0.7412374077667335,0.280450665531984,0.10803923082863541,0,752.6665853020022,
qsar-biodeg,False,1055,41,MCAR,0.3,0,HyperImpute,,,,-1,8.22779804899983,XGBoostError: value 0 for Parameter num_class should be greater equal to 1
qsar-biodeg,False,1055,41,MCAR,0.3,0,ReMasker,0.7541182474934605,0.39006908282887426,0.0,0,209.15781259399955,
qsar-biodeg,False,1055,41,MCAR,0.3,1,Mean,0.9832243382312018,0.5914920415594332,0.0,0,0.0006038450010237284,
qsar-biodeg,False,1055,41,MCAR,0.3,1,NDI-0,0.9568653624172184,0.5917762072077388,0.09593091107134522,0,0.004410852001456078,
qsar-biodeg,False,1055,41,MCAR,0.3,1,NDI-C,0.7598532079867844,0.46082266608957617,0.1200497938224539,0,0.013129474999004742,
qsar-biodeg,False,1055,41,MCAR,0.3,1,NDI-S,0.7753625594381774,0.45805305537789254,0.09172955730179724,0,0.012189666002086597,
qsar-biodeg,False,1055,41,MCAR,0.3,1,GaussCM,0.6464459377162557,0.37298334476950307,0.18159184626157318,0,0.19085074800022994,
qsar-biodeg,False,1055,41,MCAR,0.3,1,KNN,0.7614806280414123,0.3612703919385826,0.0,0,0.22130960900176433,
qsar-biodeg,False,1055,41,MCAR,0.3,1,MICE,0.8572680398183872,0.37755369711640463,0.17692367540651988,0,1.8756521260002046,
qsar-biodeg,False,1055,41,MCAR,0.3,1,MissForest,0.5381991744828463,0.2337373966064845,0.0,0,9.35942827100007,
qsar-biodeg,False,1055,41,MCAR,0.3,1,SoftImpute,0.6283008025759684,0.3265289346135994,0.09538629113825565,0,0.34589929600042524,
qsar-biodeg,False,1055,41,MCAR,0.3,1,GAIN,0.7206219945999491,0.3963814383477656,0.0,0,10.686697742999968,
qsar-biodeg,False,1055,41,MCAR,0.3,1,NDI-F1,0.9085069774153528,0.534760642154168,0.0609196296584455,0,0.011606353997194674,
qsar-biodeg,False,1055,41,MCAR,0.3,1,NDI-F-noclip,0.6883959132988279,0.3948485227885156,0.18330350890842606,0,0.019824277998850448,
qsar-biodeg,False,1055,41,MCAR,0.3,1,NDI-F,0.6527149349308674,0.3417705385728871,0.0,0,0.027800316998764174,
qsar-biodeg,False,1055,41,MCAR,0.3,1,Copula-NDI-F,0.7096340101763261,0.2576516625781581,0.0,0,0.047029868997924495,
qsar-biodeg,False,1055,41,MCAR,0.3,2,Mean,1.026508195280229,0.5961299417123439,0.0,0,0.0006653089985775296,
qsar-biodeg,False,1055,41,MCAR,0.3,2,NDI-0,0.9889396779313937,0.5892341389097924,0.0948589626933576,0,0.0033852579981612507,
qsar-biodeg,False,1055,41,MCAR,0.3,2,NDI-C,0.7990839600099356,0.4604138045799811,0.12079162875341219,0,0.011493276000692276,
qsar-biodeg,False,1055,41,MCAR,0.3,2,NDI-S,0.819322027446766,0.45903527318019366,0.0929632999696694,0,0.014551213000231655,
qsar-biodeg,False,1055,41,MCAR,0.3,2,GaussCM,0.6765999570020143,0.3644067894528362,0.18478920230512588,0,0.1378226309971069,
qsar-biodeg,False,1055,41,MCAR,0.3,2,KNN,0.8108386751057124,0.35276430044817036,0.0,0,0.2155272669988335,
qsar-biodeg,False,1055,41,MCAR,0.3,2,MICE,0.6895375290583525,0.3676873658314112,0.18077039733090688,0,0.7697668869986956,
qsar-biodeg,False,1055,41,MCAR,0.3,2,MissForest,0.5974329009550077,0.23580732657957074,0.0,0,9.221819059999689,
qsar-biodeg,False,1055,41,MCAR,0.3,2,SoftImpute,0.689389428517378,0.33034287786086347,0.09629966636336063,0,0.3590093099992373,
qsar-biodeg,False,1055,41,MCAR,0.3,2,GAIN,0.7411795045416343,0.38683798995199686,0.0,0,10.86797067400039,
qsar-biodeg,False,1055,41,MCAR,0.3,2,NDI-F1,0.9511873616661254,0.5342845616406492,0.06339096148013346,0,0.013538581999455346,
qsar-biodeg,False,1055,41,MCAR,0.3,2,NDI-F-noclip,0.7013042129915728,0.39259961036268637,0.18797391568092206,0,0.01900062500135391,
qsar-biodeg,False,1055,41,MCAR,0.3,2,NDI-F,0.6829175818844075,0.3454240639268509,0.0,0,0.01632850800160668,
qsar-biodeg,False,1055,41,MCAR,0.3,2,Copula-NDI-F,0.7628737453627626,0.26267283989025697,0.0,0,0.0454222230000596,
qsar-biodeg,False,1055,41,MCAR,0.5,0,Mean,0.9952067719707449,0.5900814462810805,0.0,0,0.0008142779988702387,
qsar-biodeg,False,1055,41,MCAR,0.5,0,NDI-0,0.980096567437647,0.5989534095601654,0.10289197488427518,0,0.0033969750002142973,
qsar-biodeg,False,1055,41,MCAR,0.5,0,NDI-C,0.8143949979992762,0.4784543586173006,0.12429533892479032,0,0.014324773001135327,
qsar-biodeg,False,1055,41,MCAR,0.5,0,NDI-S,0.8267100389234274,0.473214227129361,0.08822585819698428,0,0.017249769996851683,
qsar-biodeg,False,1055,41,MCAR,0.5,0,GaussCM,0.752824617476735,0.4298278655320848,0.17998075072184794,0,0.16492073599874857,
qsar-biodeg,False,1055,41,MCAR,0.5,0,KNN,0.9135647637601696,0.47339651535316923,0.0,0,0.2906075380014954,
qsar-biodeg,False,1055,41,MCAR,0.5,0,MICE,0.7825712408461151,0.4438513642883602,0.1550941839681012,0,0.7254202710028039,
qsar-biodeg,False,1055,41,MCAR,0.5,0,MissForest,0.659478491860447,0.29353775588143194,0.0,0,8.846647242000472,
qsar-biodeg,False,1055,41,MCAR,0.5,0,SoftImpute,0.7453370271379863,0.38842311718097344,0.07259727760208992,0,0.35578012599944486,
qsar-biodeg,False,1055,41,MCAR,0.5,0,GAIN,1.3002606663588119,0.687064464439847,0.0,0,10.40839374299685,
qsar-biodeg,False,1055,41,MCAR,0.5,0,NDI-F1,0.9353571557818148,0.5404152145291435,0.05788532930015124,0,0.01707850399907329,
qsar-biodeg,False,1055,41,MCAR,0.5,0,NDI-F-noclip,0.7563676488716116,0.4347773529872795,0.1837389431229662,0,0.019036816000152612,
qsar-biodeg,False,1055,41,MCAR,0.5,0,NDI-F,0.7295406415480045,0.381879020191851,0.0,0,0.020526289998088032,
qsar-biodeg,False,1055,41,MCAR,0.5,0,Copula-NDI-F,0.7776288276583122,0.2921144105320412,0.0,0,0.08096104000287596,
qsar-biodeg,False,1055,41,MCAR,0.5,1,Mean,1.017054501587727,0.5986560313967906,0.0,0,0.003002845998707926,
qsar-biodeg,False,1055,41,MCAR,0.5,1,NDI-0,0.9910908706754457,0.5964639701063152,0.09350200728223322,0,0.008141237001836998,
qsar-biodeg,False,1055,41,MCAR,0.5,1,NDI-C,0.828274561729575,0.48402252526357065,0.11959667631406964,0,0.04041080000024522,
qsar-biodeg,False,1055,41,MCAR,0.5,1,NDI-S,0.8422453279527956,0.4788035102534577,0.0849127065633461,0,0.05025835999913397,
qsar-biodeg,False,1055,41,MCAR,0.5,1,GaussCM,0.7632177338619158,0.4319567358189014,0.17734105125571842,0,0.23238397299792268,
qsar-biodeg,False,1055,41,MCAR,0.5,1,KNN,0.9259025232627002,0.4686360466795139,0.0,0,0.356336544999067,
qsar-biodeg,False,1055,41,MCAR,0.5,1,MICE,0.7800580337370242,0.4454949628252105,0.14466436373821306,0,1.3027763989994128,
qsar-biodeg,False,1055,41,MCAR,0.5,1,MissForest,0.688831047228016,0.2972940328505207,0.0,0,7.623756488999788,
qsar-biodeg,False,1055,41,MCAR,0.5,1,SoftImpute,0.7629196435952815,0.39690307152868604,0.08033797031089535,0,0.375569447001908,
qsar-biodeg,False,1055,41,MCAR,0.5,1,GAIN,0.945036097597023,0.5139524772529478,0.0,0,10.572045161999995,
qsar-biodeg,False,1055,41,MCAR,0.5,1,NDI-F1,0.9464444196471554,0.5368191938017981,0.06157221547941369,0,0.012020025998936035,
qsar-biodeg,False,1055,41,MCAR,0.5,1,NDI-F-noclip,0.7520358173741638,0.4342696285077667,0.18434319858089815,0,0.01612588100033463,
qsar-biodeg,False,1055,41,MCAR,0.5,1,NDI-F,0.7299824481236195,0.38242379015037953,0.0,0,0.019997589999547927,
qsar-biodeg,False,1055,41,MCAR,0.5,1,Copula-NDI-F,0.7929165288153183,0.2977848487677365,0.0,0,0.0531697449987405,
qsar-biodeg,False,1055,41,MCAR,0.5,2,Mean,0.9842129845471876,0.5896759756416053,0.0,0,0.0010336850027670152,
qsar-biodeg,False,1055,41,MCAR,0.5,2,NDI-0,0.9733622833770526,0.6035360139899019,0.10414173953060285,0,0.004122467002162011,
qsar-biodeg,False,1055,41,MCAR,0.5,2,NDI-C,0.7905656767421514,0.48123664738184174,0.1280717901518638,0,0.013336454001546372,
qsar-biodeg,False,1055,41,MCAR,0.5,2,NDI-S,0.8020203348291199,0.4730798194891762,0.09424758398527382,0,0.01516016599998693,
qsar-biodeg,False,1055,41,MCAR,0.5,2,GaussCM,0.7374426193462662,0.438548062045712,0.18076392084675563,0,0.152983433999907,
qsar-biodeg,False,1055,41,MCAR,0.5,2,KNN,0.8925289250976536,0.45730567393967186,0.0,0,0.264567395002814,
qsar-biodeg,False,1055,41,MCAR,0.5,2,MICE,0.7984504678316546,0.44641514142978983,0.1344684767602393,0,0.5331576880016655,
qsar-biodeg,False,1055,41,MCAR,0.5,2,MissForest,0.6488310010933693,0.29458972819252915,0.0,0,8.880239523001364,
qsar-biodeg,False,1055,41,MCAR,0.5,2,SoftImpute,0.7238207927109376,0.38723000830523935,0.07514956281638288,0,0.37268270399727044,
qsar-biodeg,False,1055,41,MCAR,0.5,2,GAIN,1.6897894684672699,0.8654487428062823,0.0,0,10.335079038999538,
qsar-biodeg,False,1055,41,MCAR,0.5,2,NDI-F1,0.915500301786269,0.5386479262480766,0.06129774505292223,0,0.01535310799954459,
qsar-biodeg,False,1055,41,MCAR,0.5,2,NDI-F-noclip,0.7489663890369477,0.44749725076577695,0.18426138978370915,0,0.019101915997453034,
qsar-biodeg,False,1055,41,MCAR,0.5,2,NDI-F,0.7196285629964104,0.39107060553581047,0.0,0,0.02508973799922387,
qsar-biodeg,False,1055,41,MCAR,0.5,2,Copula-NDI-F,0.7586295675229141,0.2965818610577959,0.0,0,0.10952488499970059,
qsar-biodeg,False,1055,41,MAR,0.3,0,Mean,1.0048811787475296,0.6088120559753065,0.0,0,0.0008547550023649819,
qsar-biodeg,False,1055,41,MAR,0.3,0,NDI-0,0.9676440356263963,0.6009833894820409,0.09391585262672102,0,0.002490519000275526,
qsar-biodeg,False,1055,41,MAR,0.3,0,NDI-C,0.7991802934330778,0.48190818525310614,0.1334512729790016,0,0.010487888001080137,
qsar-biodeg,False,1055,41,MAR,0.3,0,NDI-S,0.8129688926698704,0.47892063126452733,0.10737635566494885,0,0.010649790001480142,
qsar-biodeg,False,1055,41,MAR,0.3,0,GaussCM,0.743441700824954,0.4180676577491239,0.19698484731943697,0,0.11230843900193577,
qsar-biodeg,False,1055,41,MAR,0.3,0,KNN,0.7527613456665407,0.33326224896657847,0.0,0,0.30484617500042077,
qsar-biodeg,False,1055,41,MAR,0.3,0,MICE,0.7770748508749139,0.3685985790221969,0.1841396815629567,0,0.7514146309986245,
qsar-biodeg,False,1055,41,MAR,0.3,0,MissForest,0.6003987651573117,0.24670741230395107,0.0,0,8.14896518200112,
qsar-biodeg,False,1055,41,MAR,0.3,0,SoftImpute,0.6973330755986056,0.35458543330607534,0.0993769710022306,0,0.379146810999373,
qsar-biodeg,False,1055,41,MAR,0.3,0,GAIN,0.7590289670200141,0.38820223364579054,0.0,0,10.652942529999564,
qsar-biodeg,False,1055,41,MAR,0.3,0,NDI-F1,0.9346939941207607,0.5593291594002316,0.08576263364356589,0,0.01146519900066778,
qsar-biodeg,False,1055,41,MAR,0.3,0,NDI-F-noclip,0.7430184625866039,0.42079757531607526,0.20159987693254364,0,0.017289948998950422,
qsar-biodeg,False,1055,41,MAR,0.3,0,NDI-F,0.7085124850637166,0.36483844631889606,0.0,0,0.016438172999187373,
qsar-biodeg,False,1055,41,MAR,0.3,0,Copula-NDI-F,0.7698140332109069,0.2935255087954002,0.0,0,0.060767382998164976,
qsar-biodeg,False,1055,41,MAR,0.3,0,MIWAE,0.9694823142307237,0.3566862131722857,0.23444350434581956,0,12.80429252400063,
qsar-biodeg,False,1055,41,MAR,0.3,0,Sinkhorn,0.7519999410940374,0.3090908014842092,0.08860856857164834,0,737.3771516400011,
qsar-biodeg,False,1055,41,MAR,0.3,0,HyperImpute,,,,-1,36.202789185001166,XGBoostError: value 0 for Parameter num_class should be greater equal to 1
qsar-biodeg,False,1055,41,MAR,0.3,0,ReMasker,0.7798770369230456,0.41943193542204893,0.0,0,206.83632878700155,
qsar-biodeg,False,1055,41,MAR,0.3,1,Mean,1.0544580559896322,0.5866452698406901,0.0,0,0.0006511520005005877,
qsar-biodeg,False,1055,41,MAR,0.3,1,NDI-0,1.022115683769591,0.5893860620005059,0.09846977811782709,0,0.003870789998472901,
qsar-biodeg,False,1055,41,MAR,0.3,1,NDI-C,0.8620537345712704,0.46585221743754335,0.13014537107880642,0,0.01014992000273196,
qsar-biodeg,False,1055,41,MAR,0.3,1,NDI-S,0.8751520681699623,0.46183221640407107,0.1081866870696251,0,0.01114927199887461,
qsar-biodeg,False,1055,41,MAR,0.3,1,GaussCM,0.7805527325693955,0.4072093975188187,0.20397857689364957,0,0.11564259300212143,
qsar-biodeg,False,1055,41,MAR,0.3,1,KNN,0.8114847230750617,0.3277735242339586,0.0,0,0.21432255499894382,
qsar-biodeg,False,1055,41,MAR,0.3,1,MICE,0.766835506653034,0.3766324796685588,0.20344299923488907,0,2.972991593000188,
qsar-biodeg,False,1055,41,MAR,0.3,1,MissForest,0.6972216803718793,0.26653310789079665,0.0,0,7.7388741790018685,
qsar-biodeg,False,1055,41,MAR,0.3,1,SoftImpute,0.7686264430165732,0.34988409709543783,0.09594491201224177,0,1.6886577240002225,
qsar-biodeg,False,1055,41,MAR,0.3,1,GAIN,0.8148537041074284,0.3873730731574621,0.0,0,10.516442159998405,
qsar-biodeg,False,1055,41,MAR,0.3,1,NDI-F1,0.9915433281995929,0.5341042262543604,0.07092578423871461,0,0.010464048998983344,
qsar-biodeg,False,1055,41,MAR,0.3,1,NDI-F-noclip,0.7823027305208609,0.4131049397446379,0.20673297628156082,0,0.015176904998952523,
qsar-biodeg,False,1055,41,MAR,0.3,1,NDI-F,0.7588476546857011,0.3521006710514814,0.0,0,0.015572603999316925,
qsar-biodeg,False,1055,41,MAR,0.3,1,Copula-NDI-F,0.8259084476617723,0.29079207311613436,0.0,0,0.042327514001954114,
qsar-biodeg,False,1055,41,MAR,0.3,2,Mean,1.043375567250916,0.5963174180587429,0.0,0,0.0011042790029023308,
qsar-biodeg,False,1055,41,MAR,0.3,2,NDI-0,1.0158115695418466,0.5976391954681473,0.11429675425038639,0,0.002670873000170104,
qsar-biodeg,False,1055,41,MAR,0.3,2,NDI-C,0.8592090489031656,0.47902844635187575,0.13137557959814528,0,0.010791591001179768,
qsar-biodeg,False,1055,41,MAR,0.3,2,NDI-S,0.8682961309765478,0.47271863372441186,0.10587326120556415,0,0.010438140001497231,
qsar-biodeg,False,1055,41,MAR,0.3,2,GaussCM,0.7960305448391968,0.42863581204202744,0.18956723338485318,0,0.11249854600100662,
qsar-biodeg,False,1055,41,MAR,0.3,2,KNN,0.7768325215487814,0.30579537727824013,0.0,0,0.22568388700165087,
qsar-biodeg,False,1055,41,MAR,0.3,2,MICE,0.8674835150587862,0.38036787472360284,0.20061823802163833,0,2.2199134239999694,
qsar-biodeg,False,1055,41,MAR,0.3,2,MissForest,0.6774061730559819,0.2589110844708699,0.0,0,8.055319404000329,
qsar-biodeg,False,1055,41,MAR,0.3,2,SoftImpute,0.7590716449789622,0.35734143099212246,0.10069551777434312,0,0.3828689590009162,
qsar-biodeg,False,1055,41,MAR,0.3,2,GAIN,0.8202702979677245,0.386559498659827,0.0,0,10.760284574000252,
qsar-biodeg,False,1055,41,MAR,0.3,2,NDI-F1,0.9701784534194621,0.5328267960109315,0.0482225656877898,0,0.014357954998558853,
qsar-biodeg,False,1055,41,MAR,0.3,2,NDI-F-noclip,0.7795354631683743,0.4174870175957031,0.17990726429675424,0,0.014939345997845521,
qsar-biodeg,False,1055,41,MAR,0.3,2,NDI-F,0.7565396302255372,0.3729880363864426,0.0,0,0.01592120200075442,
qsar-biodeg,False,1055,41,MAR,0.3,2,Copula-NDI-F,0.8208659638714112,0.2849677364564605,0.0,0,0.04633994600226288,
qsar-biodeg,False,1055,41,MNAR,0.3,0,Mean,1.279992848931561,0.7300591418929842,0.0,0,0.0009725839991006069,
qsar-biodeg,False,1055,41,MNAR,0.3,0,NDI-0,1.2842227445644074,0.7629040156261184,0.12630448127685698,0,0.003874408997944556,
qsar-biodeg,False,1055,41,MNAR,0.3,0,NDI-C,1.1584759921610883,0.603678455192204,0.10190300798035605,0,0.011338847001752583,
qsar-biodeg,False,1055,41,MNAR,0.3,0,NDI-S,1.1685336961385084,0.6077912918529158,0.07688766114180479,0,0.011667370999930426,
qsar-biodeg,False,1055,41,MNAR,0.3,0,GaussCM,1.1201008873296192,0.5421632657164016,0.202731737262124,0,0.1222705260006478,
qsar-biodeg,False,1055,41,MNAR,0.3,0,KNN,1.1572850531010979,0.4869523680138523,0.0,0,0.3076183840021258,
qsar-biodeg,False,1055,41,MNAR,0.3,0,MICE,1.0137368340315593,0.4513713521493492,0.17042664211172498,0,1.9236369129976083,
qsar-biodeg,False,1055,41,MNAR,0.3,0,MissForest,1.0311636686861307,0.3614164077078544,0.0,0,9.033270867999818,
qsar-biodeg,False,1055,41,MNAR,0.3,0,SoftImpute,1.1068908317817903,0.5068260841429852,0.12315837937384899,0,0.35039374900225084,
qsar-biodeg,False,1055,41,MNAR,0.3,0,GAIN,1.047484554643446,0.4482135616360792,0.04841927562922038,0,10.662248133998219,
qsar-biodeg,False,1055,41,MNAR,0.3,0,NDI-F1,1.2259886818782813,0.6640272334935411,0.06852363413136894,0,0.011944593999942299,
qsar-biodeg,False,1055,41,MNAR,0.3,0,NDI-F-noclip,1.106336285427434,0.5269121608799698,0.20910067526089626,0,0.01547120199757046,
qsar-biodeg,False,1055,41,MNAR,0.3,0,NDI-F,1.093331510215115,0.4911326311476467,0.0,0,0.015809897999133682,
qsar-biodeg,False,1055,41,MNAR,0.3,0,Copula-NDI-F,1.0874838920001904,0.4169627219749524,0.0,0,0.05706906400155276,
qsar-biodeg,False,1055,41,MNAR,0.3,0,MIWAE,1.1168384326749632,0.4173339163006234,0.24232658072437077,0,13.475721020000492,
qsar-biodeg,False,1055,41,MNAR,0.3,0,Sinkhorn,1.0816886370150425,0.40322574578829096,0.1297575199508901,0,737.2353206000007,
qsar-biodeg,False,1055,41,MNAR,0.3,0,HyperImpute,,,,-1,61.580100807001145,XGBoostError: value 0 for Parameter num_class should be greater equal to 1
qsar-biodeg,False,1055,41,MNAR,0.3,0,ReMasker,1.113679075452822,0.4701661554430005,0.04841927562922038,0,209.76244709000093,
qsar-biodeg,False,1055,41,MNAR,0.3,1,Mean,1.1808306235445227,0.7138820267094591,0.0,0,0.0007136169988370966,
qsar-biodeg,False,1055,41,MNAR,0.3,1,NDI-0,1.2634558779769873,0.755610079086152,0.09713058155593064,0,0.004472772001463454,
qsar-biodeg,False,1055,41,MNAR,0.3,1,NDI-C,1.0510526167096261,0.590807565322212,0.1051097130581556,0,0.015574511999147944,
qsar-biodeg,False,1055,41,MNAR,0.3,1,NDI-S,1.057620368164568,0.5914546979967757,0.0775663648918214,0,0.011594589999731397,
qsar-biodeg,False,1055,41,MNAR,0.3,1,GaussCM,0.9970831663144201,0.5404825550644434,0.19541199938622064,0,0.13366373099779594,
qsar-biodeg,False,1055,41,MNAR,0.3,1,KNN,1.0395959011691085,0.4633865497427176,0.0,0,0.22880818200064823,
qsar-biodeg,False,1055,41,MNAR,0.3,1,MICE,0.8926015359741297,0.42978316394943256,0.1711677152063833,0,1.1246080759992765,
qsar-biodeg,False,1055,41,MNAR,0.3,1,MissForest,0.8652630795540807,0.318133921965415,0.0,0,8.267423124001652,
qsar-biodeg,False,1055,41,MNAR,0.3,1,SoftImpute,0.9728741132017089,0.4850110070206947,0.10741138560687433,0,1.111373392999667,
qsar-biodeg,False,1055,41,MNAR,0.3,1,GAIN,0.9469116900618725,0.4557867550527603,0.0243977290164186,0,10.48478549200081,
qsar-biodeg,False,1055,41,MNAR,0.3,1,NDI-F1,1.1228946257080403,0.6485690899400293,0.0751112475065214,0,0.01235380000071018,
qsar-biodeg,False,1055,41,MNAR,0.3,1,NDI-F-noclip,0.9872800199076277,0.5281270474969822,0.2015497928494706,0,0.018652201997610973,
qsar-biodeg,False,1055,41,MNAR,0.3,1,NDI-F,0.9693847808121333,0.47527680589217247,0.0,0,0.017693984998913947,
qsar-biodeg,False,1055,41,MNAR,0.3,1,Copula-NDI-F,0.9650843152051929,0.3955512517316474,0.0,0,0.04734463500062702,
qsar-biodeg,False,1055,41,MNAR,0.3,2,Mean,1.2646768647444584,0.7368566265619761,0.0,0,0.0011012609975296073,
qsar-biodeg,False,1055,41,MNAR,0.3,2,NDI-0,1.3772898166904637,0.8385611006528904,0.1544028031687995,0,0.0030397919981624,
qsar-biodeg,False,1055,41,MNAR,0.3,2,NDI-C,1.1492280092857823,0.6080713566276551,0.090036563071298,0,0.011846105000586249,
qsar-biodeg,False,1055,41,MNAR,0.3,2,NDI-S,1.1565793454674118,0.611589571607745,0.06581352833638025,0,0.011906839001312619,
qsar-biodeg,False,1055,41,MNAR,0.3,2,GaussCM,1.1093927962783257,0.5476153027672301,0.24230652041438147,0,0.12232567799946992,
qsar-biodeg,False,1055,41,MNAR,0.3,2,KNN,1.1415008506674402,0.4960588870361179,0.0,0,0.21906072300043888,
qsar-biodeg,False,1055,41,MNAR,0.3,2,MICE,1.01112433310257,0.43689514392902445,0.15082266910420475,0,2.624851900000067,
qsar-biodeg,False,1055,41,MNAR,0.3,2,MissForest,1.004938847944423,0.3558961941134202,0.0,0,8.880235136999545,
qsar-biodeg,False,1055,41,MNAR,0.3,2,SoftImpute,1.0861401004868974,0.5044498800109077,0.16262949421084705,0,0.36143018400252913,
qsar-biodeg,False,1055,41,MNAR,0.3,2,GAIN,1.0511965420732157,0.4672536398115676,0.0952925045703839,0,10.763489477001713,
qsar-biodeg,False,1055,41,MNAR,0.3,2,NDI-F1,1.2098084750554676,0.6654636866856476,0.09795856185252895,0,0.012321561000135262,
qsar-biodeg,False,1055,41,MNAR,0.3,2,NDI-F-noclip,1.0906246289497523,0.5315430514238557,0.2439061547836685,0,0.015643144000932807,
qsar-biodeg,False,1055,41,MNAR,0.3,2,NDI-F,1.075515946974418,0.4881555635921534,0.0,0,0.02027358299892512,
qsar-biodeg,False,1055,41,MNAR,0.3,2,Copula-NDI-F,1.0555779156942877,0.40263872383036614,0.0,0,0.05626690000281087,
wine-quality-red,False,1599,11,MCAR,0.1,0,Mean,1.0003312363326797,0.7256184732928278,0.0,0,0.000468963997263927,
wine-quality-red,False,1599,11,MCAR,0.1,0,NDI-0,1.033012296080266,0.7488394372385943,0.0,0,0.002007151000725571,
wine-quality-red,False,1599,11,MCAR,0.1,0,NDI-C,0.815314090662487,0.5824520093620592,0.0011129660545353367,0,0.0039229319991136435,
wine-quality-red,False,1599,11,MCAR,0.1,0,NDI-S,0.8277033092945512,0.5881061679079624,0.0005564830272676684,0,0.0034123699988413136,
wine-quality-red,False,1599,11,MCAR,0.1,0,GaussCM,0.6813506441279633,0.4721169649738465,0.005008347245409015,0,0.028705484000965953,
wine-quality-red,False,1599,11,MCAR,0.1,0,KNN,0.8715557350450259,0.6228603753648662,0.0,0,0.15582975700090174,
wine-quality-red,False,1599,11,MCAR,0.1,0,MICE,0.6955956031963035,0.4786647369338928,0.006121313299944352,0,0.3048593730018183,
wine-quality-red,False,1599,11,MCAR,0.1,0,MissForest,0.6011557390738904,0.39632091521062446,0.0,0,2.7249380989997007,
wine-quality-red,False,1599,11,MCAR,0.1,0,SoftImpute,0.7508476942676157,0.5195964234432437,0.0005564830272676684,0,0.08751138200022979,
wine-quality-red,False,1599,11,MCAR,0.1,0,GAIN,0.8480931882192939,0.6079168369179938,0.0,0,10.790231008002593,
wine-quality-red,False,1599,11,MCAR,0.1,0,NDI-F1,0.9065089582983019,0.6426985488244656,0.0022259321090706734,0,0.0036709650012198836,
wine-quality-red,False,1599,11,MCAR,0.1,0,NDI-F-noclip,0.7992990525601537,0.563696775003542,0.005564830272676683,0,0.004886416001681937,
wine-quality-red,False,1599,11,MCAR,0.1,0,NDI-F,0.7962616556618486,0.5616350941946664,0.0,0,0.004334974000812508,
wine-quality-red,False,1599,11,MCAR,0.1,0,Copula-NDI-F,0.8236371783466964,0.5219849463848967,0.0,0,0.013038602999586146,
wine-quality-red,False,1599,11,MCAR,0.1,1,Mean,0.9832067590013478,0.7295243691933387,0.0,0,0.0004895700003544334,
wine-quality-red,False,1599,11,MCAR,0.1,1,NDI-0,1.0484931155110753,0.7713243788792249,0.0,0,0.0012506810016930103,
wine-quality-red,False,1599,11,MCAR,0.1,1,NDI-C,0.8164378022928367,0.5978488804038207,0.0016492578339747114,0,0.0026573180002742447,
wine-quality-red,False,1599,11,MCAR,0.1,1,NDI-S,0.8240894889719436,0.6017134344072538,0.0010995052226498076,0,0.002593140998214949,
wine-quality-red,False,1599,11,MCAR,0.1,1,GaussCM,0.6877425022749833,0.4894861263551865,0.006047278724573941,0,0.018904941996879643,
wine-quality-red,False,1599,11,MCAR,0.1,1,KNN,0.8993690821552838,0.6392658009593837,0.0,0,0.11153794599886169,
wine-quality-red,False,1599,11,MCAR,0.1,1,MICE,0.702677295937505,0.49836372145270946,0.006047278724573941,0,0.3184522760020627,
wine-quality-red,False,1599,11,MCAR,0.1,1,MissForest,0.6234496110229509,0.41278278601851315,0.0,0,2.800511020999693,
wine-quality-red,False,1599,11,MCAR,0.1,1,SoftImpute,0.7507691084287202,0.5335800952767951,0.0016492578339747114,0,0.0876341949988273,
wine-quality-red,False,1599,11,MCAR,0.1,1,GAIN,0.8562366124259309,0.6309337352879777,0.0,0,10.731820476001303,
wine-quality-red,False,1599,11,MCAR,0.1,1,NDI-F1,0.8939318534951731,0.6553410848121544,0.002748763056624519,0,0.003055124998354586,
wine-quality-red,False,1599,11,MCAR,0.1,1,NDI-F-noclip,0.7938455188903786,0.580942147943527,0.006047278724573941,0,0.003995250997832045,
wine-quality-red,False,1599,11,MCAR,0.1,1,NDI-F,0.7908403867957956,0.578473974722415,0.0,0,0.00517070999921998,
wine-quality-red,False,1599,11,MCAR,0.1,1,Copula-NDI-F,0.813282136258304,0.5376469823734449,0.0,0,0.012588150002557086,
wine-quality-red,False,1599,11,MCAR,0.1,2,Mean,0.9786511884617023,0.7180556296246737,0.0,0,0.00034205400152131915,
wine-quality-red,False,1599,11,MCAR,0.1,2,NDI-0,1.0279822881868688,0.7459137066426741,0.0,0,0.0010755980001704302,
wine-quality-red,False,1599,11,MCAR,0.1,2,NDI-C,0.8045804033821349,0.5684531703271899,0.0017123287671232876,0,0.002316926998901181,
wine-quality-red,False,1599,11,MCAR,0.1,2,NDI-S,0.816183461715158,0.5799241707462374,0.0,0,0.0023076690013112966,
wine-quality-red,False,1599,11,MCAR,0.1,2,GaussCM,0.697646125753021,0.4853192762081759,0.006278538812785388,0,0.014751362999959383,
wine-quality-red,False,1599,11,MCAR,0.1,2,KNN,0.8841019571290547,0.6170073357940251,0.0,0,0.14056243700179039,
wine-quality-red,False,1599,11,MCAR,0.1,2,MICE,0.7223043342023288,0.49914353505285847,0.006278538812785388,0,0.2869249699979264,
wine-quality-red,False,1599,11,MCAR,0.1,2,MissForest,0.6261722851265421,0.4108530876561944,0.0,0,2.7640291200004867,
wine-quality-red,False,1599,11,MCAR,0.1,2,SoftImpute,0.7520713028585985,0.5212290648101209,0.0,0,0.08241468799678842,
wine-quality-red,False,1599,11,MCAR,0.1,2,GAIN,0.8371538068206367,0.6032029240170718,0.0,0,10.726423174000956,
wine-quality-red,False,1599,11,MCAR,0.1,2,NDI-F1,0.8851231606680801,0.6255944212989211,0.00228310502283105,0,0.003396421001525596,
wine-quality-red,False,1599,11,MCAR,0.1,2,NDI-F-noclip,0.8090195721036959,0.5701277729008769,0.006278538812785388,0,0.004587755996908527,
wine-quality-red,False,1599,11,MCAR,0.1,2,NDI-F,0.8086022184567497,0.5692472628710623,0.0,0,0.003864121001242893,
wine-quality-red,False,1599,11,MCAR,0.1,2,Copula-NDI-F,0.7963366567717761,0.5212944040746816,0.0,0,0.01433488000111538,
wine-quality-red,False,1599,11,MCAR,0.3,0,Mean,1.034968050738148,0.746379724989591,0.0,0,0.0006051150012353901,
wine-quality-red,False,1599,11,MCAR,0.3,0,NDI-0,1.092218758945331,0.7933478394429242,0.00019425019425019425,0,0.001855402999353828,
wine-quality-red,False,1599,11,MCAR,0.3,0,NDI-C,0.8738409784272148,0.6116455506779943,0.004079254079254079,0,0.0037732479977421463,
wine-quality-red,False,1599,11,MCAR,0.3,0,NDI-S,0.8813635342579136,0.6171312563381361,0.0,0,0.005098489000374684,
wine-quality-red,False,1599,11,MCAR,0.3,0,GaussCM,0.8004558951596561,0.5460818302878314,0.0033022533022533025,0,0.0453906629991252,
wine-quality-red,False,1599,11,MCAR,0.3,0,KNN,1.0138395472701647,0.7157652331471418,0.0,0,0.18843820699839853,
wine-quality-red,False,1599,11,MCAR,0.3,0,MICE,0.8839690769934296,0.6153445635984918,0.019813519813519812,0,0.34166868799729855,
wine-quality-red,False,1599,11,MCAR,0.3,0,MissForest,0.7502753424425355,0.495970705982829,0.0,0,3.566531603999465,
wine-quality-red,False,1599,11,MCAR,0.3,0,SoftImpute,0.8604232738470408,0.5949572618763437,0.00019425019425019425,0,0.11166242800027248,
wine-quality-red,False,1599,11,MCAR,0.3,0,GAIN,0.9454492674026356,0.6608919496680455,0.0,0,11.166164616002789,
wine-quality-red,False,1599,11,MCAR,0.3,0,NDI-F1,0.9399229853267272,0.660173140732991,0.002136752136752137,0,0.004250927002431126,
wine-quality-red,False,1599,11,MCAR,0.3,0,NDI-F-noclip,0.8619484259251805,0.6031922504263385,0.00777000777000777,0,0.006520213002659148,
wine-quality-red,False,1599,11,MCAR,0.3,0,NDI-F,0.8587424027133251,0.6010122625602674,0.0,0,0.004685956999310292,
wine-quality-red,False,1599,11,MCAR,0.3,0,Copula-NDI-F,0.8791282877045566,0.5578062837841556,0.0,0,0.01393633400221006,
wine-quality-red,False,1599,11,MCAR,0.3,0,MIWAE,0.8312937737023045,0.5543324317685118,0.0017482517482517483,0,20.502841846999218,
wine-quality-red,False,1599,11,MCAR,0.3,0,Sinkhorn,0.8433412674817435,0.5279170670798919,0.0,0,680.1846997499997,
wine-quality-red,False,1599,11,MCAR,0.3,0,HyperImpute,0.8056503915857629,0.5278822603816513,0.0,0,15.867964656998083,
wine-quality-red,False,1599,11,MCAR,0.3,0,ReMasker,0.755772185322587,0.5334683840902389,0.0,0,305.88301544799833,
wine-quality-red,False,1599,11,MCAR,0.3,1,Mean,1.0041405144803075,0.732843010684628,0.0,0,0.0008027949988900218,
wine-quality-red,False,1599,11,MCAR,0.3,1,NDI-0,1.0611665599181253,0.7767884101359572,0.0,0,0.0018645710006239824,
wine-quality-red,False,1599,11,MCAR,0.3,1,NDI-C,0.841912339006907,0.604990991001377,0.003993154592127781,0,0.003097627999522956,
wine-quality-red,False,1599,11,MCAR,0.3,1,NDI-S,0.8481516845080277,0.6010396169022083,0.00019015021867275147,0,0.004876556999079185,
wine-quality-red,False,1599,11,MCAR,0.3,1,GaussCM,0.7676627028211653,0.5338086418486818,0.002852253280091272,0,0.0501281659999222,
wine-quality-red,False,1599,11,MCAR,0.3,1,KNN,0.9644754518522021,0.6723162637998471,0.0,0,0.20326411899804953,
wine-quality-red,False,1599,11,MCAR,0.3,1,MICE,0.8504768878534126,0.6022932253580413,0.02034607339798441,0,0.34772476500074845,
wine-quality-red,False,1599,11,MCAR,0.3,1,MissForest,0.7436762706277728,0.4996292609269329,0.0,0,2.471879013999569,
wine-quality-red,False,1599,11,MCAR,0.3,1,SoftImpute,0.8308175574628366,0.5827725791840063,0.00019015021867275147,0,0.10833666899998207,
wine-quality-red,False,1599,11,MCAR,0.3,1,GAIN,0.8811743412234853,0.6204032154834657,0.0,0,10.832678248003504,
wine-quality-red,False,1599,11,MCAR,0.3,1,NDI-F1,0.913709473003789,0.6478486601924898,0.0015212017493820118,0,0.003516403001412982,
wine-quality-red,False,1599,11,MCAR,0.3,1,NDI-F-noclip,0.8334978398343005,0.5938123843734074,0.007415858528237307,0,0.007848137996916194,
wine-quality-red,False,1599,11,MCAR,0.3,1,NDI-F,0.831057107571962,0.5916305735825262,0.0,0,0.004965202999301255,
wine-quality-red,False,1599,11,MCAR,0.3,1,Copula-NDI-F,0.8506562852048469,0.5505107877557052,0.0,0,0.013531444998079678,
wine-quality-red,False,1599,11,MCAR,0.3,2,Mean,0.9971097351057608,0.7315923206313029,0.0,0,0.00046599000052083284,
wine-quality-red,False,1599,11,MCAR,0.3,2,NDI-0,1.0600454118657014,0.7810382925349965,0.0,0,0.0027068220006185584,
wine-quality-red,False,1599,11,MCAR,0.3,2,NDI-C,0.8408458019451545,0.6066007111572387,0.005536464299350897,0,0.0029148180001357105,
wine-quality-red,False,1599,11,MCAR,0.3,2,NDI-S,0.8398390210372366,0.6030024170050239,0.00019091256204658267,0,0.003044390003196895,
wine-quality-red,False,1599,11,MCAR,0.3,2,GaussCM,0.7651216844593707,0.5346697231600878,0.004009163802978236,0,0.05461129600007553,
wine-quality-red,False,1599,11,MCAR,0.3,2,KNN,0.9517215757733469,0.6884584790061292,0.0,0,0.2630821940001624,
wine-quality-red,False,1599,11,MCAR,0.3,2,MICE,0.8633223202359586,0.6165644513723486,0.02577319587628866,0,0.34765052100192406,
wine-quality-red,False,1599,11,MCAR,0.3,2,MissForest,0.7313240281341483,0.48785658338318466,0.0,0,2.497570404000726,
wine-quality-red,False,1599,11,MCAR,0.3,2,SoftImpute,0.8213251771474865,0.5814170440337271,0.00019091256204658267,0,0.8024220510014857,
wine-quality-red,False,1599,11,MCAR,0.3,2,GAIN,0.8797412735371414,0.6307842328421512,0.0,0,10.610723370002233,
wine-quality-red,False,1599,11,MCAR,0.3,2,NDI-F1,0.9055195269029073,0.6488555302668022,0.0024818633066055746,0,0.004861870998865925,
wine-quality-red,False,1599,11,MCAR,0.3,2,NDI-F-noclip,0.8355552013575809,0.5960733478370277,0.004581901489117984,0,0.004739523999887751,
wine-quality-red,False,1599,11,MCAR,0.3,2,NDI-F,0.8339260777590065,0.5947094979946723,0.0,0,0.004372362000140129,
wine-quality-red,False,1599,11,MCAR,0.3,2,Copula-NDI-F,0.8306293144164832,0.5385439825906709,0.0,0,0.01994389600076829,
wine-quality-red,False,1599,11,MCAR,0.5,0,Mean,1.0122733352858928,0.7377450678946019,0.0,0,0.0007537390010838863,
wine-quality-red,False,1599,11,MCAR,0.5,0,NDI-0,1.0953212586581622,0.7993767994988551,0.0005634437683119225,0,0.0018756589997792616,
wine-quality-red,False,1599,11,MCAR,0.5,0,NDI-C,0.9126520305543788,0.6594691457404401,0.006986702727067838,0,0.0030036309981369413,
wine-quality-red,False,1599,11,MCAR,0.5,0,NDI-S,0.8944845595905554,0.6394493232330607,0.0003380662609871535,0,0.0032739279995439574,
wine-quality-red,False,1599,11,MCAR,0.5,0,GaussCM,0.8607225655670405,0.6078963927910053,0.002817218841559612,0,0.07122257299852208,
wine-quality-red,False,1599,11,MCAR,0.5,0,KNN,1.0155121111751921,0.7266286693933331,0.0,0,0.2788814259984065,
wine-quality-red,False,1599,11,MCAR,0.5,0,MICE,0.9221156179709177,0.6556390902430737,0.00901510029299076,0,0.13591410599838127,
wine-quality-red,False,1599,11,MCAR,0.5,0,MissForest,0.8646150474836461,0.5993072596106681,0.0,0,2.2245644289978372,
wine-quality-red,False,1599,11,MCAR,0.5,0,SoftImpute,0.9145001373990708,0.6533190046446102,0.0001126887536623845,0,0.11614866700256243,
wine-quality-red,False,1599,11,MCAR,0.5,0,GAIN,0.9984219567286402,0.7106397112361524,0.0,0,10.96133543399992,
wine-quality-red,False,1599,11,MCAR,0.5,0,NDI-F1,0.936414614517861,0.6714801137961359,0.001352265043948614,0,0.004256542997609358,
wine-quality-red,False,1599,11,MCAR,0.5,0,NDI-F-noclip,0.8911531204111455,0.6318642090252434,0.00552174892945684,0,0.005733062997023808,
wine-quality-red,False,1599,11,MCAR,0.5,0,NDI-F,0.8887592261942968,0.6299687184863529,0.0,0,0.005905091999011347,
wine-quality-red,False,1599,11,MCAR,0.5,0,Copula-NDI-F,0.889769554702301,0.5932638857416893,0.0,0,0.013767683998594293,
wine-quality-red,False,1599,11,MCAR,0.5,1,Mean,1.009630623897842,0.7283754417203144,0.0,0,0.0006585909977729898,
wine-quality-red,False,1599,11,MCAR,0.5,1,NDI-0,1.1135214269405584,0.8074418312949201,0.0007971757203052044,0,0.001786723001714563,
wine-quality-red,False,1599,11,MCAR,0.5,1,NDI-C,0.9191022952155368,0.654937905372202,0.006377405762441635,0,0.0029402820000541396,
wine-quality-red,False,1599,11,MCAR,0.5,1,NDI-S,0.8910220147252006,0.6276762517534447,0.00034164673727365904,0,0.003143650999845704,
wine-quality-red,False,1599,11,MCAR,0.5,1,GaussCM,0.8560597182480292,0.5965818504484088,0.003644231864252363,0,0.08450360799906775,
wine-quality-red,False,1599,11,MCAR,0.5,1,KNN,1.003672772497426,0.7169912159873445,0.0,0,0.2649609559994133,
wine-quality-red,False,1599,11,MCAR,0.5,1,MICE,0.9268901925013006,0.6581632776252772,0.011046577838514976,0,0.25254949599911924,
wine-quality-red,False,1599,11,MCAR,0.5,1,MissForest,0.8823536530209442,0.6015931586074821,0.0,0,2.1825288990003173,
wine-quality-red,False,1599,11,MCAR,0.5,1,SoftImpute,0.9044276504690251,0.6373477574819034,0.0,0,0.11077291899709962,
wine-quality-red,False,1599,11,MCAR,0.5,1,GAIN,0.9501656720679309,0.6786050590480461,0.0,0,10.646459088999109,
wine-quality-red,False,1599,11,MCAR,0.5,1,NDI-F1,0.9385233280655372,0.6645417677278791,0.0017082336863682953,0,0.006316131002677139,
wine-quality-red,False,1599,11,MCAR,0.5,1,NDI-F-noclip,0.9015410913017099,0.6338311091207322,0.007516228220020499,0,0.004439702999661677,
wine-quality-red,False,1599,11,MCAR,0.5,1,NDI-F,0.8958237526646083,0.6309950309899635,0.0,0,0.005346365000150399,
wine-quality-red,False,1599,11,MCAR,0.5,1,Copula-NDI-F,0.9087189192189696,0.5987009645702654,0.0,0,0.015723892000096384,
wine-quality-red,False,1599,11,MCAR,0.5,2,Mean,0.996315478418366,0.7324217152271585,0.0,0,0.0003992040001321584,
wine-quality-red,False,1599,11,MCAR,0.5,2,NDI-0,1.1013363016327817,0.8066553674905007,0.0011186933661483387,0,0.0019345469991094433,
wine-quality-red,False,1599,11,MCAR,0.5,2,NDI-C,0.9232594381283559,0.6706707690943927,0.0069358988701197005,0,0.003426274000958074,
wine-quality-red,False,1599,11,MCAR,0.5,2,NDI-S,0.8788481339910954,0.6374802821143744,0.0003356080098445016,0,0.0032113050001498777,
wine-quality-red,False,1599,11,MCAR,0.5,2,GaussCM,0.8432235394319664,0.6012492319126105,0.0024611254055263453,0,0.07036979999975301,
wine-quality-red,False,1599,11,MCAR,0.5,2,KNN,1.0081908168974547,0.7395522309575766,0.0,0,0.29910964500231785,
wine-quality-red,False,1599,11,MCAR,0.5,2,MICE,0.8867425913737584,0.6402808864712495,0.005705336167356527,0,0.23212169899852597,
wine-quality-red,False,1599,11,MCAR,0.5,2,MissForest,0.8703095453834725,0.6005983060329675,0.0,0,2.1672243450011592,
wine-quality-red,False,1599,11,MCAR,0.5,2,SoftImpute,0.8900064046686056,0.6428946548234009,0.0,0,0.12093664200074272,
wine-quality-red,False,1599,11,MCAR,0.5,2,GAIN,1.4805130993357083,1.0463398700552025,0.0,0,10.70422103799865,
wine-quality-red,False,1599,11,MCAR,0.5,2,NDI-F1,0.9227824941504484,0.6707064676676106,0.0013424320393780065,0,0.004849029002798488,
wine-quality-red,False,1599,11,MCAR,0.5,2,NDI-F-noclip,0.8925833610554751,0.6447918519177306,0.004474773464593355,0,0.004844401002628729,
wine-quality-red,False,1599,11,MCAR,0.5,2,NDI-F,0.8899539417452449,0.6429812607455633,0.0,0,0.004542643997410778,
wine-quality-red,False,1599,11,MCAR,0.5,2,Copula-NDI-F,0.8804902046469679,0.5938974568592852,0.0,0,0.013139472001057584,
wine-quality-red,False,1599,11,MAR,0.3,0,Mean,1.0128867041213871,0.7990086257514425,0.0,0,0.0003532410009938758,
wine-quality-red,False,1599,11,MAR,0.3,0,NDI-0,1.1103546506908142,0.8655862274952185,0.0,0,0.0027935210018767975,
wine-quality-red,False,1599,11,MAR,0.3,0,NDI-C,0.8464599487172657,0.6390963873939807,0.002812675792237015,0,0.0028411819985194597,
wine-quality-red,False,1599,11,MAR,0.3,0,NDI-S,0.856205870936233,0.6594550568759086,0.00018751171948246765,0,0.004801724997378187,
wine-quality-red,False,1599,11,MAR,0.3,0,GaussCM,0.7812323377093666,0.5832549391048123,0.005437839864991562,0,0.02160505600113538,
wine-quality-red,False,1599,11,MAR,0.3,0,KNN,0.949411630091866,0.7286155778301704,0.0,0,0.19684520100054215,
wine-quality-red,False,1599,11,MAR,0.3,0,MICE,0.8631818239213194,0.6423720617474197,0.014813425839114944,0,0.3507833940020646,
wine-quality-red,False,1599,11,MAR,0.3,0,MissForest,0.7571702701101957,0.5532140152311742,0.0,0,2.5636192330021004,
wine-quality-red,False,1599,11,MAR,0.3,0,SoftImpute,0.841625562987056,0.644917915685634,0.000562535158447403,0,0.11006713900133036,
wine-quality-red,False,1599,11,MAR,0.3,0,GAIN,0.9531594782782414,0.7096583607164899,0.0,0,10.563464322000073,
wine-quality-red,False,1599,11,MAR,0.3,0,NDI-F1,0.9073041971992089,0.705216265680065,0.0024376523532720793,0,0.003699977998621762,
wine-quality-red,False,1599,11,MAR,0.3,0,NDI-F-noclip,0.8560017081058299,0.6390980177694678,0.009375585974123383,0,0.0066877770004794,
wine-quality-red,False,1599,11,MAR,0.3,0,NDI-F,0.8522931543972762,0.635992741772172,0.0,0,0.004825181000342127,
wine-quality-red,False,1599,11,MAR,0.3,0,Copula-NDI-F,0.8053602755789113,0.5942297000307429,0.0,0,0.013241333999758353,
wine-quality-red,False,1599,11,MAR,0.3,0,MIWAE,0.8025394824839712,0.5920822641993839,0.0013125820363772737,0,20.79163060599967,
wine-quality-red,False,1599,11,MAR,0.3,0,Sinkhorn,0.8263445011055794,0.5978691422594057,0.0,0,649.3317833210021,
wine-quality-red,False,1599,11,MAR,0.3,0,HyperImpute,0.8432033323657053,0.6247294754750727,0.0,0,15.08152817500013,
wine-quality-red,False,1599,11,MAR,0.3,0,ReMasker,0.7840957125279132,0.5897897398157147,0.0,0,307.89117863700085,
wine-quality-red,False,1599,11,MAR,0.3,1,Mean,0.9972289405810216,0.7600279372488316,0.0,0,0.0005221880019234959,
wine-quality-red,False,1599,11,MAR,0.3,1,NDI-0,1.0473380561164178,0.7918967686656285,0.0,0,0.0020360759990580846,
wine-quality-red,False,1599,11,MAR,0.3,1,NDI-C,0.8484020978072554,0.6285876423912025,0.002620250795433277,0,0.004015221998997731,
wine-quality-red,False,1599,11,MAR,0.3,1,NDI-S,0.8534658019714816,0.6392339606485063,0.0,0,0.0034598390011524316,
wine-quality-red,False,1599,11,MAR,0.3,1,GaussCM,0.8034822364944105,0.5798736894538747,0.004866180048661801,0,0.0328536550005083,
wine-quality-red,False,1599,11,MAR,0.3,1,KNN,0.906487753195136,0.6729662028195669,0.0,0,0.19638191499689128,
wine-quality-red,False,1599,11,MAR,0.3,1,MICE,0.8898971587606915,0.6394136733172505,0.021710649447875725,0,0.3230953949969262,
wine-quality-red,False,1599,11,MAR,0.3,1,MissForest,0.7546989316932295,0.5337419319463443,0.0,0,2.3864585219998844,
wine-quality-red,False,1599,11,MAR,0.3,1,SoftImpute,0.8322268243920871,0.616480353878641,0.0,0,0.11639929900047719,
wine-quality-red,False,1599,11,MAR,0.3,1,GAIN,0.8909477044526233,0.6639374823333736,0.0,0,10.77220529799888,
wine-quality-red,False,1599,11,MAR,0.3,1,NDI-F1,0.9067821119715771,0.6806609074589403,0.0014972861688190156,0,0.004008750001958106,
wine-quality-red,False,1599,11,MAR,0.3,1,NDI-F-noclip,0.8552157083643452,0.6254446975635238,0.00430469773535467,0,0.004225324999424629,
wine-quality-red,False,1599,11,MAR,0.3,1,NDI-F,0.8518331352850973,0.6237980296265281,0.0,0,0.006430109999200795,
wine-quality-red,False,1599,11,MAR,0.3,1,Copula-NDI-F,0.8301611580378846,0.5751861040082112,0.0,0,0.013163536001229659,
wine-quality-red,False,1599,11,MAR,0.3,2,Mean,0.992425064348532,0.7168324139309407,0.0,0,0.00040556900057708845,
wine-quality-red,False,1599,11,MAR,0.3,2,NDI-0,1.0498883069214966,0.7568107282969555,0.0011265490048817123,0,0.0017281670006923378,
wine-quality-red,False,1599,11,MAR,0.3,2,NDI-C,0.8744141933894459,0.6351475618185792,0.013330829891100264,0,0.004704807000962319,
wine-quality-red,False,1599,11,MAR,0.3,2,NDI-S,0.8527075377658557,0.615058344449976,0.000938790837401427,0,0.0030833020027785096,
wine-quality-red,False,1599,11,MAR,0.3,2,GaussCM,0.7867978900609216,0.5600435302420563,0.011077731881336839,0,0.020967283999198116,
wine-quality-red,False,1599,11,MAR,0.3,2,KNN,0.9799203340147289,0.6976086204461532,0.0,0,0.18989707200307748,
wine-quality-red,False,1599,11,MAR,0.3,2,MICE,0.8977677690946753,0.6323304555868665,0.03586180998873451,0,0.4248367309992318,
wine-quality-red,False,1599,11,MAR,0.3,2,MissForest,0.7706479680654569,0.5108679979989886,0.0,0,2.4298827219972736,
wine-quality-red,False,1599,11,MAR,0.3,2,SoftImpute,0.8365979094445761,0.5933983379421235,0.0,0,0.14896766799938632,
wine-quality-red,False,1599,11,MAR,0.3,2,GAIN,0.8915639524322139,0.6095163720503158,0.0,0,10.741932176002592,
wine-quality-red,False,1599,11,MAR,0.3,2,NDI-F1,0.9154137050793113,0.6683478385286311,0.0,0,0.0037261559991748072,
wine-quality-red,False,1599,11,MAR,0.3,2,NDI-F-noclip,0.8578399550781509,0.616876237438132,0.024971836274877958,0,0.004733873000077438,
wine-quality-red,False,1599,11,MAR,0.3,2,NDI-F,0.8467032963208281,0.6070392014836024,0.0,0,0.005477650000102585,
wine-quality-red,False,1599,11,MAR,0.3,2,Copula-NDI-F,0.8338246420717426,0.5423106193261702,0.0,0,0.012863597999967169,
wine-quality-red,False,1599,11,MNAR,0.3,0,Mean,1.293550184559015,0.9436224802478058,0.0,0,0.00037129699921933934,
wine-quality-red,False,1599,11,MNAR,0.3,0,NDI-0,1.3267914754963452,0.9725216009849204,0.00019364833462432224,0,0.002476306999597,
wine-quality-red,False,1599,11,MNAR,0.3,0,NDI-C,1.1372123851185438,0.7878274619146458,0.0038729666924864447,0,0.0033364160008204635,
wine-quality-red,False,1599,11,MNAR,0.3,0,NDI-S,1.1660064113588982,0.813871265040141,0.0,0,0.003537042997777462,
wine-quality-red,False,1599,11,MNAR,0.3,0,GaussCM,1.0881469809092683,0.7205146337757513,0.0009682416731216112,0,0.046543911998014664,
wine-quality-red,False,1599,11,MNAR,0.3,0,KNN,1.2273666435048103,0.8451491375377485,0.0,0,0.29850615200120956,
wine-quality-red,False,1599,11,MNAR,0.3,0,MICE,1.0661256624307365,0.7226850572372074,0.015879163439194422,0,0.3577301160003117,
wine-quality-red,False,1599,11,MNAR,0.3,0,MissForest,0.9900536608599085,0.6099992992554946,0.0,0,2.472449647000758,
wine-quality-red,False,1599,11,MNAR,0.3,0,SoftImpute,1.1604888710727397,0.8007099943526313,0.0,0,0.9682963830018707,
wine-quality-red,False,1599,11,MNAR,0.3,0,GAIN,1.2015057680924968,0.8191085455337205,0.0,0,10.599814240998967,
wine-quality-red,False,1599,11,MNAR,0.3,0,NDI-F1,1.1949274693143406,0.8358039427643882,0.000774593338497289,0,0.003708353000547504,
wine-quality-red,False,1599,11,MNAR,0.3,0,NDI-F-noclip,1.1238410188407062,0.7585222135890991,0.005034856700232378,0,0.004429037002410041,
wine-quality-red,False,1599,11,MNAR,0.3,0,NDI-F,1.1221071192107799,0.7572699416643951,0.0,0,0.004852000998653239,
wine-quality-red,False,1599,11,MNAR,0.3,0,Copula-NDI-F,1.123669504859639,0.7248632817533448,0.0,0,0.022379952999472152,
wine-quality-red,False,1599,11,MNAR,0.3,0,MIWAE,1.0816245960356252,0.7008521531439026,0.0019364833462432224,0,19.037834676000784,
wine-quality-red,False,1599,11,MNAR,0.3,0,Sinkhorn,1.1475782243130863,0.740501797860215,0.0,0,647.0604483490024,
wine-quality-red,False,1599,11,MNAR,0.3,0,HyperImpute,1.0087958137762865,0.6203128376058366,0.0,0,16.150355085999763,
wine-quality-red,False,1599,11,MNAR,0.3,0,ReMasker,1.0709348896166468,0.6990751638505537,0.0,0,304.9504117010001,
wine-quality-red,False,1599,11,MNAR,0.3,1,Mean,1.3520776945879809,0.9584865865249006,0.0,0,0.00042168700019828975,
wine-quality-red,False,1599,11,MNAR,0.3,1,NDI-0,1.3854662293431157,0.9841144145972368,0.0,0,0.001965824998478638,
wine-quality-red,False,1599,11,MNAR,0.3,1,NDI-C,1.1854988119569914,0.7794338649661793,0.0015267175572519084,0,0.002910144001361914,
wine-quality-red,False,1599,11,MNAR,0.3,1,NDI-S,1.223398220530696,0.8278108675619049,0.00019083969465648855,0,0.004697408996435115,
wine-quality-red,False,1599,11,MNAR,0.3,1,GaussCM,1.148829202492526,0.7358086455560733,0.0009541984732824427,0,0.04869520600186661,
wine-quality-red,False,1599,11,MNAR,0.3,1,KNN,1.2732604292614225,0.8546231866175906,0.0,0,0.2090501780003251,
wine-quality-red,False,1599,11,MNAR,0.3,1,MICE,1.1389277299363387,0.7277851853423604,0.009541984732824428,0,0.34854860400082543,
wine-quality-red,False,1599,11,MNAR,0.3,1,MissForest,1.099286151207033,0.6599615862575022,0.0,0,2.667734399001347,
wine-quality-red,False,1599,11,MNAR,0.3,1,SoftImpute,1.2280267630826938,0.8292266226979738,0.0,0,0.10831449800025439,
wine-quality-red,False,1599,11,MNAR,0.3,1,GAIN,1.1696269037175244,0.7589095966113257,0.0,0,10.637945931001013,
wine-quality-red,False,1599,11,MNAR,0.3,1,NDI-F1,1.2440831808588493,0.851206501569998,0.0019083969465648854,0,0.0037658309993275907,
wine-quality-red,False,1599,11,MNAR,0.3,1,NDI-F-noclip,1.168040232281977,0.7526882665300579,0.0026717557251908397,0,0.0068821939967165235,
wine-quality-red,False,1599,11,MNAR,0.3,1,NDI-F,1.1672468129990128,0.7519668655255857,0.0,0,0.00465768600042793,
wine-quality-red,False,1599,11,MNAR,0.3,1,Copula-NDI-F,1.1833337729232307,0.7491681219386466,0.0,0,0.013203828999394318,
wine-quality-red,False,1599,11,MNAR,0.3,2,Mean,1.155472656763244,0.9018129179234101,0.0,0,0.0003250969966757111,
wine-quality-red,False,1599,11,MNAR,0.3,2,NDI-0,1.2154228603418535,0.9358394403072063,0.0007530120481927711,0,0.0030841980005789082,
wine-quality-red,False,1599,11,MNAR,0.3,2,NDI-C,0.9785916432752061,0.7685673098872738,0.005271084337349397,0,0.003434933998505585,
wine-quality-red,False,1599,11,MNAR,0.3,2,NDI-S,1.003362470900698,0.784948011059598,0.0,0,0.003102286002103938,
wine-quality-red,False,1599,11,MNAR,0.3,2,GaussCM,0.8985163722010919,0.6885147241039385,0.0015060240963855422,0,0.04860352300238446,
wine-quality-red,False,1599,11,MNAR,0.3,2,KNN,1.158852299225683,0.8750846463803424,0.0,0,0.25027848500030814,
wine-quality-red,False,1599,11,MNAR,0.3,2,MICE,0.8751082529584121,0.663472095807307,0.02804969879518072,0,0.32955454099646886,
wine-quality-red,False,1599,11,MNAR,0.3,2,MissForest,0.7678550266861303,0.5573052908064966,0.0,0,2.449732369997946,
wine-quality-red,False,1599,11,MNAR,0.3,2,SoftImpute,1.007864860692699,0.7854755990431485,0.0,0,0.42289434500344214,
wine-quality-red,False,1599,11,MNAR,0.3,2,GAIN,1.0181441046830302,0.7722919896712477,0.0,0,10.678326474997448,
wine-quality-red,False,1599,11,MNAR,0.3,2,NDI-F1,1.0508263459410492,0.821695911578837,0.00018825301204819278,0,0.0037687740004912484,
wine-quality-red,False,1599,11,MNAR,0.3,2,NDI-F-noclip,0.9429389950333857,0.7285517273208614,0.001694277108433735,0,0.00479715099936584,
wine-quality-red,False,1599,11,MNAR,0.3,2,NDI-F,0.942535019038824,0.7281929569983678,0.0,0,0.004960867001500446,
wine-quality-red,False,1599,11,MNAR,0.3,2,Copula-NDI-F,0.9149424282597094,0.6793040471304944,0.0,0,0.018656807002116693,
segment,False,2000,18,MCAR,0.1,0,Mean,0.9724388857383209,0.6544521225164728,0.0,0,0.0005520169979718048,
segment,False,2000,18,MCAR,0.1,0,NDI-0,1.0083164378199343,0.6959411633249517,0.060520361990950226,0,0.0024676270004420076,
segment,False,2000,18,MCAR,0.1,0,NDI-C,0.6870650270944625,0.42798985130710593,0.103789592760181,0,0.004942080999171594,
segment,False,2000,18,MCAR,0.1,0,NDI-S,0.6732557393474206,0.4094340664688747,0.06221719457013575,0,0.004701226000179304,
segment,False,2000,18,MCAR,0.1,0,GaussCM,0.561006610111799,0.2804588111632188,0.08710407239819004,0,0.058425320999958785,
segment,False,2000,18,MCAR,0.1,0,KNN,0.5846657123258603,0.20001051448579796,0.0,0,0.2675120659987442,
segment,False,2000,18,MCAR,0.1,0,MICE,0.5530121607459461,0.2501746668634102,0.08173076923076923,0,0.6390097660005267,
segment,False,2000,18,MCAR,0.1,0,MissForest,0.47985436254455505,0.15277516529653368,0.0,0,6.226745544998266,
segment,False,2000,18,MCAR,0.1,0,SoftImpute,0.5786164084176437,0.27428683742948934,0.04355203619909502,0,0.152621242999885,
segment,False,2000,18,MCAR,0.1,0,GAIN,0.6879845183600983,0.3944790033497363,0.0,0,10.651465677001397,
segment,False,2000,18,MCAR,0.1,0,NDI-F1,0.7426189258894231,0.3986414252813081,0.011877828054298642,0,0.008799978000752162,
segment,False,2000,18,MCAR,0.1,0,NDI-F-noclip,0.6402502673079254,0.35858280138179854,0.1122737556561086,0,0.010285344997100765,
segment,False,2000,18,MCAR,0.1,0,NDI-F,0.6323107516835187,0.33917660253386656,0.0,0,0.009095122000871925,
segment,False,2000,18,MCAR,0.1,0,Copula-NDI-F,0.6719940945652957,0.28288188552420807,0.0,0,0.028917928000737447,
segment,False,2000,18,MCAR,0.1,1,Mean,0.9844437187726255,0.6565284499943074,0.0,0,0.0006863030030217487,
segment,False,2000,18,MCAR,0.1,1,NDI-0,1.0123900405260904,0.6933973480890981,0.05908460471567268,0,0.002788656001939671,
segment,False,2000,18,MCAR,0.1,1,NDI-C,0.706293390621157,0.4178860021981427,0.09542302357836338,0,0.005625435002002632,
segment,False,2000,18,MCAR,0.1,1,NDI-S,0.6899364774469905,0.4067010256797163,0.05353675450762829,0,0.006454644000768894,
segment,False,2000,18,MCAR,0.1,1,GaussCM,0.5681840983469916,0.2730030932004469,0.07406380027739251,0,0.0748261509979784,
segment,False,2000,18,MCAR,0.1,1,KNN,0.5341463137101158,0.18709741505932,0.0,0,0.24328155300099752,
segment,False,2000,18,MCAR,0.1,1,MICE,0.5497952025087803,0.23233533389277208,0.07406380027739251,0,0.7055163320001157,
segment,False,2000,18,MCAR,0.1,1,MissForest,0.47450215903607823,0.15322460007620356,0.0,0,7.79693150499952,
segment,False,2000,18,MCAR,0.1,1,SoftImpute,0.587195582228332,0.2677456592431147,0.04133148404993065,0,0.15227463400151464,
segment,False,2000,18,MCAR,0.1,1,GAIN,0.726814469333011,0.3929306538948154,0.0,0,10.409452714000508,
segment,False,2000,18,MCAR,0.1,1,NDI-F1,0.7442628454433028,0.39240428264493515,0.010540915395284327,0,0.00848975700137089,
segment,False,2000,18,MCAR,0.1,1,NDI-F-noclip,0.6616079056303249,0.35350176487874035,0.10235783633841886,0,0.014154301999951713,
segment,False,2000,18,MCAR,0.1,1,NDI-F,0.6523521200214685,0.33685154925467753,0.0,0,0.019342371000675485,
segment,False,2000,18,MCAR,0.1,1,Copula-NDI-F,0.6496989689180083,0.27570204501409096,0.0,0,0.06907725799828768,
segment,False,2000,18,MCAR,0.1,2,Mean,1.0861421179176338,0.6827054000819026,0.0,0,0.0006671740011370275,
segment,False,2000,18,MCAR,0.1,2,NDI-0,1.0857551798543754,0.7061712425276367,0.06229508196721312,0,0.0055910740011313464,
segment,False,2000,18,MCAR,0.1,2,NDI-C,0.7438078851189099,0.4409329827863873,0.09754098360655737,0,0.013920380999479676,
segment,False,2000,18,MCAR,0.1,2,NDI-S,0.7481013570143353,0.4251378505776823,0.05628415300546448,0,0.013585021999460878,
segment,False,2000,18,MCAR,0.1,2,GaussCM,0.5899619638437055,0.28140649161369324,0.07185792349726776,0,0.08887496600073064,
segment,False,2000,18,MCAR,0.1,2,KNN,0.6838089948030394,0.20486081304341303,0.0,0,0.4270562310011883,
segment,False,2000,18,MCAR,0.1,2,MICE,0.5594014793168471,0.24217636664072698,0.07486338797814207,0,0.8579561240003386,
segment,False,2000,18,MCAR,0.1,2,MissForest,0.511173844031853,0.15544093786088295,0.0,0,6.371051292997436,
segment,False,2000,18,MCAR,0.1,2,SoftImpute,0.6494755825009033,0.2854510958705397,0.03961748633879782,0,0.17044495599839138,
segment,False,2000,18,MCAR,0.1,2,GAIN,0.7415146688681263,0.4077633511468204,0.0,0,10.906053221002367,
segment,False,2000,18,MCAR,0.1,2,NDI-F1,0.880847614136377,0.4215690742506263,0.012295081967213115,0,0.0055988159983826336,
segment,False,2000,18,MCAR,0.1,2,NDI-F-noclip,0.6802629978996136,0.36035468528325465,0.09918032786885246,0,0.008268347002740484,
segment,False,2000,18,MCAR,0.1,2,NDI-F,0.6683193516891577,0.3436369510759833,0.0,0,0.010535000001254957,
segment,False,2000,18,MCAR,0.1,2,Copula-NDI-F,0.7168658719705222,0.28751531552792453,0.0,0,0.03412747399852378,
segment,False,2000,18,MCAR,0.3,0,Mean,1.026807736035742,0.6603196521454284,0.0,0,0.0009270730006392114,
segment,False,2000,18,MCAR,0.3,0,NDI-0,1.0506781844518993,0.6907747364672877,0.06184709253952112,0,0.002733646000706358,
segment,False,2000,18,MCAR,0.3,0,NDI-C,0.7622315056648115,0.44179213199952416,0.1067763705278728,0,0.008106548000796465,
segment,False,2000,18,MCAR,0.3,0,NDI-S,0.7503975426092493,0.42230201904466413,0.04825737265415549,0,0.0062684879994776566,
segment,False,2000,18,MCAR,0.3,0,GaussCM,0.6570549166232016,0.31124796964654816,0.06859572894517889,0,0.17927525599952787,
segment,False,2000,18,MCAR,0.3,0,KNN,0.7035179156795899,0.2718167894738665,0.0,0,0.36464681800134713,
segment,False,2000,18,MCAR,0.3,0,MICE,0.6824927314640096,0.3108208649090258,0.08061384857169271,0,1.3517375009978423,
segment,False,2000,18,MCAR,0.3,0,MissForest,0.5477004141488478,0.1780659135293473,0.0,0,5.247844116998749,
segment,False,2000,18,MCAR,0.3,0,SoftImpute,0.6802074939354578,0.30217930241434227,0.02357400388277711,0,1.1736839090008289,
segment,False,2000,18,MCAR,0.3,0,GAIN,0.7538767437563939,0.3917338060365767,0.0,0,10.667051808999531,
segment,False,2000,18,MCAR,0.3,0,NDI-F1,0.8199065579208922,0.4099042709096267,0.007210871775908292,0,0.007101066003087908,
segment,False,2000,18,MCAR,0.3,0,NDI-F-noclip,0.6961189609634986,0.3612846347706418,0.0907830267172044,0,0.008771908000198891,
segment,False,2000,18,MCAR,0.3,0,NDI-F,0.6870740925372172,0.34679827005377173,0.0,0,0.011693610998918302,
segment,False,2000,18,MCAR,0.3,0,Copula-NDI-F,0.7111598884947055,0.2917582775242597,0.0,0,0.02190663000146742,
segment,False,2000,18,MCAR,0.3,0,MIWAE,0.7625765957698474,0.25220156247654196,0.058888786169917724,0,23.066293135001615,
segment,False,2000,18,MCAR,0.3,0,Sinkhorn,0.7669152309540073,0.29084359608815835,0.04271054821114912,0,701.1516110310004,
segment,False,2000,18,MCAR,0.3,0,HyperImpute,0.6307856893851963,0.2184298702913983,0.0,0,154.6058010050001,
segment,False,2000,18,MCAR,0.3,0,ReMasker,0.6086317554704002,0.24055372325931076,0.0,0,389.40461172600044,
segment,False,2000,18,MCAR,0.3,1,Mean,0.9837264431815147,0.6705592809129666,0.0,0,0.0006452430025092326,
segment,False,2000,18,MCAR,0.3,1,NDI-0,1.010106608388086,0.7037514935925023,0.06326233387948298,0,0.0026193100020464044,
segment,False,2000,18,MCAR,0.3,1,NDI-C,0.7067280720316712,0.43809034668184554,0.1032222829055161,0,0.00902146100270329,
segment,False,2000,18,MCAR,0.3,1,NDI-S,0.6865490925158917,0.4243629039042928,0.0536136901511014,0,0.007212978998722974,
segment,False,2000,18,MCAR,0.3,1,GaussCM,0.5948471313145479,0.3084423226858974,0.07127252867285637,0,0.16341901399937342,
segment,False,2000,18,MCAR,0.3,1,KNN,0.6448025857586082,0.28183228591419823,0.0,0,0.4393723749999481,
segment,False,2000,18,MCAR,0.3,1,MICE,0.6155031998629616,0.29873718369051894,0.07245585290369562,0,0.7274499910017767,
segment,False,2000,18,MCAR,0.3,1,MissForest,0.5135937041326533,0.1796350024120961,0.0,0,5.534613363997778,
segment,False,2000,18,MCAR,0.3,1,SoftImpute,0.6101109895832182,0.3045597707028349,0.025304933551793193,0,0.22623939500044798,
segment,False,2000,18,MCAR,0.3,1,GAIN,0.7177734055650956,0.4032582084475402,0.0,0,10.9809640329986,
segment,False,2000,18,MCAR,0.3,1,NDI-F1,0.7434071672489004,0.4074033280401351,0.008920444201711269,0,0.007419400997605408,
segment,False,2000,18,MCAR,0.3,1,NDI-F-noclip,0.6536739296538572,0.3638747558942127,0.1016748589113417,0,0.00858895700002904,
segment,False,2000,18,MCAR,0.3,1,NDI-F,0.6436950787363794,0.3457401810415887,0.0,0,0.01119470399862621,
segment,False,2000,18,MCAR,0.3,1,Copula-NDI-F,0.6557067415269343,0.2872535796520409,0.0,0,0.02656748400113429,
segment,False,2000,18,MCAR,0.3,2,Mean,1.023791294792846,0.6703873617145283,0.0,0,0.000599709997914033,
segment,False,2000,18,MCAR,0.3,2,NDI-0,1.041961301091097,0.6989669439249019,0.06341013824884793,0,0.0025513679975119885,
segment,False,2000,18,MCAR,0.3,2,NDI-C,0.7461369094008945,0.4404835104756717,0.09797235023041474,0,0.007771631000650814,
segment,False,2000,18,MCAR,0.3,2,NDI-S,0.7356317475568244,0.4255868897846248,0.05216589861751152,0,0.0065581649978412315,
segment,False,2000,18,MCAR,0.3,2,GaussCM,0.641123044420424,0.305386507242374,0.06626728110599078,0,0.16748626299886382,
segment,False,2000,18,MCAR,0.3,2,KNN,0.6948473208177108,0.28078917642310575,0.0,0,0.47889885200129356,
segment,False,2000,18,MCAR,0.3,2,MICE,0.6877925464188818,0.30811876037329455,0.07806451612903226,0,0.6478170970003703,
segment,False,2000,18,MCAR,0.3,2,MissForest,0.538190561168546,0.17867919469834367,0.0,0,6.5606324239997775,
segment,False,2000,18,MCAR,0.3,2,SoftImpute,0.6607341144385648,0.3047708261807775,0.032442396313364055,0,0.24356870700285072,
segment,False,2000,18,MCAR,0.3,2,GAIN,0.7290920766486175,0.4127231906619446,0.0,0,10.791563430000679,
segment,False,2000,18,MCAR,0.3,2,NDI-F1,0.798375261631817,0.4070092109702265,0.008387096774193548,0,0.007731879999482771,
segment,False,2000,18,MCAR,0.3,2,NDI-F-noclip,0.6918491796690893,0.3619147432759496,0.10525345622119815,0,0.020046931997057982,
segment,False,2000,18,MCAR,0.3,2,NDI-F,0.6822005018963544,0.34614692694311966,0.0,0,0.010231786000076681,
segment,False,2000,18,MCAR,0.3,2,Copula-NDI-F,0.7294891899509839,0.29680916809940355,0.0,0,0.029685402998438803,
segment,False,2000,18,MCAR,0.5,0,Mean,1.0002696889837495,0.6671939612160979,0.0,0,0.0007652809981664177,
segment,False,2000,18,MCAR,0.5,0,NDI-0,1.0424299372122268,0.7113523725680158,0.07307544158917074,0,0.002979379001772031,
segment,False,2000,18,MCAR,0.5,0,NDI-C,0.7491010159176085,0.4620353352672228,0.1102184559511363,0,0.0073243089973402675,
segment,False,2000,18,MCAR,0.5,0,NDI-S,0.7363470818167982,0.4409398953217257,0.052385406922357346,0,0.007568520999484463,
segment,False,2000,18,MCAR,0.5,0,GaussCM,0.6555396268232375,0.3454675293840275,0.07659714961756452,0,0.15461954599959427,
segment,False,2000,18,MCAR,0.5,0,KNN,0.9682929983820308,0.5971254546155472,0.0,0,0.6030264269975305,
segment,False,2000,18,MCAR,0.5,0,MICE,0.7440704895862141,0.3820975560584641,0.07263522808562152,0,0.24934324700006982,
segment,False,2000,18,MCAR,0.5,0,MissForest,0.5761655619936639,0.21649508625572728,0.0,0,6.055821909001679,
segment,False,2000,18,MCAR,0.5,0,SoftImpute,0.6904433532601036,0.3545239284364494,0.02410168931931987,0,0.22843036699850927,
segment,False,2000,18,MCAR,0.5,0,GAIN,0.8963595649848887,0.5152561223794457,0.0,0,10.4840038930015,
segment,False,2000,18,MCAR,0.5,0,NDI-F1,0.78208006183831,0.4203292605213873,0.0184889671490673,0,0.011254615998041118,
segment,False,2000,18,MCAR,0.5,0,NDI-F-noclip,0.6925985038886583,0.3866827147395402,0.09750729103615254,0,0.010227807000774192,
segment,False,2000,18,MCAR,0.5,0,NDI-F,0.684367161377518,0.36888097086576194,0.0,0,0.013801298999169376,
segment,False,2000,18,MCAR,0.5,0,Copula-NDI-F,0.7327269509925696,0.3122957869820545,0.0,0,0.06437560800259234,
segment,False,2000,18,MCAR,0.5,1,Mean,0.9697346025545169,0.6620754591023302,0.0,0,0.003456395999819506,
segment,False,2000,18,MCAR,0.5,1,NDI-0,1.0169288141904596,0.7082391178618976,0.0713143235342783,0,0.00637061000088579,
segment,False,2000,18,MCAR,0.5,1,NDI-C,0.7481208303025583,0.4742378003591921,0.11058408251061717,0,0.015055785999720683,
segment,False,2000,18,MCAR,0.5,1,NDI-S,0.7063225686449495,0.44288976878599234,0.04892173625282665,0,0.01753159500003676,
segment,False,2000,18,MCAR,0.5,1,GaussCM,0.625902657217539,0.3459116784755321,0.07164524846947218,0,0.21798607199889375,
segment,False,2000,18,MCAR,0.5,1,KNN,0.9530183047280419,0.6002691548241257,0.0,0,0.8180380209996656,
segment,False,2000,18,MCAR,0.5,1,MICE,0.6801646366091745,0.38128025747084404,0.07506480613314213,0,0.2558648960002756,
segment,False,2000,18,MCAR,0.5,1,MissForest,0.5455814087208136,0.21613886210070266,0.0,0,4.528145911001047,
segment,False,2000,18,MCAR,0.5,1,SoftImpute,0.6486197534650853,0.35329551852082786,0.025205449230599527,0,0.2417936470010318,
segment,False,2000,18,MCAR,0.5,1,GAIN,0.7514283047458298,0.4407748918214753,0.0,0,10.838575967001816,
segment,False,2000,18,MCAR,0.5,1,NDI-F1,0.7441138635810466,0.42113750771800407,0.010424135458606806,0,0.008030097000300884,
segment,False,2000,18,MCAR,0.5,1,NDI-F-noclip,0.6686805028130391,0.38189760922059757,0.0942584523743864,0,0.009832405001361622,
segment,False,2000,18,MCAR,0.5,1,NDI-F,0.6623792942292797,0.36664968008339033,0.0,0,0.010519569001189666,
segment,False,2000,18,MCAR,0.5,1,Copula-NDI-F,0.6723822004287374,0.306803216192098,0.0,0,0.03039917300338857,
segment,False,2000,18,MCAR,0.5,2,Mean,1.0003171334046697,0.6658244583424108,0.0,0,0.0011109650004073046,
segment,False,2000,18,MCAR,0.5,2,NDI-0,1.042416062057182,0.7122007631399304,0.07065788745642672,0,0.004027162998681888,
segment,False,2000,18,MCAR,0.5,2,NDI-C,0.7692521260785852,0.47076791913248156,0.1140928456814032,0,0.007988794997800142,
segment,False,2000,18,MCAR,0.5,2,NDI-S,0.7360472636061693,0.44036139134552543,0.049798041277043105,0,0.009031036999658681,
segment,False,2000,18,MCAR,0.5,2,GaussCM,0.6614885462895731,0.3468604726495977,0.07513971117136059,0,0.15293562000078964,
segment,False,2000,18,MCAR,0.5,2,KNN,0.9923660683358314,0.6142180555750136,0.0,0,0.5840704260008351,
segment,False,2000,18,MCAR,0.5,2,MICE,0.7334281259578495,0.38588789146148195,0.07890222984562607,0,0.26084314300169353,
segment,False,2000,18,MCAR,0.5,2,MissForest,0.5643940136220434,0.21228146704300999,0.0,0,4.556508319998102,
segment,False,2000,18,MCAR,0.5,2,SoftImpute,0.7029048711998973,0.35699222294861643,0.025452332208266475,0,0.2629131249996135,
segment,False,2000,18,MCAR,0.5,2,GAIN,0.938299380397567,0.5408915194271293,0.0,0,10.806989153999893,
segment,False,2000,18,MCAR,0.5,2,NDI-F1,0.7811358949351513,0.4188530573556578,0.018093288330658996,0,0.007953541000460973,
segment,False,2000,18,MCAR,0.5,2,NDI-F-noclip,0.6935772156738708,0.38251987308925706,0.09666353123443812,0,0.009694543998193694,
segment,False,2000,18,MCAR,0.5,2,NDI-F,0.6882329196217162,0.3682721380525758,0.0,0,0.011410891002014978,
segment,False,2000,18,MCAR,0.5,2,Copula-NDI-F,0.7074029872716578,0.3096166081661074,0.0,0,0.03335282600164646,
segment,False,2000,18,MAR,0.3,0,Mean,1.0159356772588821,0.6991860303718357,0.0,0,0.000865586000145413,
segment,False,2000,18,MAR,0.3,0,NDI-0,1.0561689223956818,0.7399668295979535,0.04799107142857143,0,0.00291620599818998,
segment,False,2000,18,MAR,0.3,0,NDI-C,0.7080581915532388,0.42523712137892294,0.07886904761904762,0,0.006046858001354849,
segment,False,2000,18,MAR,0.3,0,NDI-S,0.710912967248168,0.42578363198339503,0.048828125,0,0.005928147998929489,
segment,False,2000,18,MAR,0.3,0,GaussCM,0.6386113608258033,0.3504798330458695,0.09235491071428571,0,0.1402023080008803,
segment,False,2000,18,MAR,0.3,0,KNN,0.5654662865733712,0.19783848092540396,0.0,0,0.5525654439989012,
segment,False,2000,18,MAR,0.3,0,MICE,0.6200948967043093,0.2834115478331104,0.08993675595238096,0,0.6563923369976692,
segment,False,2000,18,MAR,0.3,0,MissForest,0.4895654693753662,0.15220457134384197,0.0,0,5.334759812998527,
segment,False,2000,18,MAR,0.3,0,SoftImpute,0.6551913162892098,0.33211241098845534,0.031901041666666664,0,0.2148509609978646,
segment,False,2000,18,MAR,0.3,0,GAIN,0.7480108616914096,0.3946547399325114,0.0,0,10.64859907400023,
segment,False,2000,18,MAR,0.3,0,NDI-F1,0.7404268099007858,0.40729583193697116,0.00902157738095238,0,0.007108525998773985,
segment,False,2000,18,MAR,0.3,0,NDI-F-noclip,0.6627133430845096,0.3628226951137573,0.09077380952380952,0,0.008964802997070365,
segment,False,2000,18,MAR,0.3,0,NDI-F,0.6588917436082822,0.3524747857119656,0.0,0,0.016700834999937797,
segment,False,2000,18,MAR,0.3,0,Copula-NDI-F,0.7075856664732585,0.3441956283005151,0.0,0,0.02657904100124142,
segment,False,2000,18,MAR,0.3,0,MIWAE,0.6403665591292521,0.2239601282255715,0.025762648809523808,0,23.80482204099826,
segment,False,2000,18,MAR,0.3,0,Sinkhorn,0.7330731996471934,0.33433100349394557,0.002418154761904762,0,709.138731269999,
segment,False,2000,18,MAR,0.3,0,HyperImpute,0.5192241340167343,0.2127871224753526,0.0,0,11.968745816997398,
segment,False,2000,18,MAR,0.3,0,ReMasker,0.5105212233979253,0.2209806482824034,0.0,0,399.9564266899979,
segment,False,2000,18,MAR,0.3,1,Mean,1.098281271674036,0.6890162274410295,0.0,0,0.000673601000016788,
segment,False,2000,18,MAR,0.3,1,NDI-0,1.0895387564139585,0.6877623834772686,0.07520942649360214,0,0.0028316430034465156,
segment,False,2000,18,MAR,0.3,1,NDI-C,0.8184852805050298,0.5209313194139232,0.10577188621927644,0,0.00994518299921765,
segment,False,2000,18,MAR,0.3,1,NDI-S,0.8205601161353024,0.5044649888252833,0.056338028169014086,0,0.006815660999563988,
segment,False,2000,18,MAR,0.3,1,GaussCM,0.7528946313144419,0.48256387701731923,0.08809721071527202,0,0.12722947699876386,
segment,False,2000,18,MAR,0.3,1,KNN,0.6643799893561925,0.22330025581791083,0.0,0,0.38012014199921396,
segment,False,2000,18,MAR,0.3,1,MICE,0.6631925854870022,0.29763416981715574,0.1332965110927,0,2.6555941049991816,
segment,False,2000,18,MAR,0.3,1,MissForest,0.5871152583087729,0.20394853695799503,0.0,0,5.057542798000213,
segment,False,2000,18,MAR,0.3,1,SoftImpute,0.7772423996311428,0.4493506650246657,0.028813403295590536,0,1.8926292399992235,
segment,False,2000,18,MAR,0.3,1,GAIN,0.7243431973507656,0.3833443698641683,0.0,0,10.949711620000016,
segment,False,2000,18,MAR,0.3,1,NDI-F1,0.860286259239774,0.4996003736877436,0.004234557672834392,0,0.007021110002824571,
segment,False,2000,18,MAR,0.3,1,NDI-F-noclip,0.7685758678417152,0.49020483541523546,0.08100892939335358,0,0.00898059400060447,
segment,False,2000,18,MAR,0.3,1,NDI-F,0.7637879145675962,0.47875721248166137,0.0,0,0.009492089000559645,
segment,False,2000,18,MAR,0.3,1,Copula-NDI-F,0.8038721832084691,0.38197077141541536,0.0,0,0.025450491997617064,
segment,False,2000,18,MAR,0.3,2,Mean,0.9609236675363755,0.7084320924282601,0.0,0,0.0005926730009377934,
segment,False,2000,18,MAR,0.3,2,NDI-0,1.0555630620473133,0.7588142493481612,0.046255506607929514,0,0.0028375619986036327,
segment,False,2000,18,MAR,0.3,2,NDI-C,0.6757226668737578,0.45343153231757355,0.06461086637298091,0,0.005739755000831792,
segment,False,2000,18,MAR,0.3,2,NDI-S,0.6442873299275623,0.44179771000033446,0.03102055800293686,0,0.005540674002986634,
segment,False,2000,18,MAR,0.3,2,GaussCM,0.5838698504348699,0.3835438210181825,0.05506607929515418,0,0.13908830400032457,
segment,False,2000,18,MAR,0.3,2,KNN,0.4621003657194004,0.19809371796945693,0.0,0,0.3683547250002448,
segment,False,2000,18,MAR,0.3,2,MICE,0.8341291503803554,0.2941387616457794,0.057544052863436126,0,0.901266745000612,
segment,False,2000,18,MAR,0.3,2,MissForest,0.4185755636933402,0.16602247923973124,0.0,0,4.970931981999456,
segment,False,2000,18,MAR,0.3,2,SoftImpute,0.5442334162894145,0.33156872324014003,0.018722466960352423,0,0.44871769399833283,
segment,False,2000,18,MAR,0.3,2,GAIN,0.6217172281243971,0.3735689603621736,0.0,0,10.41424268099945,
segment,False,2000,18,MAR,0.3,2,NDI-F1,0.652995898607743,0.4316314527750538,0.009911894273127754,0,0.006796589001169195,
segment,False,2000,18,MAR,0.3,2,NDI-F-noclip,0.6141293129758868,0.410030858673166,0.07020925110132159,0,0.008903348996682325,
segment,False,2000,18,MAR,0.3,2,NDI-F,0.6048118194398396,0.3978447425327928,0.0,0,0.009022193000419065,
segment,False,2000,18,MAR,0.3,2,Copula-NDI-F,0.6300292568820755,0.3431589949304422,0.0,0,0.04664147199946456,
segment,False,2000,18,MNAR,0.3,0,Mean,1.1243620963913437,0.7452794599947051,0.0,0,0.0006336830010695849,
segment,False,2000,18,MNAR,0.3,0,NDI-0,1.1747895913133568,0.7668073135389372,0.05913284132841328,0,0.002655629999935627,
segment,False,2000,18,MNAR,0.3,0,NDI-C,0.9580898101512936,0.5414970032007438,0.0896678966789668,0,0.005871504999959143,
segment,False,2000,18,MNAR,0.3,0,NDI-S,0.944100982468165,0.5271315020357612,0.04584870848708487,0,0.0066128750004281756,
segment,False,2000,18,MNAR,0.3,0,GaussCM,0.9616641347386009,0.4954390649497547,0.075,0,0.161797281998588,
segment,False,2000,18,MNAR,0.3,0,KNN,0.8775217642929389,0.33032133839141886,0.0,0,0.37816200499946717,
segment,False,2000,18,MNAR,0.3,0,MICE,0.9138005465550381,0.35148806157836504,0.09197416974169742,0,2.799908469998627,
segment,False,2000,18,MNAR,0.3,0,MissForest,0.7685907002299037,0.21383070051156092,0.0,0,5.298906092000834,
segment,False,2000,18,MNAR,0.3,0,SoftImpute,0.9121066025394325,0.4268317247999874,0.02592250922509225,0,1.8883070069969108,
segment,False,2000,18,MNAR,0.3,0,GAIN,0.8652262114803255,0.3905255331276554,0.0,0,10.897609349998675,
segment,False,2000,18,MNAR,0.3,0,NDI-F1,0.9604488448040109,0.4936649061384251,0.011623616236162362,0,0.007142934999137651,
segment,False,2000,18,MNAR,0.3,0,NDI-F-noclip,0.9403270055563067,0.4660739235153235,0.09511070110701107,0,0.009362748998682946,
segment,False,2000,18,MNAR,0.3,0,NDI-F,0.9284882611002462,0.45195859527260773,0.0,0,0.011594168001465732,
segment,False,2000,18,MNAR,0.3,0,Copula-NDI-F,0.9223536430959146,0.37123322885830196,0.0,0,0.025233856998966075,
segment,False,2000,18,MNAR,0.3,0,MIWAE,0.8714806295390355,0.2724100341738203,0.06623616236162362,0,23.20907663699836,
segment,False,2000,18,MNAR,0.3,0,Sinkhorn,0.8634267419530822,0.3028011617740368,0.03339483394833948,0,695.6280975070003,
segment,False,2000,18,MNAR,0.3,0,HyperImpute,0.8175103927607833,0.2686668185484825,0.0,0,34.18099952099874,
segment,False,2000,18,MNAR,0.3,0,ReMasker,0.8044238702244746,0.278280797147174,0.0,0,400.0407225550007,
segment,False,2000,18,MNAR,0.3,1,Mean,1.2620993040667015,0.8269814245810722,0.0,0,0.0006662929990852717,
segment,False,2000,18,MNAR,0.3,1,NDI-0,1.290823583892329,0.8524985653621019,0.06098006948253794,0,0.002918116999353515,
segment,False,2000,18,MNAR,0.3,1,NDI-C,1.0426857915100405,0.6176035979251024,0.09343572865240446,0,0.005913696000789059,
segment,False,2000,18,MNAR,0.3,1,NDI-S,1.051178368137515,0.6108518226780371,0.04196379594075699,0,0.006186962000356289,
segment,False,2000,18,MNAR,0.3,1,GaussCM,1.018941906263813,0.5712648214312326,0.06052294752239898,0,0.1781707420013845,
segment,False,2000,18,MNAR,0.3,1,KNN,0.9846850466693411,0.4127687309998912,0.0,0,0.43996218299798784,
segment,False,2000,18,MNAR,0.3,1,MICE,0.9560437257070801,0.3882478983581816,0.07103675260559517,0,2.5414193279975734,
segment,False,2000,18,MNAR,0.3,1,MissForest,0.832739198889997,0.25577255012902844,0.0,0,5.272421503999794,
segment,False,2000,18,MNAR,0.3,1,SoftImpute,1.0273948421488044,0.5184127016219106,0.004845492777473029,0,1.4760531760002777,
segment,False,2000,18,MNAR,0.3,1,GAIN,0.9392043152463001,0.44058306261499236,0.0,0,11.054336436001904,
segment,False,2000,18,MNAR,0.3,1,NDI-F1,1.058931381279573,0.5867095947384718,0.007405375754251234,0,0.007376727997325361,
segment,False,2000,18,MNAR,0.3,1,NDI-F-noclip,1.0271861630519858,0.5904061192490255,0.06856829402084476,0,0.009161944999505067,
segment,False,2000,18,MNAR,0.3,1,NDI-F,1.0206468365667305,0.5772266274009724,0.0,0,0.024263366001832765,
segment,False,2000,18,MNAR,0.3,1,Copula-NDI-F,1.025066803286009,0.4990429810991403,0.0,0,0.025699334997625556,
segment,False,2000,18,MNAR,0.3,2,Mean,1.0421100653263895,0.7729735707030667,0.0,0,0.0006074960001569707,
segment,False,2000,18,MNAR,0.3,2,NDI-0,1.0943443206815902,0.8046296729379131,0.0719829975974866,0,0.0028485389993875287,
segment,False,2000,18,MNAR,0.3,2,NDI-C,0.8248860177770349,0.5379931676475368,0.10016632785067456,0,0.008650047002447536,
segment,False,2000,18,MNAR,0.3,2,NDI-S,0.817083945286961,0.5387086049081569,0.045832563296987615,0,0.007458819996827515,
segment,False,2000,18,MNAR,0.3,2,GaussCM,0.850611073599096,0.534097907782682,0.08390316022916282,0,0.1568753760002437,
segment,False,2000,18,MNAR,0.3,2,KNN,0.7372173764131826,0.3613144179324948,0.0,0,0.5353362880014174,
segment,False,2000,18,MNAR,0.3,2,MICE,0.6964715743090889,0.34645376540058387,0.08750693032711145,0,0.6777254779990471,
segment,False,2000,18,MNAR,0.3,2,MissForest,0.5403677507251737,0.19626745236654924,0.0,0,6.036695358998259,
segment,False,2000,18,MNAR,0.3,2,SoftImpute,0.7825831677501237,0.4611720393738336,0.03381999630382554,0,0.24969574699935038,
segment,False,2000,18,MNAR,0.3,2,GAIN,0.6683130473794312,0.3801145380401385,0.0,0,10.779143154999474,
segment,False,2000,18,MNAR,0.3,2,NDI-F1,0.8184680667846691,0.5116496345089964,0.01386065422287932,0,0.0070194010004343,
segment,False,2000,18,MNAR,0.3,2,NDI-F-noclip,0.8236744558150072,0.5270390112845832,0.07493993716503419,0,0.008972993997304002,
segment,False,2000,18,MNAR,0.3,2,NDI-F,0.8188099937276593,0.5149105409232094,0.0,0,0.0091850529970543,
segment,False,2000,18,MNAR,0.3,2,Copula-NDI-F,0.8594747698396312,0.440386289395135,0.0,0,0.026435989999299636,
spambase,False,2000,57,MCAR,0.1,0,Mean,0.9939438274282737,0.41733101523388716,0.0,0,0.0012121569998271298,
spambase,False,2000,57,MCAR,0.1,0,NDI-0,0.9897499826916014,0.4126408735897593,0.09448123620309051,0,0.006201594002050115,
spambase,False,2000,57,MCAR,0.1,0,NDI-C,0.9151185681287445,0.37860543826784065,0.17739514348785873,0,0.027038066000386607,
spambase,False,2000,57,MCAR,0.1,0,NDI-S,0.9153309117862499,0.36616998093945324,0.11055187637969095,0,0.03596100399954594,
spambase,False,2000,57,MCAR,0.1,0,GaussCM,0.9066356012074663,0.35673762527431435,0.2088300220750552,0,0.32837587000176427,
spambase,False,2000,57,MCAR,0.1,0,KNN,0.9279503767840742,0.3223436260746449,0.0,0,0.570950344997982,
spambase,False,2000,57,MCAR,0.1,0,MICE,0.9049768515511948,0.34749619404646154,0.16512141280353201,0,2.9549389710009564,
spambase,False,2000,57,MCAR,0.1,0,MissForest,0.8275337055276677,0.2797899970315909,0.0,0,18.54564174999905,
spambase,False,2000,57,MCAR,0.1,0,SoftImpute,0.9006712731784093,0.3468462399225683,0.0680794701986755,0,0.8778723380019073,
spambase,False,2000,57,MCAR,0.1,0,GAIN,0.9273834652425079,0.37178947506061094,0.0,0,10.761083166999015,
spambase,False,2000,57,MCAR,0.1,0,NDI-F1,0.9380239740702235,0.38591005343370544,0.056158940397351,0,0.042010059998574434,
spambase,False,2000,57,MCAR,0.1,0,NDI-F-noclip,0.9232744813463388,0.3846401165715856,0.21315673289183223,0,0.0621703670003626,
spambase,False,2000,57,MCAR,0.1,0,NDI-F,0.9148439439493739,0.35317747861876375,0.0,0,0.06381072200019844,
spambase,False,2000,57,MCAR,0.1,0,Copula-NDI-F,0.9527121536661143,0.23541744976110232,0.0,0,0.16113635600049747,
spambase,False,2000,57,MCAR,0.1,1,Mean,1.0303275029588506,0.4263074127187444,0.0,0,0.002245462997962022,
spambase,False,2000,57,MCAR,0.1,1,NDI-0,1.0255422300811199,0.4246927859462854,0.0963053755909648,0,0.013069562002783641,
spambase,False,2000,57,MCAR,0.1,1,NDI-C,0.9360682155479503,0.3896537543276879,0.17361232708807564,0,0.054124508998938836,
spambase,False,2000,57,MCAR,0.1,1,NDI-S,0.9360897794186095,0.3758245821656668,0.10672386622307826,0,0.037101689998962684,
spambase,False,2000,57,MCAR,0.1,1,GaussCM,0.9261886966976015,0.3719400554984532,0.20845736298371564,0,0.3407668500003638,
spambase,False,2000,57,MCAR,0.1,1,KNN,0.9425683655095906,0.33928246835994225,0.0,0,0.5766568920007558,
spambase,False,2000,57,MCAR,0.1,1,MICE,0.9161851169429029,0.3571658274266444,0.16389423918753282,0,2.880374173000746,
spambase,False,2000,57,MCAR,0.1,1,MissForest,0.8512070538219569,0.285462277918877,0.0,0,17.633593294998718,
spambase,False,2000,57,MCAR,0.1,1,SoftImpute,0.9138848128680893,0.35405442494545103,0.0650499036946244,0,0.8351137899990135,
spambase,False,2000,57,MCAR,0.1,1,GAIN,0.9444615017720697,0.3742906869855404,0.0,0,10.620501348003017,
spambase,False,2000,57,MCAR,0.1,1,NDI-F1,0.9528318808790479,0.3930517970505947,0.0534057082822623,0,0.027710507998563116,
spambase,False,2000,57,MCAR,0.1,1,NDI-F-noclip,0.9389270514963797,0.3909723857838081,0.1959376641568902,0,0.03257015200142632,
spambase,False,2000,57,MCAR,0.1,1,NDI-F,0.9280524358973536,0.36023147428591085,0.0,0,0.04651393700260087,
spambase,False,2000,57,MCAR,0.1,1,Copula-NDI-F,0.9751985373416081,0.2431171677343352,0.0,0,0.10283958799846005,
spambase,False,2000,57,MCAR,0.1,2,Mean,1.0251634123683764,0.4250130145584103,0.0,0,0.0014232219982659444,
spambase,False,2000,57,MCAR,0.1,2,NDI-0,1.0203126033175076,0.4201915846899726,0.09974492039757235,0,0.004619216000719462,
spambase,False,2000,57,MCAR,0.1,2,NDI-C,0.9390992315012496,0.3907939520375196,0.1685284545694432,0,0.03586888000063482,
spambase,False,2000,57,MCAR,0.1,2,NDI-S,0.9398561906307811,0.37720203338254793,0.10255959187263612,0,0.036441806001676014,
spambase,False,2000,57,MCAR,0.1,2,GaussCM,0.921661554421222,0.3712969093800004,0.2022165537866127,0,0.3324191380015691,
spambase,False,2000,57,MCAR,0.1,2,KNN,0.9650000842639574,0.3333579103730499,0.0,0,0.5601783769998292,
spambase,False,2000,57,MCAR,0.1,2,MICE,0.9217794244329395,0.35942722100548247,0.16078810801301785,0,2.2438459980003245,
spambase,False,2000,57,MCAR,0.1,2,MissForest,0.8607392988390964,0.2869335029698538,0.0,0,19.173042082999018,
spambase,False,2000,57,MCAR,0.1,2,SoftImpute,0.9198374447804755,0.3568057613037905,0.06271439880376463,0,0.8637832740023441,
spambase,False,2000,57,MCAR,0.1,2,GAIN,0.9444830557265073,0.35799020527993675,0.0,0,10.38567307500125,
spambase,False,2000,57,MCAR,0.1,2,NDI-F1,0.9641000121018233,0.3959944437470377,0.05479813528014777,0,0.03855294900131412,
spambase,False,2000,57,MCAR,0.1,2,NDI-F-noclip,0.9395126453380205,0.3897733418294834,0.20292022165537865,0,0.0714115570008289,
spambase,False,2000,57,MCAR,0.1,2,NDI-F,0.9314297662309488,0.36185732743342147,0.0,0,0.09055897999860463,
spambase,False,2000,57,MCAR,0.1,2,Copula-NDI-F,0.9779349369168723,0.24373739332543493,0.0,0,0.11173444799715071,
spambase,False,2000,57,MCAR,0.3,0,Mean,0.98081854827175,0.4149923407806366,0.0,0,0.0022100179994595237,
spambase,False,2000,57,MCAR,0.3,0,NDI-0,0.9809758287282495,0.4165547089970542,0.1115715744929228,0,0.007522533996962011,
spambase,False,2000,57,MCAR,0.3,0,NDI-C,0.9010201227604646,0.3865238150028432,0.18199328761126515,0,0.048572562998742796,
spambase,False,2000,57,MCAR,0.3,0,NDI-S,0.8997060287057262,0.36910114116410137,0.10202830876988181,0,0.035024984001211124,
spambase,False,2000,57,MCAR,0.3,0,GaussCM,0.9019536193935994,0.3780456772370637,0.20227637531008316,0,0.3023599299995112,
spambase,False,2000,57,MCAR,0.3,0,KNN,0.9392809606128472,0.32249440960648407,0.0,0,0.8996796829997038,
spambase,False,2000,57,MCAR,0.3,0,MICE,0.9933881405951039,0.43922512317007284,0.2410331241791916,0,5.779481239998859,
spambase,False,2000,57,MCAR,0.3,0,MissForest,0.8702825397947528,0.3167955724681056,0.0,0,17.00039168099829,
spambase,False,2000,57,MCAR,0.3,0,SoftImpute,0.8838918402074111,0.3535460252862618,0.05883554647599591,0,3.2223188579991984,
spambase,False,2000,57,MCAR,0.3,0,GAIN,0.9167712768969155,0.3625299393667244,0.0,0,10.912514088002354,
spambase,False,2000,57,MCAR,0.3,0,NDI-F1,0.9209495948013984,0.38845415224766616,0.05542098351087115,0,0.03744580300190137,
spambase,False,2000,57,MCAR,0.3,0,NDI-F-noclip,0.9061100182807973,0.3886134489193448,0.19185758062162556,0,0.04496453599858796,
spambase,False,2000,57,MCAR,0.3,0,NDI-F,0.8960975137953326,0.35802522807960563,0.0,0,0.07588474799922551,
spambase,False,2000,57,MCAR,0.3,0,Copula-NDI-F,0.9369540906220714,0.23772159525615805,0.0,0,0.09001672900194535,
spambase,False,2000,57,MCAR,0.3,0,MIWAE,1.1149718416949772,0.31594681813107783,0.4279877425944842,0,22.566247408998606,
spambase,False,2000,57,MCAR,0.3,0,Sinkhorn,0.9150652268699553,0.2661542590049883,0.13667007150153218,0,741.4110527939993,
spambase,False,2000,57,MCAR,0.3,0,HyperImpute,0.8736130694686345,0.3361722038512347,0.0,0,148.98018770099952,
spambase,False,2000,57,MCAR,0.3,0,ReMasker,0.8730352609410137,0.3262545455153222,0.0,0,392.4279613459985,
spambase,False,2000,57,MCAR,0.3,1,Mean,0.9906545839498865,0.4139237490248342,0.0,0,0.002291942000738345,
spambase,False,2000,57,MCAR,0.3,1,NDI-0,0.9925264636443306,0.4121425191494302,0.1109227981999883,0,0.0063608380005462095,
spambase,False,2000,57,MCAR,0.3,1,NDI-C,0.9225160221943249,0.38799412701063885,0.17626088481094032,0,0.03367685400007758,
spambase,False,2000,57,MCAR,0.3,1,NDI-S,0.9212705248033562,0.3702870367859255,0.09701361697153878,0,0.03468919400256709,
spambase,False,2000,57,MCAR,0.3,1,GaussCM,0.9197442526363697,0.37894338674626327,0.20168312781251826,0,0.48728565099736443,
spambase,False,2000,57,MCAR,0.3,1,KNN,0.9630537875314344,0.32653570540408317,0.0,0,0.9825372759987658,
spambase,False,2000,57,MCAR,0.3,1,MICE,1.0317031907393004,0.470888082775631,0.26164455613348137,0,2.458344440001383,
spambase,False,2000,57,MCAR,0.3,1,MissForest,0.889047725689716,0.31791108968696224,0.0,0,17.037709709999035,
spambase,False,2000,57,MCAR,0.3,1,SoftImpute,0.9042020248384754,0.35518214229207834,0.06113026707965636,0,0.9404007859993726,
spambase,False,2000,57,MCAR,0.3,1,GAIN,0.9425720158876256,0.3627673914485486,0.0,0,10.133081334999588,
spambase,False,2000,57,MCAR,0.3,1,NDI-F1,0.9462770469675081,0.38677165488696374,0.056396470106948746,0,0.03399455299950205,
spambase,False,2000,57,MCAR,0.3,1,NDI-F-noclip,0.9275801468364581,0.3838412684197578,0.19504996785693413,0,0.045455437000782695,
spambase,False,2000,57,MCAR,0.3,1,NDI-F,0.9180639737629335,0.3571764404752323,0.0,0,0.04325681599948439,
spambase,False,2000,57,MCAR,0.3,1,Copula-NDI-F,0.9657361593437839,0.23742067196976666,0.0,0,0.14553617099954863,
spambase,False,2000,57,MCAR,0.3,2,Mean,1.0481402556910888,0.4210263307926405,0.0,0,0.0015691109983890783,
spambase,False,2000,57,MCAR,0.3,2,NDI-0,1.0460642614509574,0.42300677147297794,0.11288393664498439,0,0.006448888998420443,
spambase,False,2000,57,MCAR,0.3,2,NDI-C,0.964694540472602,0.38808184061374656,0.18023510194557069,0,0.03678691700042691,
spambase,False,2000,57,MCAR,0.3,2,NDI-S,0.9663527926972597,0.3728066355536099,0.09599509961205262,0,0.0512718970021524,
spambase,False,2000,57,MCAR,0.3,2,GaussCM,0.9675417853931019,0.3838243287156596,0.19738645976139776,0,0.2906906219977827,
spambase,False,2000,57,MCAR,0.3,2,KNN,1.0021467317665729,0.32657696259584007,0.0,0,0.8589104970014887,
spambase,False,2000,57,MCAR,0.3,2,MICE,1.0826789785898627,0.46484621146839755,0.24606948050053962,0,4.6605500300029234,
spambase,False,2000,57,MCAR,0.3,2,MissForest,0.9329992591336086,0.32496313162318446,0.0,0,16.728775282001152,
spambase,False,2000,57,MCAR,0.3,2,SoftImpute,0.9534685360187122,0.3599389115987451,0.051949946037394626,0,2.427667947998998,
spambase,False,2000,57,MCAR,0.3,2,GAIN,0.9873052501544668,0.37244944013074643,0.0,0,10.700819640998816,
spambase,False,2000,57,MCAR,0.3,2,NDI-F1,0.9886714788964036,0.39383590468972757,0.05953387976548143,0,0.033882754996739095,
spambase,False,2000,57,MCAR,0.3,2,NDI-F-noclip,0.9660570725245321,0.39112767539443777,0.20826648776361462,0,0.045121847000700654,
spambase,False,2000,57,MCAR,0.3,2,NDI-F,0.9583295309777621,0.36183785497045967,0.0,0,0.043703087998437695,
spambase,False,2000,57,MCAR,0.3,2,Copula-NDI-F,1.0138253448086265,0.24617822985006296,0.0,0,0.09353822699995362,
spambase,False,2000,57,MCAR,0.5,0,Mean,1.0155228136023884,0.4157802075807839,0.0,0,0.002006008002354065,
spambase,False,2000,57,MCAR,0.5,0,NDI-0,1.0213274773071885,0.4210548073588397,0.1266212083933781,0,0.0065116420009871945,
spambase,False,2000,57,MCAR,0.5,0,NDI-C,0.9558640995997804,0.3926826817986555,0.18171593265614566,0,0.03825945399876218,
spambase,False,2000,57,MCAR,0.5,0,NDI-S,0.9498220721648843,0.37259431309391083,0.08985624406874979,0,0.046373654000490205,
spambase,False,2000,57,MCAR,0.5,0,GaussCM,0.9705987286404067,0.39580857228890864,0.1947734701767952,0,0.29512509100095485,
spambase,False,2000,57,MCAR,0.5,0,KNN,1.0387364361221232,0.351297562832947,0.0,0,1.1240754940008628,
spambase,False,2000,57,MCAR,0.5,0,MICE,0.998659475393165,0.4095911981305904,0.1636849319883308,0,1.234680171997752,
spambase,False,2000,57,MCAR,0.5,0,MissForest,0.9539073900863468,0.34450809487975836,0.0,0,15.823249182001746,
spambase,False,2000,57,MCAR,0.5,0,SoftImpute,0.9461125202911558,0.36624225723442866,0.04646585357280939,0,3.3202099570007704,
spambase,False,2000,57,MCAR,0.5,0,GAIN,0.973601369457457,0.34518833719735614,0.0,0,10.22745292900072,
spambase,False,2000,57,MCAR,0.5,0,NDI-F1,0.968757117667258,0.38785189789670727,0.05393483533091983,0,0.050170303002232686,
spambase,False,2000,57,MCAR,0.5,0,NDI-F-noclip,0.964474395149257,0.3909718289230197,0.19090717373730273,0,0.07881596399965929,
spambase,False,2000,57,MCAR,0.5,0,NDI-F,0.9559520782478339,0.3645474056412761,0.0,0,0.12763949500003946,
spambase,False,2000,57,MCAR,0.5,0,Copula-NDI-F,0.990090524385178,0.2458858186464001,0.0,0,0.20136995299981209,
spambase,False,2000,57,MCAR,0.5,1,Mean,1.0016063801110393,0.41624381238154184,0.0,0,0.006483681001554942,
spambase,False,2000,57,MCAR,0.5,1,NDI-0,1.008029641451748,0.4216666304815371,0.12863762417945027,0,0.01763347599990084,
spambase,False,2000,57,MCAR,0.5,1,NDI-C,0.9458765750128156,0.3994859608074224,0.18411907185733845,0,0.0589934119998361,
spambase,False,2000,57,MCAR,0.5,1,NDI-S,0.9364065231015322,0.3767991924924738,0.09432372661213886,0,0.059251565999147715,
spambase,False,2000,57,MCAR,0.5,1,GaussCM,0.958928220768271,0.3981762730350408,0.19926633201109278,0,0.4979230690005352,
spambase,False,2000,57,MCAR,0.5,1,KNN,1.0183526175869992,0.3448383851033279,0.0,0,1.5138470590027282,
spambase,False,2000,57,MCAR,0.5,1,MICE,0.9922090724669067,0.4175689782125006,0.17852002667883596,0,1.6589805459989293,
spambase,False,2000,57,MCAR,0.5,1,MissForest,0.9334963458039519,0.34255295208585773,0.0,0,15.043916986000113,
spambase,False,2000,57,MCAR,0.5,1,SoftImpute,0.9310019661003937,0.3693336391716711,0.04786393793660266,0,1.0039342589989246,
spambase,False,2000,57,MCAR,0.5,1,GAIN,0.9637865096566188,0.35221957695482353,0.0,0,10.692222748999484,
spambase,False,2000,57,MCAR,0.5,1,NDI-F1,0.955765496092759,0.391883735687211,0.06416962123073683,0,0.03753400099958526,
spambase,False,2000,57,MCAR,0.5,1,NDI-F-noclip,0.9544168437926578,0.39919763061729996,0.19484326183873346,0,0.04462332099865307,
spambase,False,2000,57,MCAR,0.5,1,NDI-F,0.945648002818136,0.37017876049664383,0.0,0,0.054144976998941274,
spambase,False,2000,57,MCAR,0.5,1,Copula-NDI-F,0.9803925528882567,0.24638372788730217,0.0,0,0.11238403500101413,
spambase,False,2000,57,MCAR,0.5,2,Mean,1.0206910174889794,0.41505633354043875,0.0,0,0.0026860479993047193,
spambase,False,2000,57,MCAR,0.5,2,NDI-0,1.0267284981837497,0.4210137003944477,0.13107162278316697,0,0.008445196999673499,
spambase,False,2000,57,MCAR,0.5,2,NDI-C,0.9621482348138348,0.3951943188872426,0.18987141929938428,0,0.045335429000260774,
spambase,False,2000,57,MCAR,0.5,2,NDI-S,0.9549520077246164,0.3733857837773805,0.09039240794990089,0,0.04908022000017809,
spambase,False,2000,57,MCAR,0.5,2,GaussCM,0.9737672632468337,0.3960389346088898,0.2013963197502061,0,0.30046620600114693,
spambase,False,2000,57,MCAR,0.5,2,KNN,1.062204774104487,0.3636995609343956,0.0,0,1.093951899001695,
spambase,False,2000,57,MCAR,0.5,2,MICE,1.0451146563818101,0.4356229333093651,0.2079393758661217,0,1.6915356639983656,
spambase,False,2000,57,MCAR,0.5,2,MissForest,0.9521622784836921,0.34407775146073916,0.0,0,15.110507092998887,
spambase,False,2000,57,MCAR,0.5,2,SoftImpute,0.9521771891160289,0.36817737790198624,0.04583647622221832,0,1.001572255998326,
spambase,False,2000,57,MCAR,0.5,2,GAIN,0.9728314923508433,0.3319848348059844,0.0,0,10.828725605999352,
spambase,False,2000,57,MCAR,0.5,2,NDI-F1,0.9687722140444363,0.3886927934106455,0.057063167681161965,0,0.0374967089992424,
spambase,False,2000,57,MCAR,0.5,2,NDI-F-noclip,0.9755609863770278,0.3952936605230725,0.19604609960180328,0,0.042671061997680226,
spambase,False,2000,57,MCAR,0.5,2,NDI-F,0.9676751758708636,0.36767932402924436,0.0,0,0.06093780599985621,
spambase,False,2000,57,MCAR,0.5,2,Copula-NDI-F,0.9972803733906854,0.2466798426185435,0.0,0,0.13476256099966122,
spambase,False,2000,57,MAR,0.3,0,Mean,0.918196368025193,0.39846567062195204,0.0,0,0.002193117998103844,
spambase,False,2000,57,MAR,0.3,0,NDI-0,0.9343380237141712,0.4103904343330659,0.11241768579492004,0,0.005740215998230269,
spambase,False,2000,57,MAR,0.3,0,NDI-C,0.8793147158364116,0.3772298176934245,0.18520696142991533,0,0.05623427299724426,
spambase,False,2000,57,MAR,0.3,0,NDI-S,0.8720119502706046,0.3565597773697702,0.09965898400752587,0,0.034661158999369945,
spambase,False,2000,57,MAR,0.3,0,GaussCM,0.921674346235915,0.39862109249529126,0.2260406867356538,0,0.3148410089997924,
spambase,False,2000,57,MAR,0.3,0,KNN,0.9488620291380218,0.3403646572583464,0.0,0,0.8655224569993152,
spambase,False,2000,57,MAR,0.3,0,MICE,1.054511522871196,0.45256032300710347,0.2390051740357479,0,1.9708601210004417,
spambase,False,2000,57,MAR,0.3,0,MissForest,0.8583362171404497,0.31414978032229696,0.0,0,16.11482324700046,
spambase,False,2000,57,MAR,0.3,0,SoftImpute,0.8698461794816827,0.3487328754322263,0.04021636876763876,0,3.6240010620022076,
spambase,False,2000,57,MAR,0.3,0,GAIN,0.9061690682284552,0.3401675824806589,0.0,0,10.763500516000931,
spambase,False,2000,57,MAR,0.3,0,NDI-F1,0.8996799518640584,0.3734676441060226,0.05329844778927564,0,0.03216821499881917,
spambase,False,2000,57,MAR,0.3,0,NDI-F-noclip,0.909930987686428,0.38901943903999636,0.21710371589840075,0,0.04009532899726764,
spambase,False,2000,57,MAR,0.3,0,NDI-F,0.8990011598632833,0.35596587979514843,0.0,0,0.06077067099977285,
spambase,False,2000,57,MAR,0.3,0,Copula-NDI-F,0.9079319461373879,0.22385441344099394,0.0,0,0.08359217799807084,
spambase,False,2000,57,MAR,0.3,0,MIWAE,0.9886560927497824,0.2774513643425472,0.3991944967074318,0,22.739709861001757,
spambase,False,2000,57,MAR,0.3,0,Sinkhorn,0.8674343109996138,0.2531262098642763,0.10742003762935089,0,761.3278413750013,
spambase,False,2000,57,MAR,0.3,0,HyperImpute,0.8605040044746507,0.33451876385315255,0.0,0,101.1112087420006,
spambase,False,2000,57,MAR,0.3,0,ReMasker,0.8716171438587088,0.330222770167899,0.0,0,393.582162404,
spambase,False,2000,57,MAR,0.3,1,Mean,0.9871626627124486,0.4264425462350788,0.0,0,0.00215582400051062,
spambase,False,2000,57,MAR,0.3,1,NDI-0,0.9978534041371135,0.43003671892975504,0.09983575786015955,0,0.006750746000761865,
spambase,False,2000,57,MAR,0.3,1,NDI-C,0.9436890991996778,0.4047620519488562,0.16532731112153917,0,0.043677572000888176,
spambase,False,2000,57,MAR,0.3,1,NDI-S,0.9398546031814202,0.38796661757835876,0.09218090098545284,0,0.03328214200155344,
spambase,False,2000,57,MAR,0.3,1,GaussCM,0.9760896143579061,0.4189126225613661,0.2045987799155326,0,0.28755058299793745,
spambase,False,2000,57,MAR,0.3,1,KNN,0.9736939369911615,0.3514572181813796,0.0,0,1.2563817049995123,
spambase,False,2000,57,MAR,0.3,1,MICE,1.1644221709422817,0.4901372568666206,0.2320506804317222,0,4.793478538998897,
spambase,False,2000,57,MAR,0.3,1,MissForest,0.914930158976262,0.33918471768669206,0.0,0,17.328724160001002,
spambase,False,2000,57,MAR,0.3,1,SoftImpute,0.9345886200594703,0.37860833585031756,0.033874941342092915,0,0.9935453479993157,
spambase,False,2000,57,MAR,0.3,1,GAIN,0.9652262010524224,0.3848765465743596,0.0,0,10.93882032699912,
spambase,False,2000,57,MAR,0.3,1,NDI-F1,0.9675711043806952,0.4064527670920569,0.03757038948850305,0,0.03440736099946662,
spambase,False,2000,57,MAR,0.3,1,NDI-F-noclip,0.9745257029581947,0.4221630123871839,0.21237095260441108,0,0.04075972600185196,
spambase,False,2000,57,MAR,0.3,1,NDI-F,0.961885224653585,0.3876957538800296,0.0,0,0.04244457599997986,
spambase,False,2000,57,MAR,0.3,1,Copula-NDI-F,0.9787578622433394,0.25455583383825664,0.0,0,0.09044540200193296,
spambase,False,2000,57,MAR,0.3,2,Mean,1.0608352573207296,0.4416704190958995,0.0,0,0.0021398039971245453,
spambase,False,2000,57,MAR,0.3,2,NDI-0,1.059435493504074,0.43510067676703373,0.0895810202769824,0,0.008770323998760432,
spambase,False,2000,57,MAR,0.3,2,NDI-C,0.9960470200806034,0.40235529515692164,0.13489744638578857,0,0.03258137300144881,
spambase,False,2000,57,MAR,0.3,2,NDI-S,0.9987936616786799,0.39409130949908056,0.07114474376205224,0,0.034333753003011225,
spambase,False,2000,57,MAR,0.3,2,GaussCM,1.0151787378299686,0.4221772353494011,0.2027113890025127,0,0.5136754530030885,
spambase,False,2000,57,MAR,0.3,2,KNN,1.0395234674521883,0.3692139132432987,0.0,0,0.849549451002531,
spambase,False,2000,57,MAR,0.3,2,MICE,1.077651197392473,0.4686715135433734,0.23461695786828726,0,1.9695052370007033,
spambase,False,2000,57,MAR,0.3,2,MissForest,0.9826150732655602,0.35421681075422967,0.0,0,16.022988259002886,
spambase,False,2000,57,MAR,0.3,2,SoftImpute,0.9917831284654246,0.38670262997060945,0.03701864079939227,0,0.9905042120008147,
spambase,False,2000,57,MAR,0.3,2,GAIN,1.0341725376256459,0.3978235236925315,0.0,0,10.445915976000833,
spambase,False,2000,57,MAR,0.3,2,NDI-F1,1.0223359671000833,0.4120451466982563,0.032402267282183136,0,0.06126759900143952,
spambase,False,2000,57,MAR,0.3,2,NDI-F-noclip,1.0085756329407956,0.4127862267468707,0.17346461754221937,0,0.0400670960007119,
spambase,False,2000,57,MAR,0.3,2,NDI-F,0.9997197172142424,0.3868743870656814,0.0,0,0.04240778300300008,
spambase,False,2000,57,MAR,0.3,2,Copula-NDI-F,1.0396927240601337,0.2714027902470584,0.0,0,0.11283399899912183,
spambase,False,2000,57,MNAR,0.3,0,Mean,1.2757586126971177,0.4947834893262175,0.0,0,0.0014898920017003547,
spambase,False,2000,57,MNAR,0.3,0,NDI-0,1.2798903021783428,0.4909535902926898,0.12414195998247407,0,0.006251898998016259,
spambase,False,2000,57,MNAR,0.3,0,NDI-C,1.2505090431911372,0.4710154352258355,0.17920257046881846,0,0.03455425699939951,
spambase,False,2000,57,MNAR,0.3,0,NDI-S,1.249090035381348,0.4601526484742056,0.10351978968891486,0,0.04728758400233346,
spambase,False,2000,57,MNAR,0.3,0,GaussCM,1.2619051664420358,0.4713169028320758,0.20277493792902002,0,0.30699048500173376,
spambase,False,2000,57,MNAR,0.3,0,KNN,1.3065117974359155,0.41838877485136167,0.0,0,0.9488354540008004,
spambase,False,2000,57,MNAR,0.3,0,MICE,1.2463937530728721,0.5101914504731134,0.2646414488096977,0,5.166271269998106,
spambase,False,2000,57,MNAR,0.3,0,MissForest,1.2227520436345929,0.402089941903472,0.0,0,15.901964619006321,
spambase,False,2000,57,MNAR,0.3,0,SoftImpute,1.253825110066967,0.4534756569955862,0.04907258653424858,0,4.382707855998888,
spambase,False,2000,57,MNAR,0.3,0,GAIN,1.250873674339394,0.4512498743199091,0.0,0,11.064560031001747,
spambase,False,2000,57,MNAR,0.3,0,NDI-F1,1.2572799395269307,0.490847641589609,0.07512779319409961,0,0.03459301400289405,
spambase,False,2000,57,MNAR,0.3,0,NDI-F-noclip,1.2593072746343972,0.4769471502356324,0.2008762961881116,0,0.043927735001489054,
spambase,False,2000,57,MNAR,0.3,0,NDI-F,1.2539899288014549,0.4528469340019246,0.0,0,0.08474251799634658,
spambase,False,2000,57,MNAR,0.3,0,Copula-NDI-F,1.272676409890147,0.33681648468999403,0.0,0,0.09404265400371514,
spambase,False,2000,57,MNAR,0.3,0,MIWAE,1.4238214497905897,0.40657189791844417,0.4321892799766321,0,22.808775655001227,
spambase,False,2000,57,MNAR,0.3,0,Sinkhorn,1.2543143318634578,0.3720730557563105,0.13658536585365855,0,745.2549154160006,
spambase,False,2000,57,MNAR,0.3,0,HyperImpute,1.2148649285800388,0.41780282584717876,0.0,0,142.83668403699994,
spambase,False,2000,57,MNAR,0.3,0,ReMasker,1.244788980174877,0.4232978294399725,0.0,0,388.5949767819984,
spambase,False,2000,57,MNAR,0.3,1,Mean,1.2406603545599186,0.4953880787226474,0.0,0,0.0015844579975237139,
spambase,False,2000,57,MNAR,0.3,1,NDI-0,1.2443461834737504,0.49381456306267835,0.11082783882783882,0,0.009258054997189902,
spambase,False,2000,57,MNAR,0.3,1,NDI-C,1.215192271862889,0.47057888770159645,0.16975824175824175,0,0.032931161003944,
spambase,False,2000,57,MNAR,0.3,1,NDI-S,1.2132603093703185,0.46026986450753854,0.0909010989010989,0,0.035466330002236646,
spambase,False,2000,57,MNAR,0.3,1,GaussCM,1.2408561120032204,0.48449752067070817,0.21424175824175823,0,0.29648462999466574,
spambase,False,2000,57,MNAR,0.3,1,KNN,1.2630890018173027,0.43263959370769944,0.0,0,1.117372847002116,
spambase,False,2000,57,MNAR,0.3,1,MICE,1.237331137096248,0.5019606496085827,0.2290989010989011,0,2.2718109659981565,
spambase,False,2000,57,MNAR,0.3,1,MissForest,1.1884255433445983,0.3999905980037938,0.0,0,16.323649431004014,
spambase,False,2000,57,MNAR,0.3,1,SoftImpute,1.2168715999174864,0.4507198257062736,0.05564835164835165,0,0.9143253250003909,
spambase,False,2000,57,MNAR,0.3,1,GAIN,1.1979110464826568,0.42832017914780834,0.0,0,10.689322806996643,
spambase,False,2000,57,MNAR,0.3,1,NDI-F1,1.2289112316435835,0.4839874108230569,0.04896703296703297,0,0.03728506300103618,
spambase,False,2000,57,MNAR,0.3,1,NDI-F-noclip,1.2281732730521107,0.48472607106818233,0.2089084249084249,0,0.07984106500225607,
spambase,False,2000,57,MNAR,0.3,1,NDI-F,1.2202585031282618,0.4555719947737974,0.0,0,0.0443069840039243,
spambase,False,2000,57,MNAR,0.3,1,Copula-NDI-F,1.2313992464085455,0.3447577182008292,0.0,0,0.09092154100653715,
spambase,False,2000,57,MNAR,0.3,2,Mean,1.3246192556623955,0.5182420318637255,0.0,0,0.0016363880058634095,
spambase,False,2000,57,MNAR,0.3,2,NDI-0,1.3269141513112084,0.5157438530911187,0.1269938471408159,0,0.008365875997697003,
spambase,False,2000,57,MNAR,0.3,2,NDI-C,1.2999979293272443,0.4940940237858272,0.17627504155366985,0,0.03390872300224146,
spambase,False,2000,57,MNAR,0.3,2,NDI-S,1.2992560835920015,0.48355606966493464,0.09932056104744408,0,0.03451565300201764,
spambase,False,2000,57,MNAR,0.3,2,GaussCM,1.3176568876883052,0.5072173410151395,0.20397748811710845,0,0.2851593759987736,
spambase,False,2000,57,MNAR,0.3,2,KNN,1.3390139720519065,0.4449208289911412,0.0,0,0.838370172001305,
spambase,False,2000,57,MNAR,0.3,2,MICE,1.3139551539687069,0.5222250028018108,0.23972822441897762,0,2.3251360389986075,
spambase,False,2000,57,MNAR,0.3,2,MissForest,1.2742969452337245,0.4279291382412543,0.0,0,16.3560433859966,
spambase,False,2000,57,MNAR,0.3,2,SoftImpute,1.3024366056056553,0.4757753403001949,0.05327617881200245,0,0.9196113829966635,
spambase,False,2000,57,MNAR,0.3,2,GAIN,1.296454636269906,0.46509409616610875,0.0,0,10.61546182299935,
spambase,False,2000,57,MNAR,0.3,2,NDI-F1,1.3135492327813503,0.5069724431035884,0.04409063074096754,0,0.03344188399933046,
spambase,False,2000,57,MNAR,0.3,2,NDI-F-noclip,1.3070504520828572,0.4973984390586535,0.20858484238765929,0,0.05865717399865389,
spambase,False,2000,57,MNAR,0.3,2,NDI-F,1.301895474888088,0.4746073646363707,0.0,0,0.04586208600085229,
spambase,False,2000,57,MNAR,0.3,2,Copula-NDI-F,1.3205733389298808,0.3776090980294589,0.0,0,0.09649815099692205,
MagicTelescope,False,2000,10,MCAR,0.1,0,Mean,1.0705657812988354,0.764309907061458,0.0,0,0.0006325270005618222,
MagicTelescope,False,2000,10,MCAR,0.1,0,NDI-0,1.1136605996486013,0.8046407977568293,0.0,0,0.0017154860033770092,
MagicTelescope,False,2000,10,MCAR,0.1,0,NDI-C,0.8303958987342531,0.5538233846076647,0.010086455331412104,0,0.002655060998222325,
MagicTelescope,False,2000,10,MCAR,0.1,0,NDI-S,0.8342339804396675,0.5555631499830564,0.001440922190201729,0,0.002871067001251504,
MagicTelescope,False,2000,10,MCAR,0.1,0,GaussCM,0.7692627978985019,0.4909530118338006,0.0038424591738712775,0,0.014898556997650303,
MagicTelescope,False,2000,10,MCAR,0.1,0,KNN,0.8566842908212279,0.5455336079414672,0.0,0,0.17330925400165142,
MagicTelescope,False,2000,10,MCAR,0.1,0,MICE,0.7610397154004771,0.4844216086728423,0.0033621517771373678,0,0.24952577499789186,
MagicTelescope,False,2000,10,MCAR,0.1,0,MissForest,0.6907487261293369,0.404862084000212,0.0,0,5.4384815089943,
MagicTelescope,False,2000,10,MCAR,0.1,0,SoftImpute,0.8022806251565454,0.5113611719427765,0.0,0,0.08637504000216722,
MagicTelescope,False,2000,10,MCAR,0.1,0,GAIN,0.8639646252830663,0.5829167402416113,0.0,0,10.028852324998297,
MagicTelescope,False,2000,10,MCAR,0.1,0,NDI-F1,0.850186781768958,0.577821193993249,0.020653218059558116,0,0.004549144003249239,
MagicTelescope,False,2000,10,MCAR,0.1,0,NDI-F-noclip,0.8244129972675946,0.5425291881596853,0.01633045148895293,0,0.0051950510023743846,
MagicTelescope,False,2000,10,MCAR,0.1,0,NDI-F,0.8197244981182016,0.5393016829854528,0.0,0,0.005221329003688879,
MagicTelescope,False,2000,10,MCAR,0.1,0,Copula-NDI-F,0.8066565338250926,0.4926171198661158,0.0,0,0.018460200997651555,
MagicTelescope,False,2000,10,MCAR,0.1,1,Mean,1.022388989870017,0.7490394532240637,0.0,0,0.000460379000287503,
MagicTelescope,False,2000,10,MCAR,0.1,1,NDI-0,1.0974400540068245,0.8002175216991124,0.0010141987829614604,0,0.002453273998980876,
MagicTelescope,False,2000,10,MCAR,0.1,1,NDI-C,0.8160788829747806,0.5402251793642043,0.015212981744421906,0,0.0031031760008772835,
MagicTelescope,False,2000,10,MCAR,0.1,1,NDI-S,0.799640785804454,0.5357281616618006,0.0035496957403651115,0,0.0035497179997037165,
MagicTelescope,False,2000,10,MCAR,0.1,1,GaussCM,0.7557928040242837,0.46949212677321256,0.0035496957403651115,0,0.01907956399372779,
MagicTelescope,False,2000,10,MCAR,0.1,1,KNN,0.8182510318832862,0.5356712444984599,0.0,0,0.2507424059949699,
MagicTelescope,False,2000,10,MCAR,0.1,1,MICE,0.7645996727266594,0.4688370151417207,0.005070993914807302,0,0.9025787770005991,
MagicTelescope,False,2000,10,MCAR,0.1,1,MissForest,0.67927687526297,0.3959233001701249,0.0,0,4.764614759995311,
MagicTelescope,False,2000,10,MCAR,0.1,1,SoftImpute,0.7622964459339189,0.4822977287584448,0.0010141987829614604,0,0.1230430760042509,
MagicTelescope,False,2000,10,MCAR,0.1,1,GAIN,0.8830660274722226,0.5815573581495929,0.0,0,10.429566307997447,
MagicTelescope,False,2000,10,MCAR,0.1,1,NDI-F1,0.8143087420088957,0.5612584140987011,0.02383367139959432,0,0.006299234999460168,
MagicTelescope,False,2000,10,MCAR,0.1,1,NDI-F-noclip,0.8278797201350026,0.5274390973055848,0.02231237322515213,0,0.006710631998430472,
MagicTelescope,False,2000,10,MCAR,0.1,1,NDI-F,0.8230653941846277,0.5231525947591394,0.0,0,0.0076423430000431836,
MagicTelescope,False,2000,10,MCAR,0.1,1,Copula-NDI-F,0.8263446087920004,0.4849002515326575,0.0,0,0.01813779400254134,
MagicTelescope,False,2000,10,MCAR,0.1,2,Mean,1.0198571829880907,0.7564936115975794,0.0,0,0.00045521499851020053,
MagicTelescope,False,2000,10,MCAR,0.1,2,NDI-0,1.0991742335991062,0.8114211115858209,0.0,0,0.002363209998293314,
MagicTelescope,False,2000,10,MCAR,0.1,2,NDI-C,0.8169442478418638,0.5359089224151137,0.013422818791946308,0,0.003075902001000941,
MagicTelescope,False,2000,10,MCAR,0.1,2,NDI-S,0.7946754000789218,0.5338682876838625,0.005162622612287042,0,0.0038681320002069697,
MagicTelescope,False,2000,10,MCAR,0.1,2,GaussCM,0.7440983493031426,0.4649172382424094,0.0036138358286009293,0,0.01962367399391951,
MagicTelescope,False,2000,10,MCAR,0.1,2,KNN,0.83805996101158,0.542522554786641,0.0,0,0.22485385199979646,
MagicTelescope,False,2000,10,MCAR,0.1,2,MICE,0.7467760441357368,0.46579567547567735,0.004646360351058337,0,0.406293555002776,
MagicTelescope,False,2000,10,MCAR,0.1,2,MissForest,0.7108407221162532,0.4089205741618342,0.0,0,3.757486405003874,
MagicTelescope,False,2000,10,MCAR,0.1,2,SoftImpute,0.7664344204291063,0.4887545498680874,0.0005162622612287042,0,0.08509727199998451,
MagicTelescope,False,2000,10,MCAR,0.1,2,GAIN,0.864961411160947,0.5912440205621061,0.0,0,10.724665093999647,
MagicTelescope,False,2000,10,MCAR,0.1,2,NDI-F1,0.8125249509084451,0.5570478273671743,0.027361899845121322,0,0.003912090003723279,
MagicTelescope,False,2000,10,MCAR,0.1,2,NDI-F-noclip,0.7878496009899835,0.5132904811255415,0.01858544140423335,0,0.003866482999001164,
MagicTelescope,False,2000,10,MCAR,0.1,2,NDI-F,0.7862212146802592,0.5103432653818943,0.0,0,0.0038387099993997253,
MagicTelescope,False,2000,10,MCAR,0.1,2,Copula-NDI-F,0.7853651877762796,0.47257708504472046,0.0,0,0.012846407000324689,
MagicTelescope,False,2000,10,MCAR,0.3,0,Mean,1.0018444221473284,0.747926617913215,0.0,0,0.000567142000363674,
MagicTelescope,False,2000,10,MCAR,0.3,0,NDI-0,1.1021779823062279,0.8097782012703084,0.0023102310231023103,0,0.001663985000050161,
MagicTelescope,False,2000,10,MCAR,0.3,0,NDI-C,0.8129034875287166,0.557377379330265,0.015346534653465346,0,0.0029812509965267964,
MagicTelescope,False,2000,10,MCAR,0.3,0,NDI-S,0.795409055405805,0.5547035677968861,0.0031353135313531354,0,0.005085155004053377,
MagicTelescope,False,2000,10,MCAR,0.3,0,GaussCM,0.757076194847119,0.5000070437274214,0.00825082508250825,0,0.04066919199976837,
MagicTelescope,False,2000,10,MCAR,0.3,0,KNN,0.9298684734600539,0.6464808017975898,0.0,0,0.28290043200104265,
MagicTelescope,False,2000,10,MCAR,0.3,0,MICE,0.773631727381903,0.5091521316584439,0.009900990099009901,0,0.32735534299717983,
MagicTelescope,False,2000,10,MCAR,0.3,0,MissForest,0.7191152442724585,0.4435304700474244,0.0,0,3.034559853003884,
MagicTelescope,False,2000,10,MCAR,0.3,0,SoftImpute,0.7777541709877391,0.5229286473900085,0.0011551155115511551,0,0.11335426200093934,
MagicTelescope,False,2000,10,MCAR,0.3,0,GAIN,0.8339659315535427,0.583144290811866,0.0,0,10.518532590001996,
MagicTelescope,False,2000,10,MCAR,0.3,0,NDI-F1,0.8072009357356414,0.5714582315478225,0.021122112211221122,0,0.007426320000377018,
MagicTelescope,False,2000,10,MCAR,0.3,0,NDI-F-noclip,0.7984167187929563,0.5360406241973397,0.016831683168316833,0,0.004639906001102645,
MagicTelescope,False,2000,10,MCAR,0.3,0,NDI-F,0.7889687179551707,0.5306406810335501,0.0,0,0.0049486220013932325,
MagicTelescope,False,2000,10,MCAR,0.3,0,Copula-NDI-F,0.7791419978003067,0.4868965307928184,0.0,0,0.013646557999891229,
MagicTelescope,False,2000,10,MCAR,0.3,0,MIWAE,0.8136740433650776,0.4863359213176145,0.0006600660066006601,0,21.9051842770059,
MagicTelescope,False,2000,10,MCAR,0.3,0,Sinkhorn,0.7786866172969495,0.4913826873796208,0.0,0,603.7520081309995,
MagicTelescope,False,2000,10,MCAR,0.3,0,HyperImpute,0.7319064634484439,0.4496593846800063,0.0,0,24.59381349600153,
MagicTelescope,False,2000,10,MCAR,0.3,0,ReMasker,0.7343507410044708,0.4532497491440952,0.0,0,389.6201276879947,
MagicTelescope,False,2000,10,MCAR,0.3,1,Mean,1.0078291835721176,0.7450434080443197,0.0,0,0.0003840319986920804,
MagicTelescope,False,2000,10,MCAR,0.3,1,NDI-0,1.1244223326378509,0.8089800572215657,0.0018637749915282956,0,0.002331258001504466,
MagicTelescope,False,2000,10,MCAR,0.3,1,NDI-C,0.8268548669334389,0.5618996391428828,0.0150796340223653,0,0.0033058359986171126,
MagicTelescope,False,2000,10,MCAR,0.3,1,NDI-S,0.8047315990195202,0.556634455298608,0.004913588614029143,0,0.0037147710027056746,
MagicTelescope,False,2000,10,MCAR,0.3,1,GaussCM,0.7656640857002248,0.50366768371244,0.005591324974584887,0,0.06346865600062301,
MagicTelescope,False,2000,10,MCAR,0.3,1,KNN,0.9225502318159697,0.643286381594656,0.0,0,0.2763772159960354,
MagicTelescope,False,2000,10,MCAR,0.3,1,MICE,0.7986724896481463,0.520923996039437,0.008641138597085733,0,0.347499602001335,
MagicTelescope,False,2000,10,MCAR,0.3,1,MissForest,0.7097710272988152,0.4348486492595382,0.0,0,4.72238228200149,
MagicTelescope,False,2000,10,MCAR,0.3,1,SoftImpute,0.7875473722367938,0.5213993559989006,0.0006777363605557439,0,0.11931844700302463,
MagicTelescope,False,2000,10,MCAR,0.3,1,GAIN,0.8346660132395237,0.5756507005020672,0.0,0,10.60638965399994,
MagicTelescope,False,2000,10,MCAR,0.3,1,NDI-F1,0.8176812403196441,0.5738952942280151,0.021009827177228057,0,0.004493245993216988,
MagicTelescope,False,2000,10,MCAR,0.3,1,NDI-F-noclip,0.8066070888883825,0.5445291901106974,0.0193154862758387,0,0.0064754970007925294,
MagicTelescope,False,2000,10,MCAR,0.3,1,NDI-F,0.8004320524350284,0.53919877760567,0.0,0,0.0049317429948132485,
MagicTelescope,False,2000,10,MCAR,0.3,1,Copula-NDI-F,0.7940057944419799,0.49804333677922374,0.0,0,0.014211205998435616,
MagicTelescope,False,2000,10,MCAR,0.3,2,Mean,0.9972579996478926,0.7387079109282213,0.0,0,0.0003685039991978556,
MagicTelescope,False,2000,10,MCAR,0.3,2,NDI-0,1.1010765677947953,0.8081067455729567,0.001998001998001998,0,0.002027852002356667,
MagicTelescope,False,2000,10,MCAR,0.3,2,NDI-C,0.8105256489167738,0.558000058387044,0.019147519147519148,0,0.0038829690020065755,
MagicTelescope,False,2000,10,MCAR,0.3,2,NDI-S,0.7890128196075386,0.5518958409523694,0.005827505827505828,0,0.0035326700017321855,
MagicTelescope,False,2000,10,MCAR,0.3,2,GaussCM,0.7496036925099611,0.5008620021256538,0.007492507492507493,0,0.05538915099896258,
MagicTelescope,False,2000,10,MCAR,0.3,2,KNN,0.9382839184448267,0.6597641459521032,0.0,0,0.2912980399996741,
MagicTelescope,False,2000,10,MCAR,0.3,2,MICE,0.7794749125488468,0.5209840589120547,0.012487512487512488,0,0.31450480000057723,
MagicTelescope,False,2000,10,MCAR,0.3,2,MissForest,0.692061131190111,0.4340768941413006,0.0,0,4.746062040998368,
MagicTelescope,False,2000,10,MCAR,0.3,2,SoftImpute,0.769875783260484,0.5197859242555756,0.0008325008325008325,0,0.12329877800220856,
MagicTelescope,False,2000,10,MCAR,0.3,2,GAIN,0.8154328131060179,0.5652913692922769,0.0,0,10.637151843002357,
MagicTelescope,False,2000,10,MCAR,0.3,2,NDI-F1,0.8027876236312576,0.567044029136705,0.022644022644022644,0,0.004058801998326089,
MagicTelescope,False,2000,10,MCAR,0.3,2,NDI-F-noclip,0.7898215724801944,0.5403088122410121,0.01948051948051948,0,0.007306744999368675,
MagicTelescope,False,2000,10,MCAR,0.3,2,NDI-F,0.7833936537527909,0.5345909852943098,0.0,0,0.004891614000371192,
MagicTelescope,False,2000,10,MCAR,0.3,2,Copula-NDI-F,0.7791307788159785,0.4927633718268425,0.0,0,0.015121963995625265,
MagicTelescope,False,2000,10,MCAR,0.5,0,Mean,1.0055320900247846,0.7416390913075432,0.0,0,0.0007212310010800138,
MagicTelescope,False,2000,10,MCAR,0.5,0,NDI-0,1.1427031839627564,0.8296075811657332,0.004510373859877718,0,0.003268874999776017,
MagicTelescope,False,2000,10,MCAR,0.5,0,NDI-C,0.8896808209704502,0.6102073718873575,0.020647489225218002,0,0.003963795003073756,
MagicTelescope,False,2000,10,MCAR,0.5,0,NDI-S,0.8328456970880523,0.5808745110732948,0.004911295980755738,0,0.004089263005880639,
MagicTelescope,False,2000,10,MCAR,0.5,0,GaussCM,0.80244726266591,0.5448189219258511,0.008319134008218904,0,0.08713885200268123,
MagicTelescope,False,2000,10,MCAR,0.5,0,KNN,0.8823247546820863,0.5892969396997686,0.0,0,0.5084552760017687,
MagicTelescope,False,2000,10,MCAR,0.5,0,MICE,0.8822642887722516,0.5908088188194441,0.01343089104941365,0,0.351280114002293,
MagicTelescope,False,2000,10,MCAR,0.5,0,MissForest,0.7802249840634173,0.49373582674757943,0.0,0,3.224636344006285,
MagicTelescope,False,2000,10,MCAR,0.5,0,SoftImpute,0.8377298127937859,0.5762739572075524,0.0,0,0.12391676600236678,
MagicTelescope,False,2000,10,MCAR,0.5,0,GAIN,1.0212959660632543,0.7213574283470426,0.0,0,10.62475023099978,
MagicTelescope,False,2000,10,MCAR,0.5,0,NDI-F1,0.8417558513466139,0.5895529873360287,0.016838729076876818,0,0.005820876001962461,
MagicTelescope,False,2000,10,MCAR,0.5,0,NDI-F-noclip,0.8219423330063844,0.5645751920762567,0.01583642377468177,0,0.007041776996629778,
MagicTelescope,False,2000,10,MCAR,0.5,0,NDI-F,0.8179147245726849,0.5596370999107791,0.0,0,0.0065152259994647466,
MagicTelescope,False,2000,10,MCAR,0.5,0,Copula-NDI-F,0.8244013372472041,0.5242737879970706,0.0,0,0.018047346005914733,
MagicTelescope,False,2000,10,MCAR,0.5,1,Mean,0.9804045427519594,0.7361024926680004,0.0,0,0.0006339450046652928,
MagicTelescope,False,2000,10,MCAR,0.5,1,NDI-0,1.1200170290742335,0.8245216536223757,0.003320587643389012,0,0.0031774699964444153,
MagicTelescope,False,2000,10,MCAR,0.5,1,NDI-C,0.853524244668825,0.5924145334129963,0.022137250955926745,0,0.0038635579985566437,
MagicTelescope,False,2000,10,MCAR,0.5,1,NDI-S,0.8029277162429171,0.5663583595589078,0.004326826323203864,0,0.004661683000449557,
MagicTelescope,False,2000,10,MCAR,0.5,1,GaussCM,0.7874916198630036,0.5376030731167168,0.008754276514389214,0,0.10070549300144194,
MagicTelescope,False,2000,10,MCAR,0.5,1,KNN,0.8643506072149503,0.5807976042101716,0.0,0,0.6168338749994291,
MagicTelescope,False,2000,10,MCAR,0.5,1,MICE,0.9040035273967504,0.6003249420890309,0.014892332461259811,0,0.4855611650054925,
MagicTelescope,False,2000,10,MCAR,0.5,1,MissForest,0.7639288284304272,0.48134247949620673,0.0,0,2.7669946889946004,
MagicTelescope,False,2000,10,MCAR,0.5,1,SoftImpute,0.8118185737469401,0.5680215641515545,0.0002012477359629704,0,0.13109450599586125,
MagicTelescope,False,2000,10,MCAR,0.5,1,GAIN,0.871722871863997,0.6084149352098049,0.0,0,10.567712154006585,
MagicTelescope,False,2000,10,MCAR,0.5,1,NDI-F1,0.8125017125674011,0.5805146943574081,0.02032602133226001,0,0.008386169000004884,
MagicTelescope,False,2000,10,MCAR,0.5,1,NDI-F-noclip,0.8081732249075746,0.5599293367710213,0.018313543972630308,0,0.008316531995660625,
MagicTelescope,False,2000,10,MCAR,0.5,1,NDI-F,0.8020290343376488,0.5541782915320015,0.0,0,0.007889559004979674,
MagicTelescope,False,2000,10,MCAR,0.5,1,Copula-NDI-F,0.797226802793571,0.5075931917985772,0.0,0,0.0199414529997739,
MagicTelescope,False,2000,10,MCAR,0.5,2,Mean,1.0085834495224,0.7447917139655561,0.0,0,0.0007282070000655949,
MagicTelescope,False,2000,10,MCAR,0.5,2,NDI-0,1.1420186275931086,0.8260694380921271,0.005183453603008436,0,0.0029866269978811033,
MagicTelescope,False,2000,10,MCAR,0.5,2,NDI-C,0.8903973897610099,0.6009291271004255,0.02368126842158756,0,0.004015730002720375,
MagicTelescope,False,2000,10,MCAR,0.5,2,NDI-S,0.8303535514635897,0.5783534924351403,0.006403089744892774,0,0.00542085000051884,
MagicTelescope,False,2000,10,MCAR,0.5,2,GaussCM,0.8158388297872488,0.5453344709127386,0.00935054375444659,0,0.08866946199850645,
MagicTelescope,False,2000,10,MCAR,0.5,2,KNN,0.8872175053606256,0.5934879225029998,0.0,0,0.5949461229974986,
MagicTelescope,False,2000,10,MCAR,0.5,2,MICE,0.938514038436162,0.6210692695669974,0.01931090557983535,0,0.3688286969991168,
MagicTelescope,False,2000,10,MCAR,0.5,2,MissForest,0.7816444094062676,0.4801610282205226,0.0,0,2.4825106099960976,
MagicTelescope,False,2000,10,MCAR,0.5,2,SoftImpute,0.8359234054974353,0.5774951507442685,0.0003049090354710845,0,0.12807943699590396,
MagicTelescope,False,2000,10,MCAR,0.5,2,GAIN,1.0631138366566124,0.7413260890767692,0.0,0,10.909965378996276,
MagicTelescope,False,2000,10,MCAR,0.5,2,NDI-F1,0.8323245852475484,0.5876483726769918,0.02144526882813294,0,0.005130112003826071,
MagicTelescope,False,2000,10,MCAR,0.5,2,NDI-F-noclip,0.837309005154104,0.5664291030134347,0.02083545075719077,0,0.004536549997283146,
MagicTelescope,False,2000,10,MCAR,0.5,2,NDI-F,0.8326825045870235,0.5609506071471381,0.0,0,0.005037876995629631,
MagicTelescope,False,2000,10,MCAR,0.5,2,Copula-NDI-F,0.8178340641936567,0.5155349976622009,0.0,0,0.013305474996741395,
MagicTelescope,False,2000,10,MAR,0.3,0,Mean,1.0667418173223193,0.8177828080123917,0.0,0,0.00043780900159617886,
MagicTelescope,False,2000,10,MAR,0.3,0,NDI-0,1.1324820105920463,0.8518972710001902,0.0005020920502092051,0,0.002480536997609306,
MagicTelescope,False,2000,10,MAR,0.3,0,NDI-C,0.9591297543563203,0.6473584567282125,0.021757322175732216,0,0.004062050000356976,
MagicTelescope,False,2000,10,MAR,0.3,0,NDI-S,0.9266765748279865,0.6502258683832911,0.005355648535564854,0,0.004790059996594209,
MagicTelescope,False,2000,10,MAR,0.3,0,GaussCM,0.9093980271118047,0.6152857717861315,0.008200836820083683,0,0.01433280899800593,
MagicTelescope,False,2000,10,MAR,0.3,0,KNN,0.89569632229543,0.584953869691004,0.0,0,0.2667996009986382,
MagicTelescope,False,2000,10,MAR,0.3,0,MICE,0.9764015928025415,0.6176423907344294,0.048870292887029286,0,0.3133055419966695,
MagicTelescope,False,2000,10,MAR,0.3,0,MissForest,0.8493312348357629,0.49824185566835427,0.0,0,3.0100992459992995,
MagicTelescope,False,2000,10,MAR,0.3,0,SoftImpute,0.9079565881848418,0.6353897747331348,0.0,0,0.12480681799934246,
MagicTelescope,False,2000,10,MAR,0.3,0,GAIN,0.8821766807459901,0.5777930037587931,0.0,0,10.628844705002848,
MagicTelescope,False,2000,10,MAR,0.3,0,NDI-F1,0.9343518743922191,0.6568152468175423,0.024100418410041843,0,0.007159895001677796,
MagicTelescope,False,2000,10,MAR,0.3,0,NDI-F-noclip,0.9226053535699167,0.6354405276774316,0.026610878661087866,0,0.006616446997213643,
MagicTelescope,False,2000,10,MAR,0.3,0,NDI-F,0.9171956076035112,0.6291089163629187,0.0,0,0.0050192459966638125,
MagicTelescope,False,2000,10,MAR,0.3,0,Copula-NDI-F,0.9240053373748892,0.6001844939554294,0.0,0,0.013801646993670147,
MagicTelescope,False,2000,10,MAR,0.3,0,MIWAE,0.9591622618419668,0.5462571536077394,0.003514644351464435,0,22.157239529995422,
MagicTelescope,False,2000,10,MAR,0.3,0,Sinkhorn,0.8913585080607064,0.5584935683690899,0.0,0,644.6552878180009,
MagicTelescope,False,2000,10,MAR,0.3,0,HyperImpute,0.8848170182956951,0.5129731117587144,0.0,0,10.016967889998341,
MagicTelescope,False,2000,10,MAR,0.3,0,ReMasker,0.9242949383837127,0.5166631700342119,0.0,0,386.2055186209982,
MagicTelescope,False,2000,10,MAR,0.3,1,Mean,1.0354055954267476,0.753301642029162,0.0,0,0.000552006000361871,
MagicTelescope,False,2000,10,MAR,0.3,1,NDI-0,1.1537110633599112,0.8440818382243651,0.0006693440428380187,0,0.002007155999308452,
MagicTelescope,False,2000,10,MAR,0.3,1,NDI-C,0.8000419693680775,0.5254481064526761,0.01639892904953146,0,0.0032244009998976253,
MagicTelescope,False,2000,10,MAR,0.3,1,NDI-S,0.8032126401581252,0.5254696784594178,0.004518072289156626,0,0.0033521630030008964,
MagicTelescope,False,2000,10,MAR,0.3,1,GaussCM,0.8102267900392095,0.5151507848613426,0.022925033467202142,0,0.01367614100308856,
MagicTelescope,False,2000,10,MAR,0.3,1,KNN,0.8993059215458515,0.5776844802856091,0.0,0,0.26748441400559386,
MagicTelescope,False,2000,10,MAR,0.3,1,MICE,0.7923912457303903,0.4949648792725721,0.03329986613119143,0,0.2965050349957892,
MagicTelescope,False,2000,10,MAR,0.3,1,MissForest,0.6916994561337125,0.3846558640251434,0.0,0,3.5143889320024755,
MagicTelescope,False,2000,10,MAR,0.3,1,SoftImpute,0.7945038907557281,0.511746456757558,0.0,0,0.11746409199986374,
MagicTelescope,False,2000,10,MAR,0.3,1,GAIN,0.8494710788729833,0.5399375260312026,0.0,0,10.719315613001527,
MagicTelescope,False,2000,10,MAR,0.3,1,NDI-F1,0.805603342179351,0.5321521178822136,0.0391566265060241,0,0.003956981003284454,
MagicTelescope,False,2000,10,MAR,0.3,1,NDI-F-noclip,0.8151354226097307,0.5282568225125021,0.03329986613119143,0,0.00467546000436414,
MagicTelescope,False,2000,10,MAR,0.3,1,NDI-F,0.8092312243906715,0.5203545689086856,0.0,0,0.005880058997718152,
MagicTelescope,False,2000,10,MAR,0.3,1,Copula-NDI-F,0.7862640548538704,0.4646310091188623,0.0,0,0.013087518003885634,
MagicTelescope,False,2000,10,MAR,0.3,2,Mean,1.0698556538054365,0.7261597997621284,0.0,0,0.000653426002827473,
MagicTelescope,False,2000,10,MAR,0.3,2,NDI-0,1.1322921283290763,0.7922430772220873,0.001329566229017783,0,0.0015426220052177086,
MagicTelescope,False,2000,10,MAR,0.3,2,NDI-C,0.9562079927633521,0.6157472436646231,0.010968921389396709,0,0.003228453002520837,
MagicTelescope,False,2000,10,MAR,0.3,2,NDI-S,0.9295778940499969,0.6004588469073878,0.00232674090078112,0,0.003389707002497744,
MagicTelescope,False,2000,10,MAR,0.3,2,GaussCM,0.9939672175183752,0.6455576449169519,0.009473159381751703,0,0.01435407899407437,
MagicTelescope,False,2000,10,MAR,0.3,2,KNN,1.0005088980999703,0.6883605320967738,0.0,0,0.2532223000016529,
MagicTelescope,False,2000,10,MAR,0.3,2,MICE,0.9356005107109725,0.6137924634303149,0.010470334053515041,0,0.3224881889982498,
MagicTelescope,False,2000,10,MAR,0.3,2,MissForest,0.8083459190136381,0.5035117136907724,0.0,0,3.5193272340038675,
MagicTelescope,False,2000,10,MAR,0.3,2,SoftImpute,0.9555555654011557,0.6149147476421735,0.0,0,0.12578277099964907,
MagicTelescope,False,2000,10,MAR,0.3,2,GAIN,0.9199561634850971,0.6161112098783001,0.0,0,10.677365105999343,
MagicTelescope,False,2000,10,MAR,0.3,2,NDI-F1,0.8864997605877385,0.6074070544952823,0.012630879175668939,0,0.004191806001472287,
MagicTelescope,False,2000,10,MAR,0.3,2,NDI-F-noclip,1.013190466916251,0.6506941441507647,0.015456207412331727,0,0.004807217999768909,
MagicTelescope,False,2000,10,MAR,0.3,2,NDI-F,1.0026638869444031,0.6460729388780576,0.0,0,0.004362614003184717,
MagicTelescope,False,2000,10,MAR,0.3,2,Copula-NDI-F,1.0014190824891933,0.6406290162197741,0.0,0,0.01599914200050989,
MagicTelescope,False,2000,10,MNAR,0.3,0,Mean,1.277667978752013,0.9683686729390784,0.0,0,0.0006896049962961115,
MagicTelescope,False,2000,10,MNAR,0.3,0,NDI-0,1.3399860147316984,1.0145342536497257,0.0006664445184938354,0,0.002515772997867316,
MagicTelescope,False,2000,10,MNAR,0.3,0,NDI-C,1.2158831096257097,0.824355264277406,0.005998000666444518,0,0.003962953000154812,
MagicTelescope,False,2000,10,MNAR,0.3,0,NDI-S,1.1584272480615747,0.8152886296500612,0.0008330556481172943,0,0.0033588790029170923,
MagicTelescope,False,2000,10,MNAR,0.3,0,GaussCM,1.0879888481734583,0.7244968041421354,0.011162945684771743,0,0.057902746004401706,
MagicTelescope,False,2000,10,MNAR,0.3,0,KNN,1.248482917481512,0.9316159809453174,0.0,0,0.29388763600582024,
MagicTelescope,False,2000,10,MNAR,0.3,0,MICE,1.0830602716489481,0.706432845456925,0.008997000999666778,0,0.3169229790000827,
MagicTelescope,False,2000,10,MNAR,0.3,0,MissForest,1.0320476823940552,0.5965189057939114,0.0,0,3.716026423004223,
MagicTelescope,False,2000,10,MNAR,0.3,0,SoftImpute,1.121631303480262,0.7833498721959649,0.0,0,0.12781023800198454,
MagicTelescope,False,2000,10,MNAR,0.3,0,GAIN,1.1066420672816242,0.7555757827584881,0.0,0,10.603639088003547,
MagicTelescope,False,2000,10,MNAR,0.3,0,NDI-F1,1.1170307985232928,0.8024185756418496,0.01166277907364212,0,0.0038296979982987978,
MagicTelescope,False,2000,10,MNAR,0.3,0,NDI-F-noclip,1.1081025133115003,0.7549277205172994,0.013162279240253249,0,0.004949713998939842,
MagicTelescope,False,2000,10,MNAR,0.3,0,NDI-F,1.1056924505569454,0.7521938862192655,0.0,0,0.005013932997826487,
MagicTelescope,False,2000,10,MNAR,0.3,0,Copula-NDI-F,1.022206238408111,0.674732802123817,0.0,0,0.013057017997198272,
MagicTelescope,False,2000,10,MNAR,0.3,0,MIWAE,1.0349825044417766,0.6156291758743477,0.0018327224258580473,0,22.47249241600366,
MagicTelescope,False,2000,10,MNAR,0.3,0,Sinkhorn,1.080187201701122,0.7259771233958697,0.0,0,650.9995178579993,
MagicTelescope,False,2000,10,MNAR,0.3,0,HyperImpute,1.0160476940922512,0.5851144908117057,0.0,0,18.552725296998688,
MagicTelescope,False,2000,10,MNAR,0.3,0,ReMasker,1.0482432803476156,0.6167874915659246,0.0,0,391.66424158699374,
MagicTelescope,False,2000,10,MNAR,0.3,1,Mean,1.1875853582509657,0.9106152593865922,0.0,0,0.00041507199784973636,
MagicTelescope,False,2000,10,MNAR,0.3,1,NDI-0,1.2787686305132244,0.962574599013394,0.001684068710003368,0,0.001772300005541183,
MagicTelescope,False,2000,10,MNAR,0.3,1,NDI-C,1.1240876384562892,0.728775501743639,0.013472549680026945,0,0.00363807500252733,
MagicTelescope,False,2000,10,MNAR,0.3,1,NDI-S,1.0670740400465308,0.7338737964995015,0.0021892893230043785,0,0.0035458240017760545,
MagicTelescope,False,2000,10,MNAR,0.3,1,GaussCM,1.0181480120528277,0.638213479319972,0.012798922196025598,0,0.058603258003131486,
MagicTelescope,False,2000,10,MNAR,0.3,1,KNN,1.0955218031104685,0.7910424263120766,0.0,0,0.2893365920026554,
MagicTelescope,False,2000,10,MNAR,0.3,1,MICE,1.0456921095655969,0.6551127632335694,0.010946446615021893,0,0.31668299499870045,
MagicTelescope,False,2000,10,MNAR,0.3,1,MissForest,0.963068055765444,0.538301823403962,0.0,0,4.1362520109978504,
MagicTelescope,False,2000,10,MNAR,0.3,1,SoftImpute,1.0314927612718459,0.7060391211892653,0.0003368137420006736,0,0.11490012900321744,
MagicTelescope,False,2000,10,MNAR,0.3,1,GAIN,1.0475581642670102,0.6809264655691213,0.0,0,10.851964939000027,
MagicTelescope,False,2000,10,MNAR,0.3,1,NDI-F1,1.0531895394099604,0.754223143279476,0.024755810037049512,0,0.00398220399802085,
MagicTelescope,False,2000,10,MNAR,0.3,1,NDI-F-noclip,1.0282820811189057,0.6595483813208426,0.01532502526103065,0,0.006829664001998026,
MagicTelescope,False,2000,10,MNAR,0.3,1,NDI-F,1.0257169373922757,0.6550388153982292,0.0,0,0.004727608000393957,
MagicTelescope,False,2000,10,MNAR,0.3,1,Copula-NDI-F,0.9500265630832213,0.5938923073682146,0.0,0,0.013261697000416461,
MagicTelescope,False,2000,10,MNAR,0.3,2,Mean,1.1860708826822204,0.9195029851344878,0.0,0,0.0004376899960334413,
MagicTelescope,False,2000,10,MNAR,0.3,2,NDI-0,1.2628793207884725,0.970505789384234,0.0021702838063439064,0,0.002143022997188382,
MagicTelescope,False,2000,10,MNAR,0.3,2,NDI-C,1.1617342478233015,0.7627042658547794,0.014357262103505844,0,0.0037768339971080422,
MagicTelescope,False,2000,10,MNAR,0.3,2,NDI-S,1.097920818937339,0.7511956250671905,0.0035058430717863106,0,0.0035701810047612526,
MagicTelescope,False,2000,10,MNAR,0.3,2,GaussCM,1.1020403012323159,0.7020830107637261,0.018530884808013355,0,0.042114422998565715,
MagicTelescope,False,2000,10,MNAR,0.3,2,KNN,1.1078310415875319,0.7902965541084974,0.0,0,0.2998405600010301,
MagicTelescope,False,2000,10,MNAR,0.3,2,MICE,1.0876727931079486,0.6505255521391894,0.021869782971619366,0,0.3181713390004006,
MagicTelescope,False,2000,10,MNAR,0.3,2,MissForest,0.9858049500832163,0.5454981438857114,0.0,0,4.2269405760016525,
MagicTelescope,False,2000,10,MNAR,0.3,2,SoftImpute,1.0486522610596243,0.7135815104461413,0.0,0,0.12106206899625249,
MagicTelescope,False,2000,10,MNAR,0.3,2,GAIN,1.015863978043133,0.6599303380887745,0.0,0,10.712569794006413,
MagicTelescope,False,2000,10,MNAR,0.3,2,NDI-F1,1.082808070388586,0.7655330702619882,0.01969949916527546,0,0.004810999002074823,
MagicTelescope,False,2000,10,MNAR,0.3,2,NDI-F-noclip,1.0819504153412784,0.7006725182721115,0.014023372287145243,0,0.006350234994897619,
MagicTelescope,False,2000,10,MNAR,0.3,2,NDI-F,1.0805467514562404,0.6979740158232434,0.0,0,0.0048724799999035895,
MagicTelescope,False,2000,10,MNAR,0.3,2,Copula-NDI-F,1.0444972780050763,0.6624905997325687,0.0,0,0.013120781994075514,
CKD,True,400,14,MCAR,0.2,0,Mean,0.8867890570527978,0.6701936753846242,0.0,0,0.00026483999681659043,
CKD,True,400,14,MCAR,0.2,0,NDI-0,0.9242426941309617,0.7098074247811508,0.018499486125385406,0,0.0006834919986431487,
CKD,True,400,14,MCAR,0.2,0,NDI-C,0.7901804323178785,0.5741343800584825,0.07399794450154162,0,0.0018573609995655715,
CKD,True,400,14,MCAR,0.2,0,NDI-S,0.7457857712023247,0.5322041606611817,0.04316546762589928,0,0.0012445939937606454,
CKD,True,400,14,MCAR,0.2,0,GaussCM,0.7554077793160163,0.548069797055022,0.045220966084275435,0,0.023860780005634297,
CKD,True,400,14,MCAR,0.2,0,KNN,0.8795418850260696,0.6398044767682182,0.0,0,0.024523610998585355,
CKD,True,400,14,MCAR,0.2,0,MICE,0.7886649683835018,0.5725027317019328,0.06783144912641316,0,0.3444112920042244,
CKD,True,400,14,MCAR,0.2,0,MissForest,0.7019377676908741,0.483194888478961,0.0,0,2.691134114997112,
CKD,True,400,14,MCAR,0.2,0,SoftImpute,0.7045305349270383,0.49829392324306254,0.011305241521068859,0,0.04781760799960466,
CKD,True,400,14,MCAR,0.2,0,GAIN,0.9308371077414903,0.6623342973534108,0.0,0,10.294395689998055,
CKD,True,400,14,MCAR,0.2,0,NDI-F1,0.7419082049987217,0.5288785392368317,0.03802672147995889,0,0.0021386430016718805,
CKD,True,400,14,MCAR,0.2,0,NDI-F-noclip,0.7511815812142827,0.5297770229373592,0.06474820143884892,0,0.002089973000693135,
CKD,True,400,14,MCAR,0.2,0,NDI-F,0.7352749035384215,0.5129499784756623,0.0,0,0.0020558500036713667,
CKD,True,400,14,MCAR,0.2,0,Copula-NDI-F,0.759721602986931,0.48793411436380685,0.0,0,0.011232183998799883,
CKD,True,400,14,MCAR,0.2,0,MIWAE,0.8498028202865733,0.5484519705938512,0.052415210688591986,0,3.9154727529967204,
CKD,True,400,14,MCAR,0.2,0,Sinkhorn,0.7299719510585091,0.48545346329062955,0.006166495375128468,0,59.56882742000016,
CKD,True,400,14,MCAR,0.2,0,HyperImpute,0.6799087195382687,0.465132113533483,0.0,0,16.42614268000034,
CKD,True,400,14,MCAR,0.2,0,ReMasker,0.8329185963983166,0.5859125202527184,0.0,0,84.65232534900133,
CKD,True,400,14,MCAR,0.2,1,Mean,1.0991174579802823,0.711670393279343,0.0,0,0.00014279100287239999,
CKD,True,400,14,MCAR,0.2,1,NDI-0,1.1555341052326678,0.7534639022138007,0.017364657814096015,0,0.0008100839986582287,
CKD,True,400,14,MCAR,0.2,1,NDI-C,0.954401440102308,0.604604500000933,0.06435137895812053,0,0.0011957590031670406,
CKD,True,400,14,MCAR,0.2,1,NDI-S,0.9449242166161959,0.5735315496369157,0.04290091930541369,0,0.0012066970011801459,
CKD,True,400,14,MCAR,0.2,1,GaussCM,0.9542838802637653,0.5980664953586335,0.06230847803881512,0,0.022447344003012404,
CKD,True,400,14,MCAR,0.2,1,KNN,1.1080445872488769,0.6899621742053803,0.0,0,0.023698131000855938,
CKD,True,400,14,MCAR,0.2,1,MICE,1.068984598152933,0.6071183437642627,0.06843718079673136,0,0.2961589719998301,
CKD,True,400,14,MCAR,0.2,1,MissForest,0.9409570214945057,0.5263733731846871,0.0,0,2.244608453998808,
CKD,True,400,14,MCAR,0.2,1,SoftImpute,0.9471391294627426,0.5513443719503978,0.005107252298263534,0,0.04120358599902829,
CKD,True,400,14,MCAR,0.2,1,GAIN,1.0718444986582691,0.6834620071741232,0.0,0,10.820108669999172,
CKD,True,400,14,MCAR,0.2,1,NDI-F1,0.9679135287282817,0.5726762392327681,0.0449438202247191,0,0.00287516900425544,
CKD,True,400,14,MCAR,0.2,1,NDI-F-noclip,0.9805468975918447,0.6019455671335532,0.06537282941777324,0,0.0025844050032901578,
CKD,True,400,14,MCAR,0.2,1,NDI-F,0.9698666257468471,0.5872774403568227,0.0,0,0.0025425810017623007,
CKD,True,400,14,MCAR,0.2,1,Copula-NDI-F,1.0000508297409492,0.531036135737482,0.0,0,0.01119876500160899,
CKD,True,400,14,MCAR,0.2,2,Mean,0.9260544133758432,0.6907627846204816,0.0,0,0.00015997599984984845,
CKD,True,400,14,MCAR,0.2,2,NDI-0,1.0014158035788343,0.7502532083185709,0.014112903225806451,0,0.0011433690015110187,
CKD,True,400,14,MCAR,0.2,2,NDI-C,0.8087042922095257,0.5720741183131836,0.06653225806451613,0,0.001269911001145374,
CKD,True,400,14,MCAR,0.2,2,NDI-S,0.7832784834315246,0.545383627376442,0.03326612903225806,0,0.0013251959971967153,
CKD,True,400,14,MCAR,0.2,2,GaussCM,0.8194822623890773,0.5686975809466934,0.056451612903225805,0,0.024554711999371648,
CKD,True,400,14,MCAR,0.2,2,KNN,0.9317842511781089,0.6658329503471129,0.0,0,0.02458518599451054,
CKD,True,400,14,MCAR,0.2,2,MICE,1.0780597138210148,0.653155516453731,0.08870967741935484,0,0.32461435299774166,
CKD,True,400,14,MCAR,0.2,2,MissForest,0.7415133975969388,0.4869127851856285,0.0,0,2.255550708003284,
CKD,True,400,14,MCAR,0.2,2,SoftImpute,0.773929119002683,0.5307191224471375,0.01310483870967742,0,0.034017588004644495,
CKD,True,400,14,MCAR,0.2,2,GAIN,0.9847733752977843,0.6799329325279239,0.0,0,10.845269111006928,
CKD,True,400,14,MCAR,0.2,2,NDI-F1,0.7858747204756114,0.5458870310745152,0.04435483870967742,0,0.0024797549995128065,
CKD,True,400,14,MCAR,0.2,2,NDI-F-noclip,0.8048781475084384,0.5589138475148948,0.05141129032258065,0,0.0028319560005911626,
CKD,True,400,14,MCAR,0.2,2,NDI-F,0.7931155773551478,0.5450893342524842,0.0,0,0.0025986700056819245,
CKD,True,400,14,MCAR,0.2,2,Copula-NDI-F,0.804624136259735,0.49073831801949047,0.0,0,0.009893187001580372,
Heart,True,302,5,MCAR,0.2,0,Mean,1.0125782024559205,0.8229774385359068,0.0,0,0.00013449599646264687,
Heart,True,302,5,MCAR,0.2,0,NDI-0,1.2202948623170677,0.9791542391647796,0.016611295681063124,0,0.00035086800198769197,
Heart,True,302,5,MCAR,0.2,0,NDI-C,1.0022221031728422,0.7899656154915472,0.009966777408637873,0,0.001026953999826219,
Heart,True,302,5,MCAR,0.2,0,NDI-S,0.9495651635490782,0.7621287155674693,0.0,0,0.0010041600035037845,
Heart,True,302,5,MCAR,0.2,0,GaussCM,0.9592306982145473,0.763366409156396,0.0,0,0.0021257299958961084,
Heart,True,302,5,MCAR,0.2,0,KNN,1.0126668270061232,0.8120034147706315,0.0,0,0.00806562599609606,
Heart,True,302,5,MCAR,0.2,0,MICE,0.958837626953907,0.7613206165610976,0.0,0,0.04291305100196041,
Heart,True,302,5,MCAR,0.2,0,MissForest,1.0296862388364034,0.8087281153470283,0.0,0,0.8097542089963099,
Heart,True,302,5,MCAR,0.2,0,SoftImpute,0.9702327238973687,0.7799028418919014,0.0,0,0.010931364995485637,
Heart,True,302,5,MCAR,0.2,0,GAIN,1.0223876813198312,0.7989719858545307,0.0,0,10.7847780230004,
Heart,True,302,5,MCAR,0.2,0,NDI-F1,0.9552483511088748,0.7730605518252158,0.0,0,0.0014130759955151007,
Heart,True,302,5,MCAR,0.2,0,NDI-F-noclip,0.9848562577734381,0.7826222654605679,0.0,0,0.0015325749991461635,
Heart,True,302,5,MCAR,0.2,0,NDI-F,0.9848562577734381,0.7826222654605679,0.0,0,0.0013279380000312813,
Heart,True,302,5,MCAR,0.2,0,Copula-NDI-F,0.979568232453047,0.7593716192328183,0.0,0,0.005496010999195278,
Heart,True,302,5,MCAR,0.2,0,MIWAE,1.0541571828165455,0.8435182202946929,0.0,0,3.227628841996193,
Heart,True,302,5,MCAR,0.2,0,Sinkhorn,1.0443847891348628,0.8186111411349777,0.0,0,54.86068528600299,
Heart,True,302,5,MCAR,0.2,0,HyperImpute,0.9677605912733878,0.7672261451516669,0.0,0,8.510284759002388,
Heart,True,302,5,MCAR,0.2,0,ReMasker,1.0351152181198802,0.8442298098329606,0.0,0,60.63095646400325,
Heart,True,302,5,MCAR,0.2,1,Mean,0.91546275992315,0.7297242492621763,0.0,0,7.318500138353556e-05,
Heart,True,302,5,MCAR,0.2,1,NDI-0,1.1034526854974074,0.841944947740815,0.012903225806451613,0,0.0003764989960473031,
Heart,True,302,5,MCAR,0.2,1,NDI-C,0.949374988284677,0.7284539097883009,0.02258064516129032,0,0.0007044340018182993,
Heart,True,302,5,MCAR,0.2,1,NDI-S,0.8497530897358344,0.6747322807868846,0.0,0,0.0009393500004080124,
Heart,True,302,5,MCAR,0.2,1,GaussCM,0.8474306966986198,0.6712016863822136,0.0,0,0.002989126995089464,
Heart,True,302,5,MCAR,0.2,1,KNN,0.9710228263779738,0.7610580899578528,0.0,0,0.007627352999406867,
Heart,True,302,5,MCAR,0.2,1,MICE,0.8489868368485979,0.6663415527314819,0.0,0,0.047314729999925476,
Heart,True,302,5,MCAR,0.2,1,MissForest,0.8681658545555735,0.6735107263343322,0.0,0,0.7992087410020758,
Heart,True,302,5,MCAR,0.2,1,SoftImpute,0.8636121760255744,0.6874202310788197,0.0,0,0.011974338995059952,
Heart,True,302,5,MCAR,0.2,1,GAIN,0.9750497742608331,0.7628501394671572,0.0,0,10.53350191899517,
Heart,True,302,5,MCAR,0.2,1,NDI-F1,0.8579949392197187,0.6759442811416768,0.0064516129032258064,0,0.0016012199994293042,
Heart,True,302,5,MCAR,0.2,1,NDI-F-noclip,0.9015521467595191,0.700542213990463,0.00967741935483871,0,0.0013572449970524758,
Heart,True,302,5,MCAR,0.2,1,NDI-F,0.900469956943284,0.6990664949262952,0.0,0,0.0014137629987089895,
Heart,True,302,5,MCAR,0.2,1,Copula-NDI-F,0.8800304447480546,0.6744217473057926,0.0,0,0.00578512399806641,
Heart,True,302,5,MCAR,0.2,2,Mean,1.0669532798896637,0.8452020634051756,0.0,0,0.00015802700363565236,
Heart,True,302,5,MCAR,0.2,2,NDI-0,1.1929700708290623,0.9492047355359499,0.0176678445229682,0,0.0003867570048896596,
Heart,True,302,5,MCAR,0.2,2,NDI-C,1.0843047640544856,0.8492699029298459,0.0176678445229682,0,0.0007470369964721613,
Heart,True,302,5,MCAR,0.2,2,NDI-S,1.0224234344134786,0.8047571894614601,0.0,0,0.000978437004960142,
Heart,True,302,5,MCAR,0.2,2,GaussCM,1.0159994644192247,0.7946337033268713,0.0,0,0.0027838430032716133,
Heart,True,302,5,MCAR,0.2,2,KNN,1.0850091201721899,0.8840832741552306,0.0,0,0.008159074001014233,
Heart,True,302,5,MCAR,0.2,2,MICE,1.0104963747628708,0.7869895532991268,0.0,0,0.041453387995716184,
Heart,True,302,5,MCAR,0.2,2,MissForest,1.0767372027025983,0.8448550103905784,0.0,0,1.0897319560026517,
Heart,True,302,5,MCAR,0.2,2,SoftImpute,1.0293918040025154,0.8121039181382715,0.0,0,0.01569149300485151,
Heart,True,302,5,MCAR,0.2,2,GAIN,1.0770472858041353,0.838707084635047,0.0,0,10.475519605002773,
Heart,True,302,5,MCAR,0.2,2,NDI-F1,1.045959009214518,0.820324215881794,0.01060070671378092,0,0.0018069490033667535,
Heart,True,302,5,MCAR,0.2,2,NDI-F-noclip,1.0393927345645717,0.8116661434708957,0.007067137809187279,0,0.0013787909992970526,
Heart,True,302,5,MCAR,0.2,2,NDI-F,1.0381106417786699,0.8110584454764517,0.0,0,0.0014714860008098185,
Heart,True,302,5,MCAR,0.2,2,Copula-NDI-F,1.0472108934372257,0.8043062425779554,0.0,0,0.005028015999414492,
Mice,True,1080,77,MCAR,0.2,0,Mean,1.0010501011325257,0.768196197478709,0.0,0,0.00117008900269866,
Mice,True,1080,77,MCAR,0.2,0,NDI-0,0.9155190315838321,0.6997082796459226,0.0009796718099436689,0,0.0046754970026086085,
Mice,True,1080,77,MCAR,0.2,0,NDI-C,0.695616048470713,0.5138746939079433,0.0004898359049718344,0,0.027968533999228384,
Mice,True,1080,77,MCAR,0.2,0,NDI-S,0.703986149955651,0.520566756935246,0.0003673769287288758,0,0.035581953001383226,
Mice,True,1080,77,MCAR,0.2,0,GaussCM,0.4490443364773735,0.31007849161765927,0.003796228263531717,0,0.28657484300492797,
Mice,True,1080,77,MCAR,0.2,0,KNN,0.4789492308861471,0.32129519753775077,0.0,0,0.3462606329994742,
Mice,True,1080,77,MCAR,0.2,0,MICE,0.43606968230652704,0.29213736046622224,0.005020818025961303,0,4.604577951002284,
Mice,True,1080,77,MCAR,0.2,0,MissForest,0.4150436365486885,0.2757977641038997,0.0,0,28.78006053200079,
Mice,True,1080,77,MCAR,0.2,0,SoftImpute,0.4318840742921886,0.2914532796057383,0.0010409012980651482,0,0.7643785509935697,
Mice,True,1080,77,MCAR,0.2,0,GAIN,0.5221073910641575,0.3645538486750926,0.0,0,11.25957055100298,
Mice,True,1080,77,MCAR,0.2,0,NDI-F1,0.8706185904697551,0.6525059605625881,0.0001836884643644379,0,0.03076941099425312,
Mice,True,1080,77,MCAR,0.2,0,NDI-F-noclip,0.5024682483012831,0.35101871827078185,0.0035513103110457996,0,0.040307458002644125,
Mice,True,1080,77,MCAR,0.2,0,NDI-F,0.501795540495336,0.350550362898146,0.0,0,0.044210858999576885,
Mice,True,1080,77,MCAR,0.2,0,Copula-NDI-F,0.5107995933427323,0.34260890898696345,0.0,0,0.11597574500046903,
Mice,True,1080,77,MCAR,0.2,0,MIWAE,0.4457141873110879,0.2554254076519579,0.0015307372030369825,0,12.97412390300451,
Mice,True,1080,77,MCAR,0.2,0,Sinkhorn,0.3856577625987889,0.23222267591484996,0.0,0,808.9314237299986,
Mice,True,1080,77,MCAR,0.2,0,HyperImpute,0.3638215915169754,0.2369286126492291,0.0,0,255.48060430400074,
Mice,True,1080,77,MCAR,0.2,0,ReMasker,0.7142579940603885,0.5362269392465959,0.0,0,211.01208799400047,
Mice,True,1080,77,MCAR,0.2,1,Mean,1.000116403789084,0.7677575793934375,0.0,0,0.0011031549947801977,
Mice,True,1080,77,MCAR,0.2,1,NDI-0,0.911984293727673,0.6968167472871292,0.0006148548942449582,0,0.003906312995241024,
Mice,True,1080,77,MCAR,0.2,1,NDI-C,0.6921845987809083,0.5131754413483373,0.00012297097884899163,0,0.029122020001523197,
Mice,True,1080,77,MCAR,0.2,1,NDI-S,0.7006626863698874,0.5200109425907067,0.00012297097884899163,0,0.04219198400096502,
Mice,True,1080,77,MCAR,0.2,1,GaussCM,0.43934076548025003,0.3077853802549446,0.0032587309394982783,0,0.2847230860061245,
Mice,True,1080,77,MCAR,0.2,1,KNN,0.4539228368332094,0.3134386215967789,0.0,0,0.3422945959973731,
Mice,True,1080,77,MCAR,0.2,1,MICE,0.4309876312631555,0.2948429778110778,0.006333005410723069,0,7.470709722001629,
Mice,True,1080,77,MCAR,0.2,1,MissForest,0.39664181947682414,0.26945434627612463,0.0,0,28.64773213800072,
Mice,True,1080,77,MCAR,0.2,1,SoftImpute,0.4221058826081668,0.290890604310896,0.0008607968519429415,0,2.0938706189990626,
Mice,True,1080,77,MCAR,0.2,1,GAIN,0.5036631136113362,0.359102253046541,0.0,0,9.873555091005983,
Mice,True,1080,77,MCAR,0.2,1,NDI-F1,0.8686437742097256,0.6501310563218019,0.00018445646827348745,0,0.17588431399781257,
Mice,True,1080,77,MCAR,0.2,1,NDI-F-noclip,0.4929023886128217,0.3501856372727311,0.0035046728971962616,0,0.22387003499898128,
Mice,True,1080,77,MCAR,0.2,1,NDI-F,0.49243299833344206,0.3496767011346148,0.0,0,0.0657269540024572,
Mice,True,1080,77,MCAR,0.2,1,Copula-NDI-F,0.5035122733446294,0.34265615243270914,0.0,0,0.15190059399901656,
Mice,True,1080,77,MCAR,0.2,2,Mean,1.011764145920809,0.7744506533248432,0.0,0,0.00129237199871568,
Mice,True,1080,77,MCAR,0.2,2,NDI-0,0.9265963862039197,0.7044400984309062,0.00042352371732817036,0,0.0064087650025612675,
Mice,True,1080,77,MCAR,0.2,2,NDI-C,0.7062648536777376,0.52082332219036,0.0003025169409486931,0,0.041671406994282734,
Mice,True,1080,77,MCAR,0.2,2,NDI-S,0.7149410025242664,0.5277603203155902,0.0002420135527589545,0,0.07747739699698286,
Mice,True,1080,77,MCAR,0.2,2,GaussCM,0.4469011891096899,0.31163352275084744,0.003690706679574056,0,0.6129353750002338,
Mice,True,1080,77,MCAR,0.2,2,KNN,0.4809927308196108,0.321843161637098,0.0,0,0.5210233179968782,
Mice,True,1080,77,MCAR,0.2,2,MICE,0.43888338971946445,0.29994842597932014,0.005989835430784124,0,8.347770499996841,
Mice,True,1080,77,MCAR,0.2,2,MissForest,0.4182629845171216,0.2804438186628261,0.0,0,28.04341446699982,
Mice,True,1080,77,MCAR,0.2,2,SoftImpute,0.43311266466157394,0.2971107389324687,0.0009075508228460794,0,0.7640511889985646,
Mice,True,1080,77,MCAR,0.2,2,GAIN,0.5212406499798222,0.36616840068176476,0.0,0,10.589957364994916,
Mice,True,1080,77,MCAR,0.2,2,NDI-F1,0.8807132962816207,0.6570281336652815,0.00018151016456921588,0,0.02961373599828221,
Mice,True,1080,77,MCAR,0.2,2,NDI-F-noclip,0.5027460400818604,0.3564305486646587,0.0037512100677637946,0,0.04118714300420834,
Mice,True,1080,77,MCAR,0.2,2,NDI-F,0.5023707504812763,0.35600502357726843,0.0,0,0.039810121001210064,
Mice,True,1080,77,MCAR,0.2,2,Copula-NDI-F,0.5168713563195116,0.3486560992093259,0.0,0,0.11446262399840634,
iris,False,150,4,MCAR,0.1,0,EM-FA,0.4783312375145947,0.32691010343704174,0.016129032258064516,0,0.03439938399998255,
iris,False,150,4,MCAR,0.1,0,EM-PPCA,0.5943155552077177,0.42468528151852913,0.0,0,0.006441184000038902,
iris,False,150,4,MCAR,0.1,1,EM-FA,0.5672696614787183,0.41857709141781096,0.0,0,0.01787573199999315,
iris,False,150,4,MCAR,0.1,1,EM-PPCA,0.6154453268839214,0.4603029031785463,0.0,0,0.0057288829999606605,
iris,False,150,4,MCAR,0.1,2,EM-FA,0.5396898601976795,0.3782284065533802,0.015873015873015872,0,0.016101237999976092,
iris,False,150,4,MCAR,0.1,2,EM-PPCA,0.6265320913526454,0.4694249057976032,0.0,0,0.005563337000012325,
iris,False,150,4,MCAR,0.3,0,EM-FA,0.595339268402051,0.42739234099410506,0.011049723756906077,0,0.035062895999999455,
iris,False,150,4,MCAR,0.3,0,EM-PPCA,0.6548617266442358,0.5089154316492023,0.0,0,0.012321219000000383,
iris,False,150,4,MCAR,0.3,1,EM-FA,0.6231178483696296,0.42447094271936575,0.0,0,0.023464383999964866,
iris,False,150,4,MCAR,0.3,1,EM-PPCA,0.7096733378384162,0.5221282518605975,0.0,0,0.0062118589999613505,
iris,False,150,4,MCAR,0.3,2,EM-FA,0.7096399794613951,0.5153788599387391,0.015384615384615385,0,0.02643080600000758,
iris,False,150,4,MCAR,0.3,2,EM-PPCA,0.7654639319094221,0.5713195106980729,0.0,0,0.006386520999967615,
iris,False,150,4,MCAR,0.5,0,EM-FA,0.7916499278145432,0.5627330827858368,0.009900990099009901,0,0.061134374999994634,
iris,False,150,4,MCAR,0.5,0,EM-PPCA,0.8778504411852559,0.6609584929992038,0.0,0,0.010463995999998588,
iris,False,150,4,MCAR,0.5,1,EM-FA,0.7125590450109967,0.5346006013758043,0.006472491909385114,0,0.02448706399997036,
iris,False,150,4,MCAR,0.5,1,EM-PPCA,0.761065244640413,0.5916895621583032,0.0,0,0.010550426000008883,
iris,False,150,4,MCAR,0.5,2,EM-FA,0.6934814708764921,0.496858465427838,0.006622516556291391,0,0.07567987999999559,
iris,False,150,4,MCAR,0.5,2,EM-PPCA,0.776944196495971,0.5830745864266046,0.0,0,0.00999450700004445,
iris,False,150,4,MAR,0.3,0,EM-FA,0.6905290806150338,0.482279137955926,0.0053475935828877,0,0.06591572900003939,
iris,False,150,4,MAR,0.3,0,EM-PPCA,0.7676635279056673,0.573339146271743,0.0053475935828877,0,0.009316553000019212,
iris,False,150,4,MAR,0.3,1,EM-FA,0.5817523606581032,0.43148600182643904,0.017142857142857144,0,0.05753227300004937,
iris,False,150,4,MAR,0.3,1,EM-PPCA,0.7789714147806776,0.5910424443420519,0.017142857142857144,0,0.009346906000018862,
iris,False,150,4,MAR,0.3,2,EM-FA,0.7093126182451487,0.5047741564199528,0.03932584269662921,0,0.1071673459999829,
iris,False,150,4,MAR,0.3,2,EM-PPCA,0.770645458663128,0.5526766279102429,0.033707865168539325,0,0.01092716499999824,
iris,False,150,4,MNAR,0.3,0,EM-FA,0.6869515878243435,0.46514511478293064,0.011235955056179775,0,0.07791284600000381,
iris,False,150,4,MNAR,0.3,0,EM-PPCA,0.6826999709412472,0.4728507164030006,0.03932584269662921,0,0.024930045000019163,
iris,False,150,4,MNAR,0.3,1,EM-FA,0.7133146753302626,0.4939030744693042,0.021164021164021163,0,0.14089793199997303,
iris,False,150,4,MNAR,0.3,1,EM-PPCA,0.7452827454638465,0.5158284352088187,0.015873015873015872,0,0.029735243999994054,
iris,False,150,4,MNAR,0.3,2,EM-FA,0.7083372382557535,0.47001708386692764,0.010869565217391304,0,0.06328247599998349,
iris,False,150,4,MNAR,0.3,2,EM-PPCA,0.8207213849063784,0.6103180791769905,0.0,0,0.00701684299997396,
wine,False,178,13,MCAR,0.1,0,EM-FA,0.7100680442821832,0.5454584041807273,0.0,0,0.03881392600004574,
wine,False,178,13,MCAR,0.1,0,EM-PPCA,0.7531303060551949,0.5834245989323349,0.0,0,0.010739510000007613,
wine,False,178,13,MCAR,0.1,1,EM-FA,0.7205303516337858,0.5578596652825969,0.0,0,0.05932264599999826,
wine,False,178,13,MCAR,0.1,1,EM-PPCA,0.7225410309909305,0.5578352603582366,0.0,0,0.010928868999997121,
wine,False,178,13,MCAR,0.1,2,EM-FA,0.8299042658692406,0.5984215264913271,0.008658008658008658,0,0.05321830900004443,
wine,False,178,13,MCAR,0.1,2,EM-PPCA,0.8133834347766973,0.5902509654812793,0.004329004329004329,0,0.017805665000025783,
wine,False,178,13,MCAR,0.3,0,EM-FA,0.7209461198250717,0.5378331739560167,0.0014814814814814814,0,0.1020892839999874,
wine,False,178,13,MCAR,0.3,0,EM-PPCA,0.7606376696357218,0.5786037017494519,0.0014814814814814814,0,0.013683915000001434,
wine,False,178,13,MCAR,0.3,1,EM-FA,0.7739464720609892,0.5844401452103358,0.0014184397163120568,0,0.06765094900003987,
wine,False,178,13,MCAR,0.3,1,EM-PPCA,0.7953603049620792,0.602779031688876,0.0014184397163120568,0,0.010174125999981243,
wine,False,178,13,MCAR,0.3,2,EM-FA,0.7547264133330792,0.5557229722830271,0.0028011204481792717,0,0.05780162999997174,
wine,False,178,13,MCAR,0.3,2,EM-PPCA,0.7833568512058652,0.583411110473118,0.0014005602240896359,0,0.01688362900000584,
wine,False,178,13,MCAR,0.5,0,EM-FA,0.8407713928976427,0.6365664690973218,0.0017035775127768314,0,0.1525629550000076,
wine,False,178,13,MCAR,0.5,0,EM-PPCA,0.8513560837285838,0.6352931727420127,0.002555366269165247,0,0.014204576000054203,
wine,False,178,13,MCAR,0.5,1,EM-FA,0.8356853495610448,0.6232951949430363,0.0017346053772766695,0,0.08722293000005266,
wine,False,178,13,MCAR,0.5,1,EM-PPCA,0.8359481567713392,0.6277591711924666,0.0017346053772766695,0,0.011879604999990079,
wine,False,178,13,MCAR,0.5,2,EM-FA,0.7860660099962831,0.5924935671260261,0.005253940455341506,0,0.12440533900002038,
wine,False,178,13,MCAR,0.5,2,EM-PPCA,0.8087919199124831,0.6138425002036656,0.0035026269702276708,0,0.014989501000002292,
wine,False,178,13,MAR,0.3,0,EM-FA,0.7989537857831784,0.5994010293588825,0.006015037593984963,0,0.07691906900004142,
wine,False,178,13,MAR,0.3,0,EM-PPCA,0.835557483394792,0.6305451126636561,0.004511278195488722,0,0.015695068000013634,
wine,False,178,13,MAR,0.3,1,EM-FA,0.7548864725698056,0.5783484717151335,0.004310344827586207,0,0.0690160100000412,
wine,False,178,13,MAR,0.3,1,EM-PPCA,0.7809700678982556,0.6005218018266852,0.0,0,0.01350751699999364,
wine,False,178,13,MAR,0.3,2,EM-FA,0.8222410022004185,0.604342073677825,0.00860832137733142,0,0.06020622500000172,
wine,False,178,13,MAR,0.3,2,EM-PPCA,0.8217816215814481,0.6114594674628029,0.00430416068866571,0,0.018643601999997372,
wine,False,178,13,MNAR,0.3,0,EM-FA,0.9794863519611399,0.7380348355281771,0.0,0,0.05956002800002125,
wine,False,178,13,MNAR,0.3,0,EM-PPCA,0.9883597936480999,0.754504343513108,0.0,0,0.012418295000031776,
wine,False,178,13,MNAR,0.3,1,EM-FA,0.900651971182067,0.6622618534037881,0.009873060648801129,0,0.10138292200002752,
wine,False,178,13,MNAR,0.3,1,EM-PPCA,0.9300735525806277,0.6982767398433486,0.004231311706629055,0,0.015845936999994592,
wine,False,178,13,MNAR,0.3,2,EM-FA,0.8972053479690137,0.6885451297374848,0.007183908045977011,0,0.10895139300004075,
wine,False,178,13,MNAR,0.3,2,EM-PPCA,0.8974176633847492,0.6985557283957714,0.0,0,0.017383873000028416,
glass,False,205,9,MCAR,0.1,0,EM-FA,0.5716697037642653,0.3357454083887795,0.0625,0,0.28201821699997254,
glass,False,205,9,MCAR,0.1,0,EM-PPCA,0.5984666104501523,0.41385155036864724,0.06818181818181818,0,0.017798844000026293,
glass,False,205,9,MCAR,0.1,1,EM-FA,0.7616331650098563,0.45886123378261967,0.0782122905027933,0,0.3216218329999947,
glass,False,205,9,MCAR,0.1,1,EM-PPCA,0.9015614778782726,0.5640995753307506,0.0670391061452514,0,0.02180694499998026,
glass,False,205,9,MCAR,0.1,2,EM-FA,0.7414199083618129,0.44377291977554695,0.030456852791878174,0,0.3061450779999859,
glass,False,205,9,MCAR,0.1,2,EM-PPCA,0.9190678308533942,0.5840958331766908,0.04060913705583756,0,0.02047711000000163,
glass,False,205,9,MCAR,0.3,0,EM-FA,0.7531473465123643,0.4607186856495864,0.05545286506469501,0,0.3035409770000115,
glass,False,205,9,MCAR,0.3,0,EM-PPCA,0.9548101366841646,0.5523492041407922,0.07763401109057301,0,0.014214840000022377,
glass,False,205,9,MCAR,0.3,1,EM-FA,0.7003706623266545,0.47763226054727065,0.0627062706270627,0,0.17408629199996994,
glass,False,205,9,MCAR,0.3,1,EM-PPCA,0.822298120504463,0.5562080555541065,0.08085808580858085,0,0.01898350700002993,
glass,False,205,9,MCAR,0.3,2,EM-FA,0.7674209386669396,0.47859871692241895,0.04655172413793104,0,0.21007997999998906,
glass,False,205,9,MCAR,0.3,2,EM-PPCA,0.8694629003370504,0.5567445569485758,0.06896551724137931,0,0.015181030999997347,
glass,False,205,9,MCAR,0.5,0,EM-FA,0.8513010181815924,0.5387739677657382,0.04661487236403995,0,0.2605766039999935,
glass,False,205,9,MCAR,0.5,0,EM-PPCA,0.9075460036911824,0.5757804203266236,0.041065482796892344,0,0.021018296999955055,
glass,False,205,9,MCAR,0.5,1,EM-FA,0.8937404480228023,0.5589408260964033,0.037267080745341616,0,0.2782018469999912,
glass,False,205,9,MCAR,0.5,1,EM-PPCA,0.9252646705629345,0.5971509760861956,0.041407867494824016,0,0.030081257999995614,
glass,False,205,9,MCAR,0.5,2,EM-FA,0.8464103121615847,0.5765170604943026,0.05454545454545454,0,0.20969802100000834,
glass,False,205,9,MCAR,0.5,2,EM-PPCA,0.9270608681654761,0.6187001249420158,0.05026737967914439,0,0.06324816699998337,
glass,False,205,9,MAR,0.3,0,EM-FA,0.951134567606891,0.5946597026876017,0.09574468085106383,0,0.26026050100000475,
glass,False,205,9,MAR,0.3,0,EM-PPCA,1.0505406172061371,0.6290843998347599,0.09042553191489362,0,0.04508231300002308,
glass,False,205,9,MAR,0.3,1,EM-FA,0.7107697100135467,0.45781510720953245,0.09407665505226481,0,0.15874583599998005,
glass,False,205,9,MAR,0.3,1,EM-PPCA,0.9994061723790225,0.5861056603759286,0.09059233449477352,0,0.020088525000005575,
glass,False,205,9,MAR,0.3,2,EM-FA,0.7700750287315563,0.5140957565093119,0.04251386321626617,0,0.21328589000000875,
glass,False,205,9,MAR,0.3,2,EM-PPCA,0.8279669058494731,0.5729828024299268,0.04436229205175601,0,0.01600725900004818,
glass,False,205,9,MNAR,0.3,0,EM-FA,0.9959963542297017,0.5406527559402591,0.07861060329067641,0,0.18878022799998462,
glass,False,205,9,MNAR,0.3,0,EM-PPCA,1.1436149873937584,0.659788632282143,0.07495429616087751,0,0.01720355899999504,
glass,False,205,9,MNAR,0.3,1,EM-FA,1.0577304734849222,0.6095706880601232,0.04584040747028863,0,0.4503358599999956,
glass,False,205,9,MNAR,0.3,1,EM-PPCA,1.1417200421095366,0.6767260564842618,0.05602716468590832,0,0.012859300999991774,
glass,False,205,9,MNAR,0.3,2,EM-FA,0.9586658892912341,0.6050053203192509,0.0873440285204991,0,0.200316201000021,
glass,False,205,9,MNAR,0.3,2,EM-PPCA,1.088300850658311,0.7237603516291821,0.07130124777183601,0,0.0103897570000413,
ecoli,False,327,7,MCAR,0.1,0,EM-FA,0.6566683012233814,0.4254840389359121,0.044642857142857144,0,0.05820770999997649,
ecoli,False,327,7,MCAR,0.1,0,EM-PPCA,0.6994473423686749,0.478979505631052,0.05357142857142857,0,0.008736075999991044,
ecoli,False,327,7,MCAR,0.1,1,EM-FA,0.6362304661232703,0.4080776395234694,0.0546218487394958,0,0.047632951000025514,
ecoli,False,327,7,MCAR,0.1,1,EM-PPCA,0.6591248873154998,0.4473894133642636,0.0546218487394958,0,0.014014979000023686,
ecoli,False,327,7,MCAR,0.1,2,EM-FA,0.9665184237855476,0.4553211051015268,0.05928853754940711,0,0.03177319200000284,
ecoli,False,327,7,MCAR,0.1,2,EM-PPCA,0.9917332417558247,0.52974157101032,0.09090909090909091,0,0.015008273999967514,
ecoli,False,327,7,MCAR,0.3,0,EM-FA,0.8669995806870796,0.4611071837041419,0.018439716312056736,0,0.08961129900001197,
ecoli,False,327,7,MCAR,0.3,0,EM-PPCA,0.9568375319149905,0.5445643313800466,0.04539007092198582,0,0.012681835999956093,
ecoli,False,327,7,MCAR,0.3,1,EM-FA,0.7911294765389777,0.4684525467476017,0.03162650602409638,0,0.015293340999960492,
ecoli,False,327,7,MCAR,0.3,1,EM-PPCA,0.8420420388935872,0.5344095849801092,0.045180722891566265,0,0.014999764000037885,
ecoli,False,327,7,MCAR,0.3,2,EM-FA,0.907323088386278,0.5119499696129003,0.07278020378457059,0,0.38462970599999835,
ecoli,False,327,7,MCAR,0.3,2,EM-PPCA,0.9101390661122434,0.5606507425318523,0.07860262008733625,0,0.015979042999958892,
ecoli,False,327,7,MCAR,0.5,0,EM-FA,0.8470831271661645,0.5467510289116623,0.028268551236749116,0,0.16031787699995448,
ecoli,False,327,7,MCAR,0.5,0,EM-PPCA,0.8709830309344945,0.5742573945416597,0.045936395759717315,0,0.022631870999987314,
ecoli,False,327,7,MCAR,0.5,1,EM-FA,0.8438294298050425,0.5321820025879809,0.04840103716508211,0,0.1695246779999593,
ecoli,False,327,7,MCAR,0.5,1,EM-PPCA,0.863447299124135,0.5573656438476389,0.056179775280898875,0,0.05282090299999709,
ecoli,False,327,7,MCAR,0.5,2,EM-FA,0.8451419497150545,0.533491180056567,0.04701627486437613,0,0.04617778200002931,
ecoli,False,327,7,MCAR,0.5,2,EM-PPCA,0.8525201425038039,0.5587226766831055,0.04701627486437613,0,0.10455691799995748,
ecoli,False,327,7,MAR,0.3,0,EM-FA,0.7520620061801447,0.3899549605685702,0.07253086419753087,0,0.10073114900001201,
ecoli,False,327,7,MAR,0.3,0,EM-PPCA,0.8320799347867673,0.4786676379149161,0.08641975308641975,0,0.015279566000003797,
ecoli,False,327,7,MAR,0.3,1,EM-FA,0.7770630645544957,0.3633344024606878,0.020260492040520984,0,0.0971476010000174,
ecoli,False,327,7,MAR,0.3,1,EM-PPCA,0.8164778397567168,0.4397247028086535,0.015918958031837915,0,0.010298098999953709,
ecoli,False,327,7,MAR,0.3,2,EM-FA,0.8066744661322555,0.5300194505105346,0.006944444444444444,0,0.04483921299998883,
ecoli,False,327,7,MAR,0.3,2,EM-PPCA,2.0492069364911796,0.7127169203619524,0.013888888888888888,0,0.10231521099996144,
ecoli,False,327,7,MNAR,0.3,0,EM-FA,1.1119875817611131,0.5964523077034215,0.0,0,0.06373036100001173,
ecoli,False,327,7,MNAR,0.3,0,EM-PPCA,1.1287333338820795,0.6236998758423588,0.0,0,0.011704496999982439,
ecoli,False,327,7,MNAR,0.3,1,EM-FA,0.8851178927657725,0.5910001059964852,0.0469208211143695,0,0.1666956479999726,
ecoli,False,327,7,MNAR,0.3,1,EM-PPCA,1.0583127364214993,0.6541775118786489,0.05865102639296188,0,0.02602296700001716,
ecoli,False,327,7,MNAR,0.3,2,EM-FA,0.8351680323862612,0.5609796000965532,0.0344311377245509,0,0.021688333999975384,
ecoli,False,327,7,MNAR,0.3,2,EM-PPCA,0.8934151835441104,0.6240550956158862,0.05688622754491018,0,0.011502878999976929,
ionosphere,False,351,33,MCAR,0.1,0,EM-FA,0.7243880549584321,0.43968348068684654,0.02486678507992895,0,0.1569369990000382,
ionosphere,False,351,33,MCAR,0.1,0,EM-PPCA,0.7393273134813391,0.449944365916653,0.03197158081705151,0,0.07183806899996625,
ionosphere,False,351,33,MCAR,0.1,1,EM-FA,0.7308783228589225,0.44079835830462305,0.04100418410041841,0,0.19664605000002666,
ionosphere,False,351,33,MCAR,0.1,1,EM-PPCA,0.7262837220392682,0.44380275891348814,0.03430962343096234,0,0.1264065569999957,
ionosphere,False,351,33,MCAR,0.1,2,EM-FA,0.7715730076425791,0.4490644063114431,0.03008849557522124,0,0.6063469019999843,
ionosphere,False,351,33,MCAR,0.1,2,EM-PPCA,0.7968490427009413,0.4657570437826674,0.02920353982300885,0,0.07128049199997122,
ionosphere,False,351,33,MCAR,0.3,0,EM-FA,0.8208807698322079,0.4893014834848137,0.03673705525021695,0,0.35742677600001116,
ionosphere,False,351,33,MCAR,0.3,0,EM-PPCA,0.8189864814563899,0.491326766929659,0.03644778709864044,0,0.15136940700000423,
ionosphere,False,351,33,MCAR,0.3,1,EM-FA,0.7885182805226697,0.47691042932855165,0.04357931435212086,0,0.5883749939999916,
ionosphere,False,351,33,MCAR,0.3,1,EM-PPCA,0.8024630398020436,0.48060287769339677,0.03631609529343405,0,0.23990715499996895,
ionosphere,False,351,33,MCAR,0.3,2,EM-FA,0.8115160806526681,0.47289272554413553,0.046370967741935484,0,1.7406498260000376,
ionosphere,False,351,33,MCAR,0.3,2,EM-PPCA,0.8210758748516522,0.4814254725011743,0.03888248847926267,0,0.8070730599999933,
ionosphere,False,351,33,MCAR,0.5,0,EM-FA,0.9438586559784892,0.5764106347066826,0.06901287553648068,0,1.7752133559999947,
ionosphere,False,351,33,MCAR,0.5,0,EM-PPCA,0.9238176943318283,0.5564263244976715,0.05613733905579399,0,0.3549448269999971,
ionosphere,False,351,33,MCAR,0.5,1,EM-FA,0.9606988331250068,0.579829335360766,0.06064270905321355,0,1.723505375000002,
ionosphere,False,351,33,MCAR,0.5,1,EM-PPCA,0.9420776756497832,0.5625562039106322,0.05770559778852799,0,0.5252380190000281,
ionosphere,False,351,33,MCAR,0.5,2,EM-FA,0.9033394926779349,0.5418405686958793,0.057602490918526206,0,0.9343390440000121,
ionosphere,False,351,33,MCAR,0.5,2,EM-PPCA,0.9086314659288206,0.5504271373803077,0.05604566683964712,0,0.17680306099998688,
ionosphere,False,351,33,MAR,0.3,0,EM-FA,0.8566126575117271,0.528221290407995,0.055651176133103844,0,2.3177596129999642,
ionosphere,False,351,33,MAR,0.3,0,EM-PPCA,0.8188476502903862,0.5030055539752778,0.03815261044176707,0,0.37156040200000007,
ionosphere,False,351,33,MAR,0.3,1,EM-FA,0.929714770470291,0.5555484488988802,0.05751824817518248,0,1.2387459990000025,
ionosphere,False,351,33,MAR,0.3,1,EM-PPCA,0.8867719875843506,0.5390443601576025,0.043503649635036494,0,0.25478857100000596,
ionosphere,False,351,33,MAR,0.3,2,EM-FA,0.8631280802673659,0.5221786230259462,0.05547772485289997,0,0.6398049830000332,
ionosphere,False,351,33,MAR,0.3,2,EM-PPCA,0.8630192218718251,0.5215410715037461,0.04595124684785654,0,0.12090833199999906,
ionosphere,False,351,33,MNAR,0.3,0,EM-FA,0.9940770582967665,0.5988443676276263,0.040369088811995385,0,1.4464185799999996,
ionosphere,False,351,33,MNAR,0.3,0,EM-PPCA,1.0067737067232254,0.6067488410220778,0.04065743944636678,0,0.18859514299998636,
ionosphere,False,351,33,MNAR,0.3,1,EM-FA,1.0820325287921426,0.6523711372447883,0.044503389330975536,0,0.8150137929999914,
ionosphere,False,351,33,MNAR,0.3,1,EM-PPCA,1.0804159236216142,0.658203022639842,0.0439139404656646,0,0.1302827549999961,
ionosphere,False,351,33,MNAR,0.3,2,EM-FA,1.053153798227545,0.6482055129286844,0.03502727533735286,0,0.18385824500001036,
ionosphere,False,351,33,MNAR,0.3,2,EM-PPCA,1.052190310361772,0.6542274077415233,0.03933390755096181,0,0.10352927100001352,
wdbc,False,569,30,MCAR,0.1,0,EM-FA,0.4806538730524382,0.2868359885379185,0.01726121979286536,0,0.5547080719999826,
wdbc,False,569,30,MCAR,0.1,0,EM-PPCA,0.4929847137384702,0.3097904270448071,0.01726121979286536,0,0.07688520000004928,
wdbc,False,569,30,MCAR,0.1,1,EM-FA,0.46143435574404096,0.27631685536947165,0.013775829680651221,0,0.6123114629999691,
wdbc,False,569,30,MCAR,0.1,1,EM-PPCA,0.42082030454927793,0.2812321638169866,0.016906700062617408,0,0.09640649499999654,
wdbc,False,569,30,MCAR,0.1,2,EM-FA,0.5313581219884569,0.2986134914812749,0.018159806295399514,0,0.4227391169999919,
wdbc,False,569,30,MCAR,0.1,2,EM-PPCA,0.5384686219317847,0.31698450347767543,0.0211864406779661,0,0.046468166000011024,
wdbc,False,569,30,MCAR,0.3,0,EM-FA,0.473647199935307,0.2845903218291723,0.013949933116759029,0,0.27433533600003557,
wdbc,False,569,30,MCAR,0.3,0,EM-PPCA,0.47316779243091517,0.306737202152789,0.018345117523409133,0,0.05324501100000134,
wdbc,False,569,30,MCAR,0.3,1,EM-FA,0.5076541544404998,0.3034059801278921,0.017015450811656563,0,0.35415131799999244,
wdbc,False,569,30,MCAR,0.3,1,EM-PPCA,0.4845690279452489,0.3131380716561541,0.01721103070604342,0,0.05980307699996956,
wdbc,False,569,30,MCAR,0.3,2,EM-FA,0.48778903587662514,0.29070579784409023,0.012554802710243125,0,0.2610813040000153,
wdbc,False,569,30,MCAR,0.3,2,EM-PPCA,0.5028879639840812,0.3214936876133132,0.021522518931845355,0,0.10611589900003082,
wdbc,False,569,30,MCAR,0.5,0,EM-FA,0.5482401541044742,0.3229210901340312,0.016831450094161957,0,0.29331516499996724,
wdbc,False,569,30,MCAR,0.5,0,EM-PPCA,0.5812658540211366,0.35084818021712294,0.0211864406779661,0,0.07906725899999856,
wdbc,False,569,30,MCAR,0.5,1,EM-FA,0.5408931411000465,0.33873315376640223,0.018311173314672264,0,0.2712996000000203,
wdbc,False,569,30,MCAR,0.5,1,EM-PPCA,0.5327697797408345,0.3485020080423995,0.024609283881502218,0,0.07532346099998222,
wdbc,False,569,30,MCAR,0.5,2,EM-FA,0.5111496413688705,0.31914077904309524,0.01560316721006055,0,0.3185340740000129,
wdbc,False,569,30,MCAR,0.5,2,EM-PPCA,0.5410097251900726,0.35256773041356604,0.021075919888216117,0,0.08245642299999645,
wdbc,False,569,30,MAR,0.3,0,EM-FA,0.5003225959425887,0.3046168910052921,0.0295159386068477,0,0.28599500400002853,
wdbc,False,569,30,MAR,0.3,0,EM-PPCA,0.5018420149711741,0.32882270507945766,0.0367965367965368,0,0.11421924599994782,
wdbc,False,569,30,MAR,0.3,1,EM-FA,0.5524107815096498,0.3435687671595323,0.015461925009663703,0,0.261257799999953,
wdbc,False,569,30,MAR,0.3,1,EM-PPCA,0.5571028337189957,0.35777106534972747,0.020100502512562814,0,0.08060504499997023,
wdbc,False,569,30,MAR,0.3,2,EM-FA,0.651225043404123,0.346752357946442,0.023432923257176334,0,0.3838640069999997,
wdbc,False,569,30,MAR,0.3,2,EM-PPCA,0.6066954610390175,0.3629788309741378,0.031048623315758642,0,0.1813078840000344,
wdbc,False,569,30,MNAR,0.3,0,EM-FA,0.6377581776382113,0.3502887839521693,0.020569011918492888,0,0.23578072300000485,
wdbc,False,569,30,MNAR,0.3,0,EM-PPCA,0.6147141086279552,0.3600217529607282,0.024029219530949636,0,0.11935862699999689,
wdbc,False,569,30,MNAR,0.3,1,EM-FA,0.5442612515743828,0.3157615657879971,0.019592476489028215,0,0.3131464699999924,
wdbc,False,569,30,MNAR,0.3,1,EM-PPCA,0.5554939454804875,0.3379390626416258,0.02390282131661442,0,0.14945793599997614,
wdbc,False,569,30,MNAR,0.3,2,EM-FA,0.6244782326576384,0.3455509426692779,0.023333992485663438,0,0.398263231000044,
wdbc,False,569,30,MNAR,0.3,2,EM-PPCA,0.6020313500828136,0.35859249041475566,0.02471821237888076,0,0.22421979500001044,
diabetes,False,768,8,MCAR,0.1,0,EM-FA,0.910929363483926,0.6558101725332719,0.015128593040847202,0,0.36763238399998954,
diabetes,False,768,8,MCAR,0.1,0,EM-PPCA,0.9332984808410348,0.6787349313051609,0.009077155824508321,0,0.0229084700000044,
diabetes,False,768,8,MCAR,0.1,1,EM-FA,0.9498037719794117,0.6717468734322507,0.011494252873563218,0,0.3835466780000161,
diabetes,False,768,8,MCAR,0.1,1,EM-PPCA,0.9428095815358071,0.6769014395484424,0.006568144499178982,0,0.021975123999993684,
diabetes,False,768,8,MCAR,0.1,2,EM-FA,0.8561402697737266,0.6255328950519559,0.016233766233766232,0,0.29352092800002083,
diabetes,False,768,8,MCAR,0.1,2,EM-PPCA,0.8512938880195753,0.6256762424764478,0.008116883116883116,0,0.023236083000028884,
diabetes,False,768,8,MCAR,0.3,0,EM-FA,0.9098855840631259,0.67143403388663,0.006881948120698782,0,0.2135059780000006,
diabetes,False,768,8,MCAR,0.3,0,EM-PPCA,0.9164246415804813,0.6817409317176566,0.0031762837480148226,0,0.028711806999979217,
diabetes,False,768,8,MCAR,0.3,1,EM-FA,0.9175575161162695,0.6758665339878469,0.008686210640608035,0,0.2614534279999816,
diabetes,False,768,8,MCAR,0.3,1,EM-PPCA,0.9214469250784918,0.685498633228924,0.004343105320304018,0,0.027247250000016265,
diabetes,False,768,8,MCAR,0.3,2,EM-FA,0.8872116148985227,0.6658601724405748,0.008658008658008658,0,0.47664109199996574,
diabetes,False,768,8,MCAR,0.3,2,EM-PPCA,0.8950752243769318,0.6776200882858697,0.005952380952380952,0,0.027628953000032652,
diabetes,False,768,8,MCAR,0.5,0,EM-FA,0.9458296685095321,0.7037878037755537,0.004600722970752547,0,0.06114826800001083,
diabetes,False,768,8,MCAR,0.5,0,EM-PPCA,0.9512341277980725,0.7123233860671827,0.003943476832073612,0,0.01763922000003504,
diabetes,False,768,8,MCAR,0.5,1,EM-FA,0.9546852212115087,0.7072726297505618,0.007133592736705577,0,0.5374560390000056,
diabetes,False,768,8,MCAR,0.5,1,EM-PPCA,0.964032396741381,0.721736104766901,0.004215304798962386,0,0.037921288000006825,
diabetes,False,768,8,MCAR,0.5,2,EM-FA,0.9173180449084114,0.6895661476905268,0.0045632333767926985,0,0.23854911500001208,
diabetes,False,768,8,MCAR,0.5,2,EM-PPCA,0.9270900008412648,0.7046467147805324,0.003911342894393742,0,0.03296778300000369,
diabetes,False,768,8,MAR,0.3,0,EM-FA,0.9296878416247586,0.6765420885670452,0.005387931034482759,0,0.09093828999999687,
diabetes,False,768,8,MAR,0.3,0,EM-PPCA,0.9350620879205697,0.6827111625420362,0.008620689655172414,0,0.02477046599994992,
diabetes,False,768,8,MAR,0.3,1,EM-FA,0.955749525592083,0.7034680316124607,0.015045674368619023,0,0.13308697599995867,
diabetes,False,768,8,MAR,0.3,1,EM-PPCA,0.9561081303537357,0.710378562270073,0.008060182697474477,0,0.015625357000089934,
diabetes,False,768,8,MAR,0.3,2,EM-FA,0.9458990352129957,0.713537208993058,0.022306855277475515,0,0.4221328840000069,
diabetes,False,768,8,MAR,0.3,2,EM-PPCA,0.9673463744557459,0.7380048291626892,0.03482045701849837,0,0.03777025700003378,
diabetes,False,768,8,MNAR,0.3,0,EM-FA,1.2432899217927118,0.8828319162234355,0.010010537407797681,0,0.3047564879999527,
diabetes,False,768,8,MNAR,0.3,0,EM-PPCA,1.2586162961367888,0.907026765911727,0.0036880927291886197,0,0.026036218999934135,
diabetes,False,768,8,MNAR,0.3,1,EM-FA,1.0823449430005228,0.8235716110448098,0.005376344086021506,0,0.19277544800002033,
diabetes,False,768,8,MNAR,0.3,1,EM-PPCA,1.0990735053064542,0.8436178971129623,0.0032258064516129032,0,0.02575244100000873,
diabetes,False,768,8,MNAR,0.3,2,EM-FA,1.1089761422298983,0.831859755856107,0.006472491909385114,0,0.4887083859999848,
diabetes,False,768,8,MNAR,0.3,2,EM-PPCA,1.1361694795049357,0.8630984924013685,0.005933117583603021,0,0.033360059999949954,
vehicle,False,846,18,MCAR,0.1,0,EM-FA,0.4621839799022959,0.30199692425397034,0.011221122112211221,0,0.09689423999998326,
vehicle,False,846,18,MCAR,0.1,0,EM-PPCA,0.578707876089191,0.39350236971729335,0.015841584158415842,0,0.03848279700002877,
vehicle,False,846,18,MCAR,0.1,1,EM-FA,0.43954979701424457,0.2803111662033593,0.007372654155495978,0,0.08040849899998648,
vehicle,False,846,18,MCAR,0.1,1,EM-PPCA,0.5378914417266484,0.365909193397711,0.011394101876675604,0,0.035703371999943556,
vehicle,False,846,18,MCAR,0.1,2,EM-FA,0.44656055219884394,0.28654948121757795,0.004617414248021108,0,0.09073356500005048,
vehicle,False,846,18,MCAR,0.1,2,EM-PPCA,0.5284770575595952,0.36176726761728534,0.0079155672823219,0,0.03265143999999509,
vehicle,False,846,18,MCAR,0.3,0,EM-FA,0.4738448706061414,0.3095114654629,0.010300429184549357,0,0.11524464400008583,
vehicle,False,846,18,MCAR,0.3,0,EM-PPCA,0.5579939166352873,0.38581903699500913,0.01072961373390558,0,0.05328384799997821,
vehicle,False,846,18,MCAR,0.3,1,EM-FA,0.4792678073069891,0.31459363131847706,0.011052166224580018,0,0.11382084300009865,
vehicle,False,846,18,MCAR,0.3,1,EM-PPCA,0.5604085946730474,0.3873256447520436,0.015251989389920425,0,0.057267277000050854,
vehicle,False,846,18,MCAR,0.3,2,EM-FA,0.508741684455196,0.31699294402774525,0.009436032477507132,0,0.09609317800004646,
vehicle,False,846,18,MCAR,0.3,2,EM-PPCA,0.5725751572558888,0.3866535829555952,0.012508229098090849,0,0.044570267999915814,
vehicle,False,846,18,MCAR,0.5,0,EM-FA,0.4999091076541769,0.33869262705985337,0.010498687664041995,0,0.13541770999995606,
vehicle,False,846,18,MCAR,0.5,0,EM-PPCA,0.5776757396380033,0.40624241644474046,0.014041994750656168,0,0.04048403199999484,
vehicle,False,846,18,MCAR,0.5,1,EM-FA,0.5233952130920925,0.3487942478526561,0.011111111111111112,0,0.12640214000009564,
vehicle,False,846,18,MCAR,0.5,1,EM-PPCA,0.6108003401890985,0.4174985378427029,0.01524547803617571,0,0.07979055500004506,
vehicle,False,846,18,MCAR,0.5,2,EM-FA,0.5424097179664802,0.3532179809823561,0.01202928870292887,0,0.1608924180000031,
vehicle,False,846,18,MCAR,0.5,2,EM-PPCA,0.6148821332553092,0.4139118888003763,0.01712866108786611,0,0.038097280999977556,
vehicle,False,846,18,MAR,0.3,0,EM-FA,0.5599927051166367,0.36988856558082805,0.016111473982146744,0,0.31424550400004136,
vehicle,False,846,18,MAR,0.3,0,EM-PPCA,0.6636827542096825,0.4340098029737076,0.02634443718702373,0,0.1373262629999772,
vehicle,False,846,18,MAR,0.3,1,EM-FA,0.4810006710631884,0.31817672068989117,0.009182334936598164,0,0.19759452100004182,
vehicle,False,846,18,MAR,0.3,1,EM-PPCA,0.6307042266784427,0.4215545174922341,0.014429383471797114,0,0.10908441700007643,
vehicle,False,846,18,MAR,0.3,2,EM-FA,0.4860162895391245,0.3201943386377526,0.012144870960746042,0,0.24341011900003195,
vehicle,False,846,18,MAR,0.3,2,EM-PPCA,0.7406737848731658,0.41530092757750137,0.015831706788115376,0,0.17251357299994652,
vehicle,False,846,18,MNAR,0.3,0,EM-FA,0.5300039564177363,0.351655753196005,0.015384615384615385,0,0.5583336339999505,
vehicle,False,846,18,MNAR,0.3,0,EM-PPCA,0.6016471397489023,0.41856920542208315,0.013001083423618635,0,0.12201987100002043,
vehicle,False,846,18,MNAR,0.3,1,EM-FA,0.515894402890011,0.3522909213811394,0.015894039735099338,0,0.18740071100000932,
vehicle,False,846,18,MNAR,0.3,1,EM-PPCA,0.6205208696253488,0.4353841048616915,0.015894039735099338,0,0.0887832990000561,
vehicle,False,846,18,MNAR,0.3,2,EM-FA,0.5749166073180803,0.3589992418759305,0.015289164635497452,0,0.12470214100005705,
vehicle,False,846,18,MNAR,0.3,2,EM-PPCA,0.6257493761415694,0.426739061855634,0.013073343673831155,0,0.09141630999999961,
yeast,False,1479,8,MCAR,0.1,0,EM-FA,0.893806659477823,0.5612581520053337,0.011686143572621035,0,0.09537288100000296,
yeast,False,1479,8,MCAR,0.1,0,EM-PPCA,0.9059030340087396,0.5802836534168957,0.021702838063439065,0,0.1492396370000506,
yeast,False,1479,8,MCAR,0.1,1,EM-FA,0.8039785496010634,0.53816767166854,0.010383386581469648,0,0.07008431799999926,
yeast,False,1479,8,MCAR,0.1,1,EM-PPCA,0.8189887569696107,0.5580922667394209,0.038338658146964855,0,0.055850710999948205,
yeast,False,1479,8,MCAR,0.1,2,EM-FA,0.969800601583762,0.5877841883419005,0.0026338893766461808,0,0.06497068700002728,
yeast,False,1479,8,MCAR,0.1,2,EM-PPCA,0.9840426588390057,0.6042630319981476,0.02370500438981563,0,0.054849295000053644,
yeast,False,1479,8,MCAR,0.3,0,EM-FA,0.9960609523091544,0.5792891526953827,0.05947521865889213,0,0.08683408500007772,
yeast,False,1479,8,MCAR,0.3,0,EM-PPCA,1.0110825416823506,0.5977397200765009,0.07784256559766764,0,0.07695061499998701,
yeast,False,1479,8,MCAR,0.3,1,EM-FA,0.9695781765824096,0.5775844087074755,0.015546918378678512,0,0.09677803299996413,
yeast,False,1479,8,MCAR,0.3,1,EM-PPCA,0.9772310818162923,0.5906725593214337,0.02609661299278179,0,0.10115388199994868,
yeast,False,1479,8,MCAR,0.3,2,EM-FA,0.9210074151545737,0.553658440225587,0.015523567598080722,0,0.0688528769999266,
yeast,False,1479,8,MCAR,0.3,2,EM-PPCA,0.9322403041324764,0.5694833343985429,0.05475585661868473,0,0.07036787000004097,
yeast,False,1479,8,MCAR,0.5,0,EM-FA,0.9726478330697479,0.5804118949319356,0.03033858531679517,0,0.13527996300001632,
yeast,False,1479,8,MCAR,0.5,0,EM-PPCA,0.9809561251850127,0.5905300399621208,0.026483405967147166,0,0.09724043099993196,
yeast,False,1479,8,MCAR,0.5,1,EM-FA,0.918369319097271,0.5750715190024759,0.024411061795834757,0,0.09599682500004292,
yeast,False,1479,8,MCAR,0.5,1,EM-PPCA,0.9306046909891246,0.5910641034487961,0.05223625810856948,0,0.12381548700000167,
yeast,False,1479,8,MCAR,0.5,2,EM-FA,0.9677695523352093,0.5831424148296768,0.02558989697573945,0,0.11817547900000136,
yeast,False,1479,8,MCAR,0.5,2,EM-PPCA,0.9764811783613503,0.600444295354627,0.05167829843801928,0,0.10228755200000705,
yeast,False,1479,8,MAR,0.3,0,EM-FA,0.9565090371955369,0.5861247030450136,0.004351610095735422,0,0.053041439000026,
yeast,False,1479,8,MAR,0.3,0,EM-PPCA,0.991947195059415,0.6088243324103653,0.0336524514070206,0,0.15667096499998934,
yeast,False,1479,8,MAR,0.3,1,EM-FA,0.9095334446630475,0.5226988444997904,0.015532335498446766,0,0.06162307499994313,
yeast,False,1479,8,MAR,0.3,1,EM-PPCA,0.9198960925832823,0.5424393950898173,0.03445354419655464,0,0.06196053899998333,
yeast,False,1479,8,MAR,0.3,2,EM-FA,0.9709357626859745,0.5353453198314063,0.09605488850771869,0,0.07039400100006787,
yeast,False,1479,8,MAR,0.3,2,EM-PPCA,0.9822925158075617,0.55799696503986,0.12578616352201258,0,0.10675897099997655,
yeast,False,1479,8,MNAR,0.3,0,EM-FA,1.081143435287579,0.6576722391081179,0.0028851702250432777,0,0.21040750700001354,
yeast,False,1479,8,MNAR,0.3,0,EM-PPCA,1.1011421164869128,0.674113804071378,0.02452394691286786,0,0.05990142999996806,
yeast,False,1479,8,MNAR,0.3,1,EM-FA,1.1610566230685593,0.6944532976637537,0.003355704697986577,0,0.07203963199992813,
yeast,False,1479,8,MNAR,0.3,1,EM-PPCA,1.1805415074679202,0.7205965127697894,0.03803131991051454,0,0.09971960300003957,
yeast,False,1479,8,MNAR,0.3,2,EM-FA,1.1860562294497743,0.6968802276964956,0.004817228676678946,0,0.11333608899997216,
yeast,False,1479,8,MNAR,0.3,2,EM-PPCA,1.1931427308823044,0.7105898044621295,0.01841881552847832,0,0.05498033200001373,
banknote,False,1372,4,MCAR,0.1,0,EM-FA,0.7658291739677345,0.6130262520637016,0.0,0,0.10173449100000198,
banknote,False,1372,4,MCAR,0.1,0,EM-PPCA,0.7784907140284324,0.6263390393786683,0.005136986301369863,0,0.029276919000039925,
banknote,False,1372,4,MCAR,0.1,1,EM-FA,0.718358564911944,0.5714621202838992,0.0,0,0.0853036720000091,
banknote,False,1372,4,MCAR,0.1,1,EM-PPCA,0.7284431284491252,0.5801211839350471,0.003656307129798903,0,0.028979604000028303,
banknote,False,1372,4,MCAR,0.1,2,EM-FA,0.7183622193927264,0.5703252779571568,0.0,0,0.09564180000006672,
banknote,False,1372,4,MCAR,0.1,2,EM-PPCA,0.7317211077104727,0.5822253489040964,0.0033783783783783786,0,0.027256572000055712,
banknote,False,1372,4,MCAR,0.3,0,EM-FA,0.75617276507543,0.605506849096497,0.0,0,0.10257371800003057,
banknote,False,1372,4,MCAR,0.3,0,EM-PPCA,0.7596867580063509,0.611747824951939,0.0024783147459727386,0,0.054095524999979716,
banknote,False,1372,4,MCAR,0.3,1,EM-FA,0.7397779225469321,0.5882230282039558,0.0,0,0.1252431200000501,
banknote,False,1372,4,MCAR,0.3,1,EM-PPCA,0.7471818035646551,0.5991082977299426,0.005552128315854411,0,0.031653493000021626,
banknote,False,1372,4,MCAR,0.3,2,EM-FA,0.7653058973707001,0.6119204414728032,0.0,0,0.13808934300004694,
banknote,False,1372,4,MCAR,0.3,2,EM-PPCA,0.7764084941442124,0.6227872304079735,0.005871990604815032,0,0.033325229999945805,
banknote,False,1372,4,MCAR,0.5,0,EM-FA,0.8322528612070245,0.6544262595481521,0.0011086474501108647,0,0.4948187389999248,
banknote,False,1372,4,MCAR,0.5,0,EM-PPCA,0.8352851727818542,0.657976103716033,0.0029563932002956393,0,0.06680582100000265,
banknote,False,1372,4,MCAR,0.5,1,EM-FA,0.8347166284628398,0.6653322754080371,0.0007309941520467836,0,0.18110051000007843,
banknote,False,1372,4,MCAR,0.5,1,EM-PPCA,0.8393986742037512,0.6705101563579761,0.001827485380116959,0,0.06574865400000363,
banknote,False,1372,4,MCAR,0.5,2,EM-FA,0.8623810344099048,0.6765889192216221,0.00036075036075036075,0,0.2689647430000832,
banknote,False,1372,4,MCAR,0.5,2,EM-PPCA,0.8664300776640337,0.6803762569538195,0.0025252525252525255,0,0.06602323900006013,
banknote,False,1372,4,MAR,0.3,0,EM-FA,0.8169460444718174,0.6405138750497784,0.018461538461538463,0,0.15224574000001212,
banknote,False,1372,4,MAR,0.3,0,EM-PPCA,0.8338607489308949,0.6508612378100118,0.031384615384615386,0,0.04266147999999248,
banknote,False,1372,4,MAR,0.3,1,EM-FA,0.661017431849068,0.5184495345919033,0.000628140703517588,0,0.23070947999997315,
banknote,False,1372,4,MAR,0.3,1,EM-PPCA,0.6729707434286664,0.5284321807966781,0.0037688442211055275,0,0.033722962999945594,
banknote,False,1372,4,MAR,0.3,2,EM-FA,0.8503402898519413,0.6696724433730632,0.0,0,0.07728231199996571,
banknote,False,1372,4,MAR,0.3,2,EM-PPCA,0.8573669352926399,0.6759572894391562,0.0,0,0.05696864499998355,
banknote,False,1372,4,MNAR,0.3,0,EM-FA,1.008144898352659,0.793844766088846,0.0,0,0.09154580799997802,
banknote,False,1372,4,MNAR,0.3,0,EM-PPCA,1.0079057093818005,0.7991639550072065,0.0012437810945273632,0,0.03817603099992084,
banknote,False,1372,4,MNAR,0.3,1,EM-FA,1.0434228811715756,0.8075944267498879,0.0,0,0.061199482000006356,
banknote,False,1372,4,MNAR,0.3,1,EM-PPCA,1.0571278223840823,0.821718645524503,0.0,0,0.030770035000045937,
banknote,False,1372,4,MNAR,0.3,2,EM-FA,0.8065199300283494,0.6509657299271775,0.0,0,0.123665931000005,
banknote,False,1372,4,MNAR,0.3,2,EM-PPCA,0.8121556447296093,0.6551626785349175,0.0011918951132300357,0,0.05567213899996659,
qsar-biodeg,False,1055,41,MCAR,0.1,0,EM-FA,0.6235733372572251,0.3222631798666686,0.17691579943235572,0,1.7677615970000033,
qsar-biodeg,False,1055,41,MCAR,0.1,0,EM-PPCA,0.7397341517408251,0.3977879733136607,0.1773888363292337,0,0.5068383209999183,
qsar-biodeg,False,1055,41,MCAR,0.1,1,EM-FA,0.5844725400223036,0.3122124260029931,0.18892508143322476,0,1.649768584999947,
qsar-biodeg,False,1055,41,MCAR,0.1,1,EM-PPCA,0.6491494183161071,0.38235214105174253,0.18287575616565846,0,0.47559852500000943,
qsar-biodeg,False,1055,41,MCAR,0.1,2,EM-FA,0.7131334561937351,0.31984054043410326,0.17536096879366558,0,1.5502513200000294,
qsar-biodeg,False,1055,41,MCAR,0.1,2,EM-PPCA,0.7724872961124465,0.38894802488780766,0.18188169538891477,0,0.3711121719999255,
qsar-biodeg,False,1055,41,MCAR,0.3,0,EM-FA,0.6613149752117883,0.3496028224728758,0.17754266738744304,0,1.4591724399999748,
qsar-biodeg,False,1055,41,MCAR,0.3,0,EM-PPCA,0.7712739344109389,0.42911237173080796,0.17391304347826086,0,2.366567003,
qsar-biodeg,False,1055,41,MCAR,0.3,1,EM-FA,0.7069933123204868,0.3478759960330121,0.16719831945849217,0,1.7851476639999646,
qsar-biodeg,False,1055,41,MCAR,0.3,1,EM-PPCA,0.735395122370594,0.4202590770517899,0.17287792733214036,0,1.3859090340000648,
qsar-biodeg,False,1055,41,MCAR,0.3,2,EM-FA,0.6727915319233715,0.34249496314884076,0.16901728844404004,0,1.4942417539999724,
qsar-biodeg,False,1055,41,MCAR,0.3,2,EM-PPCA,0.7327791544125419,0.4162350005603341,0.16787989080982713,0,1.0519172279999793,
qsar-biodeg,False,1055,41,MCAR,0.5,0,EM-FA,0.7287017351810043,0.38982743132912184,0.17571841055960402,0,2.3557698860000755,
qsar-biodeg,False,1055,41,MCAR,0.5,0,EM-PPCA,0.8350253802486695,0.4560701007349631,0.16778954122553738,0,1.7524262020000378,
qsar-biodeg,False,1055,41,MCAR,0.5,1,EM-FA,0.7132283371616821,0.3802033998114901,0.1680515358043133,0,2.8100105710000207,
qsar-biodeg,False,1055,41,MCAR,0.5,1,EM-PPCA,0.7938588782193581,0.45782072053933054,0.16590421062459154,0,0.7181897750000417,
qsar-biodeg,False,1055,41,MCAR,0.5,2,EM-FA,0.68886970840999,0.39034157467224406,0.16769443166129774,0,2.350267056000007,
qsar-biodeg,False,1055,41,MCAR,0.5,2,EM-PPCA,0.7996903269546183,0.4633007114509951,0.17395306028531984,0,0.8684901830000626,
qsar-biodeg,False,1055,41,MAR,0.3,0,EM-FA,0.6967977622013746,0.36299169052023383,0.18821629105453427,0,2.552759863999995,
qsar-biodeg,False,1055,41,MAR,0.3,0,EM-PPCA,0.8455689317996978,0.4705657123806319,0.18852395969540806,0,1.0016867870000397,
qsar-biodeg,False,1055,41,MAR,0.3,1,EM-FA,0.7620950469050328,0.3566771778826096,0.2042081101759755,0,2.5095442150000054,
qsar-biodeg,False,1055,41,MAR,0.3,1,EM-PPCA,0.8742108799957558,0.4503338390276999,0.19701606732976282,0,0.8996851680000191,
qsar-biodeg,False,1055,41,MAR,0.3,2,EM-FA,0.9687204716997468,0.3590227894391731,0.19544049459041732,0,3.024402689999988,
qsar-biodeg,False,1055,41,MAR,0.3,2,EM-PPCA,0.8726981195926021,0.4471500307166035,0.19157650695517775,0,0.8282534570000735,
qsar-biodeg,False,1055,41,MNAR,0.3,0,EM-FA,0.9969785433884443,0.4143053629832535,0.15906998158379373,0,1.521800250999945,
qsar-biodeg,False,1055,41,MNAR,0.3,0,EM-PPCA,1.1417081525873651,0.48988122352145425,0.15032228360957642,0,0.9234694149999996,
qsar-biodeg,False,1055,41,MNAR,0.3,1,EM-FA,0.8592581714421714,0.40234292390432314,0.17254871873561456,0,1.9468223799999578,
qsar-biodeg,False,1055,41,MNAR,0.3,1,EM-PPCA,0.9326545859012834,0.4804535311840761,0.15666717814945527,0,0.6667936520000239,
qsar-biodeg,False,1055,41,MNAR,0.3,2,EM-FA,0.9753541244718195,0.41822250977108427,0.14335770871419867,0,4.698473618999969,
qsar-biodeg,False,1055,41,MNAR,0.3,2,EM-PPCA,1.0949348976563824,0.4872773511170571,0.1432815356489945,0,1.5736251390000007,
wine-quality-red,False,1599,11,MCAR,0.1,0,EM-FA,0.7601064828721412,0.5297108759840634,0.0022259321090706734,0,1.2264402040000277,
wine-quality-red,False,1599,11,MCAR,0.1,0,EM-PPCA,0.8033621312103421,0.5694983100737224,0.0022259321090706734,0,0.048435494000045765,
wine-quality-red,False,1599,11,MCAR,0.1,1,EM-FA,0.7650688471288074,0.5347361456252884,0.004947773501924134,0,1.3022286589999794,
wine-quality-red,False,1599,11,MCAR,0.1,1,EM-PPCA,0.7954171760486215,0.5818037403539698,0.0038482682792743265,0,0.0458654829999432,
wine-quality-red,False,1599,11,MCAR,0.1,2,EM-FA,0.7704397753735334,0.5415923023271433,0.003424657534246575,0,1.0884634880000021,
wine-quality-red,False,1599,11,MCAR,0.1,2,EM-PPCA,0.801759026932701,0.5707985747488097,0.0028538812785388126,0,0.0867922869999802,
wine-quality-red,False,1599,11,MCAR,0.3,0,EM-FA,0.8447659989240105,0.5698491266887399,0.003108003108003108,0,2.2491841019999583,
wine-quality-red,False,1599,11,MCAR,0.3,0,EM-PPCA,0.8673165502623379,0.6085521473678538,0.0025252525252525255,0,0.062271748000057414,
wine-quality-red,False,1599,11,MCAR,0.3,1,EM-FA,0.7946184689951101,0.5402871320930043,0.0030424034987640235,0,1.8970257349999429,
wine-quality-red,False,1599,11,MCAR,0.3,1,EM-PPCA,0.8156096364695157,0.5773127255165527,0.0026621030614185207,0,0.13445640999998432,
wine-quality-red,False,1599,11,MCAR,0.3,2,EM-FA,0.805578240590561,0.5712193829435476,0.0028636884306987398,0,0.6002753760000132,
wine-quality-red,False,1599,11,MCAR,0.3,2,EM-PPCA,0.8315772618657759,0.595445207528395,0.0028636884306987398,0,0.05259096700001464,
wine-quality-red,False,1599,11,MCAR,0.5,0,EM-FA,0.8654188602795547,0.6093507942024673,0.002028397565922921,0,2.195630630999972,
wine-quality-red,False,1599,11,MCAR,0.5,0,EM-PPCA,0.8742332220851434,0.6177684160411377,0.0015776425512733828,0,0.1881491259999848,
wine-quality-red,False,1599,11,MCAR,0.5,1,EM-FA,0.8754997043418311,0.6035647993505151,0.0025054094066734997,0,0.9764521689999128,
wine-quality-red,False,1599,11,MCAR,0.5,1,EM-PPCA,0.8890879535166385,0.6281529466452963,0.0018221159321261816,0,0.06300172900000689,
wine-quality-red,False,1599,11,MCAR,0.5,2,EM-FA,0.859305455818596,0.6182150041426774,0.0013424320393780065,0,0.31620234899992283,
wine-quality-red,False,1599,11,MCAR,0.5,2,EM-PPCA,0.8801545409964907,0.6364887559918716,0.0027967334153708467,0,0.06508673699988776,
wine-quality-red,False,1599,11,MAR,0.3,0,EM-FA,0.8287833618648971,0.62096824923401,0.008063003937746109,0,0.6787391789999901,
wine-quality-red,False,1599,11,MAR,0.3,0,EM-PPCA,0.8800663025391413,0.662790357710197,0.007875492218263641,0,0.07299891299999217,
wine-quality-red,False,1599,11,MAR,0.3,1,EM-FA,0.8755996248314218,0.6206785770360776,0.005427662361968931,0,0.6827870669999356,
wine-quality-red,False,1599,11,MAR,0.3,1,EM-PPCA,0.9443567941857642,0.6661851477742878,0.00430469773535467,0,0.08109690699996008,
wine-quality-red,False,1599,11,MAR,0.3,2,EM-FA,0.7822873611401244,0.5488283677532477,0.007698084866691701,0,1.7397409180000523,
wine-quality-red,False,1599,11,MAR,0.3,2,EM-PPCA,0.8195288520969184,0.5772853099106533,0.013143071723619977,0,0.08994009599996389,
wine-quality-red,False,1599,11,MNAR,0.3,0,EM-FA,1.0837610936827011,0.708630620152888,0.0011618900077459333,0,0.8168784509999796,
wine-quality-red,False,1599,11,MNAR,0.3,0,EM-PPCA,1.1309555386914742,0.7575491992321763,0.002517428350116189,0,0.07213280200005556,
wine-quality-red,False,1599,11,MNAR,0.3,1,EM-FA,1.1404919430437064,0.7279462604092667,0.0015267175572519084,0,0.7890113770000653,
wine-quality-red,False,1599,11,MNAR,0.3,1,EM-PPCA,1.1684471396614884,0.7632964890047889,0.0005725190839694657,0,0.0575527549999606,
wine-quality-red,False,1599,11,MNAR,0.3,2,EM-FA,0.8689945444321238,0.6664020655831802,0.0005647590361445783,0,0.6192022220000126,
wine-quality-red,False,1599,11,MNAR,0.3,2,EM-PPCA,0.9107107456050112,0.7055447292486049,0.0005647590361445783,0,0.05012779900005171,
segment,False,2000,18,MCAR,0.1,0,EM-FA,0.5833385586429847,0.27857192039938106,0.08088235294117647,0,0.3152936840000393,
segment,False,2000,18,MCAR,0.1,0,EM-PPCA,0.6545827258311833,0.38607537875649206,0.12104072398190045,0,0.0656559809999635,
segment,False,2000,18,MCAR,0.1,1,EM-FA,0.5988391024461286,0.27430838693953585,0.07406380027739251,0,0.30005311699994763,
segment,False,2000,18,MCAR,0.1,1,EM-PPCA,0.6821563796226255,0.3839641327795553,0.10790568654646325,0,0.06321333000005325,
segment,False,2000,18,MCAR,0.1,2,EM-FA,0.6320447482958086,0.2858843797656325,0.07103825136612021,0,0.32279292999999143,
segment,False,2000,18,MCAR,0.1,2,EM-PPCA,0.694851248762397,0.38957331439275866,0.10956284153005465,0,0.18374428599997827,
segment,False,2000,18,MCAR,0.3,0,EM-FA,0.6636256313368704,0.29687982402691804,0.06637699916797633,0,0.2635836519999657,
segment,False,2000,18,MCAR,0.3,0,EM-PPCA,0.7402131589637484,0.4094199869010477,0.1127854303411297,0,0.07931484100004127,
segment,False,2000,18,MCAR,0.3,1,EM-FA,0.6028677673757552,0.29682335110902425,0.0701802293828509,0,0.28526531399995747,
segment,False,2000,18,MCAR,0.3,1,EM-PPCA,0.6766965527126695,0.4055617194770881,0.11696704897141817,0,0.07646566200003235,
segment,False,2000,18,MCAR,0.3,2,EM-FA,0.6498764623382781,0.29381867712908216,0.07327188940092166,0,0.2774524000000156,
segment,False,2000,18,MCAR,0.3,2,EM-PPCA,0.7183124302905326,0.4042367794461099,0.11152073732718894,0,0.21632017900003575,
segment,False,2000,18,MCAR,0.5,0,EM-FA,0.6661318579793352,0.33240290885183926,0.07263522808562152,0,0.2637932399999272,
segment,False,2000,18,MCAR,0.5,0,EM-PPCA,0.7463783618485756,0.4455060205124746,0.10873273537665767,0,0.10259043999997175,
segment,False,2000,18,MCAR,0.5,1,EM-FA,0.6222153699782651,0.32364101435215153,0.06618498703877337,0,0.247401984000021,
segment,False,2000,18,MCAR,0.5,1,EM-PPCA,0.7243600493446456,0.4405464152506648,0.10550990017097789,0,0.14846044900002653,
segment,False,2000,18,MCAR,0.5,2,EM-FA,0.6779562641490479,0.3305538618049575,0.06894262159021745,0,0.32646614500004034,
segment,False,2000,18,MCAR,0.5,2,EM-PPCA,0.7401995317048218,0.43696897409201735,0.10883638576882643,0,0.11716525300005287,
segment,False,2000,18,MAR,0.3,0,EM-FA,0.582393201808352,0.2622222767948815,0.09458705357142858,0,0.27144197300003725,
segment,False,2000,18,MAR,0.3,0,EM-PPCA,0.7319882980792587,0.41174492109349276,0.13746279761904762,0,0.07618945199999416,
segment,False,2000,18,MAR,0.3,1,EM-FA,0.6294949621138584,0.2966764431708336,0.09527754763877382,0,2.6015908819999822,
segment,False,2000,18,MAR,0.3,1,EM-PPCA,0.7664302855401766,0.45349845838793035,0.14323851606370247,0,0.13716579799995543,
segment,False,2000,18,MAR,0.3,2,EM-FA,0.6144386298782845,0.3034304789176376,0.06406020558002937,0,1.0320304379999925,
segment,False,2000,18,MAR,0.3,2,EM-PPCA,0.784451307789348,0.44130946474269217,0.06470264317180617,0,0.17563200099993992,
segment,False,2000,18,MNAR,0.3,0,EM-FA,0.8162500631681865,0.3185981417053688,0.0757380073800738,0,4.402436046999924,
segment,False,2000,18,MNAR,0.3,0,EM-PPCA,0.915736803161607,0.4478949468780386,0.13911439114391144,0,0.7060798549999845,
segment,False,2000,18,MNAR,0.3,1,EM-FA,0.9117707819862503,0.3686182743691584,0.05458036204059243,0,0.88418319099992,
segment,False,2000,18,MNAR,0.3,1,EM-PPCA,0.9487478467427147,0.5002423104564332,0.11930883159626988,0,0.375970367999912,
segment,False,2000,18,MNAR,0.3,2,EM-FA,0.6770850073388468,0.3435138232164731,0.06727037516170763,0,0.8169142660000261,
segment,False,2000,18,MNAR,0.3,2,EM-PPCA,0.735027779775236,0.4492875890143239,0.11624468674921457,0,0.14707601200007048,
spambase,False,2000,57,MCAR,0.1,0,EM-FA,0.9057296869424486,0.34434636125719775,0.13474613686534218,0,5.279605366999931,
spambase,False,2000,57,MCAR,0.1,0,EM-PPCA,0.9126748408006953,0.37101045606595456,0.1739514348785872,0,0.8136868349999986,
spambase,False,2000,57,MCAR,0.1,1,EM-FA,0.9161948235898951,0.35305096367528377,0.1308877604622658,0,3.3232202220000318,
spambase,False,2000,57,MCAR,0.1,1,EM-PPCA,0.9337201201873938,0.38045131949179345,0.16231833304149887,0,0.6544717059999812,
spambase,False,2000,57,MCAR,0.1,2,EM-FA,0.919657649709965,0.3545460019243053,0.131322016008444,0,4.806860405000066,
spambase,False,2000,57,MCAR,0.1,2,EM-PPCA,0.9322069640048382,0.37763743490464147,0.16536194915999647,0,0.8348318719999952,
spambase,False,2000,57,MCAR,0.3,0,EM-FA,0.8884935165752395,0.35215748500892136,0.1362614913176711,0,6.670239650999974,
spambase,False,2000,57,MCAR,0.3,0,EM-PPCA,0.8995189196526154,0.3773175056770569,0.16582518604990515,0,1.7289935649999961,
spambase,False,2000,57,MCAR,0.3,1,EM-FA,0.9109208950268636,0.35586064321486033,0.13315995558412716,0,2.4971529099999543,
spambase,False,2000,57,MCAR,0.3,1,EM-PPCA,0.9239705184315755,0.37644491763930354,0.15428671614750744,0,1.0128124290000642,
spambase,False,2000,57,MCAR,0.3,2,EM-FA,0.9577303042432095,0.36182422345937804,0.13508152728757694,0,6.105937754000024,
spambase,False,2000,57,MCAR,0.3,2,EM-PPCA,0.9621676966178778,0.37779266032415315,0.1578041594959601,0,2.6849960540000666,
spambase,False,2000,57,MCAR,0.5,0,EM-FA,0.9587650972362606,0.36605382423192057,0.13704263470528277,0,3.1309661230000074,
spambase,False,2000,57,MCAR,0.5,0,EM-PPCA,0.9674596840722633,0.39522094569603333,0.1681135988190222,0,1.9141655729999911,
spambase,False,2000,57,MCAR,0.5,1,EM-FA,0.9563871538585405,0.38029171694976366,0.13534243690104258,0,9.062774611000123,
spambase,False,2000,57,MCAR,0.5,1,EM-PPCA,0.9587328218529124,0.4039731499652542,0.1691473303612174,0,4.967038397000124,
spambase,False,2000,57,MCAR,0.5,2,EM-FA,1.0078065899554305,0.383537193725835,0.15056045748767696,0,7.201356309999937,
spambase,False,2000,57,MCAR,0.5,2,EM-PPCA,0.9809716004735987,0.4010947911365753,0.1776097672215693,0,2.2890187999998943,
spambase,False,2000,57,MAR,0.3,0,EM-FA,0.8993040593140081,0.3663129777029,0.16471660395108184,0,5.181763534000083,
spambase,False,2000,57,MAR,0.3,0,EM-PPCA,0.9109676467839247,0.40354311898799194,0.2021107714016933,0,1.4332877859999371,
spambase,False,2000,57,MAR,0.3,1,EM-FA,0.9910859885904538,0.40002165721046823,0.1523932426091037,0,9.034505969000065,
spambase,False,2000,57,MAR,0.3,1,EM-PPCA,1.0032938192137109,0.4391601160213851,0.18131159080244016,0,4.452607821999891,
spambase,False,2000,57,MAR,0.3,2,EM-FA,1.0108138302589773,0.39229469669774175,0.12347338280839128,0,4.678390874999877,
spambase,False,2000,57,MAR,0.3,2,EM-PPCA,1.017835546391992,0.4181760616203792,0.14667212061006252,0,5.662273102999961,
spambase,False,2000,57,MNAR,0.3,0,EM-FA,1.1764032299877978,0.42301782271717125,0.1505768949905068,0,3.0043626229999063,
spambase,False,2000,57,MNAR,0.3,0,EM-PPCA,1.229666647336163,0.4492342645892544,0.17251350956623338,0,1.3001573799999733,
spambase,False,2000,57,MNAR,0.3,1,EM-FA,1.1785670261107142,0.43048653346904026,0.14224175824175825,0,6.615388574999997,
spambase,False,2000,57,MNAR,0.3,1,EM-PPCA,1.1993529126204825,0.45986665244188846,0.18165567765567767,0,2.059032123000179,
spambase,False,2000,57,MNAR,0.3,2,EM-FA,1.2670400065185352,0.456244953741065,0.14574402939375383,0,6.691050312000016,
spambase,False,2000,57,MNAR,0.3,2,EM-PPCA,1.283825534008395,0.47733490817261115,0.17519610416119907,0,2.423443905999875,
MagicTelescope,False,2000,10,MCAR,0.1,0,EM-FA,0.7744468136944151,0.4909774051099678,0.0033621517771373678,0,0.17570052899986877,
MagicTelescope,False,2000,10,MCAR,0.1,0,EM-PPCA,0.823410083849702,0.5447307000236864,0.0067243035542747355,0,0.051124767000146676,
MagicTelescope,False,2000,10,MCAR,0.1,1,EM-FA,0.7506876497241017,0.471405575358234,0.004563894523326572,0,0.2243734730000142,
MagicTelescope,False,2000,10,MCAR,0.1,1,EM-PPCA,0.8226627512419685,0.5356610735122442,0.013691683569979716,0,0.048002009999891015,
MagicTelescope,False,2000,10,MCAR,0.1,2,EM-FA,0.7501030324915953,0.47189817523615,0.004646360351058337,0,0.2058636200001729,
MagicTelescope,False,2000,10,MCAR,0.1,2,EM-PPCA,0.789716640783748,0.5189272358960171,0.011874032008260196,0,0.04806554800006779,
MagicTelescope,False,2000,10,MCAR,0.3,0,EM-FA,0.7536507333954783,0.502236033124233,0.0077557755775577554,0,0.5997437240000636,
MagicTelescope,False,2000,10,MCAR,0.3,0,EM-PPCA,0.8035571514049946,0.5461529019419417,0.01089108910891089,0,0.05106043299997509,
MagicTelescope,False,2000,10,MCAR,0.3,1,EM-FA,0.754568186307906,0.5021598243615751,0.005930193154862758,0,0.3590698530001646,
MagicTelescope,False,2000,10,MCAR,0.3,1,EM-PPCA,0.8138185470976841,0.5540344030641071,0.010504913588614028,0,0.04989883099983672,
MagicTelescope,False,2000,10,MCAR,0.3,2,EM-FA,0.7452921323281254,0.5011232753936147,0.009324009324009324,0,0.3304689829999461,
MagicTelescope,False,2000,10,MCAR,0.3,2,EM-PPCA,0.797704990908628,0.5470412386259605,0.01431901431901432,0,0.09240403200010405,
MagicTelescope,False,2000,10,MCAR,0.5,0,EM-FA,0.7968472695793452,0.5390780303513708,0.00721659817580435,0,0.23601446400016357,
MagicTelescope,False,2000,10,MCAR,0.5,0,EM-PPCA,0.8295571942540363,0.5703503720420742,0.013029968928535631,0,0.11034876600001553,
MagicTelescope,False,2000,10,MCAR,0.5,1,EM-FA,0.7825937183300673,0.5359105757668703,0.008653652646407727,0,0.5394182780000847,
MagicTelescope,False,2000,10,MCAR,0.5,1,EM-PPCA,0.8127281450840623,0.5681230022397941,0.012276111893741195,0,0.1117785090000325,
MagicTelescope,False,2000,10,MCAR,0.5,2,EM-FA,0.8101620295125365,0.5463729257718741,0.009757089135074703,0,0.521582171000091,
MagicTelescope,False,2000,10,MCAR,0.5,2,EM-PPCA,0.8414164782537739,0.5759732004475208,0.013314361215570688,0,0.05514195099999597,
MagicTelescope,False,2000,10,MAR,0.3,0,EM-FA,0.8653704731697978,0.5475146172226224,0.016569037656903766,0,0.23531426399995325,
MagicTelescope,False,2000,10,MAR,0.3,0,EM-PPCA,0.9467154200898863,0.6059805162654656,0.02811715481171548,0,0.06762699099999736,
MagicTelescope,False,2000,10,MAR,0.3,1,EM-FA,0.7440940897479223,0.46940925093995023,0.028112449799196786,0,0.6980464180001036,
MagicTelescope,False,2000,10,MAR,0.3,1,EM-PPCA,0.7820126493392183,0.5178146633122213,0.025435073627844713,0,0.07414776399991752,
MagicTelescope,False,2000,10,MAR,0.3,2,EM-FA,0.913832374260122,0.5961748322448476,0.004321090244307795,0,0.7765583089999382,
MagicTelescope,False,2000,10,MAR,0.3,2,EM-PPCA,0.9496435606955566,0.6075132788175697,0.004819677580189463,0,0.08891652600004818,
MagicTelescope,False,2000,10,MNAR,0.3,0,EM-FA,1.0403208307459737,0.6843224622539036,0.0016661112962345886,0,0.3723716100000729,
MagicTelescope,False,2000,10,MNAR,0.3,0,EM-PPCA,1.0735056761710835,0.7277023997621488,0.005331556147950683,0,0.11789025699999911,
MagicTelescope,False,2000,10,MNAR,0.3,1,EM-FA,0.9915881865357435,0.6335562454553945,0.009599191647019199,0,0.30847199699996963,
MagicTelescope,False,2000,10,MNAR,0.3,1,EM-PPCA,1.0252037497925335,0.6708411223276637,0.009093971034018189,0,0.05945978400018248,
MagicTelescope,False,2000,10,MNAR,0.3,2,EM-FA,1.025803902528917,0.6387993867637585,0.014023372287145243,0,0.557937862000017,
MagicTelescope,False,2000,10,MNAR,0.3,2,EM-PPCA,1.0450200525895283,0.6719517368107376,0.010350584307178631,0,0.040728374999844164,
CKD,True,400,14,MCAR,0.2,0,EM-FA,0.7063056110049646,0.5045324516731379,0.05447070914696814,0,0.1638569770000231,
CKD,True,400,14,MCAR,0.2,0,EM-PPCA,0.7612978776537034,0.5384316045977376,0.05549845837615622,0,0.04050384699985443,
CKD,True,400,14,MCAR,0.2,1,EM-FA,1.003354783000286,0.5643849750921047,0.056179775280898875,0,0.17645262799987904,
CKD,True,400,14,MCAR,0.2,1,EM-PPCA,0.9811397779726001,0.5921377668654993,0.05515832482124617,0,0.13887098800000786,
CKD,True,400,14,MCAR,0.2,2,EM-FA,0.7678545056954859,0.5248496365010956,0.046370967741935484,0,0.1409104029999071,
CKD,True,400,14,MCAR,0.2,2,EM-PPCA,0.8386564154677776,0.5702387894153775,0.046370967741935484,0,0.03216286599990781,
Heart,True,302,5,MCAR,0.2,0,EM-FA,0.9419202289632301,0.756557838619999,0.0,0,0.11304381799982366,
Heart,True,302,5,MCAR,0.2,0,EM-PPCA,0.9595348381780112,0.7705080347073627,0.0,0,0.011294647999875451,
Heart,True,302,5,MCAR,0.2,1,EM-FA,0.85076428860394,0.6724719900822212,0.0,0,0.08800441399989722,
Heart,True,302,5,MCAR,0.2,1,EM-PPCA,0.8616749923176567,0.6805748076787168,0.0,0,0.011713535000126285,
Heart,True,302,5,MCAR,0.2,2,EM-FA,1.0207258849070533,0.7990879473786675,0.0,0,0.1303369280001334,
Heart,True,302,5,MCAR,0.2,2,EM-PPCA,1.0251603426275129,0.8044161144945785,0.0,0,0.01141496900004313,
Mice,True,1080,77,MCAR,0.2,0,EM-FA,0.49937121577773336,0.34443009583597683,0.003796228263531717,0,1.1263404589999482,
Mice,True,1080,77,MCAR,0.2,0,EM-PPCA,0.503218128465421,0.3534724233403953,0.004286064168503551,0,0.4415421480000532,
Mice,True,1080,77,MCAR,0.2,1,EM-FA,0.4908602666537814,0.34218185391922995,0.0036891293654697493,0,1.7825808719999259,
Mice,True,1080,77,MCAR,0.2,1,EM-PPCA,0.49787377911967723,0.35497461782937745,0.004242498770290212,0,0.9092330290000064,
Mice,True,1080,77,MCAR,0.2,2,EM-FA,0.5011575177083445,0.349387566361012,0.0029646660212971927,0,2.1140806999999313,
Mice,True,1080,77,MCAR,0.2,2,EM-PPCA,0.5066581675883148,0.358878721276942,0.003872216844143272,0,0.47547009400000206,
